# https://github.com/mikedh/trimesh
mtllib material.mtl

o necrotic
usemtl material_0
v 35.50000000 78.00000000 74.00000000
v 36.00000000 78.00000000 73.50000000
v 36.00000000 77.50000000 74.00000000
v 36.00000000 77.50000000 75.00000000
v 35.50000000 78.00000000 75.00000000
v 36.00000000 77.50000000 76.00000000
v 35.50000000 78.00000000 76.00000000
v 36.00000000 77.50000000 77.00000000
v 35.50000000 78.00000000 77.00000000
v 36.00000000 77.50000000 78.00000000
v 35.50000000 78.00000000 78.00000000
v 36.00000000 77.50000000 79.00000000
v 35.50000000 78.00000000 79.00000000
v 36.00000000 78.00000000 79.50000000
v 35.50000000 79.00000000 74.00000000
v 36.00000000 79.00000000 73.50000000
v 35.50000000 79.00000000 75.00000000
v 35.50000000 79.00000000 76.00000000
v 36.00000000 79.00000000 76.50000000
v 36.00000000 78.50000000 77.00000000
v 36.00000000 78.50000000 78.00000000
v 36.00000000 78.50000000 79.00000000
v 36.00000000 79.50000000 74.00000000
v 36.00000000 79.50000000 75.00000000
v 36.00000000 79.50000000 76.00000000
v 36.50000000 72.00000000 81.00000000
v 37.00000000 72.00000000 80.50000000
v 37.00000000 71.50000000 81.00000000
v 37.00000000 72.00000000 81.50000000
v 36.50000000 73.00000000 74.00000000
v 37.00000000 73.00000000 73.50000000
v 37.00000000 72.50000000 74.00000000
v 37.00000000 73.00000000 74.50000000
v 36.50000000 73.00000000 78.00000000
v 37.00000000 73.00000000 77.50000000
v 37.00000000 72.50000000 78.00000000
v 37.00000000 72.50000000 79.00000000
v 36.50000000 73.00000000 79.00000000
v 37.00000000 72.50000000 80.00000000
v 36.50000000 73.00000000 80.00000000
v 36.50000000 73.00000000 81.00000000
v 37.00000000 72.50000000 82.00000000
v 36.50000000 73.00000000 82.00000000
v 37.00000000 73.00000000 82.50000000
v 36.50000000 74.00000000 74.00000000
v 37.00000000 74.00000000 73.50000000
v 37.00000000 73.50000000 75.00000000
v 36.50000000 74.00000000 75.00000000
v 37.00000000 73.50000000 76.00000000
v 36.50000000 74.00000000 76.00000000
v 37.00000000 73.50000000 77.00000000
v 36.50000000 74.00000000 77.00000000
v 36.50000000 74.00000000 78.00000000
v 36.50000000 74.00000000 79.00000000
v 37.00000000 74.00000000 79.50000000
v 37.00000000 73.50000000 80.00000000
v 37.00000000 73.50000000 81.00000000
v 37.00000000 73.50000000 82.00000000
v 37.00000000 74.50000000 74.00000000
v 37.00000000 74.50000000 75.00000000
v 37.00000000 74.50000000 76.00000000
v 37.00000000 74.50000000 77.00000000
v 37.00000000 74.50000000 78.00000000
v 37.00000000 74.50000000 79.00000000
v 36.50000000 77.00000000 75.00000000
v 37.00000000 77.00000000 74.50000000
v 37.00000000 76.50000000 75.00000000
v 37.00000000 76.50000000 76.00000000
v 36.50000000 77.00000000 76.00000000
v 37.00000000 76.50000000 77.00000000
v 36.50000000 77.00000000 77.00000000
v 37.00000000 77.00000000 77.50000000
v 36.50000000 78.00000000 73.00000000
v 37.00000000 78.00000000 72.50000000
v 37.00000000 77.50000000 73.00000000
v 37.00000000 77.50000000 74.00000000
v 37.00000000 77.50000000 78.00000000
v 37.00000000 77.50000000 79.00000000
v 37.00000000 78.00000000 79.50000000
v 36.50000000 79.00000000 73.00000000
v 37.00000000 79.00000000 72.50000000
v 36.50000000 79.00000000 77.00000000
v 36.50000000 79.00000000 78.00000000
v 36.50000000 79.00000000 79.00000000
v 37.00000000 79.00000000 79.50000000
v 36.50000000 80.00000000 73.00000000
v 37.00000000 80.00000000 72.50000000
v 36.50000000 80.00000000 74.00000000
v 36.50000000 80.00000000 75.00000000
v 37.00000000 80.00000000 75.50000000
v 37.00000000 79.50000000 76.00000000
v 37.00000000 79.50000000 77.00000000
v 37.00000000 79.50000000 78.00000000
v 36.50000000 80.00000000 79.00000000
v 37.00000000 80.00000000 78.50000000
v 37.00000000 79.50000000 80.00000000
v 36.50000000 80.00000000 80.00000000
v 37.00000000 80.00000000 80.50000000
v 37.00000000 80.50000000 73.00000000
v 36.50000000 81.00000000 74.00000000
v 37.00000000 81.00000000 73.50000000
v 36.50000000 81.00000000 75.00000000
v 37.00000000 81.00000000 75.50000000
v 37.00000000 80.50000000 79.00000000
v 36.50000000 81.00000000 80.00000000
v 37.00000000 81.00000000 79.50000000
v 37.00000000 81.00000000 80.50000000
v 36.50000000 82.00000000 74.00000000
v 37.00000000 82.00000000 73.50000000
v 36.50000000 82.00000000 75.00000000
v 37.00000000 82.00000000 75.50000000
v 37.00000000 81.50000000 80.00000000
v 37.00000000 82.50000000 74.00000000
v 37.00000000 82.50000000 75.00000000
v 37.50000000 72.00000000 81.00000000
v 37.50000000 73.00000000 74.00000000
v 38.00000000 72.50000000 75.00000000
v 38.00000000 73.00000000 74.50000000
v 37.50000000 73.00000000 75.00000000
v 38.00000000 72.50000000 76.00000000
v 37.50000000 73.00000000 76.00000000
v 38.00000000 73.00000000 76.50000000
v 38.00000000 73.00000000 77.50000000
v 38.00000000 72.50000000 78.00000000
v 37.50000000 73.00000000 79.00000000
v 38.00000000 73.00000000 78.50000000
v 37.50000000 73.00000000 80.00000000
v 37.50000000 73.00000000 81.00000000
v 37.50000000 73.00000000 82.00000000
v 37.50000000 74.00000000 74.00000000
v 38.00000000 73.50000000 75.00000000
v 37.50000000 74.00000000 75.00000000
v 37.50000000 74.00000000 76.00000000
v 38.00000000 73.50000000 76.00000000
v 37.50000000 74.00000000 77.00000000
v 38.00000000 73.50000000 78.00000000
v 37.50000000 74.00000000 78.00000000
v 37.50000000 74.00000000 79.00000000
v 37.50000000 77.00000000 72.00000000
v 38.00000000 77.00000000 71.50000000
v 38.00000000 76.50000000 72.00000000
v 38.00000000 76.50000000 73.00000000
v 37.50000000 77.00000000 73.00000000
v 38.00000000 76.50000000 74.00000000
v 37.50000000 77.00000000 74.00000000
v 38.00000000 76.50000000 75.00000000
v 38.00000000 76.50000000 76.00000000
v 38.00000000 76.50000000 77.00000000
v 38.00000000 76.50000000 78.00000000
v 37.50000000 77.00000000 78.00000000
v 38.00000000 77.00000000 78.50000000
v 37.50000000 78.00000000 72.00000000
v 38.00000000 78.00000000 71.50000000
v 38.00000000 78.00000000 77.50000000
v 37.50000000 78.00000000 78.00000000
v 38.00000000 77.50000000 78.00000000
v 37.50000000 78.00000000 79.00000000
v 37.50000000 79.00000000 72.00000000
v 38.00000000 79.00000000 71.50000000
v 37.50000000 79.00000000 76.00000000
v 38.00000000 78.50000000 76.00000000
v 38.00000000 79.00000000 75.50000000
v 37.50000000 79.00000000 77.00000000
v 38.00000000 78.50000000 77.00000000
v 37.50000000 79.00000000 78.00000000
v 37.50000000 79.00000000 79.00000000
v 37.50000000 80.00000000 72.00000000
v 38.00000000 80.00000000 71.50000000
v 38.00000000 80.00000000 75.50000000
v 38.00000000 79.50000000 79.00000000
v 38.00000000 80.00000000 78.50000000
v 37.50000000 80.00000000 80.00000000
v 38.00000000 80.00000000 79.50000000
v 38.00000000 80.50000000 72.00000000
v 37.50000000 81.00000000 73.00000000
v 38.00000000 81.00000000 72.50000000
v 38.00000000 80.50000000 76.00000000
v 37.50000000 81.00000000 76.00000000
v 38.00000000 81.00000000 76.50000000
v 37.50000000 81.00000000 79.00000000
v 38.00000000 81.00000000 78.50000000
v 38.00000000 80.50000000 80.00000000
v 38.00000000 81.00000000 80.50000000
v 38.00000000 81.50000000 73.00000000
v 38.00000000 82.00000000 73.50000000
v 38.00000000 81.50000000 76.00000000
v 38.00000000 82.00000000 75.50000000
v 38.00000000 81.50000000 79.00000000
v 38.00000000 81.50000000 80.00000000
v 38.00000000 82.50000000 74.00000000
v 38.00000000 82.50000000 75.00000000
v 38.50000000 73.00000000 75.00000000
v 38.50000000 73.00000000 76.00000000
v 38.50000000 73.00000000 78.00000000
v 38.50000000 76.00000000 74.00000000
v 39.00000000 76.00000000 73.50000000
v 39.00000000 75.50000000 74.00000000
v 39.00000000 75.50000000 75.00000000
v 38.50000000 76.00000000 75.00000000
v 39.00000000 76.00000000 75.50000000
v 38.50000000 76.00000000 82.00000000
v 39.00000000 76.00000000 81.50000000
v 39.00000000 75.50000000 82.00000000
v 39.00000000 75.50000000 83.00000000
v 38.50000000 76.00000000 83.00000000
v 39.00000000 75.50000000 84.00000000
v 38.50000000 76.00000000 84.00000000
v 39.00000000 75.50000000 85.00000000
v 38.50000000 76.00000000 85.00000000
v 39.00000000 76.00000000 85.50000000
v 39.00000000 77.00000000 71.50000000
v 39.00000000 76.50000000 72.00000000
v 39.00000000 76.50000000 73.00000000
v 39.00000000 76.50000000 76.00000000
v 39.00000000 76.50000000 77.00000000
v 38.50000000 77.00000000 78.00000000
v 39.00000000 77.00000000 77.50000000
v 38.50000000 77.00000000 81.00000000
v 39.00000000 77.00000000 80.50000000
v 39.00000000 76.50000000 81.00000000
v 38.50000000 77.00000000 82.00000000
v 38.50000000 77.00000000 83.00000000
v 38.50000000 77.00000000 84.00000000
v 38.50000000 77.00000000 85.00000000
v 39.00000000 76.50000000 86.00000000
v 38.50000000 77.00000000 86.00000000
v 39.00000000 77.00000000 86.50000000
v 38.50000000 78.00000000 71.00000000
v 39.00000000 78.00000000 70.50000000
v 39.00000000 77.50000000 71.00000000
v 39.00000000 78.00000000 77.50000000
v 39.00000000 77.50000000 81.00000000
v 38.50000000 78.00000000 82.00000000
v 39.00000000 78.00000000 81.50000000
v 38.50000000 78.00000000 83.00000000
v 38.50000000 78.00000000 84.00000000
v 38.50000000 78.00000000 85.00000000
v 39.00000000 78.00000000 85.50000000
v 39.00000000 77.50000000 86.00000000
v 38.50000000 79.00000000 71.00000000
v 39.00000000 79.00000000 70.50000000
v 39.00000000 78.50000000 76.00000000
v 39.00000000 79.00000000 75.50000000
v 39.00000000 78.50000000 77.00000000
v 39.00000000 78.50000000 82.00000000
v 39.00000000 78.50000000 83.00000000
v 39.00000000 78.50000000 84.00000000
v 39.00000000 78.50000000 85.00000000
v 39.00000000 79.50000000 71.00000000
v 39.00000000 80.00000000 71.50000000
v 39.00000000 80.00000000 75.50000000
v 38.50000000 80.00000000 79.00000000
v 38.50000000 80.00000000 88.00000000
v 39.00000000 80.00000000 87.50000000
v 39.00000000 79.50000000 88.00000000
v 39.00000000 80.00000000 88.50000000
v 39.00000000 80.50000000 72.00000000
v 39.00000000 81.00000000 72.50000000
v 38.50000000 81.00000000 76.00000000
v 39.00000000 81.00000000 75.50000000
v 38.50000000 81.00000000 79.00000000
v 38.50000000 81.00000000 80.00000000
v 39.00000000 80.50000000 88.00000000
v 39.00000000 81.50000000 73.00000000
v 38.50000000 82.00000000 74.00000000
v 39.00000000 81.50000000 74.00000000
v 38.50000000 82.00000000 75.00000000
v 39.00000000 81.50000000 75.00000000
v 38.50000000 84.00000000 74.00000000
v 39.00000000 84.00000000 73.50000000
v 39.00000000 83.50000000 74.00000000
v 39.00000000 84.00000000 74.50000000
v 39.00000000 84.50000000 74.00000000
v 39.50000000 73.00000000 85.00000000
v 40.00000000 73.00000000 84.50000000
v 40.00000000 72.50000000 85.00000000
v 40.00000000 72.50000000 86.00000000
v 39.50000000 73.00000000 86.00000000
v 40.00000000 72.50000000 87.00000000
v 39.50000000 73.00000000 87.00000000
v 40.00000000 72.50000000 88.00000000
v 39.50000000 73.00000000 88.00000000
v 40.00000000 72.50000000 89.00000000
v 39.50000000 73.00000000 89.00000000
v 40.00000000 73.00000000 89.50000000
v 39.50000000 74.00000000 84.00000000
v 40.00000000 74.00000000 83.50000000
v 40.00000000 73.50000000 84.00000000
v 39.50000000 74.00000000 85.00000000
v 39.50000000 74.00000000 86.00000000
v 39.50000000 74.00000000 87.00000000
v 39.50000000 74.00000000 88.00000000
v 39.50000000 74.00000000 89.00000000
v 40.00000000 74.00000000 89.50000000
v 39.50000000 75.00000000 84.00000000
v 40.00000000 75.00000000 83.50000000
v 39.50000000 75.00000000 85.00000000
v 39.50000000 75.00000000 86.00000000
v 39.50000000 75.00000000 87.00000000
v 39.50000000 75.00000000 88.00000000
v 39.50000000 75.00000000 89.00000000
v 40.00000000 75.00000000 89.50000000
v 39.50000000 76.00000000 73.00000000
v 40.00000000 76.00000000 72.50000000
v 40.00000000 75.50000000 73.00000000
v 40.00000000 75.50000000 74.00000000
v 40.00000000 75.50000000 75.00000000
v 40.00000000 75.50000000 76.00000000
v 39.50000000 76.00000000 76.00000000
v 40.00000000 76.00000000 76.50000000
v 39.50000000 76.00000000 81.00000000
v 40.00000000 76.00000000 80.50000000
v 40.00000000 75.50000000 81.00000000
v 40.00000000 75.50000000 82.00000000
v 40.00000000 75.50000000 83.00000000
v 39.50000000 76.00000000 86.00000000
v 39.50000000 76.00000000 87.00000000
v 39.50000000 76.00000000 88.00000000
v 39.50000000 76.00000000 89.00000000
v 40.00000000 76.00000000 89.50000000
v 40.00000000 77.00000000 71.50000000
v 40.00000000 76.50000000 72.00000000
v 40.00000000 77.00000000 76.50000000
v 39.50000000 77.00000000 77.00000000
v 40.00000000 77.00000000 80.50000000
v 39.50000000 77.00000000 87.00000000
v 39.50000000 77.00000000 88.00000000
v 40.00000000 77.00000000 88.50000000
v 40.00000000 76.50000000 89.00000000
v 40.00000000 78.00000000 70.50000000
v 40.00000000 77.50000000 71.00000000
v 39.50000000 78.00000000 77.00000000
v 40.00000000 78.00000000 76.50000000
v 40.00000000 77.50000000 81.00000000
v 40.00000000 78.00000000 81.50000000
v 40.00000000 77.50000000 86.00000000
v 40.00000000 78.00000000 85.50000000
v 40.00000000 77.50000000 87.00000000
v 40.00000000 77.50000000 88.00000000
v 40.00000000 78.50000000 71.00000000
v 39.50000000 79.00000000 71.00000000
v 40.00000000 79.00000000 71.50000000
v 39.50000000 79.00000000 76.00000000
v 40.00000000 79.00000000 76.50000000
v 40.00000000 78.50000000 82.00000000
v 39.50000000 79.00000000 83.00000000
v 40.00000000 79.00000000 82.50000000
v 40.00000000 79.00000000 83.50000000
v 40.00000000 78.50000000 84.00000000
v 40.00000000 78.50000000 85.00000000
v 40.00000000 80.00000000 71.50000000
v 39.50000000 80.00000000 76.00000000
v 40.00000000 80.00000000 76.50000000
v 40.00000000 79.50000000 83.00000000
v 39.50000000 80.00000000 88.00000000
v 40.00000000 80.50000000 72.00000000
v 39.50000000 81.00000000 73.00000000
v 40.00000000 80.50000000 73.00000000
v 39.50000000 81.00000000 74.00000000
v 40.00000000 80.50000000 74.00000000
v 39.50000000 81.00000000 75.00000000
v 40.00000000 80.50000000 75.00000000
v 40.00000000 80.50000000 76.00000000
v 40.00000000 80.50000000 89.00000000
v 39.50000000 81.00000000 89.00000000
v 40.00000000 81.00000000 88.50000000
v 40.00000000 80.50000000 90.00000000
v 39.50000000 81.00000000 90.00000000
v 40.00000000 81.00000000 90.50000000
v 39.50000000 82.00000000 85.00000000
v 40.00000000 82.00000000 84.50000000
v 40.00000000 81.50000000 85.00000000
v 40.00000000 81.50000000 86.00000000
v 39.50000000 82.00000000 86.00000000
v 40.00000000 81.50000000 87.00000000
v 39.50000000 82.00000000 87.00000000
v 40.00000000 82.00000000 87.50000000
v 39.50000000 82.00000000 89.00000000
v 40.00000000 82.00000000 88.50000000
v 40.00000000 82.00000000 89.50000000
v 40.00000000 81.50000000 90.00000000
v 39.50000000 83.00000000 71.00000000
v 40.00000000 83.00000000 70.50000000
v 40.00000000 82.50000000 71.00000000
v 40.00000000 82.50000000 72.00000000
v 39.50000000 83.00000000 72.00000000
v 40.00000000 82.50000000 73.00000000
v 39.50000000 83.00000000 73.00000000
v 40.00000000 82.50000000 74.00000000
v 39.50000000 83.00000000 74.00000000
v 40.00000000 83.00000000 74.50000000
v 39.50000000 83.00000000 85.00000000
v 40.00000000 83.00000000 84.50000000
v 39.50000000 83.00000000 86.00000000
v 39.50000000 83.00000000 87.00000000
v 40.00000000 83.00000000 87.50000000
v 40.00000000 82.50000000 89.00000000
v 40.00000000 83.50000000 71.00000000
v 39.50000000 84.00000000 72.00000000
v 40.00000000 84.00000000 71.50000000
v 40.00000000 84.00000000 72.50000000
v 40.00000000 83.50000000 73.00000000
v 40.00000000 84.00000000 73.50000000
v 40.00000000 83.50000000 75.00000000
v 39.50000000 84.00000000 75.00000000
v 40.00000000 84.00000000 75.50000000
v 40.00000000 83.50000000 85.00000000
v 40.00000000 83.50000000 86.00000000
v 40.00000000 83.50000000 87.00000000
v 40.00000000 84.50000000 72.00000000
v 40.00000000 84.50000000 74.00000000
v 39.50000000 85.00000000 75.00000000
v 40.00000000 85.00000000 74.50000000
v 40.00000000 85.00000000 75.50000000
v 40.00000000 85.50000000 75.00000000
v 40.50000000 73.00000000 83.00000000
v 41.00000000 73.00000000 82.50000000
v 41.00000000 72.50000000 83.00000000
v 41.00000000 72.50000000 84.00000000
v 40.50000000 73.00000000 84.00000000
v 41.00000000 72.50000000 85.00000000
v 41.00000000 72.50000000 86.00000000
v 41.00000000 72.50000000 87.00000000
v 41.00000000 72.50000000 88.00000000
v 40.50000000 73.00000000 89.00000000
v 41.00000000 73.00000000 88.50000000
v 40.50000000 74.00000000 77.00000000
v 41.00000000 74.00000000 76.50000000
v 41.00000000 73.50000000 77.00000000
v 41.00000000 73.50000000 78.00000000
v 40.50000000 74.00000000 78.00000000
v 41.00000000 73.50000000 79.00000000
v 40.50000000 74.00000000 79.00000000
v 41.00000000 73.50000000 80.00000000
v 40.50000000 74.00000000 80.00000000
v 41.00000000 74.00000000 80.50000000
v 40.50000000 74.00000000 83.00000000
v 41.00000000 74.00000000 82.50000000
v 41.00000000 73.50000000 89.00000000
v 41.00000000 74.00000000 89.50000000
v 40.50000000 75.00000000 74.00000000
v 41.00000000 75.00000000 73.50000000
v 41.00000000 74.50000000 74.00000000
v 41.00000000 75.00000000 74.50000000
v 41.00000000 74.50000000 77.00000000
v 41.00000000 74.50000000 78.00000000
v 41.00000000 74.50000000 79.00000000
v 41.00000000 74.50000000 80.00000000
v 41.00000000 74.50000000 83.00000000
v 41.00000000 75.00000000 83.50000000
v 41.00000000 75.00000000 89.50000000
v 40.50000000 76.00000000 72.00000000
v 41.00000000 76.00000000 71.50000000
v 41.00000000 75.50000000 72.00000000
v 41.00000000 75.50000000 73.00000000
v 41.00000000 75.50000000 75.00000000
v 40.50000000 76.00000000 76.00000000
v 41.00000000 76.00000000 75.50000000
v 40.50000000 76.00000000 81.00000000
v 40.50000000 76.00000000 82.00000000
v 40.50000000 76.00000000 83.00000000
v 41.00000000 75.50000000 84.00000000
v 40.50000000 76.00000000 84.00000000
v 41.00000000 76.00000000 84.50000000
v 41.00000000 76.00000000 89.50000000
v 41.00000000 77.00000000 71.50000000
v 41.00000000 76.50000000 76.00000000
v 41.00000000 77.00000000 76.50000000
v 40.50000000 77.00000000 81.00000000
v 40.50000000 77.00000000 82.00000000
v 40.50000000 77.00000000 83.00000000
v 41.00000000 77.00000000 83.50000000
v 41.00000000 76.50000000 84.00000000
v 41.00000000 77.00000000 84.50000000
v 40.50000000 77.00000000 85.00000000
v 41.00000000 76.50000000 85.00000000
v 40.50000000 77.00000000 86.00000000
v 41.00000000 76.50000000 86.00000000
v 41.00000000 77.00000000 86.50000000
v 41.00000000 76.50000000 89.00000000
v 41.00000000 77.00000000 88.50000000
v 41.00000000 78.00000000 70.50000000
v 41.00000000 77.50000000 71.00000000
v 40.50000000 78.00000000 76.00000000
v 41.00000000 77.50000000 76.00000000
v 41.00000000 78.00000000 75.50000000
v 40.50000000 78.00000000 82.00000000
v 41.00000000 78.00000000 82.50000000
v 41.00000000 77.50000000 83.00000000
v 40.50000000 78.00000000 85.00000000
v 41.00000000 78.00000000 84.50000000
v 41.00000000 77.50000000 87.00000000
v 41.00000000 77.50000000 88.00000000
v 41.00000000 78.50000000 71.00000000
v 41.00000000 79.00000000 71.50000000
v 40.50000000 79.00000000 76.00000000
v 41.00000000 79.00000000 75.50000000
v 40.50000000 79.00000000 83.00000000
v 41.00000000 78.50000000 83.00000000
v 41.00000000 78.50000000 84.00000000
v 41.00000000 79.50000000 72.00000000
v 40.50000000 80.00000000 72.00000000
v 40.50000000 80.00000000 73.00000000
v 41.00000000 79.50000000 73.00000000
v 40.50000000 80.00000000 74.00000000
v 41.00000000 79.50000000 74.00000000
v 41.00000000 80.00000000 74.50000000
v 40.50000000 80.00000000 76.00000000
v 41.00000000 80.00000000 75.50000000
v 41.00000000 80.50000000 75.00000000
v 40.50000000 81.00000000 89.00000000
v 40.50000000 81.00000000 90.00000000
v 40.50000000 82.00000000 85.00000000
v 40.50000000 82.00000000 86.00000000
v 40.50000000 82.00000000 87.00000000
v 40.50000000 82.00000000 89.00000000
v 40.50000000 82.00000000 90.00000000
v 41.00000000 82.00000000 89.50000000
v 41.00000000 81.50000000 90.00000000
v 41.00000000 82.00000000 90.50000000
v 40.50000000 83.00000000 69.00000000
v 41.00000000 83.00000000 68.50000000
v 41.00000000 82.50000000 69.00000000
v 41.00000000 82.50000000 70.00000000
v 40.50000000 83.00000000 70.00000000
v 41.00000000 82.50000000 71.00000000
v 41.00000000 82.50000000 72.00000000
v 41.00000000 82.50000000 73.00000000
v 41.00000000 82.50000000 74.00000000
v 41.00000000 82.50000000 75.00000000
v 40.50000000 83.00000000 75.00000000
v 41.00000000 83.00000000 75.50000000
v 40.50000000 83.00000000 85.00000000
v 40.50000000 83.00000000 86.00000000
v 40.50000000 83.00000000 87.00000000
v 41.00000000 82.50000000 90.00000000
v 41.00000000 83.50000000 69.00000000
v 41.00000000 83.50000000 70.00000000
v 40.50000000 84.00000000 71.00000000
v 41.00000000 84.00000000 70.50000000
v 40.50000000 84.00000000 73.00000000
v 41.00000000 83.50000000 76.00000000
v 40.50000000 84.00000000 76.00000000
v 41.00000000 84.00000000 76.50000000
v 41.00000000 84.50000000 71.00000000
v 41.00000000 84.50000000 72.00000000
v 41.00000000 84.50000000 73.00000000
v 41.00000000 84.50000000 74.00000000
v 40.50000000 85.00000000 75.00000000
v 41.00000000 84.50000000 75.00000000
v 40.50000000 84.50000000 75.50000000
v 41.00000000 85.00000000 75.50000000
v 40.50000000 85.00000000 76.00000000
v 41.00000000 85.00000000 76.50000000
v 41.00000000 85.50000000 76.00000000
v 41.50000000 72.00000000 93.00000000
v 42.00000000 72.00000000 92.50000000
v 42.00000000 71.50000000 93.00000000
v 42.00000000 72.00000000 93.50000000
v 41.50000000 73.00000000 83.00000000
v 41.50000000 73.00000000 84.00000000
v 41.50000000 73.00000000 85.00000000
v 41.50000000 73.00000000 86.00000000
v 41.50000000 73.00000000 87.00000000
v 41.50000000 73.00000000 88.00000000
v 42.00000000 72.50000000 93.00000000
v 42.00000000 74.00000000 76.50000000
v 42.00000000 73.50000000 77.00000000
v 42.00000000 73.50000000 78.00000000
v 42.00000000 73.50000000 79.00000000
v 42.00000000 73.50000000 80.00000000
v 42.00000000 73.50000000 81.00000000
v 41.50000000 74.00000000 81.00000000
v 42.00000000 73.50000000 82.00000000
v 41.50000000 74.00000000 82.00000000
v 42.00000000 73.50000000 83.00000000
v 42.00000000 73.50000000 84.00000000
v 42.00000000 73.50000000 85.00000000
v 42.00000000 74.00000000 85.50000000
v 41.50000000 74.00000000 86.00000000
v 41.50000000 74.00000000 87.00000000
v 41.50000000 74.00000000 88.00000000
v 41.50000000 74.00000000 89.00000000
v 41.50000000 75.00000000 74.00000000
v 41.50000000 75.00000000 77.00000000
v 42.00000000 75.00000000 76.50000000
v 41.50000000 75.00000000 78.00000000
v 41.50000000 75.00000000 79.00000000
v 42.00000000 75.00000000 79.50000000
v 42.00000000 74.50000000 80.00000000
v 42.00000000 74.50000000 81.00000000
v 42.00000000 74.50000000 82.00000000
v 42.00000000 74.50000000 83.00000000
v 41.50000000 75.00000000 84.00000000
v 42.00000000 74.50000000 84.00000000
v 41.50000000 75.00000000 85.00000000
v 42.00000000 74.50000000 85.00000000
v 41.50000000 75.00000000 86.00000000
v 42.00000000 75.00000000 86.50000000
v 42.00000000 74.50000000 87.00000000
v 42.00000000 74.50000000 88.00000000
v 42.00000000 75.00000000 88.50000000
v 41.50000000 75.00000000 89.00000000
v 41.50000000 76.00000000 72.00000000
v 42.00000000 76.00000000 72.50000000
v 42.00000000 75.50000000 73.00000000
v 42.00000000 75.50000000 74.00000000
v 42.00000000 75.50000000 75.00000000
v 42.00000000 76.00000000 75.50000000
v 42.00000000 75.50000000 77.00000000
v 42.00000000 75.50000000 78.00000000
v 42.00000000 75.50000000 79.00000000
v 41.50000000 76.00000000 85.00000000
v 41.50000000 76.00000000 86.00000000
v 42.00000000 76.00000000 86.50000000
v 41.50000000 76.00000000 89.00000000
v 42.00000000 76.00000000 88.50000000
v 41.50000000 76.00000000 93.00000000
v 42.00000000 76.00000000 92.50000000
v 42.00000000 75.50000000 93.00000000
v 42.00000000 76.00000000 93.50000000
v 42.00000000 77.00000000 71.50000000
v 42.00000000 76.50000000 72.00000000
v 41.50000000 77.00000000 76.00000000
v 42.00000000 77.00000000 75.50000000
v 41.50000000 77.00000000 84.00000000
v 41.50000000 77.00000000 87.00000000
v 42.00000000 76.50000000 87.00000000
v 41.50000000 77.00000000 88.00000000
v 42.00000000 76.50000000 88.00000000
v 42.00000000 76.50000000 93.00000000
v 41.50000000 78.00000000 71.00000000
v 42.00000000 78.00000000 71.50000000
v 42.00000000 78.00000000 75.50000000
v 41.50000000 78.00000000 83.00000000
v 41.50000000 78.00000000 84.00000000
v 42.00000000 79.00000000 71.50000000
v 42.00000000 79.00000000 75.50000000
v 42.00000000 79.50000000 72.00000000
v 42.00000000 79.50000000 73.00000000
v 41.50000000 80.00000000 74.00000000
v 42.00000000 80.00000000 73.50000000
v 42.00000000 80.00000000 75.50000000
v 42.00000000 80.50000000 74.00000000
v 42.00000000 80.50000000 75.00000000
v 41.50000000 82.00000000 90.00000000
v 41.50000000 83.00000000 69.00000000
v 41.50000000 83.00000000 70.00000000
v 41.50000000 83.00000000 71.00000000
v 41.50000000 83.00000000 72.00000000
v 41.50000000 83.00000000 73.00000000
v 41.50000000 83.00000000 74.00000000
v 41.50000000 83.00000000 75.00000000
v 41.50000000 84.00000000 71.00000000
v 41.50000000 84.00000000 72.00000000
v 41.50000000 84.00000000 73.00000000
v 42.00000000 84.00000000 73.50000000
v 42.00000000 83.50000000 74.00000000
v 42.00000000 83.50000000 75.00000000
v 41.50000000 84.00000000 76.00000000
v 42.00000000 84.00000000 75.50000000
v 42.00000000 84.50000000 74.00000000
v 41.50000000 85.00000000 75.00000000
v 42.00000000 85.00000000 74.50000000
v 42.00000000 85.00000000 75.50000000
v 41.50000000 84.50000000 75.50000000
v 41.50000000 85.00000000 76.00000000
v 42.00000000 85.50000000 75.00000000
v 42.50000000 70.00000000 75.00000000
v 43.00000000 70.00000000 74.50000000
v 43.00000000 69.50000000 75.00000000
v 43.00000000 70.00000000 75.50000000
v 43.00000000 70.50000000 75.00000000
v 42.50000000 72.00000000 93.00000000
v 42.50000000 74.00000000 77.00000000
v 43.00000000 74.00000000 77.50000000
v 43.00000000 73.50000000 78.00000000
v 42.50000000 74.00000000 79.00000000
v 43.00000000 74.00000000 78.50000000
v 42.50000000 74.00000000 80.00000000
v 42.50000000 74.00000000 81.00000000
v 43.00000000 74.00000000 81.50000000
v 43.00000000 73.50000000 82.00000000
v 43.00000000 73.50000000 83.00000000
v 42.50000000 74.00000000 84.00000000
v 43.00000000 74.00000000 83.50000000
v 42.50000000 74.00000000 85.00000000
v 43.00000000 75.00000000 76.50000000
v 43.00000000 74.50000000 77.00000000
v 42.50000000 75.00000000 79.00000000
v 43.00000000 75.00000000 78.50000000
v 43.00000000 74.50000000 82.00000000
v 43.00000000 74.50000000 83.00000000
v 42.50000000 75.00000000 87.00000000
v 42.50000000 75.00000000 88.00000000
v 42.50000000 75.00000000 92.00000000
v 43.00000000 75.00000000 91.50000000
v 43.00000000 74.50000000 92.00000000
v 43.00000000 75.00000000 92.50000000
v 43.00000000 76.00000000 72.50000000
v 43.00000000 75.50000000 73.00000000
v 42.50000000 76.00000000 74.00000000
v 43.00000000 76.00000000 73.50000000
v 42.50000000 76.00000000 75.00000000
v 43.00000000 75.50000000 77.00000000
v 43.00000000 75.50000000 78.00000000
v 42.50000000 76.00000000 87.00000000
v 42.50000000 76.00000000 88.00000000
v 42.50000000 76.00000000 92.00000000
v 43.00000000 76.00000000 91.50000000
v 43.00000000 75.50000000 93.00000000
v 43.00000000 76.00000000 93.50000000
v 43.00000000 77.00000000 71.50000000
v 43.00000000 76.50000000 72.00000000
v 43.00000000 76.50000000 74.00000000
v 43.00000000 77.00000000 74.50000000
v 42.50000000 77.00000000 75.00000000
v 43.00000000 76.50000000 92.00000000
v 42.50000000 77.00000000 93.00000000
v 43.00000000 77.00000000 92.50000000
v 43.00000000 77.00000000 93.50000000
v 43.00000000 78.00000000 71.50000000
v 42.50000000 78.00000000 75.00000000
v 43.00000000 78.00000000 74.50000000
v 43.00000000 77.50000000 93.00000000
v 43.00000000 78.50000000 72.00000000
v 42.50000000 79.00000000 72.00000000
v 42.50000000 79.00000000 73.00000000
v 43.00000000 78.50000000 73.00000000
v 42.50000000 79.00000000 74.00000000
v 43.00000000 78.50000000 74.00000000
v 43.00000000 78.50000000 75.00000000
v 43.00000000 79.00000000 74.50000000
v 43.00000000 79.00000000 75.50000000
v 42.50000000 79.00000000 78.00000000
v 43.00000000 79.00000000 77.50000000
v 43.00000000 78.50000000 78.00000000
v 43.00000000 78.50000000 79.00000000
v 42.50000000 79.00000000 79.00000000
v 43.00000000 78.50000000 80.00000000
v 42.50000000 79.00000000 80.00000000
v 43.00000000 79.00000000 80.50000000
v 42.50000000 79.00000000 82.00000000
v 43.00000000 79.00000000 81.50000000
v 43.00000000 78.50000000 82.00000000
v 43.00000000 78.50000000 83.00000000
v 42.50000000 79.00000000 83.00000000
v 43.00000000 79.00000000 83.50000000
v 43.00000000 80.00000000 71.50000000
v 42.50000000 80.00000000 72.00000000
v 43.00000000 79.50000000 72.00000000
v 43.00000000 80.00000000 72.50000000
v 43.00000000 79.50000000 74.00000000
v 43.00000000 80.00000000 73.50000000
v 43.00000000 79.50000000 76.00000000
v 42.50000000 80.00000000 76.00000000
v 43.00000000 79.50000000 77.00000000
v 42.50000000 80.00000000 77.00000000
v 42.50000000 80.00000000 78.00000000
v 42.50000000 80.00000000 79.00000000
v 43.00000000 80.00000000 79.50000000
v 43.00000000 79.50000000 80.00000000
v 42.50000000 80.00000000 82.00000000
v 43.00000000 80.00000000 81.50000000
v 42.50000000 80.00000000 83.00000000
v 43.00000000 80.00000000 83.50000000
v 43.00000000 80.50000000 72.00000000
v 43.00000000 80.50000000 74.00000000
v 43.00000000 80.50000000 75.00000000
v 43.00000000 80.50000000 76.00000000
v 43.00000000 80.50000000 77.00000000
v 43.00000000 80.50000000 78.00000000
v 43.00000000 80.50000000 79.00000000
v 43.00000000 80.50000000 82.00000000
v 43.00000000 80.50000000 83.00000000
v 42.50000000 82.00000000 82.00000000
v 43.00000000 82.00000000 81.50000000
v 43.00000000 81.50000000 82.00000000
v 43.00000000 82.00000000 82.50000000
v 42.50000000 83.00000000 81.00000000
v 43.00000000 83.00000000 80.50000000
v 43.00000000 82.50000000 81.00000000
v 42.50000000 83.00000000 82.00000000
v 43.00000000 83.00000000 82.50000000
v 42.50000000 84.00000000 74.00000000
v 43.00000000 84.00000000 74.50000000
v 43.00000000 83.50000000 75.00000000
v 43.00000000 84.00000000 75.50000000
v 43.00000000 83.50000000 81.00000000
v 43.00000000 83.50000000 82.00000000
v 42.50000000 85.00000000 75.00000000
v 43.00000000 84.50000000 75.00000000
v 42.50000000 86.00000000 82.00000000
v 43.00000000 86.00000000 81.50000000
v 43.00000000 85.50000000 82.00000000
v 43.00000000 86.00000000 82.50000000
v 43.00000000 86.50000000 82.00000000
v 43.50000000 70.00000000 75.00000000
v 44.00000000 69.50000000 76.00000000
v 44.00000000 70.00000000 75.50000000
v 43.50000000 70.00000000 76.00000000
v 44.00000000 69.50000000 77.00000000
v 43.50000000 70.00000000 77.00000000
v 44.00000000 70.00000000 77.50000000
v 44.00000000 70.50000000 76.00000000
v 44.00000000 70.50000000 77.00000000
v 43.50000000 72.00000000 91.00000000
v 44.00000000 72.00000000 90.50000000
v 44.00000000 71.50000000 91.00000000
v 44.00000000 72.00000000 91.50000000
v 44.00000000 72.50000000 91.00000000
v 43.50000000 74.00000000 78.00000000
v 43.50000000 74.00000000 82.00000000
v 43.50000000 74.00000000 83.00000000
v 43.50000000 75.00000000 77.00000000
v 43.50000000 75.00000000 78.00000000
v 44.00000000 75.00000000 91.50000000
v 44.00000000 74.50000000 92.00000000
v 44.00000000 75.00000000 92.50000000
v 43.50000000 76.00000000 73.00000000
v 44.00000000 76.00000000 91.50000000
v 43.50000000 76.00000000 93.00000000
v 44.00000000 76.00000000 92.50000000
v 44.00000000 77.00000000 71.50000000
v 44.00000000 76.50000000 72.00000000
v 44.00000000 76.50000000 73.00000000
v 43.50000000 77.00000000 74.00000000
v 44.00000000 77.00000000 73.50000000
v 43.50000000 77.00000000 81.00000000
v 44.00000000 77.00000000 80.50000000
v 44.00000000 76.50000000 81.00000000
v 44.00000000 76.50000000 82.00000000
v 43.50000000 77.00000000 82.00000000
v 44.00000000 76.50000000 83.00000000
v 43.50000000 77.00000000 83.00000000
v 44.00000000 77.00000000 83.50000000
v 43.50000000 77.00000000 92.00000000
v 44.00000000 77.00000000 91.50000000
v 44.00000000 76.50000000 93.00000000
v 44.00000000 77.00000000 93.50000000
v 44.00000000 78.00000000 71.50000000
v 44.00000000 77.50000000 74.00000000
v 44.00000000 78.00000000 74.50000000
v 43.50000000 78.00000000 79.00000000
v 44.00000000 78.00000000 78.50000000
v 44.00000000 77.50000000 79.00000000
v 44.00000000 77.50000000 80.00000000
v 43.50000000 78.00000000 80.00000000
v 43.50000000 78.00000000 81.00000000
v 44.00000000 78.00000000 81.50000000
v 44.00000000 77.50000000 82.00000000
v 44.00000000 77.50000000 83.00000000
v 44.00000000 77.50000000 92.00000000
v 44.00000000 77.50000000 93.00000000
v 44.00000000 78.50000000 72.00000000
v 44.00000000 78.50000000 73.00000000
v 44.00000000 78.50000000 74.00000000
v 43.50000000 79.00000000 75.00000000
v 44.00000000 79.00000000 77.50000000
v 44.00000000 78.50000000 78.00000000
v 43.50000000 79.00000000 81.00000000
v 44.00000000 78.50000000 82.00000000
v 43.50000000 79.00000000 83.00000000
v 44.00000000 79.00000000 82.50000000
v 43.50000000 80.00000000 72.00000000
v 43.50000000 80.00000000 74.00000000
v 43.50000000 80.00000000 75.00000000
v 44.00000000 79.50000000 76.00000000
v 44.00000000 80.00000000 75.50000000
v 44.00000000 79.50000000 77.00000000
v 44.00000000 79.50000000 80.00000000
v 44.00000000 80.00000000 79.50000000
v 43.50000000 80.00000000 81.00000000
v 44.00000000 80.00000000 80.50000000
v 44.00000000 79.50000000 83.00000000
v 44.00000000 80.00000000 83.50000000
v 44.00000000 80.50000000 73.00000000
v 43.50000000 81.00000000 73.00000000
v 44.00000000 81.00000000 72.50000000
v 44.00000000 81.00000000 73.50000000
v 43.50000000 81.00000000 75.00000000
v 44.00000000 81.00000000 74.50000000
v 44.00000000 80.50000000 75.00000000
v 43.50000000 80.50000000 75.50000000
v 43.50000000 81.00000000 76.00000000
v 43.50000000 81.00000000 77.00000000
v 43.50000000 81.00000000 78.00000000
v 43.50000000 81.00000000 79.00000000
v 44.00000000 81.00000000 79.50000000
v 43.50000000 81.00000000 81.00000000
v 44.00000000 81.00000000 80.50000000
v 43.50000000 81.00000000 82.00000000
v 43.50000000 81.00000000 83.00000000
v 44.00000000 81.00000000 83.50000000
v 44.00000000 81.50000000 73.00000000
v 44.00000000 81.50000000 75.00000000
v 44.00000000 81.50000000 76.00000000
v 44.00000000 81.50000000 77.00000000
v 44.00000000 81.50000000 78.00000000
v 44.00000000 81.50000000 79.00000000
v 43.50000000 82.00000000 81.00000000
v 44.00000000 82.00000000 80.50000000
v 43.50000000 82.00000000 83.00000000
v 44.00000000 82.00000000 83.50000000
v 44.00000000 83.00000000 80.50000000
v 43.50000000 83.00000000 83.00000000
v 44.00000000 83.00000000 83.50000000
v 43.50000000 84.00000000 75.00000000
v 43.50000000 84.00000000 81.00000000
v 44.00000000 84.00000000 80.50000000
v 43.50000000 84.00000000 82.00000000
v 43.50000000 84.00000000 83.00000000
v 44.00000000 84.00000000 83.50000000
v 44.00000000 85.00000000 74.50000000
v 43.50000000 85.00000000 75.00000000
v 44.00000000 84.50000000 75.00000000
v 44.00000000 85.00000000 75.50000000
v 44.00000000 84.50000000 81.00000000
v 43.50000000 85.00000000 82.00000000
v 44.00000000 85.00000000 81.50000000
v 43.50000000 85.00000000 83.00000000
v 44.00000000 85.00000000 83.50000000
v 44.00000000 85.50000000 75.00000000
v 44.00000000 86.00000000 81.50000000
v 43.50000000 86.00000000 83.00000000
v 44.00000000 86.00000000 83.50000000
v 44.00000000 86.50000000 82.00000000
v 44.00000000 86.50000000 83.00000000
v 44.50000000 70.00000000 76.00000000
v 45.00000000 70.00000000 76.50000000
v 45.00000000 69.50000000 77.00000000
v 45.00000000 69.50000000 78.00000000
v 44.50000000 70.00000000 78.00000000
v 45.00000000 70.00000000 78.50000000
v 45.00000000 70.50000000 77.00000000
v 45.00000000 70.50000000 78.00000000
v 44.50000000 71.00000000 85.00000000
v 45.00000000 71.00000000 84.50000000
v 45.00000000 70.50000000 85.00000000
v 45.00000000 71.00000000 85.50000000
v 45.00000000 71.50000000 85.00000000
v 45.00000000 72.00000000 85.50000000
v 44.50000000 72.00000000 86.00000000
v 45.00000000 71.50000000 86.00000000
v 45.00000000 71.50000000 87.00000000
v 44.50000000 72.00000000 87.00000000
v 45.00000000 71.50000000 88.00000000
v 44.50000000 72.00000000 88.00000000
v 45.00000000 72.00000000 88.50000000
v 44.50000000 72.00000000 91.00000000
v 44.50000000 73.00000000 71.00000000
v 45.00000000 73.00000000 70.50000000
v 45.00000000 72.50000000 71.00000000
v 45.00000000 73.00000000 71.50000000
v 45.00000000 72.50000000 86.00000000
v 45.00000000 72.50000000 87.00000000
v 45.00000000 72.50000000 88.00000000
v 45.00000000 73.00000000 88.50000000
v 44.50000000 73.00000000 89.00000000
v 45.00000000 72.50000000 89.00000000
v 45.00000000 72.50000000 90.00000000
v 44.50000000 73.00000000 90.00000000
v 45.00000000 73.00000000 90.50000000
v 45.00000000 73.50000000 71.00000000
v 45.00000000 73.50000000 89.00000000
v 45.00000000 73.50000000 90.00000000
v 45.00000000 74.00000000 90.50000000
v 44.50000000 74.00000000 91.00000000
v 45.00000000 73.50000000 91.00000000
v 45.00000000 74.00000000 91.50000000
v 44.50000000 75.00000000 91.00000000
v 45.00000000 75.00000000 90.50000000
v 45.00000000 75.00000000 91.50000000
v 44.50000000 75.00000000 92.00000000
v 44.50000000 76.00000000 91.00000000
v 45.00000000 76.00000000 90.50000000
v 45.00000000 76.00000000 91.50000000
v 44.50000000 76.00000000 92.00000000
v 44.50000000 77.00000000 72.00000000
v 44.50000000 77.00000000 73.00000000
v 44.50000000 77.00000000 80.00000000
v 45.00000000 77.00000000 79.50000000
v 45.00000000 76.50000000 80.00000000
v 45.00000000 76.50000000 81.00000000
v 45.00000000 76.50000000 82.00000000
v 45.00000000 76.50000000 83.00000000
v 45.00000000 77.00000000 83.50000000
v 45.00000000 76.50000000 91.00000000
v 44.50000000 77.00000000 92.00000000
v 44.50000000 77.00000000 93.00000000
v 44.50000000 78.00000000 72.00000000
v 44.50000000 78.00000000 73.00000000
v 45.00000000 77.50000000 74.00000000
v 45.00000000 78.00000000 73.50000000
v 45.00000000 78.00000000 74.50000000
v 44.50000000 78.00000000 79.00000000
v 45.00000000 78.00000000 79.50000000
v 44.50000000 78.00000000 82.00000000
v 45.00000000 78.00000000 82.50000000
v 45.00000000 77.50000000 83.00000000
v 45.00000000 78.50000000 74.00000000
v 44.50000000 79.00000000 78.00000000
v 45.00000000 79.00000000 78.50000000
v 45.00000000 78.50000000 79.00000000
v 45.00000000 79.00000000 79.50000000
v 44.50000000 79.00000000 80.00000000
v 45.00000000 78.50000000 80.00000000
v 44.50000000 79.00000000 81.00000000
v 45.00000000 78.50000000 81.00000000
v 44.50000000 78.50000000 81.50000000
v 45.00000000 78.50000000 82.00000000
v 44.50000000 79.00000000 82.00000000
v 44.50000000 80.00000000 76.00000000
v 44.50000000 80.00000000 77.00000000
v 44.50000000 80.00000000 78.00000000
v 45.00000000 79.50000000 79.00000000
v 44.50000000 80.00000000 79.00000000
v 44.50000000 80.00000000 81.00000000
v 44.50000000 80.00000000 82.00000000
v 44.50000000 80.00000000 83.00000000
v 44.50000000 81.00000000 72.00000000
v 45.00000000 81.00000000 71.50000000
v 45.00000000 80.50000000 72.00000000
v 45.00000000 80.50000000 73.00000000
v 45.00000000 80.50000000 74.00000000
v 44.50000000 81.00000000 74.00000000
v 45.00000000 80.50000000 75.00000000
v 45.00000000 80.50000000 76.00000000
v 45.00000000 81.00000000 76.50000000
v 44.50000000 81.00000000 77.00000000
v 44.50000000 81.00000000 78.00000000
v 44.50000000 81.00000000 79.00000000
v 45.00000000 81.00000000 80.50000000
v 45.00000000 80.50000000 81.00000000
v 45.00000000 80.50000000 82.00000000
v 45.00000000 80.50000000 83.00000000
v 45.00000000 81.00000000 83.50000000
v 45.00000000 81.50000000 72.00000000
v 44.50000000 82.00000000 73.00000000
v 45.00000000 82.00000000 72.50000000
v 44.50000000 82.00000000 74.00000000
v 44.50000000 82.00000000 75.00000000
v 45.00000000 82.00000000 75.50000000
v 45.00000000 81.50000000 76.00000000
v 44.50000000 82.00000000 79.00000000
v 45.00000000 82.00000000 78.50000000
v 45.00000000 81.50000000 79.00000000
v 45.00000000 81.50000000 80.00000000
v 44.50000000 82.00000000 80.00000000
v 45.00000000 81.50000000 84.00000000
v 44.50000000 82.00000000 84.00000000
v 45.00000000 82.00000000 84.50000000
v 45.00000000 82.50000000 73.00000000
v 45.00000000 82.50000000 74.00000000
v 45.00000000 82.50000000 75.00000000
v 45.00000000 82.50000000 79.00000000
v 44.50000000 83.00000000 80.00000000
v 45.00000000 83.00000000 79.50000000
v 44.50000000 83.00000000 84.00000000
v 45.00000000 83.00000000 84.50000000
v 45.00000000 83.50000000 80.00000000
v 45.00000000 84.00000000 80.50000000
v 45.00000000 83.50000000 84.00000000
v 45.00000000 84.00000000 83.50000000
v 45.00000000 85.00000000 74.50000000
v 45.00000000 84.50000000 75.00000000
v 45.00000000 85.00000000 75.50000000
v 45.00000000 84.50000000 81.00000000
v 45.00000000 85.00000000 81.50000000
v 45.00000000 85.00000000 83.50000000
v 45.00000000 85.50000000 75.00000000
v 45.00000000 86.00000000 81.50000000
v 44.50000000 86.00000000 83.00000000
v 45.00000000 85.50000000 83.00000000
v 45.00000000 86.00000000 82.50000000
v 45.00000000 86.50000000 82.00000000
v 45.50000000 70.00000000 77.00000000
v 46.00000000 70.00000000 77.50000000
v 46.00000000 69.50000000 78.00000000
v 46.00000000 70.00000000 78.50000000
v 46.00000000 70.50000000 78.00000000
v 45.50000000 71.00000000 84.00000000
v 46.00000000 71.00000000 83.50000000
v 46.00000000 70.50000000 84.00000000
v 46.00000000 71.00000000 84.50000000
v 45.50000000 71.00000000 85.00000000
v 45.50000000 72.00000000 72.00000000
v 46.00000000 72.00000000 71.50000000
v 46.00000000 71.50000000 72.00000000
v 46.00000000 72.00000000 72.50000000
v 46.00000000 71.50000000 84.00000000
v 45.50000000 72.00000000 85.00000000
v 46.00000000 71.50000000 85.00000000
v 46.00000000 72.00000000 84.50000000
v 46.00000000 71.50000000 86.00000000
v 46.00000000 71.50000000 87.00000000
v 45.50000000 72.00000000 88.00000000
v 46.00000000 72.00000000 87.50000000
v 45.50000000 73.00000000 71.00000000
v 46.00000000 72.50000000 72.00000000
v 46.00000000 72.50000000 85.00000000
v 46.00000000 72.50000000 86.00000000
v 45.50000000 73.00000000 87.00000000
v 46.00000000 73.00000000 86.50000000
v 45.50000000 72.50000000 87.50000000
v 46.00000000 72.50000000 88.00000000
v 45.50000000 73.00000000 88.00000000
v 46.00000000 73.00000000 88.50000000
v 45.50000000 73.00000000 89.00000000
v 45.50000000 73.00000000 90.00000000
v 45.50000000 74.00000000 70.00000000
v 46.00000000 74.00000000 69.50000000
v 46.00000000 73.50000000 70.00000000
v 46.00000000 74.00000000 70.50000000
v 46.00000000 73.50000000 87.00000000
v 46.00000000 73.50000000 88.00000000
v 45.50000000 74.00000000 89.00000000
v 46.00000000 73.50000000 89.00000000
v 46.00000000 74.00000000 88.50000000
v 46.00000000 74.00000000 89.50000000
v 45.50000000 74.00000000 91.00000000
v 45.50000000 75.00000000 69.00000000
v 46.00000000 75.00000000 68.50000000
v 46.00000000 74.50000000 69.00000000
v 46.00000000 74.50000000 70.00000000
v 46.00000000 75.00000000 69.50000000
v 46.00000000 74.50000000 89.00000000
v 46.00000000 75.00000000 89.50000000
v 45.50000000 75.00000000 90.00000000
v 46.00000000 74.50000000 90.00000000
v 46.00000000 75.00000000 90.50000000
v 45.50000000 75.00000000 91.00000000
v 46.00000000 75.50000000 69.00000000
v 45.50000000 76.00000000 78.00000000
v 46.00000000 76.00000000 77.50000000
v 46.00000000 75.50000000 78.00000000
v 46.00000000 75.50000000 79.00000000
v 45.50000000 76.00000000 79.00000000
v 46.00000000 76.00000000 79.50000000
v 46.00000000 75.50000000 90.00000000
v 45.50000000 76.00000000 91.00000000
v 46.00000000 76.50000000 78.00000000
v 45.50000000 77.00000000 79.00000000
v 46.00000000 77.00000000 78.50000000
v 46.00000000 76.50000000 80.00000000
v 46.00000000 76.50000000 81.00000000
v 46.00000000 76.50000000 82.00000000
v 46.00000000 76.50000000 83.00000000
v 46.00000000 77.00000000 83.50000000
v 46.00000000 77.00000000 90.50000000
v 45.50000000 77.00000000 91.00000000
v 46.00000000 76.50000000 91.00000000
v 46.00000000 77.00000000 91.50000000
v 46.00000000 78.00000000 73.50000000
v 46.00000000 77.50000000 74.00000000
v 46.00000000 77.50000000 75.00000000
v 45.50000000 78.00000000 75.00000000
v 46.00000000 78.00000000 75.50000000
v 46.00000000 77.50000000 79.00000000
v 46.00000000 77.50000000 80.00000000
v 45.50000000 78.00000000 80.00000000
v 46.00000000 78.00000000 80.50000000
v 46.00000000 77.50000000 83.00000000
v 46.00000000 78.00000000 82.50000000
v 46.00000000 77.50000000 91.00000000
v 45.50000000 79.00000000 74.00000000
v 46.00000000 79.00000000 73.50000000
v 45.50000000 79.00000000 75.00000000
v 46.00000000 79.00000000 75.50000000
v 46.00000000 79.00000000 78.50000000
v 46.00000000 78.50000000 79.00000000
v 45.50000000 79.00000000 80.00000000
v 46.00000000 78.50000000 80.00000000
v 45.50000000 78.50000000 80.50000000
v 45.50000000 79.00000000 81.00000000
v 46.00000000 79.00000000 81.50000000
v 46.00000000 78.50000000 82.00000000
v 45.50000000 80.00000000 74.00000000
v 46.00000000 80.00000000 73.50000000
v 45.50000000 80.00000000 75.00000000
v 46.00000000 80.00000000 75.50000000
v 45.50000000 80.00000000 79.00000000
v 46.00000000 80.00000000 78.50000000
v 45.50000000 80.00000000 80.00000000
v 46.00000000 80.00000000 80.50000000
v 46.00000000 79.50000000 81.00000000
v 46.00000000 81.00000000 71.50000000
v 46.00000000 80.50000000 72.00000000
v 46.00000000 80.50000000 73.00000000
v 46.00000000 80.50000000 76.00000000
v 46.00000000 80.50000000 77.00000000
v 45.50000000 81.00000000 77.00000000
v 46.00000000 80.50000000 78.00000000
v 45.50000000 81.00000000 78.00000000
v 45.50000000 81.00000000 79.00000000
v 45.50000000 81.00000000 80.00000000
v 46.00000000 80.50000000 81.00000000
v 46.00000000 80.50000000 82.00000000
v 45.50000000 81.00000000 83.00000000
v 46.00000000 81.00000000 82.50000000
v 46.00000000 81.50000000 72.00000000
v 46.00000000 82.00000000 72.50000000
v 45.50000000 82.00000000 76.00000000
v 45.50000000 82.00000000 77.00000000
v 45.50000000 82.00000000 78.00000000
v 46.00000000 81.50000000 83.00000000
v 45.50000000 82.00000000 84.00000000
v 46.00000000 82.00000000 83.50000000
v 46.00000000 82.50000000 73.00000000
v 46.00000000 82.50000000 74.00000000
v 46.00000000 82.50000000 75.00000000
v 46.00000000 82.50000000 76.00000000
v 46.00000000 82.50000000 77.00000000
v 46.00000000 82.50000000 78.00000000
v 45.50000000 83.00000000 79.00000000
v 46.00000000 83.00000000 78.50000000
v 45.50000000 83.00000000 84.00000000
v 46.00000000 83.00000000 83.50000000
v 46.00000000 83.50000000 79.00000000
v 46.00000000 83.50000000 80.00000000
v 46.00000000 84.00000000 80.50000000
v 46.00000000 84.00000000 83.50000000
v 45.50000000 85.00000000 75.00000000
v 46.00000000 84.50000000 81.00000000
v 45.50000000 85.00000000 82.00000000
v 46.00000000 84.50000000 82.00000000
v 45.50000000 85.00000000 83.00000000
v 46.00000000 84.50000000 83.00000000
v 45.50000000 86.00000000 82.00000000
v 46.50000000 70.00000000 78.00000000
v 46.50000000 71.00000000 84.00000000
v 46.50000000 72.00000000 72.00000000
v 46.50000000 72.00000000 83.00000000
v 47.00000000 72.00000000 82.50000000
v 47.00000000 71.50000000 83.00000000
v 47.00000000 71.50000000 84.00000000
v 46.50000000 72.00000000 84.00000000
v 47.00000000 71.50000000 85.00000000
v 46.50000000 72.00000000 86.00000000
v 47.00000000 72.00000000 85.50000000
v 46.50000000 72.00000000 87.00000000
v 47.00000000 72.50000000 83.00000000
v 47.00000000 72.50000000 84.00000000
v 46.50000000 73.00000000 85.00000000
v 47.00000000 73.00000000 84.50000000
v 47.00000000 73.00000000 85.50000000
v 46.50000000 73.00000000 87.00000000
v 46.50000000 73.00000000 88.00000000
v 46.50000000 74.00000000 70.00000000
v 47.00000000 73.50000000 71.00000000
v 47.00000000 74.00000000 70.50000000
v 46.50000000 74.00000000 71.00000000
v 47.00000000 74.00000000 71.50000000
v 47.00000000 73.50000000 85.00000000
v 46.50000000 74.00000000 89.00000000
v 46.50000000 75.00000000 69.00000000
v 46.50000000 75.00000000 70.00000000
v 47.00000000 74.50000000 70.00000000
v 47.00000000 75.00000000 69.50000000
v 47.00000000 74.50000000 71.00000000
v 47.00000000 75.00000000 70.50000000
v 46.50000000 75.00000000 90.00000000
v 47.00000000 76.00000000 68.50000000
v 46.50000000 76.00000000 69.00000000
v 47.00000000 75.50000000 69.00000000
v 47.00000000 75.50000000 70.00000000
v 47.00000000 76.00000000 69.50000000
v 46.50000000 76.00000000 77.00000000
v 47.00000000 76.00000000 76.50000000
v 47.00000000 75.50000000 77.00000000
v 47.00000000 75.50000000 78.00000000
v 46.50000000 76.00000000 79.00000000
v 47.00000000 76.00000000 78.50000000
v 47.00000000 76.50000000 69.00000000
v 47.00000000 76.50000000 77.00000000
v 46.50000000 77.00000000 78.00000000
v 47.00000000 77.00000000 77.50000000
v 47.00000000 76.50000000 79.00000000
v 47.00000000 76.50000000 80.00000000
v 47.00000000 76.50000000 81.00000000
v 47.00000000 76.50000000 82.00000000
v 46.50000000 77.00000000 83.00000000
v 47.00000000 77.00000000 82.50000000
v 46.50000000 77.00000000 91.00000000
v 46.50000000 78.00000000 74.00000000
v 46.50000000 78.00000000 75.00000000
v 47.00000000 77.50000000 78.00000000
v 47.00000000 77.50000000 79.00000000
v 46.50000000 78.00000000 80.00000000
v 47.00000000 78.00000000 79.50000000
v 46.50000000 78.00000000 83.00000000
v 47.00000000 77.50000000 83.00000000
v 47.00000000 78.00000000 83.50000000
v 47.00000000 79.00000000 73.50000000
v 47.00000000 78.50000000 74.00000000
v 47.00000000 79.00000000 74.50000000
v 46.50000000 79.00000000 75.00000000
v 46.50000000 79.00000000 79.00000000
v 47.00000000 79.00000000 79.50000000
v 46.50000000 79.00000000 82.00000000
v 47.00000000 79.00000000 82.50000000
v 47.00000000 78.50000000 83.00000000
v 47.00000000 80.00000000 73.50000000
v 47.00000000 79.50000000 75.00000000
v 47.00000000 79.50000000 76.00000000
v 46.50000000 80.00000000 76.00000000
v 47.00000000 80.00000000 76.50000000
v 46.50000000 80.00000000 78.00000000
v 47.00000000 80.00000000 77.50000000
v 47.00000000 79.50000000 78.00000000
v 47.00000000 79.50000000 79.00000000
v 46.50000000 80.00000000 81.00000000
v 46.50000000 80.00000000 82.00000000
v 47.00000000 80.00000000 82.50000000
v 46.50000000 81.00000000 72.00000000
v 47.00000000 81.00000000 72.50000000
v 47.00000000 80.50000000 73.00000000
v 47.00000000 80.50000000 77.00000000
v 46.50000000 80.50000000 81.50000000
v 46.50000000 81.00000000 82.00000000
v 47.00000000 81.00000000 81.50000000
v 47.00000000 80.50000000 82.00000000
v 46.50000000 82.00000000 73.00000000
v 47.00000000 81.50000000 73.00000000
v 47.00000000 82.00000000 73.50000000
v 46.50000000 82.00000000 82.00000000
v 47.00000000 82.00000000 81.50000000
v 46.50000000 82.00000000 83.00000000
v 47.00000000 82.50000000 74.00000000
v 47.00000000 82.50000000 75.00000000
v 47.00000000 82.50000000 76.00000000
v 47.00000000 82.50000000 77.00000000
v 47.00000000 82.50000000 78.00000000
v 46.50000000 83.00000000 79.00000000
v 47.00000000 82.50000000 79.00000000
v 46.50000000 83.00000000 80.00000000
v 47.00000000 82.50000000 80.00000000
v 46.50000000 83.00000000 81.00000000
v 47.00000000 82.50000000 81.00000000
v 46.50000000 83.00000000 82.00000000
v 46.50000000 83.00000000 83.00000000
v 46.50000000 84.00000000 81.00000000
v 46.50000000 84.00000000 82.00000000
v 46.50000000 84.00000000 83.00000000
v 47.50000000 72.00000000 81.00000000
v 48.00000000 72.00000000 80.50000000
v 48.00000000 71.50000000 81.00000000
v 48.00000000 71.50000000 82.00000000
v 47.50000000 72.00000000 82.00000000
v 48.00000000 71.50000000 83.00000000
v 47.50000000 72.00000000 84.00000000
v 48.00000000 72.00000000 83.50000000
v 47.50000000 72.00000000 85.00000000
v 48.00000000 72.50000000 81.00000000
v 48.00000000 72.50000000 82.00000000
v 48.00000000 72.50000000 83.00000000
v 48.00000000 72.50000000 84.00000000
v 47.50000000 73.00000000 84.00000000
v 48.00000000 73.00000000 83.50000000
v 48.00000000 72.50000000 85.00000000
v 47.50000000 72.50000000 84.50000000
v 48.00000000 73.00000000 85.50000000
v 47.50000000 74.00000000 71.00000000
v 48.00000000 73.50000000 84.00000000
v 48.00000000 73.50000000 85.00000000
v 47.50000000 74.00000000 87.00000000
v 48.00000000 74.00000000 86.50000000
v 48.00000000 73.50000000 87.00000000
v 48.00000000 74.00000000 87.50000000
v 47.50000000 75.00000000 70.00000000
v 48.00000000 74.50000000 87.00000000
v 47.50000000 76.00000000 69.00000000
v 47.50000000 76.00000000 70.00000000
v 48.00000000 75.50000000 70.00000000
v 48.00000000 76.00000000 69.50000000
v 48.00000000 76.00000000 70.50000000
v 47.50000000 76.00000000 77.00000000
v 47.50000000 76.00000000 78.00000000
v 48.00000000 77.00000000 68.50000000
v 47.50000000 77.00000000 69.00000000
v 48.00000000 76.50000000 69.00000000
v 48.00000000 76.50000000 70.00000000
v 48.00000000 77.00000000 69.50000000
v 47.50000000 77.00000000 78.00000000
v 47.50000000 77.00000000 79.00000000
v 48.00000000 77.00000000 79.50000000
v 48.00000000 76.50000000 80.00000000
v 48.00000000 76.50000000 81.00000000
v 47.50000000 77.00000000 82.00000000
v 48.00000000 77.00000000 81.50000000
v 48.00000000 77.50000000 69.00000000
v 48.00000000 78.00000000 79.50000000
v 48.00000000 77.50000000 82.00000000
v 47.50000000 78.00000000 83.00000000
v 48.00000000 78.00000000 82.50000000
v 47.50000000 79.00000000 74.00000000
v 47.50000000 79.00000000 79.00000000
v 48.00000000 79.00000000 78.50000000
v 48.00000000 78.50000000 79.00000000
v 47.50000000 79.00000000 83.00000000
v 48.00000000 78.50000000 83.00000000
v 48.00000000 79.00000000 83.50000000
v 48.00000000 80.00000000 73.50000000
v 48.00000000 79.50000000 74.00000000
v 48.00000000 79.50000000 75.00000000
v 48.00000000 79.50000000 76.00000000
v 48.00000000 79.50000000 77.00000000
v 47.50000000 80.00000000 77.00000000
v 48.00000000 80.00000000 77.50000000
v 47.50000000 80.00000000 78.00000000
v 48.00000000 80.00000000 78.50000000
v 48.00000000 79.50000000 83.00000000
v 48.00000000 80.00000000 82.50000000
v 47.50000000 81.00000000 73.00000000
v 48.00000000 81.00000000 73.50000000
v 48.00000000 80.50000000 78.00000000
v 47.50000000 81.00000000 81.00000000
v 48.00000000 80.50000000 81.00000000
v 48.00000000 81.00000000 80.50000000
v 48.00000000 80.50000000 82.00000000
v 47.50000000 82.00000000 74.00000000
v 48.00000000 81.50000000 74.00000000
v 47.50000000 82.00000000 75.00000000
v 48.00000000 81.50000000 75.00000000
v 47.50000000 82.00000000 76.00000000
v 48.00000000 81.50000000 76.00000000
v 47.50000000 82.00000000 77.00000000
v 48.00000000 81.50000000 77.00000000
v 47.50000000 82.00000000 78.00000000
v 48.00000000 81.50000000 78.00000000
v 47.50000000 82.00000000 79.00000000
v 48.00000000 81.50000000 79.00000000
v 47.50000000 82.00000000 80.00000000
v 48.00000000 81.50000000 80.00000000
v 47.50000000 82.00000000 81.00000000
v 48.50000000 72.00000000 79.00000000
v 49.00000000 72.00000000 78.50000000
v 49.00000000 71.50000000 79.00000000
v 49.00000000 71.50000000 80.00000000
v 48.50000000 72.00000000 80.00000000
v 49.00000000 71.50000000 81.00000000
v 48.50000000 72.00000000 82.00000000
v 49.00000000 72.00000000 81.50000000
v 48.50000000 72.00000000 83.00000000
v 49.00000000 72.50000000 79.00000000
v 49.00000000 72.50000000 80.00000000
v 49.00000000 72.50000000 81.00000000
v 48.50000000 73.00000000 83.00000000
v 49.00000000 73.00000000 82.50000000
v 49.00000000 72.50000000 83.00000000
v 49.00000000 73.00000000 83.50000000
v 48.50000000 73.00000000 84.00000000
v 48.50000000 73.00000000 85.00000000
v 49.00000000 73.50000000 83.00000000
v 48.50000000 74.00000000 85.00000000
v 49.00000000 74.00000000 84.50000000
v 49.00000000 73.50000000 85.00000000
v 49.00000000 74.00000000 85.50000000
v 48.50000000 74.00000000 87.00000000
v 49.00000000 74.50000000 85.00000000
v 48.50000000 76.00000000 70.00000000
v 48.50000000 77.00000000 69.00000000
v 48.50000000 77.00000000 80.00000000
v 48.50000000 77.00000000 81.00000000
v 48.50000000 78.00000000 80.00000000
v 48.50000000 78.00000000 81.00000000
v 48.50000000 78.00000000 82.00000000
v 48.50000000 79.00000000 79.00000000
v 49.00000000 79.00000000 79.50000000
v 49.00000000 78.50000000 80.00000000
v 49.00000000 78.50000000 81.00000000
v 49.00000000 79.00000000 81.50000000
v 48.50000000 79.00000000 82.00000000
v 48.50000000 79.00000000 83.00000000
v 48.50000000 80.00000000 74.00000000
v 48.50000000 80.00000000 75.00000000
v 48.50000000 80.00000000 76.00000000
v 48.50000000 80.00000000 77.00000000
v 48.50000000 80.00000000 79.00000000
v 49.00000000 80.00000000 79.50000000
v 48.50000000 80.00000000 81.00000000
v 49.00000000 79.50000000 81.00000000
v 49.00000000 80.00000000 80.50000000
v 48.50000000 80.00000000 82.00000000
v 48.50000000 81.00000000 74.00000000
v 48.50000000 81.00000000 75.00000000
v 48.50000000 81.00000000 76.00000000
v 48.50000000 81.00000000 77.00000000
v 48.50000000 81.00000000 78.00000000
v 48.50000000 81.00000000 79.00000000
v 49.00000000 80.50000000 80.00000000
v 48.50000000 81.00000000 80.00000000
v 48.50000000 81.00000000 86.00000000
v 49.00000000 81.00000000 85.50000000
v 49.00000000 80.50000000 86.00000000
v 49.00000000 81.00000000 86.50000000
v 48.50000000 82.00000000 84.00000000
v 49.00000000 82.00000000 83.50000000
v 49.00000000 81.50000000 84.00000000
v 49.00000000 82.00000000 84.50000000
v 49.00000000 81.50000000 86.00000000
v 49.00000000 82.50000000 84.00000000
v 50.00000000 72.00000000 78.50000000
v 50.00000000 71.50000000 79.00000000
v 49.50000000 72.00000000 80.00000000
v 50.00000000 72.00000000 79.50000000
v 49.50000000 72.00000000 81.00000000
v 50.00000000 72.50000000 79.00000000
v 50.00000000 72.50000000 82.00000000
v 49.50000000 73.00000000 82.00000000
v 50.00000000 73.00000000 81.50000000
v 50.00000000 73.00000000 82.50000000
v 49.50000000 73.00000000 83.00000000
v 50.00000000 73.50000000 82.00000000
v 49.50000000 74.00000000 85.00000000
v 49.50000000 79.00000000 80.00000000
v 49.50000000 79.00000000 81.00000000
v 49.50000000 80.00000000 80.00000000
v 49.50000000 81.00000000 86.00000000
v 50.00000000 82.00000000 83.50000000
v 50.00000000 81.50000000 84.00000000
v 50.00000000 82.00000000 84.50000000
v 50.00000000 82.50000000 84.00000000
v 50.50000000 72.00000000 79.00000000
v 50.50000000 73.00000000 82.00000000
v 50.50000000 82.00000000 84.00000000
f 3 2 1
f 5 4 1
f 1 4 3
f 7 6 5
f 5 6 4
f 9 8 7
f 7 8 6
f 11 10 9
f 9 10 8
f 13 12 11
f 11 12 10
f 13 14 12
f 1 2 15
f 15 2 16
f 1 17 5
f 1 15 17
f 5 18 7
f 5 17 18
f 20 9 19
f 9 18 19
f 9 7 18
f 9 20 11
f 11 20 21
f 11 21 13
f 13 21 22
f 13 22 14
f 16 23 15
f 15 23 17
f 17 23 24
f 17 24 18
f 18 24 25
f 18 25 19
f 28 27 26
f 26 29 28
f 32 31 30
f 30 33 32
f 36 35 34
f 38 37 34
f 34 37 36
f 40 39 38
f 38 39 37
f 39 40 27
f 40 26 27
f 40 41 26
f 29 26 42
f 26 43 42
f 26 41 43
f 43 44 42
f 30 31 45
f 45 31 46
f 33 30 47
f 30 48 47
f 30 45 48
f 50 49 48
f 48 49 47
f 52 51 50
f 50 51 49
f 51 52 35
f 52 34 35
f 52 53 34
f 34 54 38
f 34 53 54
f 56 40 55
f 40 54 55
f 40 38 54
f 40 56 41
f 41 56 57
f 41 57 43
f 43 57 58
f 43 58 44
f 46 59 45
f 45 59 48
f 48 59 60
f 48 60 50
f 50 60 61
f 50 61 52
f 52 61 62
f 52 62 53
f 53 62 63
f 53 63 54
f 54 63 64
f 54 64 55
f 67 66 65
f 69 68 65
f 65 68 67
f 71 70 69
f 69 70 68
f 71 72 70
f 75 74 73
f 2 3 73
f 3 75 73
f 3 76 75
f 4 65 66
f 76 4 66
f 3 4 76
f 65 4 6
f 65 6 69
f 69 6 8
f 69 8 71
f 77 72 71
f 8 77 71
f 10 77 8
f 78 10 12
f 78 77 10
f 12 14 78
f 78 14 79
f 73 74 80
f 80 74 81
f 80 16 2
f 80 2 73
f 19 82 20
f 83 21 20
f 83 20 82
f 84 22 21
f 84 21 83
f 84 85 22
f 85 14 22
f 85 79 14
f 80 81 86
f 86 81 87
f 88 23 16
f 80 88 16
f 86 88 80
f 89 24 23
f 89 23 88
f 24 89 90
f 91 24 90
f 25 24 91
f 19 25 82
f 25 92 82
f 25 91 92
f 82 92 83
f 83 92 93
f 95 94 93
f 94 83 93
f 94 84 83
f 85 84 96
f 84 97 96
f 84 94 97
f 97 98 96
f 87 99 86
f 101 100 99
f 100 86 99
f 100 88 86
f 88 102 89
f 88 100 102
f 90 89 103
f 103 89 102
f 95 104 94
f 106 105 104
f 105 94 104
f 105 97 94
f 98 97 107
f 107 97 105
f 100 101 108
f 108 101 109
f 100 110 102
f 100 108 110
f 103 102 111
f 111 102 110
f 106 112 105
f 105 112 107
f 109 113 108
f 108 113 110
f 110 113 114
f 110 114 111
f 115 27 28
f 29 115 28
f 116 31 32
f 118 116 117
f 116 32 117
f 33 119 117
f 33 117 32
f 121 120 119
f 119 120 117
f 121 122 120
f 124 123 36
f 36 123 35
f 126 124 125
f 124 37 125
f 124 36 37
f 39 127 37
f 37 127 125
f 27 115 39
f 115 127 39
f 115 128 127
f 42 129 29
f 129 115 29
f 129 128 115
f 44 129 42
f 130 46 116
f 116 46 31
f 119 33 47
f 118 131 116
f 132 116 131
f 116 132 130
f 134 133 131
f 132 131 133
f 119 49 121
f 49 119 47
f 51 121 49
f 121 51 122
f 135 122 51
f 122 135 134
f 133 134 135
f 35 123 136
f 135 35 136
f 137 135 136
f 51 35 135
f 137 136 126
f 125 137 126
f 138 137 125
f 55 138 56
f 138 127 56
f 138 125 127
f 56 127 57
f 57 127 128
f 57 128 58
f 58 128 129
f 58 129 44
f 130 59 46
f 59 130 60
f 60 130 132
f 60 132 61
f 61 132 133
f 61 133 62
f 62 133 135
f 62 135 63
f 63 135 137
f 63 137 64
f 64 137 138
f 64 138 55
f 141 140 139
f 143 142 139
f 139 142 141
f 145 144 143
f 143 144 142
f 66 67 145
f 67 144 145
f 67 146 144
f 147 67 68
f 147 146 67
f 148 68 70
f 148 147 68
f 150 149 72
f 149 70 72
f 149 148 70
f 150 151 149
f 139 140 152
f 152 140 153
f 152 74 75
f 143 152 75
f 139 152 143
f 143 75 76
f 143 76 145
f 145 76 66
f 150 72 77
f 156 155 154
f 78 150 77
f 150 78 151
f 157 151 78
f 151 157 156
f 155 156 157
f 79 157 78
f 152 153 158
f 158 153 159
f 158 81 74
f 158 74 152
f 162 161 160
f 164 163 160
f 164 160 161
f 163 164 154
f 155 163 154
f 165 163 155
f 166 155 157
f 165 155 166
f 85 166 79
f 79 166 157
f 158 159 167
f 167 159 168
f 167 87 81
f 167 81 158
f 162 160 91
f 90 162 91
f 169 162 90
f 91 160 92
f 92 160 163
f 92 163 93
f 93 163 165
f 165 166 170
f 95 165 170
f 171 95 170
f 165 95 93
f 173 170 172
f 172 170 96
f 170 166 96
f 166 85 96
f 98 172 96
f 168 174 167
f 174 176 175
f 174 175 99
f 167 174 99
f 87 167 99
f 175 101 99
f 103 178 177
f 169 103 177
f 90 103 169
f 178 179 177
f 104 95 180
f 95 181 180
f 95 171 181
f 172 182 173
f 106 104 180
f 172 98 182
f 98 183 182
f 98 107 183
f 176 184 175
f 101 175 184
f 185 101 184
f 109 101 185
f 187 186 178
f 103 187 178
f 111 187 103
f 178 186 179
f 181 188 180
f 180 188 106
f 188 112 106
f 188 189 112
f 107 112 183
f 183 112 189
f 185 190 109
f 109 190 113
f 113 191 114
f 190 191 113
f 111 114 187
f 187 114 191
f 192 118 117
f 120 193 117
f 117 193 192
f 122 193 120
f 194 123 124
f 126 194 124
f 192 131 118
f 131 192 134
f 134 192 193
f 134 193 122
f 194 136 123
f 136 194 126
f 197 196 195
f 199 198 195
f 195 198 197
f 199 200 198
f 203 202 201
f 205 204 201
f 201 204 203
f 207 206 205
f 205 206 204
f 209 208 207
f 207 208 206
f 209 210 208
f 212 211 141
f 141 211 140
f 213 141 142
f 213 212 141
f 144 195 196
f 213 144 196
f 142 144 213
f 195 144 146
f 195 146 199
f 214 200 199
f 146 214 199
f 147 214 146
f 215 147 148
f 215 214 147
f 217 215 216
f 215 149 216
f 215 148 149
f 151 216 149
f 220 219 218
f 220 218 202
f 218 201 202
f 218 221 201
f 201 222 205
f 201 221 222
f 205 223 207
f 205 222 223
f 207 224 209
f 207 223 224
f 210 209 225
f 209 226 225
f 209 224 226
f 226 227 225
f 230 229 228
f 211 230 228
f 153 211 228
f 140 211 153
f 217 216 156
f 154 217 156
f 231 217 154
f 156 216 151
f 219 232 218
f 234 233 232
f 233 218 232
f 233 221 218
f 221 235 222
f 221 233 235
f 222 236 223
f 222 235 236
f 223 237 224
f 223 236 237
f 239 226 238
f 226 237 238
f 226 224 237
f 226 239 227
f 228 229 240
f 240 229 241
f 240 159 153
f 240 153 228
f 243 242 161
f 243 161 162
f 161 244 164
f 242 244 161
f 154 164 231
f 231 164 244
f 234 245 233
f 233 245 235
f 235 245 246
f 235 246 236
f 236 246 247
f 236 247 237
f 237 247 248
f 237 248 238
f 241 249 240
f 159 240 249
f 250 159 249
f 168 159 250
f 169 243 162
f 169 251 243
f 252 171 170
f 173 252 170
f 255 254 253
f 253 256 255
f 250 257 168
f 168 257 174
f 176 174 257
f 176 257 258
f 169 177 259
f 260 169 259
f 251 169 260
f 179 259 177
f 261 181 252
f 252 181 171
f 182 262 173
f 262 252 173
f 262 261 252
f 183 262 182
f 254 263 253
f 253 263 256
f 258 264 176
f 176 264 184
f 266 265 185
f 184 266 185
f 264 266 184
f 268 267 265
f 268 265 266
f 267 268 260
f 267 260 259
f 187 267 259
f 186 187 259
f 186 259 179
f 261 188 181
f 188 261 189
f 189 261 262
f 189 262 183
f 265 190 185
f 190 265 191
f 191 265 267
f 191 267 187
f 271 270 269
f 269 272 271
f 270 273 269
f 269 273 272
f 276 275 274
f 278 277 274
f 274 277 276
f 280 279 278
f 278 279 277
f 282 281 280
f 280 281 279
f 284 283 282
f 282 283 281
f 284 285 283
f 288 287 286
f 288 286 275
f 286 274 275
f 286 289 274
f 274 290 278
f 274 289 290
f 278 291 280
f 278 290 291
f 280 292 282
f 280 291 292
f 282 293 284
f 282 292 293
f 285 284 294
f 294 284 293
f 286 287 295
f 295 287 296
f 286 297 289
f 286 295 297
f 289 298 290
f 289 297 298
f 290 299 291
f 290 298 299
f 291 300 292
f 291 299 300
f 292 301 293
f 292 300 301
f 294 293 302
f 302 293 301
f 305 304 303
f 196 197 303
f 197 305 303
f 197 306 305
f 307 197 198
f 307 306 197
f 309 308 200
f 308 198 200
f 308 307 198
f 309 310 308
f 313 312 311
f 202 203 311
f 203 313 311
f 203 314 313
f 315 203 204
f 315 314 203
f 206 295 296
f 315 206 296
f 204 206 315
f 295 206 208
f 295 208 297
f 297 208 210
f 316 297 210
f 298 297 316
f 298 317 299
f 298 316 317
f 299 318 300
f 299 317 318
f 300 319 301
f 300 318 319
f 302 301 320
f 320 301 319
f 322 321 212
f 212 321 211
f 213 303 304
f 322 213 304
f 212 213 322
f 303 213 196
f 214 309 200
f 214 215 309
f 215 323 309
f 323 310 309
f 215 324 323
f 217 324 215
f 311 312 220
f 312 219 220
f 312 325 219
f 311 220 202
f 225 316 210
f 316 225 227
f 326 316 227
f 317 316 326
f 317 327 318
f 317 326 327
f 329 319 328
f 319 327 328
f 319 318 327
f 319 329 320
f 331 330 230
f 230 330 229
f 230 211 321
f 230 321 331
f 323 324 332
f 323 332 333
f 231 332 217
f 217 332 324
f 325 334 219
f 219 334 232
f 234 232 334
f 234 334 335
f 337 336 239
f 337 239 238
f 227 239 326
f 239 338 326
f 239 336 338
f 326 338 327
f 327 338 339
f 327 339 328
f 341 241 340
f 241 330 340
f 241 229 330
f 342 341 340
f 243 343 242
f 344 333 332
f 242 344 332
f 244 242 332
f 344 242 343
f 244 332 231
f 335 345 234
f 234 345 245
f 345 347 346
f 246 345 346
f 245 345 246
f 246 346 348
f 349 246 348
f 247 246 349
f 247 350 248
f 349 350 247
f 238 248 337
f 337 248 350
f 341 249 241
f 250 249 341
f 342 250 341
f 351 250 342
f 251 352 343
f 251 343 243
f 344 343 353
f 353 343 352
f 347 354 346
f 346 354 348
f 355 254 255
f 256 355 255
f 351 356 250
f 250 356 257
f 358 357 258
f 257 358 258
f 356 358 257
f 360 359 357
f 360 357 358
f 362 361 359
f 362 359 360
f 362 363 352
f 260 362 352
f 251 260 352
f 361 362 260
f 352 363 353
f 355 263 254
f 263 355 256
f 366 365 364
f 368 367 365
f 365 367 364
f 368 369 367
f 357 264 258
f 264 357 266
f 266 357 359
f 266 359 268
f 268 359 361
f 268 361 260
f 372 371 370
f 374 373 370
f 370 373 372
f 376 375 374
f 374 375 373
f 376 377 375
f 365 366 378
f 378 366 379
f 381 368 380
f 368 378 380
f 368 365 378
f 368 381 369
f 384 383 382
f 386 385 382
f 382 385 384
f 388 387 386
f 386 387 385
f 390 389 388
f 388 389 387
f 390 391 389
f 370 371 392
f 392 371 393
f 370 394 374
f 370 392 394
f 374 395 376
f 374 394 395
f 377 376 396
f 396 376 395
f 379 397 378
f 378 397 380
f 383 398 382
f 400 399 398
f 399 382 398
f 399 386 382
f 402 388 401
f 388 399 401
f 388 386 399
f 403 270 271
f 388 403 271
f 390 388 271
f 402 403 388
f 405 404 272
f 272 404 271
f 404 391 271
f 391 390 271
f 405 406 404
f 393 407 392
f 392 407 394
f 394 407 408
f 394 408 395
f 395 408 409
f 395 409 396
f 400 410 399
f 399 410 401
f 403 411 270
f 270 411 273
f 273 411 272
f 411 412 272
f 412 405 272
f 412 411 413
f 406 405 414
f 414 405 412
f 413 415 412
f 412 415 414
f 418 417 416
f 420 419 416
f 416 419 418
f 275 276 420
f 276 419 420
f 276 421 419
f 422 276 277
f 422 421 276
f 423 277 279
f 423 422 277
f 424 279 281
f 424 423 279
f 426 424 425
f 424 283 425
f 424 281 283
f 285 425 283
f 429 428 427
f 431 430 427
f 427 430 429
f 433 432 431
f 431 432 430
f 435 434 433
f 433 434 432
f 435 436 434
f 416 417 437
f 437 417 438
f 437 287 288
f 420 437 288
f 416 437 420
f 420 288 275
f 439 426 425
f 425 285 439
f 285 440 439
f 285 294 440
f 443 442 441
f 441 444 443
f 428 445 427
f 427 445 431
f 431 445 446
f 431 446 433
f 433 446 447
f 433 447 435
f 435 447 448
f 435 448 436
f 438 449 437
f 287 437 449
f 450 287 449
f 296 287 450
f 302 440 294
f 302 451 440
f 454 453 452
f 304 305 452
f 305 454 452
f 305 455 454
f 306 441 442
f 455 306 442
f 305 306 455
f 456 444 441
f 306 456 441
f 307 456 306
f 458 456 457
f 456 308 457
f 456 307 308
f 310 457 308
f 459 312 313
f 314 460 313
f 313 460 459
f 315 461 314
f 314 461 460
f 296 450 462
f 461 296 462
f 463 461 462
f 315 296 461
f 464 463 462
f 320 451 302
f 320 465 451
f 452 453 322
f 453 321 322
f 453 466 321
f 452 322 304
f 467 458 457
f 457 310 467
f 310 468 467
f 310 323 468
f 469 325 459
f 459 325 312
f 470 459 460
f 469 459 470
f 471 460 461
f 470 460 471
f 463 473 472
f 471 463 472
f 461 463 471
f 476 475 474
f 464 473 463
f 478 477 475
f 478 475 476
f 479 477 478
f 481 480 329
f 481 329 328
f 320 329 465
f 465 329 480
f 483 482 331
f 331 482 330
f 331 321 466
f 331 466 483
f 486 485 484
f 485 468 484
f 468 333 484
f 468 323 333
f 469 334 325
f 334 469 335
f 469 487 335
f 469 470 487
f 471 489 488
f 487 471 488
f 470 471 487
f 489 471 472
f 474 475 490
f 474 490 491
f 337 490 336
f 490 477 336
f 490 475 477
f 479 492 477
f 492 336 477
f 492 338 336
f 338 493 339
f 492 493 338
f 328 339 481
f 481 339 493
f 482 494 330
f 330 494 340
f 342 340 494
f 342 494 495
f 486 484 496
f 486 496 497
f 344 496 333
f 333 496 484
f 487 345 335
f 499 498 347
f 499 347 345
f 488 499 345
f 487 488 345
f 349 348 498
f 499 349 498
f 500 349 499
f 490 350 491
f 350 500 491
f 350 349 500
f 350 490 337
f 502 351 501
f 351 495 501
f 351 342 495
f 504 503 502
f 504 502 501
f 506 505 503
f 506 503 504
f 507 505 506
f 497 496 508
f 497 508 509
f 353 508 344
f 344 508 496
f 498 354 347
f 354 498 348
f 502 356 351
f 356 502 358
f 358 502 503
f 358 503 360
f 360 503 505
f 507 510 505
f 510 360 505
f 510 362 360
f 508 363 509
f 363 510 509
f 363 362 510
f 363 508 353
f 511 366 364
f 367 512 364
f 364 512 511
f 369 512 367
f 513 371 372
f 373 514 372
f 372 514 513
f 375 515 373
f 373 515 514
f 377 515 375
f 516 379 511
f 511 379 366
f 517 381 380
f 519 518 512
f 516 512 518
f 512 516 511
f 519 512 520
f 512 369 520
f 381 517 520
f 381 520 369
f 523 522 521
f 525 524 521
f 521 524 523
f 383 384 525
f 384 524 525
f 384 526 524
f 527 384 385
f 527 526 384
f 528 385 387
f 528 527 385
f 529 387 389
f 529 528 387
f 531 530 391
f 530 389 391
f 530 529 389
f 531 532 530
f 533 393 513
f 513 393 371
f 534 513 514
f 533 513 534
f 535 514 515
f 534 514 535
f 396 535 377
f 377 535 515
f 516 397 379
f 516 518 397
f 518 536 397
f 517 380 397
f 517 397 536
f 517 536 520
f 522 537 521
f 521 537 525
f 525 537 538
f 538 540 539
f 538 539 398
f 525 538 398
f 383 525 398
f 539 400 398
f 401 541 402
f 541 403 402
f 404 531 391
f 543 542 406
f 406 542 404
f 542 532 404
f 532 531 404
f 543 544 542
f 533 407 393
f 407 533 408
f 408 533 534
f 408 534 409
f 409 534 535
f 409 535 396
f 540 545 539
f 539 545 400
f 545 410 400
f 545 546 410
f 401 410 541
f 410 547 541
f 410 546 547
f 541 547 403
f 547 411 403
f 547 548 411
f 550 549 413
f 411 550 413
f 548 550 411
f 414 551 406
f 551 549 406
f 550 406 549
f 406 550 543
f 552 543 550
f 543 552 551
f 551 553 543
f 414 553 551
f 551 552 549
f 544 543 554
f 554 543 553
f 549 415 413
f 549 552 415
f 552 555 415
f 553 414 415
f 553 415 555
f 553 555 554
f 558 557 556
f 556 559 558
f 560 417 418
f 419 561 418
f 418 561 560
f 421 562 419
f 419 562 561
f 422 563 421
f 421 563 562
f 423 564 422
f 422 564 563
f 424 565 423
f 423 565 564
f 426 565 424
f 557 566 556
f 556 566 559
f 568 567 429
f 429 567 428
f 569 429 430
f 569 568 429
f 570 430 432
f 570 569 430
f 571 432 434
f 571 570 432
f 573 572 436
f 572 434 436
f 572 571 434
f 575 574 573
f 573 574 572
f 576 574 560
f 574 438 560
f 438 417 560
f 574 575 438
f 576 560 561
f 576 561 577
f 577 561 562
f 577 562 578
f 580 579 578
f 562 580 578
f 563 580 562
f 581 563 564
f 580 563 581
f 582 564 565
f 581 564 582
f 439 583 426
f 583 565 426
f 583 582 565
f 440 583 439
f 584 442 443
f 444 584 443
f 445 428 585
f 428 586 585
f 428 567 586
f 587 446 445
f 587 445 585
f 588 447 446
f 588 446 587
f 447 588 589
f 590 447 589
f 448 447 590
f 436 448 573
f 448 591 573
f 448 590 591
f 573 591 575
f 575 591 592
f 575 592 438
f 592 449 438
f 592 593 449
f 595 594 450
f 449 595 450
f 593 595 449
f 597 596 594
f 597 594 595
f 596 597 579
f 580 596 579
f 598 596 580
f 581 600 599
f 598 581 599
f 580 581 598
f 600 581 582
f 600 582 601
f 603 602 601
f 582 603 601
f 583 603 582
f 451 603 440
f 440 603 583
f 604 453 454
f 604 454 605
f 454 606 605
f 454 455 606
f 455 442 584
f 607 455 584
f 606 455 607
f 607 584 444
f 456 607 444
f 608 607 456
f 456 458 608
f 608 458 609
f 586 610 585
f 585 610 587
f 587 610 611
f 587 611 588
f 588 611 612
f 588 612 589
f 594 462 450
f 462 594 464
f 594 613 464
f 594 596 613
f 614 596 598
f 613 596 614
f 598 599 615
f 598 615 614
f 602 603 616
f 602 616 617
f 465 616 451
f 451 616 603
f 620 619 618
f 618 621 620
f 623 622 604
f 622 453 604
f 622 466 453
f 623 604 605
f 458 467 624
f 625 458 624
f 609 458 625
f 468 624 467
f 626 472 473
f 473 464 626
f 464 613 626
f 476 474 626
f 476 626 613
f 476 613 478
f 478 613 614
f 628 627 479
f 628 479 478
f 615 628 478
f 614 615 478
f 630 629 627
f 630 627 628
f 629 630 617
f 629 617 616
f 481 629 616
f 480 481 616
f 480 616 465
f 619 631 618
f 618 631 621
f 632 482 483
f 633 632 483
f 466 633 483
f 622 633 466
f 625 624 485
f 486 625 485
f 634 625 486
f 485 624 468
f 635 488 489
f 472 626 489
f 626 635 489
f 626 636 635
f 491 636 474
f 474 636 626
f 627 492 479
f 492 627 493
f 493 627 629
f 493 629 481
f 632 494 482
f 495 494 632
f 633 495 632
f 637 495 633
f 497 634 486
f 497 638 634
f 635 499 488
f 499 635 500
f 500 635 636
f 500 636 491
f 637 639 495
f 495 639 501
f 501 640 504
f 639 640 501
f 640 642 641
f 506 640 641
f 504 640 506
f 641 507 506
f 509 638 497
f 509 643 638
f 642 644 641
f 641 644 507
f 644 510 507
f 644 645 510
f 509 510 643
f 643 510 645
f 646 518 519
f 520 646 519
f 647 522 523
f 524 648 523
f 523 648 647
f 526 649 524
f 524 649 648
f 527 650 526
f 526 650 649
f 528 651 527
f 527 651 650
f 529 652 528
f 528 652 651
f 530 653 529
f 529 653 652
f 532 653 530
f 646 536 518
f 536 646 520
f 647 537 522
f 537 647 538
f 538 647 648
f 538 648 540
f 648 654 540
f 648 649 654
f 655 649 650
f 654 649 655
f 656 650 651
f 655 650 656
f 652 658 657
f 656 652 657
f 651 652 656
f 658 652 653
f 658 653 659
f 661 659 660
f 660 659 542
f 659 653 542
f 653 532 542
f 544 660 542
f 654 545 540
f 545 654 546
f 546 654 655
f 546 655 547
f 547 655 656
f 657 662 656
f 662 547 656
f 662 548 547
f 662 664 663
f 550 662 663
f 548 662 550
f 661 666 665
f 661 663 666
f 663 661 550
f 660 550 661
f 550 660 552
f 666 552 660
f 660 667 666
f 666 667 665
f 663 552 666
f 554 667 544
f 544 667 660
f 664 668 663
f 665 667 668
f 667 555 668
f 552 663 668
f 552 668 555
f 555 667 554
f 671 670 669
f 669 672 671
f 670 673 669
f 669 673 672
f 674 557 558
f 559 674 558
f 674 566 557
f 566 674 559
f 675 567 568
f 675 568 676
f 568 677 676
f 568 569 677
f 679 677 678
f 677 570 678
f 677 569 570
f 571 680 570
f 570 680 678
f 572 681 571
f 571 681 680
f 681 572 682
f 572 683 682
f 572 574 683
f 684 574 576
f 684 683 574
f 686 684 685
f 684 577 685
f 684 576 577
f 578 687 577
f 577 687 685
f 579 687 578
f 689 688 675
f 688 567 675
f 688 586 567
f 689 675 676
f 679 678 690
f 679 690 691
f 589 690 590
f 690 680 590
f 690 678 680
f 590 680 591
f 591 680 681
f 682 692 681
f 692 591 681
f 692 592 591
f 592 693 593
f 692 693 592
f 685 595 686
f 595 693 686
f 595 593 693
f 595 685 597
f 597 685 687
f 597 687 579
f 694 599 600
f 601 695 600
f 600 695 694
f 602 695 601
f 698 697 696
f 696 699 698
f 701 700 606
f 606 700 605
f 703 701 702
f 701 607 702
f 701 606 607
f 608 704 607
f 607 704 702
f 609 704 608
f 688 705 586
f 586 705 610
f 610 706 611
f 705 706 610
f 690 612 691
f 612 706 691
f 612 611 706
f 612 690 589
f 707 615 694
f 694 615 599
f 708 694 695
f 707 694 708
f 617 708 602
f 602 708 695
f 696 697 709
f 709 697 710
f 620 711 619
f 711 696 619
f 696 709 619
f 696 711 699
f 620 621 711
f 711 621 712
f 714 713 623
f 623 713 622
f 623 605 700
f 623 700 714
f 715 703 702
f 717 716 715
f 702 717 715
f 704 717 702
f 625 717 609
f 609 717 704
f 707 628 615
f 628 707 630
f 630 707 708
f 630 708 617
f 710 718 709
f 718 720 719
f 718 719 631
f 709 718 631
f 619 709 631
f 719 721 631
f 721 621 631
f 721 712 621
f 713 633 622
f 722 633 713
f 716 717 723
f 716 723 724
f 634 723 625
f 625 723 717
f 720 725 719
f 719 725 721
f 727 637 726
f 637 722 726
f 637 633 722
f 729 728 727
f 729 727 726
f 731 730 728
f 731 728 729
f 724 723 732
f 731 733 730
f 723 634 732
f 634 734 732
f 634 638 734
f 737 736 735
f 739 738 735
f 735 738 737
f 741 740 739
f 739 740 738
f 741 742 740
f 745 744 743
f 747 746 743
f 743 746 745
f 747 748 746
f 750 639 749
f 639 637 749
f 749 637 727
f 751 749 727
f 639 750 640
f 752 640 750
f 640 752 728
f 751 728 752
f 728 751 727
f 728 730 753
f 642 728 753
f 754 642 753
f 728 642 640
f 753 730 733
f 643 756 755
f 734 643 755
f 638 643 734
f 758 757 756
f 756 757 755
f 757 758 736
f 758 735 736
f 758 759 735
f 735 760 739
f 735 759 760
f 762 741 761
f 741 760 761
f 741 739 760
f 741 762 742
f 743 744 763
f 763 744 764
f 743 765 747
f 743 763 765
f 748 747 766
f 766 747 765
f 749 767 750
f 750 767 752
f 754 768 642
f 642 768 644
f 644 769 645
f 768 769 644
f 643 645 756
f 645 770 756
f 645 769 770
f 756 770 758
f 758 770 771
f 758 771 759
f 759 771 772
f 759 772 760
f 760 772 773
f 760 773 761
f 764 774 763
f 763 774 765
f 765 774 775
f 765 775 766
f 778 777 776
f 776 779 778
f 782 781 780
f 782 780 777
f 780 776 777
f 780 783 776
f 779 776 784
f 784 776 783
f 785 657 658
f 785 658 786
f 658 787 786
f 658 659 787
f 659 661 787
f 787 661 788
f 781 789 780
f 780 789 783
f 783 789 790
f 783 790 784
f 785 662 657
f 792 791 664
f 792 664 662
f 786 792 662
f 785 786 662
f 792 788 791
f 788 665 791
f 788 661 665
f 791 668 664
f 668 791 665
f 795 794 793
f 793 796 795
f 794 797 793
f 793 797 796
f 798 670 671
f 800 798 799
f 798 671 799
f 672 801 799
f 672 799 671
f 803 802 801
f 801 802 799
f 803 804 802
f 798 673 670
f 798 800 673
f 800 805 673
f 801 672 673
f 801 673 805
f 801 805 803
f 803 805 806
f 803 806 804
f 809 808 807
f 807 810 809
f 808 811 807
f 807 811 810
f 812 676 677
f 679 812 677
f 813 682 683
f 684 814 683
f 683 814 813
f 686 814 684
f 815 688 689
f 676 812 689
f 812 815 689
f 812 816 815
f 691 816 679
f 679 816 812
f 813 692 682
f 692 813 693
f 693 813 814
f 693 814 686
f 818 817 698
f 698 817 697
f 698 699 818
f 818 699 819
f 820 700 701
f 703 820 701
f 815 705 688
f 705 815 706
f 706 815 816
f 706 816 691
f 817 710 697
f 821 710 817
f 699 711 822
f 823 699 822
f 819 699 823
f 712 822 711
f 825 824 714
f 714 824 713
f 714 700 820
f 826 714 820
f 825 714 826
f 828 826 827
f 827 826 715
f 826 820 715
f 820 703 715
f 716 827 715
f 831 830 829
f 833 832 829
f 829 832 831
f 835 834 833
f 833 834 832
f 835 836 834
f 718 710 837
f 710 838 837
f 710 821 838
f 822 839 823
f 720 718 837
f 822 712 839
f 712 840 839
f 712 721 840
f 824 722 713
f 841 722 824
f 842 828 827
f 827 716 842
f 716 843 842
f 716 724 843
f 846 845 844
f 848 847 844
f 844 847 846
f 847 848 830
f 848 829 830
f 848 849 829
f 851 833 850
f 833 849 850
f 833 829 849
f 833 851 835
f 835 851 852
f 835 852 836
f 838 853 837
f 837 853 720
f 853 725 720
f 853 854 725
f 721 725 840
f 840 725 854
f 841 855 722
f 722 855 726
f 726 856 729
f 855 856 726
f 729 857 731
f 856 857 729
f 724 732 843
f 858 843 732
f 843 858 857
f 733 857 858
f 857 733 731
f 734 858 732
f 860 859 737
f 737 859 736
f 738 844 845
f 860 738 845
f 737 738 860
f 844 738 740
f 844 740 848
f 848 740 742
f 861 848 742
f 849 848 861
f 745 862 744
f 862 849 744
f 849 861 744
f 849 862 850
f 864 862 863
f 862 746 863
f 862 745 746
f 748 863 746
f 865 749 751
f 752 865 751
f 866 754 753
f 733 858 753
f 858 866 753
f 858 867 866
f 867 858 734
f 868 867 734
f 755 868 734
f 869 867 868
f 870 755 757
f 870 868 755
f 757 736 859
f 757 859 870
f 872 871 762
f 872 762 761
f 762 871 742
f 871 873 742
f 873 861 742
f 873 871 874
f 873 764 744
f 873 744 861
f 875 864 863
f 863 748 875
f 748 876 875
f 748 766 876
f 865 767 749
f 767 865 752
f 879 878 877
f 866 768 754
f 880 877 878
f 768 881 769
f 881 768 882
f 866 882 768
f 882 866 883
f 867 883 866
f 769 884 770
f 884 867 770
f 869 770 867
f 770 869 885
f 883 885 869
f 885 883 884
f 884 881 885
f 769 881 884
f 884 883 867
f 886 771 770
f 886 770 885
f 887 772 771
f 887 771 886
f 888 773 772
f 888 772 887
f 888 889 773
f 889 761 773
f 889 872 761
f 873 874 890
f 890 874 891
f 892 774 764
f 873 892 764
f 890 892 873
f 893 775 774
f 893 774 892
f 893 894 775
f 894 766 775
f 894 876 766
f 879 895 878
f 878 895 880
f 882 896 881
f 881 896 885
f 885 896 897
f 885 897 886
f 886 897 898
f 886 898 887
f 887 898 899
f 887 899 888
f 888 899 900
f 888 900 889
f 890 891 901
f 901 891 902
f 901 777 778
f 892 901 778
f 890 901 892
f 892 778 779
f 903 892 779
f 893 892 903
f 894 893 904
f 904 893 903
f 901 902 782
f 902 781 782
f 902 905 781
f 901 782 777
f 784 906 903
f 784 903 779
f 904 903 907
f 907 903 906
f 908 786 787
f 788 908 787
f 789 781 909
f 781 910 909
f 781 905 910
f 911 790 789
f 911 789 909
f 906 784 790
f 911 906 790
f 912 906 911
f 907 906 913
f 913 906 912
f 915 792 914
f 792 786 914
f 914 786 908
f 916 914 908
f 916 908 917
f 908 788 917
f 792 915 917
f 792 917 788
f 910 918 909
f 920 919 918
f 919 909 918
f 919 911 909
f 911 921 912
f 911 919 921
f 913 912 922
f 922 912 921
f 914 923 915
f 915 923 917
f 919 920 795
f 920 794 795
f 920 924 794
f 919 795 796
f 925 919 796
f 921 919 925
f 922 921 926
f 926 921 925
f 924 927 794
f 794 927 797
f 796 797 925
f 797 928 925
f 797 927 928
f 925 928 926
f 929 800 799
f 929 799 930
f 799 931 930
f 799 802 931
f 933 932 804
f 932 802 804
f 932 931 802
f 933 934 932
f 929 805 800
f 930 935 929
f 935 805 929
f 935 806 805
f 804 806 933
f 806 936 933
f 806 935 936
f 933 936 934
f 939 938 937
f 937 940 939
f 938 941 937
f 941 942 937
f 942 943 937
f 944 940 937
f 944 937 943
f 946 945 943
f 943 945 944
f 948 947 946
f 946 947 945
f 948 949 947
f 950 808 809
f 810 950 809
f 953 952 951
f 951 954 953
f 942 955 943
f 943 955 946
f 946 955 956
f 946 956 948
f 948 956 957
f 957 958 948
f 958 959 948
f 960 949 948
f 960 948 959
f 962 961 959
f 959 961 960
f 950 811 808
f 963 961 962
f 811 950 810
f 952 964 951
f 951 964 954
f 958 965 959
f 959 965 962
f 962 965 966
f 966 967 962
f 967 968 962
f 969 963 962
f 969 962 968
f 968 970 969
f 968 967 971
f 971 967 972
f 970 974 973
f 974 970 818
f 968 818 970
f 818 968 817
f 971 817 968
f 819 974 818
f 971 972 975
f 975 972 976
f 975 817 971
f 817 975 821
f 973 974 977
f 978 977 974
f 823 978 819
f 819 978 974
f 979 824 825
f 826 980 825
f 825 980 979
f 828 980 826
f 983 982 981
f 830 831 981
f 831 983 981
f 831 984 983
f 985 831 832
f 985 984 831
f 986 832 834
f 986 985 832
f 834 836 986
f 986 836 987
f 976 988 975
f 821 975 838
f 988 838 975
f 838 988 989
f 977 989 988
f 989 977 978
f 839 990 823
f 990 978 823
f 990 989 978
f 840 990 839
f 991 841 979
f 979 841 824
f 992 979 980
f 991 979 992
f 992 980 828
f 993 992 828
f 842 993 828
f 994 992 993
f 842 843 993
f 993 843 995
f 996 845 846
f 982 997 981
f 997 846 981
f 846 847 981
f 846 997 996
f 981 847 830
f 850 998 851
f 851 998 999
f 1000 851 999
f 852 851 1000
f 836 852 987
f 987 852 1000
f 989 853 838
f 853 989 854
f 854 989 990
f 854 990 840
f 991 855 841
f 855 991 856
f 856 991 992
f 994 1001 992
f 1001 856 992
f 1001 857 856
f 843 857 995
f 995 857 1001
f 1002 859 860
f 1003 1002 860
f 1003 860 845
f 1004 1003 845
f 996 1004 845
f 1007 1006 1005
f 997 1004 996
f 1009 1008 1006
f 1009 1006 1007
f 1011 1010 1009
f 1010 998 1009
f 850 1009 998
f 1009 850 1008
f 862 1008 850
f 1008 862 1010
f 1010 1012 1008
f 1011 1012 1010
f 1010 862 998
f 1012 1011 864
f 1011 999 864
f 998 862 864
f 998 864 999
f 1013 869 868
f 870 1014 868
f 868 1014 1013
f 859 1002 870
f 1002 1014 870
f 1002 1015 1014
f 1002 1003 1016
f 1017 1002 1016
f 1015 1002 1017
f 1017 1016 1005
f 1017 1005 1006
f 872 1017 1006
f 871 872 1006
f 871 1006 874
f 1006 1018 874
f 1006 1008 1018
f 1019 1008 1012
f 1018 1008 1019
f 875 1020 864
f 1020 1012 864
f 1020 1019 1012
f 876 1020 875
f 1023 1022 1021
f 879 877 1021
f 877 1023 1021
f 877 1024 1023
f 1026 1025 880
f 1025 877 880
f 1025 1024 877
f 882 883 1026
f 883 1025 1026
f 883 1027 1025
f 883 869 1013
f 1028 883 1013
f 1027 883 1028
f 1030 1029 1028
f 1013 1030 1028
f 1014 1030 1013
f 1031 1014 1015
f 1030 1014 1031
f 1032 1015 1017
f 1031 1015 1032
f 889 1032 872
f 872 1032 1017
f 1034 1033 1018
f 1033 874 1018
f 1033 891 874
f 1034 1018 1019
f 1034 1019 1035
f 1035 1019 1020
f 1035 1020 1036
f 1020 876 1036
f 876 1037 1036
f 876 894 1037
f 1022 1038 1021
f 1038 1040 1039
f 1038 1039 895
f 1021 1038 895
f 879 1021 895
f 1026 880 895
f 1039 1026 895
f 1041 1026 1039
f 1042 896 882
f 1026 1042 882
f 1041 1042 1026
f 896 1042 1043
f 1044 896 1043
f 897 896 1044
f 1030 898 1029
f 898 1044 1029
f 898 897 1044
f 898 1030 899
f 899 1030 1031
f 899 1045 900
f 1045 899 1046
f 1031 1046 899
f 1046 1031 1047
f 1032 1047 1031
f 1047 1032 1048
f 889 1048 1032
f 1048 889 1049
f 900 1049 889
f 1049 900 1045
f 1033 1048 1049
f 902 1033 1049
f 891 1033 902
f 904 1051 1050
f 1037 904 1050
f 894 904 1037
f 1051 1052 1050
f 1040 1053 1039
f 1039 1053 1041
f 1041 1053 1054
f 1041 1054 1042
f 1042 1054 1055
f 1042 1055 1043
f 1046 1056 1045
f 1058 1057 1056
f 1057 1045 1056
f 1057 1049 1045
f 1057 905 902
f 1057 902 1049
f 907 1059 1051
f 907 1051 904
f 1052 1051 1060
f 1060 1051 1059
f 1058 1061 1057
f 905 1057 1061
f 1062 905 1061
f 910 905 1062
f 1064 1063 1059
f 907 1064 1059
f 913 1064 907
f 1059 1063 1060
f 1066 1065 916
f 916 1065 914
f 916 917 1066
f 1066 917 1067
f 1062 1068 910
f 910 1068 918
f 920 918 1068
f 920 1068 1069
f 922 1064 913
f 922 1070 1064
f 1065 1071 914
f 914 1071 923
f 917 923 1067
f 1067 923 1071
f 1069 924 920
f 1072 924 1069
f 1075 1074 1073
f 1074 1070 1073
f 1070 926 1073
f 1070 922 926
f 1072 1076 924
f 924 1076 927
f 1073 928 1075
f 928 1076 1075
f 928 927 1076
f 928 1073 926
f 1077 930 931
f 1077 931 1078
f 931 1079 1078
f 931 932 1079
f 932 934 1079
f 1079 934 1080
f 1077 935 930
f 1078 1081 1077
f 1081 935 1077
f 1081 936 935
f 934 936 1080
f 1080 936 1081
f 1084 1083 1082
f 1082 938 1084
f 938 939 1084
f 1086 1085 1084
f 1086 1084 939
f 940 1086 939
f 1089 1088 1087
f 1087 1090 1089
f 1083 1091 1082
f 1086 938 1082
f 938 1086 941
f 1092 941 1086
f 1093 1092 1086
f 1092 1093 1094
f 1085 1094 1093
f 1094 1085 1091
f 1082 1091 1085
f 1086 1082 1085
f 1092 942 941
f 944 1086 940
f 1086 944 1093
f 1095 1093 944
f 1096 944 945
f 1096 1095 944
f 1098 1096 1097
f 1096 947 1097
f 1096 945 947
f 949 1097 947
f 1099 952 953
f 1088 1100 1087
f 1099 953 954
f 1087 1100 1090
f 1094 1101 1092
f 1092 1101 942
f 1101 955 942
f 1101 1102 955
f 1102 1104 1103
f 956 1102 1103
f 955 1102 956
f 956 1105 957
f 956 1097 1105
f 1097 956 1098
f 1103 1098 956
f 1098 1103 1106
f 1105 1106 1103
f 1103 1107 1105
f 1105 1107 957
f 1097 1106 1105
f 1109 1108 1107
f 1106 1107 1108
f 1107 1106 1097
f 1107 1097 957
f 949 957 1097
f 957 949 958
f 960 958 949
f 958 960 1109
f 958 1109 1107
f 961 1110 960
f 960 1110 1109
f 963 1110 961
f 1113 1112 1111
f 1099 964 952
f 1114 1113 1111
f 964 1099 954
f 1104 1115 1103
f 1103 1115 1107
f 1107 1115 1116
f 1109 958 1107
f 958 1109 965
f 1117 965 1109
f 1118 1117 1109
f 1117 1118 1119
f 1108 1119 1118
f 1119 1108 1116
f 1107 1116 1108
f 1109 1107 1108
f 965 1117 966
f 1120 966 1117
f 966 1120 1110
f 1118 1110 1120
f 1110 1118 1109
f 967 966 1121
f 966 1110 1121
f 963 969 1121
f 963 1121 1110
f 970 1121 969
f 1124 1123 1122
f 1126 1125 1122
f 1125 1111 1122
f 1112 1124 1122
f 1112 1122 1111
f 1111 1125 1114
f 1119 1127 1117
f 1127 1128 1117
f 1128 1129 1117
f 1130 1120 1117
f 1130 1117 1129
f 967 1129 972
f 1129 967 1130
f 1121 1130 967
f 1130 1121 1131
f 1132 1131 1121
f 973 1132 970
f 970 1132 1121
f 1123 1133 1122
f 1122 1133 1126
f 1136 1135 1134
f 1138 1137 1134
f 1134 1137 1136
f 1138 1139 1137
f 1128 1140 1129
f 972 1129 976
f 1140 976 1129
f 976 1140 1141
f 1131 1141 1140
f 1141 1131 1132
f 977 1141 973
f 973 1141 1132
f 1135 1142 1134
f 1144 1143 1142
f 1143 1134 1142
f 1143 1138 1134
f 983 1145 982
f 1145 1138 982
f 1138 1143 982
f 1138 1145 1139
f 1146 983 984
f 1146 1145 983
f 1147 984 985
f 1147 1146 984
f 1148 985 986
f 1148 1147 985
f 986 987 1148
f 1148 987 1149
f 1151 988 1150
f 988 976 1150
f 1150 976 1141
f 1152 1150 1141
f 1152 1141 1153
f 1141 977 1153
f 988 1151 1153
f 988 1153 977
f 1155 1154 993
f 993 1154 994
f 1157 1156 995
f 1156 993 995
f 1156 1155 993
f 1157 1158 1156
f 1144 1159 1143
f 997 982 1143
f 1160 997 1143
f 1159 1160 1143
f 997 1160 1161
f 1162 1161 1160
f 1164 1163 1000
f 1164 1000 999
f 987 1000 1149
f 1149 1000 1163
f 1150 1165 1151
f 1151 1165 1153
f 1001 994 1166
f 994 1167 1166
f 994 1154 1167
f 1157 995 1001
f 1166 1157 1001
f 1168 1157 1166
f 1158 1157 1169
f 1169 1157 1168
f 1171 1170 1004
f 1004 1170 1003
f 1007 1005 1172
f 997 1161 1004
f 1173 1004 1161
f 1004 1173 1171
f 1007 1174 1009
f 1174 1161 1009
f 1162 1009 1161
f 1009 1162 1175
f 1173 1175 1162
f 1175 1173 1174
f 1174 1172 1175
f 1007 1172 1174
f 1174 1173 1161
f 1009 1175 1176
f 1177 1009 1176
f 1011 1009 1177
f 999 1011 1164
f 1164 1011 1177
f 1166 1167 1178
f 1178 1167 1179
f 1166 1180 1168
f 1166 1178 1180
f 1169 1168 1181
f 1181 1168 1180
f 1016 1003 1182
f 1003 1183 1182
f 1003 1170 1183
f 1172 1005 1016
f 1182 1172 1016
f 1184 1172 1182
f 1186 1175 1185
f 1175 1184 1185
f 1175 1172 1184
f 1175 1186 1176
f 1188 1187 1023
f 1023 1187 1022
f 1189 1023 1024
f 1189 1188 1023
f 1025 1178 1179
f 1189 1025 1179
f 1024 1025 1189
f 1178 1025 1027
f 1178 1027 1180
f 1190 1181 1180
f 1027 1190 1180
f 1028 1190 1027
f 1192 1191 1029
f 1191 1028 1029
f 1191 1190 1028
f 1194 1193 1192
f 1192 1193 1191
f 1193 1194 1183
f 1194 1182 1183
f 1194 1195 1182
f 1182 1196 1184
f 1182 1195 1196
f 1034 1197 1033
f 1197 1184 1033
f 1184 1196 1033
f 1184 1197 1185
f 1198 1034 1035
f 1198 1197 1034
f 1200 1198 1199
f 1198 1036 1199
f 1198 1035 1036
f 1037 1199 1036
f 1187 1201 1022
f 1022 1201 1038
f 1040 1038 1201
f 1040 1201 1202
f 1043 1203 1044
f 1192 1029 1044
f 1203 1192 1044
f 1204 1192 1203
f 1192 1205 1194
f 1192 1204 1205
f 1205 1046 1047
f 1195 1205 1047
f 1194 1205 1195
f 1195 1047 1048
f 1195 1048 1196
f 1196 1048 1033
f 1206 1200 1199
f 1208 1206 1207
f 1207 1206 1050
f 1206 1199 1050
f 1199 1037 1050
f 1052 1207 1050
f 1202 1209 1040
f 1040 1209 1053
f 1053 1210 1054
f 1209 1210 1053
f 1054 1211 1055
f 1210 1211 1054
f 1043 1055 1203
f 1055 1212 1203
f 1055 1211 1212
f 1203 1212 1204
f 1204 1212 1213
f 1204 1213 1205
f 1205 1213 1214
f 1214 1216 1215
f 1214 1215 1056
f 1205 1214 1056
f 1046 1205 1056
f 1215 1058 1056
f 1208 1207 1217
f 1208 1217 1218
f 1060 1217 1052
f 1052 1217 1207
f 1216 1219 1215
f 1215 1219 1058
f 1219 1061 1058
f 1219 1220 1061
f 1062 1061 1220
f 1062 1220 1221
f 1218 1217 1063
f 1064 1218 1063
f 1222 1218 1064
f 1063 1217 1060
f 1223 1065 1066
f 1067 1223 1066
f 1221 1224 1062
f 1062 1224 1068
f 1226 1225 1069
f 1068 1226 1069
f 1224 1226 1068
f 1228 1227 1225
f 1228 1225 1226
f 1228 1222 1227
f 1222 1070 1227
f 1222 1064 1070
f 1223 1071 1065
f 1071 1223 1067
f 1229 1072 1225
f 1225 1072 1069
f 1075 1229 1074
f 1229 1227 1074
f 1229 1225 1227
f 1074 1227 1070
f 1229 1076 1072
f 1076 1229 1075
f 1230 1078 1079
f 1080 1230 1079
f 1230 1081 1078
f 1081 1230 1080
f 1231 1083 1084
f 1085 1231 1084
f 1232 1088 1089
f 1090 1232 1089
f 1235 1234 1233
f 1235 1231 1236
f 1231 1235 1083
f 1233 1083 1235
f 1083 1233 1091
f 1237 1091 1233
f 1237 1094 1091
f 1093 1231 1085
f 1231 1093 1236
f 1238 1236 1093
f 1240 1238 1239
f 1238 1095 1239
f 1238 1093 1095
f 1096 1241 1095
f 1095 1241 1239
f 1098 1241 1096
f 1232 1100 1088
f 1100 1232 1090
f 1234 1242 1233
f 1233 1242 1237
f 1237 1242 1243
f 1243 1245 1244
f 1243 1244 1101
f 1237 1243 1101
f 1094 1237 1101
f 1246 1240 1239
f 1101 1246 1239
f 1102 1101 1239
f 1246 1101 1244
f 1102 1239 1104
f 1239 1247 1104
f 1239 1241 1247
f 1106 1248 1098
f 1248 1241 1098
f 1248 1247 1241
f 1108 1248 1106
f 1249 1112 1113
f 1251 1249 1250
f 1249 1113 1250
f 1114 1252 1250
f 1114 1250 1113
f 1252 1253 1250
f 1245 1254 1244
f 1244 1254 1246
f 1247 1115 1104
f 1115 1247 1116
f 1116 1247 1248
f 1119 1116 1255
f 1116 1248 1255
f 1108 1118 1255
f 1108 1255 1248
f 1120 1255 1118
f 1256 1123 1124
f 1249 1258 1257
f 1259 1257 1258
f 1257 1259 1256
f 1257 1256 1126
f 1124 1126 1256
f 1126 1124 1125
f 1112 1125 1124
f 1125 1112 1249
f 1125 1249 1257
f 1249 1125 1257
f 1125 1249 1114
f 1252 1114 1249
f 1251 1252 1249
f 1252 1251 1260
f 1258 1260 1251
f 1260 1258 1261
f 1257 1261 1258
f 1249 1257 1258
f 1252 1260 1253
f 1255 1127 1119
f 1128 1127 1262
f 1127 1255 1262
f 1120 1130 1262
f 1120 1262 1255
f 1131 1262 1130
f 1264 1133 1263
f 1133 1123 1263
f 1263 1123 1256
f 1265 1263 1256
f 1256 1133 1264
f 1133 1256 1126
f 1257 1126 1256
f 1259 1257 1256
f 1257 1259 1266
f 1265 1266 1259
f 1266 1265 1267
f 1264 1267 1265
f 1256 1264 1265
f 1257 1266 1261
f 1270 1269 1268
f 1135 1136 1268
f 1136 1270 1268
f 1136 1271 1270
f 1273 1271 1272
f 1271 1137 1272
f 1271 1136 1137
f 1139 1272 1137
f 1262 1140 1128
f 1140 1262 1131
f 1263 1274 1264
f 1264 1274 1267
f 1269 1275 1268
f 1275 1277 1276
f 1275 1276 1142
f 1268 1275 1142
f 1135 1268 1142
f 1272 1278 1273
f 1144 1142 1276
f 1278 1272 1139
f 1145 1278 1139
f 1279 1278 1145
f 1280 1145 1146
f 1280 1279 1145
f 1281 1146 1147
f 1281 1280 1146
f 1283 1281 1282
f 1281 1148 1282
f 1281 1147 1148
f 1149 1282 1148
f 1284 1150 1152
f 1153 1284 1152
f 1285 1154 1155
f 1156 1286 1155
f 1155 1286 1285
f 1158 1286 1156
f 1277 1287 1276
f 1276 1287 1144
f 1287 1159 1144
f 1287 1288 1159
f 1288 1290 1289
f 1160 1288 1289
f 1159 1288 1160
f 1289 1162 1160
f 1163 1164 1291
f 1282 1292 1283
f 1292 1282 1293
f 1282 1149 1293
f 1163 1291 1293
f 1163 1293 1149
f 1284 1165 1150
f 1165 1284 1153
f 1295 1294 1285
f 1294 1154 1285
f 1294 1167 1154
f 1297 1296 1295
f 1285 1297 1295
f 1286 1297 1285
f 1169 1297 1158
f 1158 1297 1286
f 1298 1170 1171
f 1290 1299 1289
f 1299 1171 1289
f 1171 1173 1289
f 1171 1299 1298
f 1289 1173 1162
f 1176 1300 1177
f 1300 1301 1177
f 1177 1301 1164
f 1301 1302 1164
f 1302 1291 1164
f 1291 1302 1293
f 1294 1179 1167
f 1303 1179 1294
f 1304 1296 1297
f 1169 1181 1297
f 1181 1305 1297
f 1305 1304 1297
f 1305 1181 1306
f 1306 1307 1305
f 1310 1309 1308
f 1311 1310 1298
f 1310 1183 1298
f 1183 1170 1298
f 1310 1308 1183
f 1311 1298 1299
f 1185 1312 1186
f 1300 1176 1186
f 1312 1300 1186
f 1313 1300 1312
f 1301 1300 1314
f 1314 1300 1313
f 1315 1187 1188
f 1315 1188 1316
f 1188 1317 1316
f 1188 1189 1317
f 1189 1179 1303
f 1189 1303 1317
f 1190 1306 1181
f 1318 1307 1306
f 1190 1318 1306
f 1191 1318 1190
f 1193 1308 1309
f 1318 1193 1309
f 1191 1193 1318
f 1308 1193 1183
f 1197 1312 1185
f 1198 1319 1197
f 1319 1320 1197
f 1321 1197 1320
f 1197 1321 1312
f 1322 1312 1321
f 1312 1322 1319
f 1319 1313 1312
f 1198 1313 1319
f 1319 1322 1320
f 1320 1322 1200
f 1322 1314 1200
f 1313 1198 1200
f 1313 1200 1314
f 1315 1201 1187
f 1324 1323 1202
f 1324 1202 1201
f 1316 1324 1201
f 1315 1316 1201
f 1325 1323 1324
f 1321 1320 1326
f 1321 1326 1327
f 1206 1328 1200
f 1328 1320 1200
f 1328 1326 1320
f 1208 1328 1206
f 1323 1209 1202
f 1325 1329 1323
f 1329 1209 1323
f 1329 1210 1209
f 1210 1330 1211
f 1329 1330 1210
f 1211 1331 1212
f 1330 1331 1211
f 1212 1332 1213
f 1331 1332 1212
f 1213 1333 1214
f 1332 1333 1213
f 1335 1334 1216
f 1214 1335 1216
f 1333 1335 1214
f 1337 1336 1334
f 1337 1334 1335
f 1339 1338 1336
f 1339 1336 1337
f 1338 1339 1327
f 1326 1338 1327
f 1340 1338 1326
f 1341 1326 1328
f 1340 1326 1341
f 1218 1341 1208
f 1208 1341 1328
f 1334 1219 1216
f 1219 1334 1220
f 1220 1334 1336
f 1220 1336 1221
f 1336 1342 1221
f 1336 1338 1342
f 1343 1338 1340
f 1342 1338 1343
f 1344 1340 1341
f 1343 1340 1344
f 1222 1344 1218
f 1218 1344 1341
f 1342 1224 1221
f 1224 1342 1226
f 1226 1342 1343
f 1226 1343 1228
f 1228 1343 1344
f 1228 1344 1222
f 1347 1346 1345
f 1349 1348 1345
f 1345 1348 1347
f 1234 1235 1349
f 1235 1348 1349
f 1235 1350 1348
f 1352 1350 1351
f 1350 1236 1351
f 1350 1235 1236
f 1238 1353 1236
f 1236 1353 1351
f 1240 1353 1238
f 1346 1354 1345
f 1345 1354 1349
f 1349 1354 1355
f 1349 1355 1234
f 1355 1242 1234
f 1355 1356 1242
f 1357 1352 1351
f 1359 1358 1356
f 1243 1356 1358
f 1356 1243 1242
f 1357 1361 1360
f 1361 1358 1360
f 1245 1360 1358
f 1360 1245 1353
f 1243 1353 1245
f 1353 1243 1361
f 1361 1351 1353
f 1357 1351 1361
f 1361 1243 1358
f 1353 1240 1360
f 1240 1362 1360
f 1240 1246 1362
f 1363 1251 1250
f 1253 1363 1250
f 1359 1364 1358
f 1358 1364 1245
f 1364 1254 1245
f 1364 1365 1254
f 1246 1254 1362
f 1362 1254 1365
f 1368 1367 1366
f 1366 1369 1368
f 1370 1259 1258
f 1258 1251 1370
f 1251 1363 1370
f 1260 1261 1370
f 1260 1370 1363
f 1260 1363 1253
f 1367 1371 1366
f 1366 1371 1369
f 1372 1263 1265
f 1370 1374 1373
f 1375 1373 1374
f 1373 1375 1372
f 1373 1372 1267
f 1265 1267 1372
f 1267 1265 1266
f 1259 1266 1265
f 1266 1259 1370
f 1266 1370 1373
f 1374 1370 1376
f 1370 1261 1376
f 1266 1373 1376
f 1266 1376 1261
f 1377 1269 1270
f 1271 1378 1270
f 1270 1378 1377
f 1273 1378 1271
f 1380 1274 1379
f 1274 1263 1379
f 1379 1263 1372
f 1381 1379 1372
f 1372 1274 1380
f 1274 1372 1267
f 1373 1267 1372
f 1375 1373 1372
f 1373 1375 1382
f 1381 1382 1375
f 1382 1381 1383
f 1380 1383 1381
f 1372 1380 1381
f 1373 1382 1376
f 1377 1275 1269
f 1275 1377 1277
f 1377 1384 1277
f 1377 1378 1384
f 1278 1385 1273
f 1385 1378 1273
f 1385 1384 1378
f 1385 1278 1386
f 1278 1387 1386
f 1278 1279 1387
f 1388 1279 1280
f 1388 1387 1279
f 1390 1388 1389
f 1388 1281 1389
f 1388 1280 1281
f 1283 1389 1281
f 1379 1391 1380
f 1380 1391 1383
f 1384 1287 1277
f 1287 1384 1288
f 1288 1384 1385
f 1290 1288 1385
f 1386 1290 1385
f 1392 1290 1386
f 1393 1390 1389
f 1395 1393 1394
f 1394 1393 1292
f 1393 1389 1292
f 1389 1283 1292
f 1293 1394 1292
f 1396 1294 1295
f 1296 1396 1295
f 1399 1398 1397
f 1392 1399 1397
f 1299 1392 1397
f 1290 1392 1299
f 1302 1301 1400
f 1394 1401 1395
f 1401 1394 1402
f 1394 1293 1402
f 1302 1400 1402
f 1302 1402 1293
f 1404 1403 1396
f 1403 1294 1396
f 1403 1303 1294
f 1404 1396 1296
f 1304 1404 1296
f 1405 1404 1304
f 1406 1304 1305
f 1406 1405 1304
f 1408 1407 1307
f 1407 1305 1307
f 1407 1406 1305
f 1408 1309 1407
f 1309 1310 1407
f 1410 1409 1407
f 1410 1407 1310
f 1398 1411 1397
f 1411 1310 1397
f 1310 1311 1397
f 1310 1411 1410
f 1397 1311 1299
f 1413 1412 1400
f 1301 1413 1400
f 1314 1413 1301
f 1400 1412 1402
f 1414 1316 1317
f 1415 1414 1317
f 1303 1415 1317
f 1403 1415 1303
f 1318 1408 1307
f 1410 1416 1409
f 1309 1408 1318
f 1416 1410 1411
f 1419 1418 1417
f 1322 1321 1417
f 1418 1322 1417
f 1420 1322 1418
f 1314 1322 1413
f 1413 1322 1420
f 1414 1324 1316
f 1422 1421 1325
f 1422 1325 1324
f 1415 1422 1324
f 1414 1415 1324
f 1424 1423 1421
f 1424 1421 1422
f 1426 1425 1423
f 1426 1423 1424
f 1428 1427 1425
f 1428 1425 1426
f 1430 1429 1427
f 1430 1427 1428
f 1432 1431 1429
f 1432 1429 1430
f 1434 1433 1431
f 1434 1431 1432
f 1433 1434 1419
f 1417 1433 1419
f 1435 1433 1417
f 1327 1435 1321
f 1321 1435 1417
f 1421 1329 1325
f 1329 1421 1330
f 1330 1421 1423
f 1330 1423 1331
f 1331 1423 1425
f 1331 1425 1332
f 1332 1425 1427
f 1332 1427 1333
f 1333 1427 1429
f 1333 1429 1335
f 1335 1429 1431
f 1335 1431 1337
f 1337 1431 1433
f 1337 1433 1339
f 1339 1433 1435
f 1339 1435 1327
f 1438 1437 1436
f 1440 1439 1436
f 1436 1439 1438
f 1346 1347 1440
f 1347 1439 1440
f 1347 1441 1439
f 1443 1441 1442
f 1441 1348 1442
f 1441 1347 1348
f 1350 1444 1348
f 1348 1444 1442
f 1352 1444 1350
f 1437 1445 1436
f 1436 1445 1440
f 1440 1445 1446
f 1440 1446 1346
f 1446 1354 1346
f 1446 1447 1354
f 1442 1355 1443
f 1355 1447 1443
f 1355 1354 1447
f 1355 1448 1356
f 1448 1355 1449
f 1442 1449 1355
f 1449 1442 1450
f 1444 1450 1442
f 1452 1451 1448
f 1450 1448 1451
f 1448 1450 1444
f 1448 1444 1356
f 1352 1356 1444
f 1356 1352 1359
f 1357 1359 1352
f 1359 1357 1452
f 1359 1452 1448
f 1360 1453 1357
f 1357 1453 1452
f 1362 1453 1360
f 1449 1454 1448
f 1451 1452 1454
f 1452 1364 1454
f 1359 1448 1454
f 1359 1454 1364
f 1364 1455 1365
f 1455 1364 1456
f 1452 1456 1364
f 1456 1452 1457
f 1453 1457 1452
f 1457 1453 1458
f 1453 1362 1458
f 1365 1455 1458
f 1365 1458 1362
f 1459 1367 1368
f 1369 1459 1368
f 1456 1460 1455
f 1455 1460 1458
f 1459 1371 1367
f 1371 1459 1369
f 1461 1375 1374
f 1376 1461 1374
f 1462 1379 1381
f 1381 1375 1462
f 1375 1461 1462
f 1382 1383 1462
f 1382 1462 1461
f 1382 1461 1376
f 1463 1386 1387
f 1388 1464 1387
f 1387 1464 1463
f 1390 1464 1388
f 1462 1391 1379
f 1391 1462 1383
f 1465 1392 1463
f 1463 1392 1386
f 1466 1463 1464
f 1465 1463 1466
f 1393 1467 1390
f 1467 1464 1390
f 1467 1466 1464
f 1395 1467 1393
f 1468 1398 1399
f 1469 1468 1399
f 1469 1399 1392
f 1470 1469 1392
f 1465 1470 1392
f 1470 1465 1466
f 1470 1466 1471
f 1473 1472 1471
f 1466 1473 1471
f 1467 1473 1466
f 1401 1474 1395
f 1474 1467 1395
f 1474 1473 1467
f 1402 1474 1401
f 1475 1403 1404
f 1405 1476 1404
f 1404 1476 1475
f 1406 1477 1405
f 1405 1477 1476
f 1407 1478 1406
f 1406 1478 1477
f 1409 1478 1407
f 1479 1411 1468
f 1468 1411 1398
f 1468 1469 1480
f 1468 1480 1479
f 1483 1482 1481
f 1481 1482 1472
f 1473 1481 1472
f 1484 1481 1473
f 1413 1484 1412
f 1484 1474 1412
f 1484 1473 1474
f 1412 1474 1402
f 1485 1415 1475
f 1475 1415 1403
f 1486 1475 1476
f 1485 1475 1486
f 1487 1476 1477
f 1486 1476 1487
f 1488 1477 1478
f 1487 1477 1488
f 1416 1489 1409
f 1489 1478 1409
f 1489 1488 1478
f 1411 1479 1416
f 1479 1489 1416
f 1479 1490 1489
f 1479 1480 1491
f 1492 1479 1491
f 1490 1479 1492
f 1492 1491 1483
f 1492 1483 1481
f 1419 1492 1481
f 1418 1419 1481
f 1418 1481 1420
f 1420 1481 1484
f 1420 1484 1413
f 1495 1494 1493
f 1493 1496 1495
f 1485 1422 1415
f 1422 1485 1424
f 1424 1485 1486
f 1424 1486 1426
f 1426 1486 1487
f 1426 1487 1428
f 1428 1487 1488
f 1428 1488 1430
f 1430 1488 1489
f 1430 1489 1432
f 1432 1489 1490
f 1432 1490 1434
f 1434 1490 1492
f 1434 1492 1419
f 1499 1498 1497
f 1497 1500 1499
f 1494 1501 1493
f 1493 1501 1496
f 1498 1502 1497
f 1497 1502 1500
f 1504 1503 1438
f 1438 1503 1437
f 1506 1504 1505
f 1504 1439 1505
f 1504 1438 1439
f 1441 1507 1439
f 1439 1507 1505
f 1443 1507 1441
f 1503 1508 1437
f 1437 1508 1445
f 1505 1446 1506
f 1446 1508 1506
f 1446 1445 1508
f 1446 1505 1447
f 1447 1505 1507
f 1447 1507 1443
f 1511 1510 1509
f 1510 1449 1509
f 1449 1450 1509
f 1513 1512 1509
f 1513 1509 1450
f 1451 1513 1450
f 1511 1514 1510
f 1512 1513 1514
f 1513 1454 1514
f 1449 1510 1514
f 1449 1514 1454
f 1454 1513 1451
f 1515 1456 1457
f 1458 1515 1457
f 1515 1460 1456
f 1460 1515 1458
f 1516 1469 1470
f 1471 1517 1470
f 1470 1517 1516
f 1472 1517 1471
f 1518 1480 1516
f 1516 1480 1469
f 1483 1518 1482
f 1518 1517 1482
f 1518 1516 1517
f 1482 1517 1472
f 1518 1491 1480
f 1491 1518 1483
f 1519 1494 1495
f 1496 1519 1495
f 1521 1520 1499
f 1499 1520 1498
f 1499 1500 1521
f 1521 1500 1522
f 1519 1501 1494
f 1501 1519 1496
f 1520 1523 1498
f 1498 1523 1502
f 1500 1502 1522
f 1522 1502 1523
f 1524 1503 1504
f 1506 1524 1504
f 1524 1508 1503
f 1508 1524 1506
f 1525 1511 1509
f 1512 1525 1509
f 1525 1514 1511
f 1514 1525 1512
f 1526 1520 1521
f 1522 1526 1521
f 1526 1523 1520
f 1523 1526 1522

o edema
usemtl material_1
v 30.50000000 75.00000000 70.00000000
v 31.00000000 75.00000000 69.50000000
v 31.00000000 74.50000000 70.00000000
v 31.00000000 74.50000000 71.00000000
v 30.50000000 75.00000000 71.00000000
v 31.00000000 74.50000000 72.00000000
v 30.50000000 75.00000000 72.00000000
v 31.00000000 74.50000000 73.00000000
v 30.50000000 75.00000000 73.00000000
v 31.00000000 75.00000000 73.50000000
v 30.50000000 76.00000000 70.00000000
v 31.00000000 76.00000000 69.50000000
v 30.50000000 76.00000000 71.00000000
v 30.50000000 76.00000000 72.00000000
v 30.50000000 76.00000000 73.00000000
v 31.00000000 75.50000000 74.00000000
v 30.50000000 76.00000000 74.00000000
v 31.00000000 76.00000000 74.50000000
v 30.50000000 77.00000000 70.00000000
v 31.00000000 77.00000000 69.50000000
v 31.00000000 77.00000000 70.50000000
v 31.00000000 76.50000000 71.00000000
v 31.00000000 76.50000000 72.00000000
v 31.00000000 76.50000000 73.00000000
v 31.00000000 76.50000000 74.00000000
v 31.00000000 77.50000000 70.00000000
v 30.50000000 79.00000000 62.00000000
v 31.00000000 79.00000000 61.50000000
v 31.00000000 78.50000000 62.00000000
v 31.00000000 78.50000000 63.00000000
v 30.50000000 79.00000000 63.00000000
v 31.00000000 78.50000000 64.00000000
v 30.50000000 79.00000000 64.00000000
v 31.00000000 78.50000000 65.00000000
v 30.50000000 79.00000000 65.00000000
v 31.00000000 78.50000000 66.00000000
v 30.50000000 79.00000000 66.00000000
v 31.00000000 78.50000000 67.00000000
v 30.50000000 79.00000000 67.00000000
v 31.00000000 79.00000000 67.50000000
v 30.50000000 80.00000000 60.00000000
v 31.00000000 80.00000000 59.50000000
v 31.00000000 79.50000000 60.00000000
v 31.00000000 79.50000000 61.00000000
v 30.50000000 80.00000000 61.00000000
v 30.50000000 80.00000000 62.00000000
v 30.50000000 80.00000000 63.00000000
v 30.50000000 80.00000000 64.00000000
v 30.50000000 80.00000000 65.00000000
v 30.50000000 80.00000000 66.00000000
v 30.50000000 80.00000000 67.00000000
v 31.00000000 79.50000000 68.00000000
v 30.50000000 80.00000000 68.00000000
v 31.00000000 80.00000000 68.50000000
v 30.50000000 81.00000000 60.00000000
v 31.00000000 81.00000000 59.50000000
v 30.50000000 81.00000000 61.00000000
v 30.50000000 81.00000000 62.00000000
v 30.50000000 81.00000000 63.00000000
v 30.50000000 81.00000000 64.00000000
v 30.50000000 81.00000000 65.00000000
v 30.50000000 81.00000000 66.00000000
v 30.50000000 81.00000000 67.00000000
v 31.00000000 81.00000000 67.50000000
v 31.00000000 80.50000000 68.00000000
v 30.50000000 82.00000000 60.00000000
v 31.00000000 82.00000000 59.50000000
v 30.50000000 82.00000000 61.00000000
v 30.50000000 82.00000000 62.00000000
v 30.50000000 82.00000000 63.00000000
v 30.50000000 82.00000000 64.00000000
v 30.50000000 82.00000000 65.00000000
v 30.50000000 82.00000000 66.00000000
v 30.50000000 82.00000000 67.00000000
v 31.00000000 82.00000000 67.50000000
v 31.00000000 82.50000000 60.00000000
v 31.00000000 82.50000000 61.00000000
v 30.50000000 83.00000000 62.00000000
v 31.00000000 83.00000000 61.50000000
v 30.50000000 83.00000000 63.00000000
v 30.50000000 83.00000000 64.00000000
v 30.50000000 83.00000000 65.00000000
v 30.50000000 83.00000000 66.00000000
v 31.00000000 83.00000000 66.50000000
v 31.00000000 82.50000000 67.00000000
v 31.00000000 83.50000000 62.00000000
v 31.00000000 83.50000000 63.00000000
v 31.00000000 83.50000000 64.00000000
v 31.00000000 83.50000000 65.00000000
v 31.00000000 83.50000000 66.00000000
v 31.50000000 68.00000000 75.00000000
v 32.00000000 68.00000000 74.50000000
v 32.00000000 67.50000000 75.00000000
v 32.00000000 67.50000000 76.00000000
v 31.50000000 68.00000000 76.00000000
v 32.00000000 67.50000000 77.00000000
v 31.50000000 68.00000000 77.00000000
v 32.00000000 68.00000000 77.50000000
v 31.50000000 69.00000000 75.00000000
v 32.00000000 69.00000000 74.50000000
v 31.50000000 69.00000000 76.00000000
v 31.50000000 69.00000000 77.00000000
v 32.00000000 68.50000000 78.00000000
v 31.50000000 69.00000000 78.00000000
v 32.00000000 69.00000000 78.50000000
v 32.00000000 69.50000000 75.00000000
v 31.50000000 70.00000000 76.00000000
v 32.00000000 70.00000000 75.50000000
v 31.50000000 70.00000000 77.00000000
v 31.50000000 70.00000000 78.00000000
v 32.00000000 70.00000000 78.50000000
v 32.00000000 70.50000000 76.00000000
v 31.50000000 71.00000000 77.00000000
v 32.00000000 71.00000000 76.50000000
v 31.50000000 71.00000000 78.00000000
v 32.00000000 70.50000000 79.00000000
v 31.50000000 71.00000000 79.00000000
v 32.00000000 71.00000000 79.50000000
v 32.00000000 71.50000000 77.00000000
v 32.00000000 71.50000000 78.00000000
v 31.50000000 72.00000000 79.00000000
v 32.00000000 72.00000000 78.50000000
v 32.00000000 72.00000000 79.50000000
v 32.00000000 72.50000000 79.00000000
v 31.50000000 74.00000000 69.00000000
v 32.00000000 74.00000000 68.50000000
v 32.00000000 73.50000000 69.00000000
v 32.00000000 73.50000000 70.00000000
v 31.50000000 74.00000000 70.00000000
v 32.00000000 73.50000000 71.00000000
v 31.50000000 74.00000000 71.00000000
v 32.00000000 73.50000000 72.00000000
v 31.50000000 74.00000000 72.00000000
v 32.00000000 73.50000000 73.00000000
v 31.50000000 74.00000000 73.00000000
v 32.00000000 73.50000000 74.00000000
v 31.50000000 74.00000000 74.00000000
v 32.00000000 74.00000000 74.50000000
v 31.50000000 75.00000000 69.00000000
v 32.00000000 75.00000000 68.50000000
v 31.50000000 75.00000000 74.00000000
v 32.00000000 74.50000000 75.00000000
v 31.50000000 75.00000000 75.00000000
v 32.00000000 74.50000000 76.00000000
v 31.50000000 75.00000000 76.00000000
v 32.00000000 75.00000000 76.50000000
v 31.50000000 76.00000000 69.00000000
v 32.00000000 76.00000000 68.50000000
v 31.50000000 76.00000000 73.00000000
v 32.00000000 75.50000000 73.00000000
v 32.00000000 76.00000000 72.50000000
v 31.50000000 75.50000000 73.50000000
v 32.00000000 75.50000000 74.00000000
v 31.50000000 76.00000000 74.00000000
v 32.00000000 76.00000000 74.50000000
v 31.50000000 76.00000000 75.00000000
v 31.50000000 76.00000000 76.00000000
v 32.00000000 76.00000000 76.50000000
v 31.50000000 77.00000000 68.00000000
v 32.00000000 77.00000000 67.50000000
v 32.00000000 76.50000000 68.00000000
v 31.50000000 77.00000000 69.00000000
v 31.50000000 77.00000000 71.00000000
v 31.50000000 77.00000000 72.00000000
v 32.00000000 77.00000000 72.50000000
v 32.00000000 76.50000000 75.00000000
v 31.50000000 77.00000000 76.00000000
v 32.00000000 77.00000000 75.50000000
v 32.00000000 77.00000000 76.50000000
v 31.50000000 78.00000000 64.00000000
v 32.00000000 78.00000000 63.50000000
v 32.00000000 77.50000000 64.00000000
v 32.00000000 77.50000000 65.00000000
v 31.50000000 78.00000000 65.00000000
v 32.00000000 77.50000000 66.00000000
v 31.50000000 78.00000000 66.00000000
v 32.00000000 77.50000000 67.00000000
v 31.50000000 78.00000000 67.00000000
v 31.50000000 78.00000000 68.00000000
v 31.50000000 78.00000000 69.00000000
v 31.50000000 78.00000000 70.00000000
v 31.50000000 78.00000000 71.00000000
v 31.50000000 78.00000000 72.00000000
v 32.00000000 78.00000000 72.50000000
v 31.50000000 78.00000000 74.00000000
v 32.00000000 78.00000000 73.50000000
v 32.00000000 77.50000000 74.00000000
v 32.00000000 78.00000000 74.50000000
v 32.00000000 77.50000000 76.00000000
v 31.50000000 79.00000000 58.00000000
v 32.00000000 79.00000000 57.50000000
v 32.00000000 78.50000000 58.00000000
v 32.00000000 78.50000000 59.00000000
v 31.50000000 79.00000000 59.00000000
v 32.00000000 78.50000000 60.00000000
v 31.50000000 79.00000000 60.00000000
v 32.00000000 78.50000000 61.00000000
v 31.50000000 79.00000000 61.00000000
v 32.00000000 78.50000000 62.00000000
v 32.00000000 78.50000000 63.00000000
v 31.50000000 79.00000000 68.00000000
v 31.50000000 79.00000000 69.00000000
v 31.50000000 79.00000000 70.00000000
v 32.00000000 79.00000000 70.50000000
v 32.00000000 78.50000000 71.00000000
v 32.00000000 78.50000000 72.00000000
v 32.00000000 78.50000000 74.00000000
v 31.50000000 80.00000000 58.00000000
v 32.00000000 80.00000000 57.50000000
v 31.50000000 80.00000000 59.00000000
v 31.50000000 80.00000000 69.00000000
v 31.50000000 80.00000000 70.00000000
v 32.00000000 80.00000000 70.50000000
v 31.50000000 80.00000000 72.00000000
v 32.00000000 80.00000000 71.50000000
v 32.00000000 79.50000000 72.00000000
v 32.00000000 80.00000000 72.50000000
v 31.50000000 81.00000000 58.00000000
v 32.00000000 81.00000000 57.50000000
v 31.50000000 81.00000000 59.00000000
v 31.50000000 81.00000000 68.00000000
v 31.50000000 81.00000000 69.00000000
v 31.50000000 81.00000000 70.00000000
v 32.00000000 81.00000000 70.50000000
v 32.00000000 80.50000000 72.00000000
v 32.00000000 81.50000000 58.00000000
v 32.00000000 81.50000000 59.00000000
v 32.00000000 82.00000000 59.50000000
v 31.50000000 82.00000000 68.00000000
v 31.50000000 82.00000000 69.00000000
v 32.00000000 82.00000000 69.50000000
v 32.00000000 81.50000000 70.00000000
v 31.50000000 83.00000000 60.00000000
v 32.00000000 83.00000000 59.50000000
v 31.50000000 83.00000000 61.00000000
v 31.50000000 83.00000000 67.00000000
v 31.50000000 83.00000000 68.00000000
v 31.50000000 83.00000000 69.00000000
v 32.00000000 83.00000000 69.50000000
v 32.00000000 83.50000000 60.00000000
v 32.00000000 83.50000000 61.00000000
v 31.50000000 84.00000000 62.00000000
v 32.00000000 84.00000000 61.50000000
v 31.50000000 84.00000000 63.00000000
v 31.50000000 84.00000000 64.00000000
v 31.50000000 84.00000000 65.00000000
v 31.50000000 84.00000000 66.00000000
v 31.50000000 84.00000000 67.00000000
v 31.50000000 84.00000000 68.00000000
v 32.00000000 84.00000000 68.50000000
v 32.00000000 83.50000000 69.00000000
v 32.00000000 84.50000000 62.00000000
v 32.00000000 84.50000000 63.00000000
v 32.00000000 84.50000000 64.00000000
v 32.00000000 84.50000000 65.00000000
v 32.00000000 84.50000000 66.00000000
v 32.00000000 84.50000000 67.00000000
v 32.00000000 84.50000000 68.00000000
v 32.50000000 67.00000000 74.00000000
v 33.00000000 67.00000000 73.50000000
v 33.00000000 66.50000000 74.00000000
v 33.00000000 66.50000000 75.00000000
v 32.50000000 67.00000000 75.00000000
v 33.00000000 66.50000000 76.00000000
v 32.50000000 67.00000000 76.00000000
v 33.00000000 66.50000000 77.00000000
v 32.50000000 67.00000000 77.00000000
v 33.00000000 66.50000000 78.00000000
v 32.50000000 67.00000000 78.00000000
v 33.00000000 66.50000000 79.00000000
v 32.50000000 67.00000000 79.00000000
v 33.00000000 67.00000000 79.50000000
v 32.50000000 68.00000000 73.00000000
v 33.00000000 68.00000000 72.50000000
v 33.00000000 67.50000000 73.00000000
v 32.50000000 68.00000000 74.00000000
v 32.50000000 68.00000000 78.00000000
v 32.50000000 68.00000000 79.00000000
v 33.00000000 68.00000000 79.50000000
v 33.00000000 68.50000000 73.00000000
v 32.50000000 69.00000000 74.00000000
v 33.00000000 69.00000000 73.50000000
v 32.50000000 69.00000000 79.00000000
v 33.00000000 68.50000000 80.00000000
v 32.50000000 69.00000000 80.00000000
v 33.00000000 69.00000000 80.50000000
v 33.00000000 69.50000000 74.00000000
v 32.50000000 70.00000000 75.00000000
v 33.00000000 70.00000000 74.50000000
v 32.50000000 70.00000000 79.00000000
v 32.50000000 70.00000000 80.00000000
v 33.00000000 69.50000000 81.00000000
v 32.50000000 70.00000000 81.00000000
v 33.00000000 70.00000000 81.50000000
v 33.00000000 70.50000000 75.00000000
v 32.50000000 71.00000000 76.00000000
v 33.00000000 71.00000000 75.50000000
v 32.50000000 71.00000000 80.00000000
v 32.50000000 71.00000000 81.00000000
v 33.00000000 70.50000000 82.00000000
v 32.50000000 71.00000000 82.00000000
v 33.00000000 70.50000000 83.00000000
v 32.50000000 71.00000000 83.00000000
v 33.00000000 71.00000000 83.50000000
v 33.00000000 71.50000000 76.00000000
v 33.00000000 71.50000000 77.00000000
v 32.50000000 72.00000000 78.00000000
v 33.00000000 72.00000000 77.50000000
v 32.50000000 72.00000000 80.00000000
v 32.50000000 72.00000000 81.00000000
v 32.50000000 72.00000000 82.00000000
v 33.00000000 72.00000000 82.50000000
v 33.00000000 71.50000000 83.00000000
v 32.50000000 73.00000000 70.00000000
v 33.00000000 73.00000000 69.50000000
v 33.00000000 72.50000000 70.00000000
v 33.00000000 72.50000000 71.00000000
v 32.50000000 73.00000000 71.00000000
v 33.00000000 72.50000000 72.00000000
v 32.50000000 73.00000000 72.00000000
v 33.00000000 73.00000000 72.50000000
v 33.00000000 72.50000000 78.00000000
v 33.00000000 72.50000000 79.00000000
v 32.50000000 73.00000000 80.00000000
v 33.00000000 73.00000000 79.50000000
v 32.50000000 73.00000000 81.00000000
v 33.00000000 73.00000000 81.50000000
v 33.00000000 72.50000000 82.00000000
v 33.00000000 74.00000000 68.50000000
v 33.00000000 73.50000000 69.00000000
v 33.00000000 73.50000000 73.00000000
v 33.00000000 73.50000000 74.00000000
v 33.00000000 73.50000000 75.00000000
v 32.50000000 74.00000000 75.00000000
v 33.00000000 74.00000000 75.50000000
v 33.00000000 73.50000000 80.00000000
v 33.00000000 73.50000000 81.00000000
v 32.50000000 75.00000000 68.00000000
v 33.00000000 75.00000000 67.50000000
v 33.00000000 74.50000000 68.00000000
v 33.00000000 74.50000000 76.00000000
v 33.00000000 75.00000000 76.50000000
v 32.50000000 76.00000000 68.00000000
v 33.00000000 76.00000000 67.50000000
v 32.50000000 76.00000000 71.00000000
v 33.00000000 75.50000000 71.00000000
v 33.00000000 76.00000000 70.50000000
v 32.50000000 76.00000000 72.00000000
v 33.00000000 75.50000000 72.00000000
v 33.00000000 75.50000000 73.00000000
v 33.00000000 75.50000000 74.00000000
v 32.50000000 76.00000000 75.00000000
v 33.00000000 75.50000000 75.00000000
v 32.50000000 76.00000000 76.00000000
v 33.00000000 75.50000000 76.00000000
v 32.50000000 77.00000000 59.00000000
v 33.00000000 77.00000000 58.50000000
v 33.00000000 76.50000000 59.00000000
v 33.00000000 77.00000000 59.50000000
v 32.50000000 77.00000000 67.00000000
v 33.00000000 77.00000000 66.50000000
v 33.00000000 76.50000000 67.00000000
v 32.50000000 77.00000000 70.00000000
v 33.00000000 76.50000000 70.00000000
v 33.00000000 77.00000000 69.50000000
v 32.50000000 77.00000000 71.00000000
v 32.50000000 77.00000000 72.00000000
v 32.50000000 77.00000000 76.00000000
v 32.50000000 78.00000000 58.00000000
v 33.00000000 78.00000000 57.50000000
v 33.00000000 77.50000000 58.00000000
v 32.50000000 78.00000000 59.00000000
v 33.00000000 77.50000000 60.00000000
v 32.50000000 78.00000000 60.00000000
v 33.00000000 77.50000000 61.00000000
v 32.50000000 78.00000000 61.00000000
v 33.00000000 77.50000000 62.00000000
v 32.50000000 78.00000000 62.00000000
v 33.00000000 77.50000000 63.00000000
v 32.50000000 78.00000000 63.00000000
v 33.00000000 77.50000000 64.00000000
v 33.00000000 77.50000000 65.00000000
v 33.00000000 77.50000000 66.00000000
v 32.50000000 78.00000000 69.00000000
v 33.00000000 77.50000000 69.00000000
v 33.00000000 78.00000000 68.50000000
v 32.50000000 78.00000000 70.00000000
v 32.50000000 78.00000000 71.00000000
v 32.50000000 78.00000000 72.00000000
v 32.50000000 78.00000000 74.00000000
v 33.00000000 79.00000000 57.50000000
v 32.50000000 79.00000000 69.00000000
v 33.00000000 79.00000000 68.50000000
v 32.50000000 79.00000000 70.00000000
v 33.00000000 80.00000000 57.50000000
v 33.00000000 79.50000000 69.00000000
v 33.00000000 79.50000000 70.00000000
v 33.00000000 79.50000000 71.00000000
v 32.50000000 80.00000000 71.00000000
v 33.00000000 79.50000000 72.00000000
v 33.00000000 79.50000000 73.00000000
v 32.50000000 80.00000000 73.00000000
v 33.00000000 79.50000000 74.00000000
v 32.50000000 80.00000000 74.00000000
v 33.00000000 80.00000000 74.50000000
v 32.50000000 80.00000000 76.00000000
v 33.00000000 80.00000000 75.50000000
v 33.00000000 79.50000000 76.00000000
v 33.00000000 80.00000000 76.50000000
v 33.00000000 81.00000000 57.50000000
v 32.50000000 81.00000000 71.00000000
v 32.50000000 81.00000000 72.00000000
v 32.50000000 81.00000000 73.00000000
v 32.50000000 81.00000000 74.00000000
v 33.00000000 80.50000000 75.00000000
v 32.50000000 81.00000000 75.00000000
v 32.50000000 81.00000000 76.00000000
v 33.00000000 80.50000000 77.00000000
v 32.50000000 81.00000000 77.00000000
v 33.00000000 80.50000000 78.00000000
v 32.50000000 81.00000000 78.00000000
v 33.00000000 81.00000000 78.50000000
v 33.00000000 81.50000000 58.00000000
v 33.00000000 81.50000000 59.00000000
v 33.00000000 82.00000000 59.50000000
v 32.50000000 82.00000000 70.00000000
v 32.50000000 82.00000000 71.00000000
v 32.50000000 82.00000000 72.00000000
v 32.50000000 82.00000000 73.00000000
v 32.50000000 82.00000000 74.00000000
v 32.50000000 82.00000000 75.00000000
v 32.50000000 82.00000000 76.00000000
v 32.50000000 82.00000000 77.00000000
v 32.50000000 82.00000000 78.00000000
v 33.00000000 82.00000000 78.50000000
v 33.00000000 82.50000000 60.00000000
v 32.50000000 83.00000000 60.00000000
v 33.00000000 83.00000000 60.50000000
v 32.50000000 83.00000000 70.00000000
v 32.50000000 83.00000000 71.00000000
v 32.50000000 83.00000000 72.00000000
v 32.50000000 83.00000000 73.00000000
v 32.50000000 83.00000000 74.00000000
v 32.50000000 83.00000000 75.00000000
v 32.50000000 83.00000000 76.00000000
v 32.50000000 83.00000000 77.00000000
v 32.50000000 83.00000000 78.00000000
v 33.00000000 82.50000000 79.00000000
v 32.50000000 83.00000000 79.00000000
v 33.00000000 83.00000000 79.50000000
v 33.00000000 83.50000000 61.00000000
v 33.00000000 84.00000000 61.50000000
v 32.50000000 84.00000000 69.00000000
v 32.50000000 84.00000000 70.00000000
v 32.50000000 84.00000000 71.00000000
v 32.50000000 84.00000000 72.00000000
v 32.50000000 84.00000000 73.00000000
v 32.50000000 84.00000000 74.00000000
v 32.50000000 84.00000000 75.00000000
v 32.50000000 84.00000000 76.00000000
v 33.00000000 84.00000000 76.50000000
v 33.00000000 83.50000000 77.00000000
v 32.50000000 84.00000000 78.00000000
v 33.00000000 84.00000000 77.50000000
v 33.00000000 84.00000000 78.50000000
v 33.00000000 83.50000000 79.00000000
v 33.00000000 84.50000000 62.00000000
v 33.00000000 84.50000000 63.00000000
v 32.50000000 85.00000000 64.00000000
v 33.00000000 85.00000000 63.50000000
v 32.50000000 85.00000000 65.00000000
v 32.50000000 85.00000000 66.00000000
v 32.50000000 85.00000000 67.00000000
v 32.50000000 85.00000000 68.00000000
v 32.50000000 85.00000000 69.00000000
v 32.50000000 85.00000000 70.00000000
v 33.00000000 85.00000000 70.50000000
v 33.00000000 84.50000000 71.00000000
v 33.00000000 84.50000000 72.00000000
v 33.00000000 84.50000000 73.00000000
v 33.00000000 84.50000000 74.00000000
v 33.00000000 84.50000000 75.00000000
v 33.00000000 84.50000000 76.00000000
v 33.00000000 84.50000000 78.00000000
v 33.00000000 85.50000000 64.00000000
v 33.00000000 85.50000000 65.00000000
v 33.00000000 85.50000000 66.00000000
v 33.00000000 85.50000000 67.00000000
v 33.00000000 85.50000000 68.00000000
v 33.00000000 85.50000000 69.00000000
v 33.00000000 85.50000000 70.00000000
v 33.50000000 66.00000000 76.00000000
v 34.00000000 66.00000000 75.50000000
v 34.00000000 65.50000000 76.00000000
v 34.00000000 65.50000000 77.00000000
v 33.50000000 66.00000000 77.00000000
v 34.00000000 65.50000000 78.00000000
v 33.50000000 66.00000000 78.00000000
v 34.00000000 65.50000000 79.00000000
v 33.50000000 66.00000000 79.00000000
v 34.00000000 66.00000000 79.50000000
v 33.50000000 67.00000000 72.00000000
v 34.00000000 67.00000000 71.50000000
v 34.00000000 66.50000000 72.00000000
v 34.00000000 66.50000000 73.00000000
v 33.50000000 67.00000000 73.00000000
v 34.00000000 66.50000000 74.00000000
v 34.00000000 66.50000000 75.00000000
v 34.00000000 66.50000000 80.00000000
v 33.50000000 67.00000000 80.00000000
v 34.00000000 67.00000000 80.50000000
v 33.50000000 68.00000000 71.00000000
v 34.00000000 68.00000000 70.50000000
v 34.00000000 67.50000000 71.00000000
v 33.50000000 68.00000000 72.00000000
v 33.50000000 68.00000000 80.00000000
v 34.00000000 68.00000000 80.50000000
v 34.00000000 68.50000000 71.00000000
v 34.00000000 68.50000000 72.00000000
v 33.50000000 69.00000000 73.00000000
v 34.00000000 69.00000000 72.50000000
v 34.00000000 68.50000000 81.00000000
v 33.50000000 69.00000000 81.00000000
v 34.00000000 69.00000000 81.50000000
v 34.00000000 69.50000000 73.00000000
v 33.50000000 70.00000000 74.00000000
v 34.00000000 70.00000000 73.50000000
v 34.00000000 69.50000000 82.00000000
v 33.50000000 70.00000000 82.00000000
v 34.00000000 69.50000000 83.00000000
v 33.50000000 70.00000000 83.00000000
v 34.00000000 69.50000000 84.00000000
v 33.50000000 70.00000000 84.00000000
v 34.00000000 69.50000000 85.00000000
v 33.50000000 70.00000000 85.00000000
v 34.00000000 69.50000000 86.00000000
v 33.50000000 70.00000000 86.00000000
v 34.00000000 70.00000000 86.50000000
v 34.00000000 70.50000000 74.00000000
v 34.00000000 70.50000000 75.00000000
v 34.00000000 71.00000000 75.50000000
v 33.50000000 71.00000000 84.00000000
v 33.50000000 71.00000000 85.00000000
v 34.00000000 71.00000000 85.50000000
v 34.00000000 70.50000000 86.00000000
v 33.50000000 72.00000000 69.00000000
v 34.00000000 72.00000000 68.50000000
v 34.00000000 71.50000000 69.00000000
v 34.00000000 71.50000000 70.00000000
v 33.50000000 72.00000000 70.00000000
v 34.00000000 72.00000000 70.50000000
v 34.00000000 71.50000000 76.00000000
v 33.50000000 72.00000000 77.00000000
v 34.00000000 72.00000000 76.50000000
v 33.50000000 72.00000000 83.00000000
v 33.50000000 72.00000000 84.00000000
v 34.00000000 72.00000000 84.50000000
v 34.00000000 71.50000000 85.00000000
v 33.50000000 73.00000000 68.00000000
v 34.00000000 73.00000000 67.50000000
v 34.00000000 72.50000000 68.00000000
v 33.50000000 73.00000000 69.00000000
v 34.00000000 72.50000000 71.00000000
v 34.00000000 72.50000000 72.00000000
v 34.00000000 72.50000000 73.00000000
v 33.50000000 73.00000000 73.00000000
v 34.00000000 73.00000000 73.50000000
v 34.00000000 72.50000000 77.00000000
v 34.00000000 72.50000000 78.00000000
v 33.50000000 73.00000000 79.00000000
v 34.00000000 73.00000000 78.50000000
v 33.50000000 73.00000000 82.00000000
v 34.00000000 73.00000000 82.50000000
v 34.00000000 72.50000000 83.00000000
v 34.00000000 72.50000000 84.00000000
v 33.50000000 74.00000000 68.00000000
v 34.00000000 74.00000000 67.50000000
v 34.00000000 73.50000000 74.00000000
v 34.00000000 73.50000000 75.00000000
v 34.00000000 74.00000000 75.50000000
v 34.00000000 73.50000000 79.00000000
v 34.00000000 73.50000000 80.00000000
v 34.00000000 73.50000000 81.00000000
v 34.00000000 73.50000000 82.00000000
v 34.00000000 75.00000000 67.50000000
v 33.50000000 75.00000000 72.00000000
v 34.00000000 74.50000000 72.00000000
v 34.00000000 75.00000000 71.50000000
v 33.50000000 75.00000000 73.00000000
v 34.00000000 74.50000000 73.00000000
v 34.00000000 75.00000000 73.50000000
v 34.00000000 74.50000000 76.00000000
v 34.00000000 74.50000000 77.00000000
v 33.50000000 75.00000000 77.00000000
v 34.00000000 75.00000000 77.50000000
v 33.50000000 76.00000000 59.00000000
v 34.00000000 76.00000000 58.50000000
v 34.00000000 75.50000000 59.00000000
v 34.00000000 75.50000000 60.00000000
v 33.50000000 76.00000000 60.00000000
v 34.00000000 76.00000000 60.50000000
v 34.00000000 76.00000000 67.50000000
v 33.50000000 76.00000000 70.00000000
v 34.00000000 75.50000000 70.00000000
v 34.00000000 76.00000000 69.50000000
v 34.00000000 75.50000000 71.00000000
v 34.00000000 75.50000000 74.00000000
v 34.00000000 75.50000000 75.00000000
v 34.00000000 75.50000000 76.00000000
v 34.00000000 75.50000000 77.00000000
v 33.50000000 77.00000000 58.00000000
v 34.00000000 77.00000000 57.50000000
v 34.00000000 76.50000000 58.00000000
v 33.50000000 77.00000000 60.00000000
v 34.00000000 76.50000000 61.00000000
v 33.50000000 77.00000000 61.00000000
v 34.00000000 76.50000000 62.00000000
v 33.50000000 77.00000000 62.00000000
v 34.00000000 76.50000000 63.00000000
v 33.50000000 77.00000000 63.00000000
v 34.00000000 77.00000000 63.50000000
v 33.50000000 77.00000000 65.00000000
v 34.00000000 77.00000000 64.50000000
v 34.00000000 76.50000000 65.00000000
v 34.00000000 76.50000000 66.00000000
v 33.50000000 77.00000000 66.00000000
v 34.00000000 76.50000000 67.00000000
v 33.50000000 77.00000000 69.00000000
v 34.00000000 76.50000000 69.00000000
v 34.00000000 77.00000000 68.50000000
v 33.50000000 78.00000000 57.00000000
v 34.00000000 78.00000000 56.50000000
v 34.00000000 77.50000000 57.00000000
v 34.00000000 77.50000000 64.00000000
v 33.50000000 78.00000000 68.00000000
v 34.00000000 77.50000000 68.00000000
v 34.00000000 78.00000000 67.50000000
v 33.50000000 79.00000000 57.00000000
v 34.00000000 79.00000000 56.50000000
v 33.50000000 79.00000000 68.00000000
v 34.00000000 79.00000000 67.50000000
v 34.00000000 79.50000000 57.00000000
v 34.00000000 80.00000000 57.50000000
v 33.50000000 80.00000000 68.00000000
v 34.00000000 80.00000000 67.50000000
v 33.50000000 80.00000000 69.00000000
v 33.50000000 80.00000000 70.00000000
v 33.50000000 80.00000000 71.00000000
v 33.50000000 80.00000000 72.00000000
v 33.50000000 80.00000000 73.00000000
v 33.50000000 80.00000000 74.00000000
v 33.50000000 80.00000000 76.00000000
v 34.00000000 80.50000000 58.00000000
v 33.50000000 81.00000000 58.00000000
v 34.00000000 81.00000000 58.50000000
v 34.00000000 80.50000000 68.00000000
v 34.00000000 81.00000000 68.50000000
v 33.50000000 81.00000000 69.00000000
v 33.50000000 81.00000000 70.00000000
v 33.50000000 81.00000000 71.00000000
v 33.50000000 81.00000000 72.00000000
v 33.50000000 81.00000000 73.00000000
v 33.50000000 81.00000000 74.00000000
v 33.50000000 81.00000000 75.00000000
v 33.50000000 81.00000000 76.00000000
v 33.50000000 81.00000000 77.00000000
v 33.50000000 81.00000000 78.00000000
v 34.00000000 81.50000000 59.00000000
v 34.00000000 82.00000000 59.50000000
v 34.00000000 81.50000000 69.00000000
v 34.00000000 81.50000000 70.00000000
v 34.00000000 81.50000000 71.00000000
v 34.00000000 81.50000000 72.00000000
v 34.00000000 82.00000000 72.50000000
v 33.50000000 82.00000000 73.00000000
v 33.50000000 82.00000000 74.00000000
v 33.50000000 82.00000000 75.00000000
v 33.50000000 82.00000000 76.00000000
v 34.00000000 82.00000000 76.50000000
v 34.00000000 81.50000000 77.00000000
v 34.00000000 81.50000000 78.00000000
v 34.00000000 81.50000000 79.00000000
v 33.50000000 82.00000000 79.00000000
v 34.00000000 82.00000000 79.50000000
v 34.00000000 82.50000000 60.00000000
v 34.00000000 83.00000000 60.50000000
v 34.00000000 82.50000000 73.00000000
v 34.00000000 83.00000000 73.50000000
v 33.50000000 83.00000000 74.00000000
v 33.50000000 83.00000000 75.00000000
v 34.00000000 83.00000000 75.50000000
v 34.00000000 82.50000000 76.00000000
v 34.00000000 82.50000000 80.00000000
v 33.50000000 83.00000000 80.00000000
v 34.00000000 83.00000000 80.50000000
v 34.00000000 83.50000000 61.00000000
v 34.00000000 84.00000000 61.50000000
v 34.00000000 83.50000000 74.00000000
v 34.00000000 83.50000000 75.00000000
v 33.50000000 84.00000000 77.00000000
v 33.50000000 84.00000000 79.00000000
v 33.50000000 84.00000000 80.00000000
v 34.00000000 84.00000000 80.50000000
v 34.00000000 84.50000000 62.00000000
v 34.00000000 84.50000000 63.00000000
v 34.00000000 85.00000000 63.50000000
v 33.50000000 85.00000000 71.00000000
v 33.50000000 85.00000000 72.00000000
v 33.50000000 85.00000000 73.00000000
v 33.50000000 85.00000000 74.00000000
v 33.50000000 85.00000000 75.00000000
v 33.50000000 85.00000000 76.00000000
v 33.50000000 85.00000000 77.00000000
v 33.50000000 85.00000000 78.00000000
v 33.50000000 85.00000000 79.00000000
v 33.50000000 85.00000000 80.00000000
v 34.00000000 85.00000000 80.50000000
v 34.00000000 85.50000000 64.00000000
v 34.00000000 85.50000000 65.00000000
v 34.00000000 85.50000000 66.00000000
v 34.00000000 85.50000000 67.00000000
v 33.50000000 86.00000000 68.00000000
v 34.00000000 86.00000000 67.50000000
v 33.50000000 86.00000000 69.00000000
v 33.50000000 86.00000000 70.00000000
v 33.50000000 86.00000000 71.00000000
v 33.50000000 86.00000000 72.00000000
v 33.50000000 86.00000000 73.00000000
v 33.50000000 86.00000000 74.00000000
v 33.50000000 86.00000000 75.00000000
v 33.50000000 86.00000000 76.00000000
v 33.50000000 86.00000000 77.00000000
v 33.50000000 86.00000000 78.00000000
v 33.50000000 86.00000000 79.00000000
v 34.00000000 86.00000000 79.50000000
v 34.00000000 85.50000000 80.00000000
v 34.00000000 86.50000000 68.00000000
v 34.00000000 86.50000000 69.00000000
v 34.00000000 86.50000000 70.00000000
v 34.00000000 86.50000000 71.00000000
v 34.00000000 86.50000000 72.00000000
v 34.00000000 86.50000000 73.00000000
v 34.00000000 86.50000000 74.00000000
v 34.00000000 86.50000000 75.00000000
v 34.00000000 86.50000000 76.00000000
v 34.00000000 86.50000000 77.00000000
v 34.00000000 86.50000000 78.00000000
v 34.00000000 86.50000000 79.00000000
v 34.50000000 66.00000000 75.00000000
v 35.00000000 66.00000000 74.50000000
v 35.00000000 65.50000000 75.00000000
v 35.00000000 65.50000000 76.00000000
v 35.00000000 65.50000000 77.00000000
v 35.00000000 65.50000000 78.00000000
v 35.00000000 65.50000000 79.00000000
v 35.00000000 65.50000000 80.00000000
v 34.50000000 66.00000000 80.00000000
v 35.00000000 66.00000000 80.50000000
v 34.50000000 67.00000000 70.00000000
v 35.00000000 67.00000000 69.50000000
v 35.00000000 66.50000000 70.00000000
v 35.00000000 66.50000000 71.00000000
v 34.50000000 67.00000000 71.00000000
v 35.00000000 66.50000000 72.00000000
v 35.00000000 66.50000000 73.00000000
v 35.00000000 66.50000000 74.00000000
v 35.00000000 67.00000000 80.50000000
v 34.50000000 68.00000000 67.00000000
v 35.00000000 68.00000000 66.50000000
v 35.00000000 67.50000000 67.00000000
v 35.00000000 67.50000000 68.00000000
v 34.50000000 68.00000000 68.00000000
v 35.00000000 67.50000000 69.00000000
v 34.50000000 68.00000000 69.00000000
v 34.50000000 68.00000000 70.00000000
v 35.00000000 68.00000000 80.50000000
v 34.50000000 68.00000000 87.00000000
v 35.00000000 68.00000000 86.50000000
v 35.00000000 67.50000000 87.00000000
v 35.00000000 67.50000000 88.00000000
v 34.50000000 68.00000000 88.00000000
v 35.00000000 67.50000000 89.00000000
v 34.50000000 68.00000000 89.00000000
v 35.00000000 68.00000000 89.50000000
v 34.50000000 69.00000000 66.00000000
v 35.00000000 69.00000000 65.50000000
v 35.00000000 68.50000000 66.00000000
v 34.50000000 69.00000000 67.00000000
v 34.50000000 69.00000000 68.00000000
v 34.50000000 69.00000000 69.00000000
v 34.50000000 69.00000000 70.00000000
v 34.50000000 69.00000000 71.00000000
v 34.50000000 69.00000000 72.00000000
v 35.00000000 68.50000000 81.00000000
v 35.00000000 68.50000000 82.00000000
v 34.50000000 69.00000000 82.00000000
v 35.00000000 68.50000000 83.00000000
v 34.50000000 69.00000000 83.00000000
v 35.00000000 68.50000000 84.00000000
v 34.50000000 69.00000000 84.00000000
v 35.00000000 68.50000000 85.00000000
v 34.50000000 69.00000000 85.00000000
v 35.00000000 68.50000000 86.00000000
v 34.50000000 69.00000000 86.00000000
v 34.50000000 69.00000000 87.00000000
v 34.50000000 69.00000000 88.00000000
v 35.00000000 69.00000000 88.50000000
v 35.00000000 68.50000000 89.00000000
v 34.50000000 70.00000000 66.00000000
v 35.00000000 70.00000000 65.50000000
v 34.50000000 70.00000000 67.00000000
v 34.50000000 70.00000000 68.00000000
v 34.50000000 70.00000000 69.00000000
v 35.00000000 70.00000000 69.50000000
v 35.00000000 69.50000000 70.00000000
v 35.00000000 69.50000000 71.00000000
v 35.00000000 69.50000000 72.00000000
v 34.50000000 70.00000000 73.00000000
v 35.00000000 70.00000000 72.50000000
v 34.50000000 70.00000000 87.00000000
v 35.00000000 70.00000000 87.50000000
v 35.00000000 69.50000000 88.00000000
v 35.00000000 70.50000000 66.00000000
v 34.50000000 71.00000000 67.00000000
v 35.00000000 71.00000000 66.50000000
v 34.50000000 71.00000000 68.00000000
v 34.50000000 71.00000000 69.00000000
v 35.00000000 70.50000000 70.00000000
v 34.50000000 71.00000000 70.00000000
v 35.00000000 71.00000000 70.50000000
v 35.00000000 70.50000000 73.00000000
v 35.00000000 70.50000000 74.00000000
v 34.50000000 71.00000000 75.00000000
v 35.00000000 71.00000000 74.50000000
v 34.50000000 71.00000000 86.00000000
v 35.00000000 71.00000000 86.50000000
v 35.00000000 70.50000000 87.00000000
v 34.50000000 72.00000000 67.00000000
v 35.00000000 72.00000000 66.50000000
v 34.50000000 72.00000000 68.00000000
v 35.00000000 71.50000000 71.00000000
v 34.50000000 72.00000000 71.00000000
v 35.00000000 71.50000000 72.00000000
v 34.50000000 72.00000000 72.00000000
v 35.00000000 72.00000000 72.50000000
v 35.00000000 71.50000000 75.00000000
v 35.00000000 71.50000000 76.00000000
v 35.00000000 72.00000000 76.50000000
v 35.00000000 71.50000000 85.00000000
v 35.00000000 72.00000000 84.50000000
v 35.00000000 71.50000000 86.00000000
v 35.00000000 72.50000000 67.00000000
v 35.00000000 73.00000000 67.50000000
v 35.00000000 72.50000000 73.00000000
v 35.00000000 73.00000000 73.50000000
v 35.00000000 72.50000000 77.00000000
v 35.00000000 72.50000000 78.00000000
v 34.50000000 73.00000000 79.00000000
v 35.00000000 72.50000000 79.00000000
v 34.50000000 73.00000000 80.00000000
v 35.00000000 72.50000000 80.00000000
v 34.50000000 73.00000000 81.00000000
v 35.00000000 72.50000000 81.00000000
v 34.50000000 73.00000000 82.00000000
v 35.00000000 72.50000000 82.00000000
v 35.00000000 72.50000000 83.00000000
v 35.00000000 72.50000000 84.00000000
v 35.00000000 74.00000000 67.50000000
v 35.00000000 73.50000000 74.00000000
v 34.50000000 74.00000000 75.00000000
v 35.00000000 74.00000000 74.50000000
v 34.50000000 75.00000000 60.00000000
v 35.00000000 75.00000000 59.50000000
v 35.00000000 74.50000000 60.00000000
v 35.00000000 74.50000000 61.00000000
v 34.50000000 75.00000000 61.00000000
v 35.00000000 75.00000000 61.50000000
v 35.00000000 75.00000000 67.50000000
v 34.50000000 75.00000000 70.00000000
v 35.00000000 74.50000000 70.00000000
v 35.00000000 75.00000000 69.50000000
v 34.50000000 75.00000000 71.00000000
v 35.00000000 74.50000000 71.00000000
v 35.00000000 74.50000000 72.00000000
v 35.00000000 74.50000000 73.00000000
v 34.50000000 75.00000000 74.00000000
v 35.00000000 74.50000000 74.00000000
v 34.50000000 75.00000000 75.00000000
v 34.50000000 75.00000000 76.00000000
v 34.50000000 75.00000000 77.00000000
v 34.50000000 76.00000000 58.00000000
v 35.00000000 76.00000000 57.50000000
v 35.00000000 75.50000000 58.00000000
v 35.00000000 75.50000000 59.00000000
v 34.50000000 76.00000000 61.00000000
v 35.00000000 75.50000000 62.00000000
v 34.50000000 76.00000000 62.00000000
v 35.00000000 75.50000000 63.00000000
v 34.50000000 76.00000000 63.00000000
v 35.00000000 76.00000000 63.50000000
v 35.00000000 76.00000000 67.50000000
v 34.50000000 76.00000000 69.00000000
v 35.00000000 75.50000000 69.00000000
v 35.00000000 76.00000000 68.50000000
v 34.50000000 77.00000000 57.00000000
v 35.00000000 77.00000000 56.50000000
v 35.00000000 76.50000000 57.00000000
v 35.00000000 76.50000000 64.00000000
v 34.50000000 77.00000000 64.00000000
v 35.00000000 76.50000000 65.00000000
v 35.00000000 76.50000000 66.00000000
v 35.00000000 76.50000000 67.00000000
v 34.50000000 76.50000000 67.50000000
v 35.00000000 76.50000000 68.00000000
v 34.50000000 77.00000000 68.00000000
v 35.00000000 77.00000000 67.50000000
v 35.00000000 78.00000000 56.50000000
v 34.50000000 78.00000000 67.00000000
v 35.00000000 77.50000000 67.00000000
v 35.00000000 78.00000000 66.50000000
v 35.00000000 78.50000000 57.00000000
v 34.50000000 79.00000000 57.00000000
v 35.00000000 79.00000000 57.50000000
v 34.50000000 79.00000000 67.00000000
v 35.00000000 79.00000000 66.50000000
v 34.50000000 80.00000000 58.00000000
v 35.00000000 79.50000000 58.00000000
v 35.00000000 80.00000000 58.50000000
v 34.50000000 80.00000000 67.00000000
v 35.00000000 80.00000000 66.50000000
v 35.00000000 81.00000000 58.50000000
v 35.00000000 80.50000000 67.00000000
v 34.50000000 81.00000000 68.00000000
v 35.00000000 81.00000000 67.50000000
v 35.00000000 81.50000000 59.00000000
v 35.00000000 82.00000000 59.50000000
v 35.00000000 81.50000000 68.00000000
v 34.50000000 82.00000000 69.00000000
v 35.00000000 82.00000000 68.50000000
v 34.50000000 82.00000000 70.00000000
v 34.50000000 82.00000000 71.00000000
v 34.50000000 82.00000000 72.00000000
v 34.50000000 82.00000000 77.00000000
v 34.50000000 82.00000000 78.00000000
v 34.50000000 82.00000000 79.00000000
v 35.00000000 82.50000000 60.00000000
v 35.00000000 83.00000000 60.50000000
v 35.00000000 82.50000000 69.00000000
v 35.00000000 82.50000000 70.00000000
v 35.00000000 82.50000000 71.00000000
v 35.00000000 83.00000000 71.50000000
v 34.50000000 83.00000000 72.00000000
v 34.50000000 83.00000000 73.00000000
v 34.50000000 83.00000000 76.00000000
v 34.50000000 83.00000000 77.00000000
v 34.50000000 83.00000000 78.00000000
v 34.50000000 83.00000000 79.00000000
v 34.50000000 83.00000000 80.00000000
v 35.00000000 83.50000000 61.00000000
v 35.00000000 84.00000000 61.50000000
v 35.00000000 83.50000000 72.00000000
v 35.00000000 84.00000000 72.50000000
v 34.50000000 84.00000000 73.00000000
v 34.50000000 84.00000000 74.00000000
v 34.50000000 84.00000000 75.00000000
v 34.50000000 84.00000000 76.00000000
v 34.50000000 84.00000000 77.00000000
v 34.50000000 84.00000000 78.00000000
v 35.00000000 84.00000000 78.50000000
v 35.00000000 83.50000000 79.00000000
v 35.00000000 84.00000000 79.50000000
v 34.50000000 84.00000000 80.00000000
v 35.00000000 84.50000000 62.00000000
v 35.00000000 84.50000000 63.00000000
v 35.00000000 85.00000000 63.50000000
v 35.00000000 84.50000000 73.00000000
v 35.00000000 84.50000000 74.00000000
v 35.00000000 85.00000000 74.50000000
v 34.50000000 85.00000000 75.00000000
v 34.50000000 85.00000000 76.00000000
v 34.50000000 85.00000000 77.00000000
v 35.00000000 85.00000000 77.50000000
v 35.00000000 84.50000000 78.00000000
v 35.00000000 84.50000000 80.00000000
v 35.00000000 84.50000000 81.00000000
v 34.50000000 85.00000000 81.00000000
v 35.00000000 85.00000000 81.50000000
v 35.00000000 85.50000000 64.00000000
v 35.00000000 85.50000000 65.00000000
v 35.00000000 85.50000000 66.00000000
v 34.50000000 86.00000000 67.00000000
v 35.00000000 86.00000000 66.50000000
v 35.00000000 85.50000000 75.00000000
v 35.00000000 85.50000000 76.00000000
v 35.00000000 85.50000000 77.00000000
v 34.50000000 86.00000000 80.00000000
v 34.50000000 86.00000000 81.00000000
v 35.00000000 86.00000000 81.50000000
v 35.00000000 86.50000000 67.00000000
v 35.00000000 86.50000000 68.00000000
v 34.50000000 87.00000000 69.00000000
v 35.00000000 87.00000000 68.50000000
v 34.50000000 87.00000000 70.00000000
v 34.50000000 87.00000000 71.00000000
v 34.50000000 87.00000000 72.00000000
v 34.50000000 87.00000000 73.00000000
v 34.50000000 87.00000000 74.00000000
v 34.50000000 87.00000000 75.00000000
v 34.50000000 87.00000000 76.00000000
v 34.50000000 87.00000000 77.00000000
v 34.50000000 87.00000000 78.00000000
v 34.50000000 87.00000000 79.00000000
v 34.50000000 87.00000000 80.00000000
v 34.50000000 87.00000000 81.00000000
v 35.00000000 87.00000000 81.50000000
v 35.00000000 87.50000000 69.00000000
v 35.00000000 87.50000000 70.00000000
v 35.00000000 87.50000000 71.00000000
v 35.00000000 87.50000000 72.00000000
v 35.00000000 87.50000000 73.00000000
v 35.00000000 87.50000000 74.00000000
v 35.00000000 87.50000000 75.00000000
v 35.00000000 87.50000000 76.00000000
v 35.00000000 87.50000000 77.00000000
v 35.00000000 87.50000000 78.00000000
v 35.00000000 87.50000000 79.00000000
v 35.00000000 87.50000000 80.00000000
v 35.00000000 87.50000000 81.00000000
v 35.50000000 65.00000000 78.00000000
v 36.00000000 65.00000000 77.50000000
v 36.00000000 64.50000000 78.00000000
v 36.00000000 64.50000000 79.00000000
v 35.50000000 65.00000000 79.00000000
v 36.00000000 64.50000000 80.00000000
v 35.50000000 65.00000000 80.00000000
v 36.00000000 64.50000000 81.00000000
v 35.50000000 65.00000000 81.00000000
v 36.00000000 65.00000000 81.50000000
v 35.50000000 66.00000000 73.00000000
v 36.00000000 66.00000000 72.50000000
v 36.00000000 65.50000000 73.00000000
v 36.00000000 65.50000000 74.00000000
v 35.50000000 66.00000000 74.00000000
v 36.00000000 65.50000000 75.00000000
v 36.00000000 65.50000000 76.00000000
v 36.00000000 65.50000000 77.00000000
v 35.50000000 66.00000000 81.00000000
v 36.00000000 66.00000000 81.50000000
v 35.50000000 67.00000000 67.00000000
v 36.00000000 67.00000000 66.50000000
v 36.00000000 66.50000000 67.00000000
v 36.00000000 66.50000000 68.00000000
v 35.50000000 67.00000000 68.00000000
v 36.00000000 66.50000000 69.00000000
v 35.50000000 67.00000000 69.00000000
v 36.00000000 66.50000000 70.00000000
v 36.00000000 66.50000000 71.00000000
v 36.00000000 66.50000000 72.00000000
v 35.50000000 67.00000000 81.00000000
v 36.00000000 67.00000000 81.50000000
v 35.50000000 67.00000000 88.00000000
v 36.00000000 67.00000000 87.50000000
v 36.00000000 66.50000000 88.00000000
v 36.00000000 66.50000000 89.00000000
v 35.50000000 67.00000000 89.00000000
v 36.00000000 66.50000000 90.00000000
v 35.50000000 67.00000000 90.00000000
v 36.00000000 66.50000000 91.00000000
v 35.50000000 67.00000000 91.00000000
v 36.00000000 67.00000000 91.50000000
v 35.50000000 68.00000000 66.00000000
v 36.00000000 68.00000000 65.50000000
v 36.00000000 67.50000000 66.00000000
v 35.50000000 68.00000000 81.00000000
v 36.00000000 68.00000000 81.50000000
v 35.50000000 68.00000000 86.00000000
v 36.00000000 68.00000000 85.50000000
v 36.00000000 67.50000000 86.00000000
v 36.00000000 67.50000000 87.00000000
v 35.50000000 68.00000000 90.00000000
v 35.50000000 68.00000000 91.00000000
v 36.00000000 67.50000000 92.00000000
v 35.50000000 68.00000000 92.00000000
v 36.00000000 68.00000000 92.50000000
v 36.00000000 69.00000000 65.50000000
v 36.00000000 68.50000000 82.00000000
v 36.00000000 68.50000000 83.00000000
v 36.00000000 68.50000000 84.00000000
v 36.00000000 68.50000000 85.00000000
v 35.50000000 69.00000000 89.00000000
v 35.50000000 69.00000000 90.00000000
v 35.50000000 69.00000000 91.00000000
v 36.00000000 69.00000000 91.50000000
v 36.00000000 68.50000000 92.00000000
v 36.00000000 70.00000000 65.50000000
v 35.50000000 70.00000000 70.00000000
v 35.50000000 70.00000000 71.00000000
v 35.50000000 70.00000000 72.00000000
v 35.50000000 70.00000000 88.00000000
v 35.50000000 70.00000000 89.00000000
v 36.00000000 70.00000000 89.50000000
v 36.00000000 69.50000000 90.00000000
v 36.00000000 69.50000000 91.00000000
v 35.50000000 71.00000000 66.00000000
v 36.00000000 71.00000000 65.50000000
v 35.50000000 71.00000000 71.00000000
v 35.50000000 71.00000000 72.00000000
v 35.50000000 71.00000000 73.00000000
v 35.50000000 71.00000000 74.00000000
v 36.00000000 70.50000000 87.00000000
v 36.00000000 71.00000000 86.50000000
v 36.00000000 70.50000000 88.00000000
v 36.00000000 70.50000000 89.00000000
v 36.00000000 71.50000000 66.00000000
v 36.00000000 72.00000000 66.50000000
v 35.50000000 72.00000000 73.00000000
v 36.00000000 72.00000000 73.50000000
v 36.00000000 71.50000000 74.00000000
v 36.00000000 71.50000000 75.00000000
v 36.00000000 71.50000000 76.00000000
v 36.00000000 72.00000000 76.50000000
v 36.00000000 71.50000000 85.00000000
v 36.00000000 72.00000000 84.50000000
v 36.00000000 71.50000000 86.00000000
v 35.50000000 73.00000000 67.00000000
v 36.00000000 73.00000000 66.50000000
v 36.00000000 73.00000000 73.50000000
v 36.00000000 72.50000000 77.00000000
v 36.00000000 72.50000000 78.00000000
v 35.50000000 73.00000000 79.00000000
v 36.00000000 73.00000000 78.50000000
v 35.50000000 73.00000000 80.00000000
v 36.00000000 73.00000000 80.50000000
v 36.00000000 72.50000000 81.00000000
v 36.00000000 72.50000000 82.00000000
v 36.00000000 72.50000000 83.00000000
v 36.00000000 72.50000000 84.00000000
v 35.50000000 74.00000000 67.00000000
v 36.00000000 74.00000000 66.50000000
v 35.50000000 74.00000000 71.00000000
v 36.00000000 73.50000000 71.00000000
v 36.00000000 74.00000000 70.50000000
v 36.00000000 74.00000000 71.50000000
v 36.00000000 73.50000000 74.00000000
v 36.00000000 74.00000000 74.50000000
v 36.00000000 73.50000000 79.00000000
v 36.00000000 73.50000000 80.00000000
v 35.50000000 75.00000000 59.00000000
v 36.00000000 75.00000000 58.50000000
v 36.00000000 74.50000000 59.00000000
v 36.00000000 74.50000000 60.00000000
v 36.00000000 74.50000000 61.00000000
v 36.00000000 74.50000000 62.00000000
v 35.50000000 75.00000000 62.00000000
v 36.00000000 74.50000000 63.00000000
v 35.50000000 75.00000000 63.00000000
v 36.00000000 75.00000000 63.50000000
v 36.00000000 74.50000000 67.00000000
v 36.00000000 74.50000000 68.00000000
v 35.50000000 75.00000000 68.00000000
v 35.50000000 75.00000000 69.00000000
v 36.00000000 74.50000000 69.00000000
v 36.00000000 74.50000000 70.00000000
v 36.00000000 74.50000000 72.00000000
v 36.00000000 74.50000000 73.00000000
v 36.00000000 74.50000000 74.00000000
v 35.50000000 76.00000000 57.00000000
v 36.00000000 76.00000000 56.50000000
v 36.00000000 75.50000000 57.00000000
v 36.00000000 75.50000000 58.00000000
v 36.00000000 75.50000000 64.00000000
v 35.50000000 76.00000000 64.00000000
v 36.00000000 75.50000000 65.00000000
v 35.50000000 76.00000000 65.00000000
v 36.00000000 76.00000000 65.50000000
v 35.50000000 76.00000000 68.00000000
v 35.50000000 77.00000000 56.00000000
v 36.00000000 77.00000000 55.50000000
v 36.00000000 76.50000000 56.00000000
v 36.00000000 76.50000000 66.00000000
v 35.50000000 77.00000000 67.00000000
v 36.00000000 77.00000000 66.50000000
v 36.00000000 77.50000000 56.00000000
v 36.00000000 78.00000000 56.50000000
v 35.50000000 78.00000000 66.00000000
v 36.00000000 77.50000000 66.00000000
v 36.00000000 78.00000000 65.50000000
v 36.00000000 78.50000000 57.00000000
v 36.00000000 79.00000000 57.50000000
v 35.50000000 79.00000000 66.00000000
v 36.00000000 79.00000000 65.50000000
v 36.00000000 79.50000000 58.00000000
v 36.00000000 80.00000000 58.50000000
v 35.50000000 80.00000000 66.00000000
v 36.00000000 80.00000000 65.50000000
v 36.00000000 80.50000000 59.00000000
v 35.50000000 81.00000000 59.00000000
v 36.00000000 81.00000000 59.50000000
v 36.00000000 80.50000000 66.00000000
v 35.50000000 81.00000000 67.00000000
v 36.00000000 81.00000000 66.50000000
v 35.50000000 82.00000000 60.00000000
v 36.00000000 81.50000000 60.00000000
v 36.00000000 82.00000000 60.50000000
v 36.00000000 81.50000000 67.00000000
v 35.50000000 82.00000000 68.00000000
v 36.00000000 82.00000000 67.50000000
v 35.50000000 83.00000000 61.00000000
v 36.00000000 82.50000000 61.00000000
v 36.00000000 83.00000000 61.50000000
v 36.00000000 82.50000000 68.00000000
v 36.00000000 82.50000000 69.00000000
v 35.50000000 83.00000000 70.00000000
v 36.00000000 83.00000000 69.50000000
v 35.50000000 83.00000000 71.00000000
v 35.50000000 84.00000000 62.00000000
v 36.00000000 83.50000000 62.00000000
v 36.00000000 84.00000000 62.50000000
v 36.00000000 83.50000000 70.00000000
v 36.00000000 83.50000000 71.00000000
v 35.50000000 84.00000000 72.00000000
v 36.00000000 84.00000000 71.50000000
v 35.50000000 84.00000000 79.00000000
v 36.00000000 84.50000000 63.00000000
v 35.50000000 85.00000000 64.00000000
v 36.00000000 84.50000000 64.00000000
v 36.00000000 85.00000000 64.50000000
v 36.00000000 84.50000000 72.00000000
v 35.50000000 85.00000000 73.00000000
v 36.00000000 85.00000000 72.50000000
v 35.50000000 85.00000000 74.00000000
v 35.50000000 85.00000000 78.00000000
v 35.50000000 85.00000000 79.00000000
v 35.50000000 85.00000000 80.00000000
v 35.50000000 85.00000000 81.00000000
v 36.00000000 85.50000000 65.00000000
v 36.00000000 85.50000000 66.00000000
v 36.00000000 86.00000000 66.50000000
v 36.00000000 85.50000000 73.00000000
v 36.00000000 85.50000000 74.00000000
v 36.00000000 85.50000000 75.00000000
v 35.50000000 86.00000000 76.00000000
v 36.00000000 86.00000000 75.50000000
v 35.50000000 86.00000000 77.00000000
v 35.50000000 86.00000000 78.00000000
v 35.50000000 86.00000000 79.00000000
v 35.50000000 86.00000000 80.00000000
v 35.50000000 86.00000000 81.00000000
v 36.00000000 86.50000000 67.00000000
v 36.00000000 86.50000000 68.00000000
v 36.00000000 87.00000000 68.50000000
v 36.00000000 86.50000000 76.00000000
v 36.00000000 86.50000000 77.00000000
v 36.00000000 86.50000000 78.00000000
v 36.00000000 86.50000000 79.00000000
v 36.00000000 86.50000000 80.00000000
v 36.00000000 86.50000000 81.00000000
v 36.00000000 87.00000000 81.50000000
v 36.00000000 87.50000000 69.00000000
v 36.00000000 87.50000000 70.00000000
v 36.00000000 87.50000000 71.00000000
v 36.00000000 87.50000000 72.00000000
v 36.00000000 87.50000000 73.00000000
v 35.50000000 88.00000000 74.00000000
v 36.00000000 88.00000000 73.50000000
v 35.50000000 88.00000000 75.00000000
v 35.50000000 88.00000000 76.00000000
v 36.00000000 88.00000000 76.50000000
v 36.00000000 87.50000000 77.00000000
v 35.50000000 88.00000000 78.00000000
v 36.00000000 88.00000000 77.50000000
v 35.50000000 88.00000000 79.00000000
v 35.50000000 88.00000000 80.00000000
v 35.50000000 88.00000000 81.00000000
v 36.00000000 88.00000000 81.50000000
v 36.00000000 88.50000000 74.00000000
v 36.00000000 88.50000000 75.00000000
v 36.00000000 88.50000000 76.00000000
v 36.00000000 88.50000000 78.00000000
v 36.00000000 88.50000000 79.00000000
v 36.00000000 88.50000000 80.00000000
v 36.00000000 88.50000000 81.00000000
v 36.50000000 64.00000000 80.00000000
v 37.00000000 64.00000000 79.50000000
v 37.00000000 63.50000000 80.00000000
v 37.00000000 64.00000000 80.50000000
v 36.50000000 65.00000000 76.00000000
v 37.00000000 65.00000000 75.50000000
v 37.00000000 64.50000000 76.00000000
v 37.00000000 64.50000000 77.00000000
v 36.50000000 65.00000000 77.00000000
v 37.00000000 64.50000000 78.00000000
v 37.00000000 64.50000000 79.00000000
v 37.00000000 64.50000000 81.00000000
v 37.00000000 65.00000000 81.50000000
v 36.50000000 66.00000000 71.00000000
v 37.00000000 66.00000000 70.50000000
v 37.00000000 65.50000000 71.00000000
v 37.00000000 65.50000000 72.00000000
v 36.50000000 66.00000000 72.00000000
v 37.00000000 65.50000000 73.00000000
v 37.00000000 65.50000000 74.00000000
v 37.00000000 65.50000000 75.00000000
v 37.00000000 66.00000000 81.50000000
v 37.00000000 67.00000000 66.50000000
v 37.00000000 66.50000000 67.00000000
v 37.00000000 66.50000000 68.00000000
v 37.00000000 66.50000000 69.00000000
v 37.00000000 66.50000000 70.00000000
v 37.00000000 67.00000000 81.50000000
v 36.50000000 67.00000000 87.00000000
v 37.00000000 67.00000000 86.50000000
v 37.00000000 66.50000000 87.00000000
v 37.00000000 66.50000000 88.00000000
v 37.00000000 66.50000000 89.00000000
v 37.00000000 66.50000000 90.00000000
v 37.00000000 66.50000000 91.00000000
v 37.00000000 66.50000000 92.00000000
v 36.50000000 67.00000000 92.00000000
v 37.00000000 67.00000000 92.50000000
v 37.00000000 68.00000000 65.50000000
v 37.00000000 67.50000000 66.00000000
v 37.00000000 67.50000000 82.00000000
v 36.50000000 68.00000000 82.00000000
v 37.00000000 68.00000000 82.50000000
v 36.50000000 68.00000000 85.00000000
v 37.00000000 68.00000000 84.50000000
v 37.00000000 67.50000000 85.00000000
v 37.00000000 67.50000000 86.00000000
v 37.00000000 67.50000000 93.00000000
v 36.50000000 68.00000000 93.00000000
v 37.00000000 68.00000000 93.50000000
v 36.50000000 69.00000000 65.00000000
v 37.00000000 69.00000000 64.50000000
v 37.00000000 68.50000000 65.00000000
v 37.00000000 68.50000000 83.00000000
v 37.00000000 68.50000000 84.00000000
v 36.50000000 69.00000000 92.00000000
v 36.50000000 69.00000000 93.00000000
v 37.00000000 69.00000000 93.50000000
v 37.00000000 69.50000000 65.00000000
v 37.00000000 70.00000000 65.50000000
v 36.50000000 70.00000000 89.00000000
v 37.00000000 69.50000000 89.00000000
v 37.00000000 70.00000000 88.50000000
v 37.00000000 69.50000000 90.00000000
v 36.50000000 70.00000000 91.00000000
v 37.00000000 70.00000000 90.50000000
v 36.50000000 70.00000000 92.00000000
v 37.00000000 70.00000000 92.50000000
v 37.00000000 69.50000000 93.00000000
v 37.00000000 71.00000000 65.50000000
v 36.50000000 71.00000000 78.00000000
v 37.00000000 70.50000000 78.00000000
v 37.00000000 71.00000000 77.50000000
v 36.50000000 71.00000000 79.00000000
v 37.00000000 70.50000000 79.00000000
v 36.50000000 71.00000000 80.00000000
v 37.00000000 70.50000000 80.00000000
v 36.50000000 71.00000000 81.00000000
v 37.00000000 70.50000000 81.00000000
v 37.00000000 71.00000000 81.50000000
v 36.50000000 71.00000000 85.00000000
v 37.00000000 70.50000000 85.00000000
v 37.00000000 71.00000000 84.50000000
v 36.50000000 71.00000000 86.00000000
v 37.00000000 70.50000000 86.00000000
v 37.00000000 70.50000000 87.00000000
v 37.00000000 70.50000000 88.00000000
v 37.00000000 70.50000000 91.00000000
v 37.00000000 70.50000000 92.00000000
v 37.00000000 71.50000000 66.00000000
v 37.00000000 72.00000000 66.50000000
v 36.50000000 72.00000000 74.00000000
v 36.50000000 72.00000000 75.00000000
v 36.50000000 72.00000000 76.00000000
v 37.00000000 71.50000000 78.00000000
v 37.00000000 71.50000000 79.00000000
v 37.00000000 71.50000000 80.00000000
v 37.00000000 72.00000000 80.50000000
v 36.50000000 72.00000000 81.00000000
v 37.00000000 72.00000000 81.50000000
v 36.50000000 72.00000000 83.00000000
v 37.00000000 71.50000000 83.00000000
v 37.00000000 72.00000000 82.50000000
v 36.50000000 72.00000000 84.00000000
v 37.00000000 71.50000000 84.00000000
v 37.00000000 73.00000000 66.50000000
v 37.00000000 72.50000000 74.00000000
v 37.00000000 73.00000000 73.50000000
v 37.00000000 72.50000000 75.00000000
v 37.00000000 72.50000000 76.00000000
v 37.00000000 72.50000000 77.00000000
v 37.00000000 72.50000000 78.00000000
v 36.50000000 73.00000000 79.00000000
v 37.00000000 72.50000000 79.00000000
v 36.50000000 73.00000000 80.00000000
v 37.00000000 72.50000000 80.00000000
v 37.00000000 72.50000000 82.00000000
v 36.50000000 74.00000000 60.00000000
v 37.00000000 74.00000000 59.50000000
v 37.00000000 73.50000000 60.00000000
v 37.00000000 73.50000000 61.00000000
v 36.50000000 74.00000000 61.00000000
v 37.00000000 73.50000000 62.00000000
v 36.50000000 74.00000000 62.00000000
v 37.00000000 74.00000000 62.50000000
v 37.00000000 74.00000000 66.50000000
v 36.50000000 74.00000000 69.00000000
v 37.00000000 73.50000000 69.00000000
v 37.00000000 74.00000000 68.50000000
v 36.50000000 74.00000000 70.00000000
v 37.00000000 73.50000000 70.00000000
v 37.00000000 73.50000000 71.00000000
v 36.50000000 74.00000000 72.00000000
v 37.00000000 73.50000000 72.00000000
v 36.50000000 74.00000000 73.00000000
v 37.00000000 73.50000000 73.00000000
v 36.50000000 74.00000000 74.00000000
v 36.50000000 75.00000000 58.00000000
v 37.00000000 75.00000000 57.50000000
v 37.00000000 74.50000000 58.00000000
v 37.00000000 74.50000000 59.00000000
v 37.00000000 74.50000000 63.00000000
v 37.00000000 74.50000000 64.00000000
v 36.50000000 75.00000000 64.00000000
v 37.00000000 75.00000000 64.50000000
v 37.00000000 74.50000000 67.00000000
v 37.00000000 74.50000000 68.00000000
v 37.00000000 76.00000000 56.50000000
v 37.00000000 75.50000000 57.00000000
v 37.00000000 75.50000000 65.00000000
v 37.00000000 75.50000000 66.00000000
v 36.50000000 76.00000000 66.00000000
v 37.00000000 76.00000000 66.50000000
v 37.00000000 77.00000000 55.50000000
v 37.00000000 76.50000000 56.00000000
v 37.00000000 77.00000000 65.50000000
v 36.50000000 77.00000000 66.00000000
v 37.00000000 76.50000000 66.00000000
v 37.00000000 77.50000000 56.00000000
v 37.00000000 78.00000000 56.50000000
v 37.00000000 78.00000000 65.50000000
v 37.00000000 78.50000000 57.00000000
v 36.50000000 79.00000000 58.00000000
v 37.00000000 78.50000000 58.00000000
v 37.00000000 79.00000000 58.50000000
v 36.50000000 79.00000000 65.00000000
v 37.00000000 78.50000000 65.00000000
v 37.00000000 79.00000000 64.50000000
v 36.50000000 80.00000000 59.00000000
v 37.00000000 79.50000000 59.00000000
v 37.00000000 80.00000000 59.50000000
v 37.00000000 79.50000000 65.00000000
v 37.00000000 80.00000000 65.50000000
v 36.50000000 81.00000000 60.00000000
v 37.00000000 80.50000000 60.00000000
v 37.00000000 81.00000000 60.50000000
v 36.50000000 81.00000000 66.00000000
v 37.00000000 81.00000000 65.50000000
v 37.00000000 82.00000000 60.50000000
v 37.00000000 81.50000000 66.00000000
v 36.50000000 82.00000000 67.00000000
v 37.00000000 82.00000000 66.50000000
v 37.00000000 82.50000000 61.00000000
v 36.50000000 83.00000000 62.00000000
v 37.00000000 82.50000000 62.00000000
v 37.00000000 83.00000000 62.50000000
v 37.00000000 82.50000000 67.00000000
v 37.00000000 82.50000000 68.00000000
v 36.50000000 83.00000000 69.00000000
v 37.00000000 83.00000000 68.50000000
v 36.50000000 84.00000000 63.00000000
v 37.00000000 83.50000000 63.00000000
v 37.00000000 84.00000000 63.50000000
v 37.00000000 83.50000000 69.00000000
v 37.00000000 83.50000000 70.00000000
v 36.50000000 84.00000000 71.00000000
v 37.00000000 84.00000000 70.50000000
v 37.00000000 84.50000000 64.00000000
v 36.50000000 85.00000000 65.00000000
v 37.00000000 84.50000000 65.00000000
v 37.00000000 85.00000000 65.50000000
v 37.00000000 84.50000000 71.00000000
v 37.00000000 84.50000000 72.00000000
v 37.00000000 85.00000000 72.50000000
v 37.00000000 85.50000000 66.00000000
v 37.00000000 86.00000000 66.50000000
v 37.00000000 85.50000000 73.00000000
v 37.00000000 85.50000000 74.00000000
v 37.00000000 85.50000000 75.00000000
v 37.00000000 86.00000000 75.50000000
v 37.00000000 86.50000000 67.00000000
v 37.00000000 86.50000000 68.00000000
v 36.50000000 87.00000000 69.00000000
v 37.00000000 86.50000000 69.00000000
v 37.00000000 87.00000000 69.50000000
v 37.00000000 86.50000000 76.00000000
v 37.00000000 86.50000000 77.00000000
v 37.00000000 86.50000000 78.00000000
v 36.50000000 87.00000000 79.00000000
v 37.00000000 87.00000000 78.50000000
v 36.50000000 87.00000000 80.00000000
v 36.50000000 87.00000000 81.00000000
v 37.00000000 87.50000000 70.00000000
v 37.00000000 87.50000000 71.00000000
v 37.00000000 87.50000000 72.00000000
v 37.00000000 87.50000000 73.00000000
v 36.50000000 88.00000000 74.00000000
v 37.00000000 87.50000000 74.00000000
v 36.50000000 88.00000000 75.00000000
v 37.00000000 87.50000000 75.00000000
v 36.50000000 88.00000000 76.00000000
v 37.00000000 87.50000000 76.00000000
v 36.50000000 88.00000000 77.00000000
v 37.00000000 88.00000000 76.50000000
v 37.00000000 87.50000000 79.00000000
v 37.00000000 87.50000000 80.00000000
v 37.00000000 87.50000000 81.00000000
v 37.00000000 88.00000000 81.50000000
v 37.00000000 88.50000000 77.00000000
v 37.00000000 88.50000000 78.00000000
v 37.00000000 88.50000000 79.00000000
v 37.00000000 88.50000000 80.00000000
v 37.00000000 88.50000000 81.00000000
v 37.50000000 63.00000000 78.00000000
v 38.00000000 63.00000000 77.50000000
v 38.00000000 62.50000000 78.00000000
v 38.00000000 62.50000000 79.00000000
v 37.50000000 63.00000000 79.00000000
v 38.00000000 62.50000000 80.00000000
v 37.50000000 63.00000000 80.00000000
v 38.00000000 62.50000000 81.00000000
v 37.50000000 63.00000000 81.00000000
v 38.00000000 63.00000000 81.50000000
v 37.50000000 64.00000000 77.00000000
v 38.00000000 64.00000000 76.50000000
v 38.00000000 63.50000000 77.00000000
v 37.50000000 64.00000000 78.00000000
v 37.50000000 64.00000000 79.00000000
v 37.50000000 64.00000000 81.00000000
v 38.00000000 63.50000000 82.00000000
v 37.50000000 64.00000000 82.00000000
v 38.00000000 64.00000000 82.50000000
v 38.00000000 65.00000000 75.50000000
v 38.00000000 64.50000000 76.00000000
v 38.00000000 64.50000000 82.00000000
v 38.00000000 65.00000000 81.50000000
v 37.50000000 66.00000000 70.00000000
v 38.00000000 66.00000000 69.50000000
v 38.00000000 65.50000000 70.00000000
v 38.00000000 65.50000000 71.00000000
v 38.00000000 65.50000000 72.00000000
v 38.00000000 65.50000000 73.00000000
v 38.00000000 65.50000000 74.00000000
v 38.00000000 65.50000000 75.00000000
v 38.00000000 66.00000000 81.50000000
v 37.50000000 67.00000000 67.00000000
v 38.00000000 67.00000000 67.50000000
v 38.00000000 66.50000000 68.00000000
v 38.00000000 66.50000000 69.00000000
v 38.00000000 67.00000000 81.50000000
v 37.50000000 67.00000000 86.00000000
v 38.00000000 67.00000000 85.50000000
v 38.00000000 66.50000000 86.00000000
v 38.00000000 66.50000000 87.00000000
v 38.00000000 66.50000000 88.00000000
v 38.00000000 66.50000000 89.00000000
v 38.00000000 66.50000000 90.00000000
v 38.00000000 66.50000000 91.00000000
v 38.00000000 66.50000000 92.00000000
v 38.00000000 67.00000000 92.50000000
v 38.00000000 68.00000000 65.50000000
v 38.00000000 67.50000000 66.00000000
v 38.00000000 67.50000000 67.00000000
v 38.00000000 67.50000000 82.00000000
v 38.00000000 67.50000000 83.00000000
v 37.50000000 68.00000000 83.00000000
v 38.00000000 67.50000000 84.00000000
v 37.50000000 68.00000000 84.00000000
v 38.00000000 67.50000000 85.00000000
v 38.00000000 67.50000000 93.00000000
v 38.00000000 67.50000000 94.00000000
v 37.50000000 68.00000000 94.00000000
v 38.00000000 68.00000000 94.50000000
v 38.00000000 69.00000000 64.50000000
v 38.00000000 68.50000000 65.00000000
v 37.50000000 69.00000000 94.00000000
v 38.00000000 69.00000000 94.50000000
v 38.00000000 69.50000000 65.00000000
v 38.00000000 70.00000000 65.50000000
v 37.50000000 70.00000000 77.00000000
v 38.00000000 69.50000000 77.00000000
v 38.00000000 70.00000000 76.50000000
v 37.50000000 70.00000000 78.00000000
v 38.00000000 69.50000000 78.00000000
v 37.50000000 70.00000000 79.00000000
v 38.00000000 69.50000000 79.00000000
v 37.50000000 70.00000000 80.00000000
v 38.00000000 69.50000000 80.00000000
v 37.50000000 70.00000000 81.00000000
v 38.00000000 69.50000000 81.00000000
v 37.50000000 70.00000000 82.00000000
v 38.00000000 69.50000000 82.00000000
v 37.50000000 70.00000000 83.00000000
v 38.00000000 69.50000000 83.00000000
v 37.50000000 70.00000000 84.00000000
v 38.00000000 69.50000000 84.00000000
v 37.50000000 70.00000000 85.00000000
v 38.00000000 69.50000000 85.00000000
v 37.50000000 70.00000000 86.00000000
v 38.00000000 69.50000000 86.00000000
v 37.50000000 70.00000000 87.00000000
v 38.00000000 69.50000000 87.00000000
v 37.50000000 70.00000000 88.00000000
v 38.00000000 69.50000000 88.00000000
v 38.00000000 69.50000000 89.00000000
v 38.00000000 69.50000000 90.00000000
v 37.50000000 70.00000000 91.00000000
v 38.00000000 69.50000000 91.00000000
v 38.00000000 70.00000000 91.50000000
v 37.50000000 70.00000000 93.00000000
v 37.50000000 70.00000000 94.00000000
v 38.00000000 69.50000000 95.00000000
v 37.50000000 70.00000000 95.00000000
v 38.00000000 70.00000000 95.50000000
v 38.00000000 71.00000000 65.50000000
v 37.50000000 71.00000000 75.00000000
v 38.00000000 70.50000000 75.00000000
v 38.00000000 71.00000000 74.50000000
v 37.50000000 71.00000000 76.00000000
v 38.00000000 70.50000000 76.00000000
v 37.50000000 71.00000000 77.00000000
v 37.50000000 71.00000000 82.00000000
v 37.50000000 71.00000000 83.00000000
v 37.50000000 71.00000000 84.00000000
v 38.00000000 70.50000000 92.00000000
v 37.50000000 71.00000000 93.00000000
v 38.00000000 71.00000000 92.50000000
v 37.50000000 71.00000000 94.00000000
v 37.50000000 71.00000000 95.00000000
v 38.00000000 71.00000000 95.50000000
v 38.00000000 71.50000000 66.00000000
v 38.00000000 72.00000000 66.50000000
v 37.50000000 72.00000000 74.00000000
v 38.00000000 71.50000000 74.00000000
v 38.00000000 72.00000000 73.50000000
v 37.50000000 72.00000000 75.00000000
v 37.50000000 72.00000000 76.00000000
v 37.50000000 72.00000000 77.00000000
v 37.50000000 72.00000000 78.00000000
v 37.50000000 72.00000000 79.00000000
v 37.50000000 72.00000000 80.00000000
v 37.50000000 72.00000000 82.00000000
v 38.00000000 71.50000000 93.00000000
v 37.50000000 72.00000000 94.00000000
v 38.00000000 72.00000000 93.50000000
v 37.50000000 72.00000000 95.00000000
v 38.00000000 72.00000000 95.50000000
v 38.00000000 73.00000000 66.50000000
v 37.50000000 73.00000000 70.00000000
v 38.00000000 72.50000000 70.00000000
v 38.00000000 73.00000000 69.50000000
v 37.50000000 73.00000000 71.00000000
v 38.00000000 72.50000000 71.00000000
v 37.50000000 73.00000000 72.00000000
v 38.00000000 72.50000000 72.00000000
v 37.50000000 73.00000000 73.00000000
v 38.00000000 72.50000000 73.00000000
v 38.00000000 72.50000000 94.00000000
v 38.00000000 72.50000000 95.00000000
v 37.50000000 74.00000000 58.00000000
v 38.00000000 74.00000000 57.50000000
v 38.00000000 73.50000000 58.00000000
v 38.00000000 73.50000000 59.00000000
v 37.50000000 74.00000000 59.00000000
v 38.00000000 73.50000000 60.00000000
v 38.00000000 73.50000000 61.00000000
v 38.00000000 73.50000000 62.00000000
v 38.00000000 73.50000000 63.00000000
v 37.50000000 74.00000000 63.00000000
v 38.00000000 73.50000000 64.00000000
v 37.50000000 74.00000000 64.00000000
v 38.00000000 74.00000000 64.50000000
v 37.50000000 74.00000000 66.00000000
v 38.00000000 74.00000000 65.50000000
v 38.00000000 73.50000000 66.00000000
v 38.00000000 73.50000000 69.00000000
v 38.00000000 74.00000000 68.50000000
v 37.50000000 75.00000000 57.00000000
v 38.00000000 75.00000000 56.50000000
v 38.00000000 74.50000000 57.00000000
v 38.00000000 74.50000000 65.00000000
v 37.50000000 75.00000000 65.00000000
v 37.50000000 75.00000000 66.00000000
v 38.00000000 74.50000000 67.00000000
v 38.00000000 75.00000000 66.50000000
v 38.00000000 74.50000000 68.00000000
v 37.50000000 76.00000000 56.00000000
v 38.00000000 76.00000000 55.50000000
v 38.00000000 75.50000000 56.00000000
v 37.50000000 75.50000000 65.50000000
v 37.50000000 76.00000000 66.00000000
v 38.00000000 76.00000000 65.50000000
v 38.00000000 75.50000000 66.00000000
v 38.00000000 77.00000000 55.50000000
v 38.00000000 77.00000000 65.50000000
v 38.00000000 77.50000000 56.00000000
v 38.00000000 78.00000000 56.50000000
v 37.50000000 78.00000000 65.00000000
v 38.00000000 77.50000000 65.00000000
v 38.00000000 78.00000000 64.50000000
v 38.00000000 78.50000000 57.00000000
v 38.00000000 78.50000000 58.00000000
v 38.00000000 79.00000000 58.50000000
v 38.00000000 79.00000000 64.50000000
v 38.00000000 79.50000000 59.00000000
v 38.00000000 80.00000000 59.50000000
v 37.50000000 80.00000000 65.00000000
v 38.00000000 80.00000000 64.50000000
v 38.00000000 80.50000000 60.00000000
v 38.00000000 81.00000000 60.50000000
v 38.00000000 80.50000000 65.00000000
v 38.00000000 81.00000000 65.50000000
v 38.00000000 81.50000000 61.00000000
v 37.50000000 82.00000000 61.00000000
v 38.00000000 82.00000000 61.50000000
v 38.00000000 81.50000000 66.00000000
v 38.00000000 82.00000000 66.50000000
v 38.00000000 82.50000000 62.00000000
v 38.00000000 83.00000000 62.50000000
v 38.00000000 82.50000000 67.00000000
v 38.00000000 82.50000000 68.00000000
v 38.00000000 83.00000000 68.50000000
v 38.00000000 83.50000000 63.00000000
v 37.50000000 84.00000000 64.00000000
v 38.00000000 83.50000000 64.00000000
v 38.00000000 84.00000000 64.50000000
v 38.00000000 83.50000000 69.00000000
v 38.00000000 83.50000000 70.00000000
v 38.00000000 84.00000000 70.50000000
v 38.00000000 84.50000000 65.00000000
v 38.00000000 85.00000000 65.50000000
v 38.00000000 84.50000000 71.00000000
v 38.00000000 84.50000000 72.00000000
v 38.00000000 85.00000000 72.50000000
v 38.00000000 85.50000000 66.00000000
v 37.50000000 86.00000000 67.00000000
v 38.00000000 85.50000000 67.00000000
v 38.00000000 86.00000000 67.50000000
v 38.00000000 85.50000000 73.00000000
v 38.00000000 85.50000000 74.00000000
v 38.00000000 85.50000000 75.00000000
v 38.00000000 85.50000000 76.00000000
v 37.50000000 86.00000000 76.00000000
v 38.00000000 86.00000000 76.50000000
v 38.00000000 86.50000000 68.00000000
v 38.00000000 86.50000000 69.00000000
v 37.50000000 87.00000000 70.00000000
v 38.00000000 86.50000000 70.00000000
v 38.00000000 87.00000000 70.50000000
v 37.50000000 87.00000000 72.00000000
v 38.00000000 86.50000000 72.00000000
v 38.00000000 87.00000000 71.50000000
v 38.00000000 87.00000000 72.50000000
v 37.50000000 87.00000000 74.00000000
v 38.00000000 86.50000000 74.00000000
v 38.00000000 87.00000000 73.50000000
v 37.50000000 87.00000000 75.00000000
v 38.00000000 86.50000000 75.00000000
v 37.50000000 86.50000000 75.50000000
v 38.00000000 86.50000000 76.00000000
v 37.50000000 87.00000000 76.00000000
v 37.50000000 87.00000000 77.00000000
v 37.50000000 87.00000000 78.00000000
v 38.00000000 87.50000000 71.00000000
v 38.00000000 87.50000000 73.00000000
v 37.50000000 88.00000000 77.00000000
v 37.50000000 88.00000000 78.00000000
v 37.50000000 88.00000000 79.00000000
v 37.50000000 88.00000000 80.00000000
v 37.50000000 88.00000000 81.00000000
v 37.50000000 89.00000000 62.00000000
v 38.00000000 89.00000000 61.50000000
v 38.00000000 88.50000000 62.00000000
v 38.00000000 88.50000000 63.00000000
v 37.50000000 89.00000000 63.00000000
v 38.00000000 88.50000000 64.00000000
v 37.50000000 89.00000000 64.00000000
v 38.00000000 89.00000000 64.50000000
v 38.00000000 89.50000000 62.00000000
v 37.50000000 90.00000000 63.00000000
v 38.00000000 90.00000000 62.50000000
v 37.50000000 90.00000000 64.00000000
v 38.00000000 89.50000000 65.00000000
v 37.50000000 90.00000000 65.00000000
v 38.00000000 89.50000000 66.00000000
v 37.50000000 90.00000000 66.00000000
v 38.00000000 90.00000000 66.50000000
v 38.00000000 90.50000000 63.00000000
v 38.00000000 90.50000000 64.00000000
v 37.50000000 91.00000000 65.00000000
v 38.00000000 91.00000000 64.50000000
v 38.00000000 91.00000000 65.50000000
v 38.00000000 90.50000000 66.00000000
v 37.50000000 91.00000000 70.00000000
v 38.00000000 91.00000000 69.50000000
v 38.00000000 90.50000000 70.00000000
v 38.00000000 90.50000000 71.00000000
v 37.50000000 91.00000000 71.00000000
v 38.00000000 90.50000000 72.00000000
v 37.50000000 91.00000000 72.00000000
v 38.00000000 90.50000000 73.00000000
v 37.50000000 91.00000000 73.00000000
v 38.00000000 90.50000000 74.00000000
v 37.50000000 91.00000000 74.00000000
v 38.00000000 91.00000000 74.50000000
v 38.00000000 91.50000000 65.00000000
v 38.00000000 91.50000000 70.00000000
v 38.00000000 91.50000000 71.00000000
v 38.00000000 91.50000000 72.00000000
v 37.50000000 92.00000000 73.00000000
v 38.00000000 92.00000000 72.50000000
v 38.00000000 92.00000000 73.50000000
v 38.00000000 91.50000000 74.00000000
v 38.00000000 92.50000000 73.00000000
v 38.50000000 61.00000000 77.00000000
v 39.00000000 61.00000000 76.50000000
v 39.00000000 60.50000000 77.00000000
v 39.00000000 61.00000000 77.50000000
v 38.50000000 61.00000000 79.00000000
v 39.00000000 61.00000000 78.50000000
v 39.00000000 60.50000000 79.00000000
v 39.00000000 61.00000000 79.50000000
v 39.00000000 61.50000000 77.00000000
v 39.00000000 62.00000000 77.50000000
v 38.50000000 62.00000000 78.00000000
v 39.00000000 61.50000000 78.00000000
v 38.50000000 62.00000000 79.00000000
v 39.00000000 61.50000000 80.00000000
v 38.50000000 62.00000000 80.00000000
v 39.00000000 61.50000000 81.00000000
v 38.50000000 62.00000000 81.00000000
v 39.00000000 62.00000000 81.50000000
v 38.50000000 63.00000000 77.00000000
v 39.00000000 63.00000000 76.50000000
v 39.00000000 62.50000000 77.00000000
v 39.00000000 62.50000000 82.00000000
v 38.50000000 63.00000000 82.00000000
v 39.00000000 62.50000000 83.00000000
v 38.50000000 63.00000000 83.00000000
v 39.00000000 63.00000000 83.50000000
v 38.50000000 64.00000000 76.00000000
v 39.00000000 64.00000000 75.50000000
v 39.00000000 63.50000000 76.00000000
v 39.00000000 63.50000000 83.00000000
v 39.00000000 64.00000000 82.50000000
v 38.50000000 65.00000000 73.00000000
v 39.00000000 65.00000000 72.50000000
v 39.00000000 64.50000000 73.00000000
v 39.00000000 64.50000000 74.00000000
v 38.50000000 65.00000000 74.00000000
v 39.00000000 64.50000000 75.00000000
v 38.50000000 65.00000000 75.00000000
v 39.00000000 64.50000000 82.00000000
v 39.00000000 65.00000000 81.50000000
v 38.50000000 66.00000000 70.00000000
v 39.00000000 66.00000000 70.50000000
v 39.00000000 65.50000000 71.00000000
v 39.00000000 65.50000000 72.00000000
v 39.00000000 66.00000000 81.50000000
v 39.00000000 67.00000000 67.50000000
v 39.00000000 66.50000000 68.00000000
v 39.00000000 66.50000000 69.00000000
v 39.00000000 66.50000000 70.00000000
v 39.00000000 66.50000000 82.00000000
v 38.50000000 67.00000000 82.00000000
v 39.00000000 67.00000000 82.50000000
v 39.00000000 67.00000000 85.50000000
v 39.00000000 66.50000000 86.00000000
v 39.00000000 66.50000000 87.00000000
v 39.00000000 66.50000000 88.00000000
v 39.00000000 66.50000000 89.00000000
v 39.00000000 66.50000000 90.00000000
v 39.00000000 66.50000000 91.00000000
v 38.50000000 67.00000000 92.00000000
v 39.00000000 67.00000000 91.50000000
v 38.50000000 68.00000000 66.00000000
v 39.00000000 68.00000000 66.50000000
v 39.00000000 67.50000000 67.00000000
v 39.00000000 67.50000000 83.00000000
v 39.00000000 67.50000000 84.00000000
v 39.00000000 67.50000000 85.00000000
v 39.00000000 67.50000000 92.00000000
v 39.00000000 67.50000000 93.00000000
v 39.00000000 67.50000000 94.00000000
v 39.00000000 68.00000000 94.50000000
v 39.00000000 69.00000000 64.50000000
v 39.00000000 68.50000000 65.00000000
v 39.00000000 68.50000000 66.00000000
v 38.50000000 69.00000000 87.00000000
v 39.00000000 68.50000000 87.00000000
v 39.00000000 69.00000000 86.50000000
v 39.00000000 69.00000000 87.50000000
v 39.00000000 68.50000000 95.00000000
v 38.50000000 69.00000000 95.00000000
v 39.00000000 69.00000000 95.50000000
v 38.50000000 70.00000000 65.00000000
v 39.00000000 70.00000000 64.50000000
v 38.50000000 70.00000000 76.00000000
v 39.00000000 69.50000000 76.00000000
v 39.00000000 70.00000000 75.50000000
v 39.00000000 69.50000000 77.00000000
v 39.00000000 69.50000000 78.00000000
v 39.00000000 69.50000000 79.00000000
v 39.00000000 69.50000000 80.00000000
v 39.00000000 69.50000000 81.00000000
v 39.00000000 69.50000000 82.00000000
v 39.00000000 69.50000000 83.00000000
v 39.00000000 69.50000000 84.00000000
v 39.00000000 69.50000000 85.00000000
v 39.00000000 69.50000000 86.00000000
v 39.00000000 69.50000000 88.00000000
v 39.00000000 69.50000000 89.00000000
v 39.00000000 69.50000000 90.00000000
v 39.00000000 69.50000000 91.00000000
v 39.00000000 70.00000000 91.50000000
v 39.00000000 69.50000000 96.00000000
v 38.50000000 70.00000000 96.00000000
v 39.00000000 70.00000000 96.50000000
v 38.50000000 71.00000000 65.00000000
v 39.00000000 71.00000000 64.50000000
v 38.50000000 71.00000000 74.00000000
v 39.00000000 70.50000000 74.00000000
v 39.00000000 71.00000000 73.50000000
v 39.00000000 70.50000000 75.00000000
v 39.00000000 70.50000000 92.00000000
v 39.00000000 71.00000000 92.50000000
v 38.50000000 71.00000000 96.00000000
v 39.00000000 71.00000000 96.50000000
v 39.00000000 71.50000000 65.00000000
v 38.50000000 72.00000000 66.00000000
v 39.00000000 72.00000000 65.50000000
v 38.50000000 72.00000000 72.00000000
v 39.00000000 71.50000000 72.00000000
v 39.00000000 72.00000000 71.50000000
v 38.50000000 72.00000000 73.00000000
v 39.00000000 71.50000000 73.00000000
v 39.00000000 71.50000000 93.00000000
v 39.00000000 72.00000000 93.50000000
v 38.50000000 72.00000000 96.00000000
v 39.00000000 72.00000000 96.50000000
v 38.50000000 73.00000000 59.00000000
v 39.00000000 73.00000000 58.50000000
v 39.00000000 72.50000000 59.00000000
v 39.00000000 72.50000000 60.00000000
v 38.50000000 73.00000000 60.00000000
v 39.00000000 72.50000000 61.00000000
v 38.50000000 73.00000000 61.00000000
v 39.00000000 72.50000000 62.00000000
v 38.50000000 73.00000000 62.00000000
v 39.00000000 72.50000000 63.00000000
v 38.50000000 73.00000000 63.00000000
v 39.00000000 73.00000000 63.50000000
v 38.50000000 73.00000000 66.00000000
v 39.00000000 73.00000000 65.50000000
v 39.00000000 72.50000000 70.00000000
v 39.00000000 73.00000000 69.50000000
v 39.00000000 72.50000000 71.00000000
v 39.00000000 72.50000000 94.00000000
v 38.50000000 73.00000000 95.00000000
v 39.00000000 73.00000000 94.50000000
v 38.50000000 73.00000000 96.00000000
v 39.00000000 73.00000000 96.50000000
v 39.00000000 74.00000000 57.50000000
v 39.00000000 73.50000000 58.00000000
v 39.00000000 73.50000000 64.00000000
v 39.00000000 73.50000000 65.00000000
v 38.50000000 74.00000000 65.00000000
v 39.00000000 73.50000000 69.00000000
v 39.00000000 74.00000000 68.50000000
v 39.00000000 73.50000000 95.00000000
v 38.50000000 74.00000000 96.00000000
v 39.00000000 74.00000000 95.50000000
v 39.00000000 74.00000000 96.50000000
v 39.00000000 75.00000000 56.50000000
v 39.00000000 74.50000000 57.00000000
v 39.00000000 74.50000000 67.00000000
v 39.00000000 75.00000000 66.50000000
v 39.00000000 74.50000000 68.00000000
v 39.00000000 74.50000000 96.00000000
v 39.00000000 76.00000000 55.50000000
v 39.00000000 75.50000000 56.00000000
v 39.00000000 75.50000000 66.00000000
v 39.00000000 76.00000000 65.50000000
v 39.00000000 77.00000000 55.50000000
v 38.50000000 77.00000000 65.00000000
v 39.00000000 76.50000000 65.00000000
v 39.00000000 77.00000000 64.50000000
v 39.00000000 77.50000000 56.00000000
v 39.00000000 78.00000000 56.50000000
v 39.00000000 78.00000000 64.50000000
v 39.00000000 78.50000000 57.00000000
v 39.00000000 78.50000000 58.00000000
v 39.00000000 79.00000000 58.50000000
v 39.00000000 79.00000000 64.50000000
v 39.00000000 79.50000000 59.00000000
v 38.50000000 80.00000000 60.00000000
v 39.00000000 79.50000000 60.00000000
v 39.00000000 80.00000000 60.50000000
v 39.00000000 80.00000000 64.50000000
v 38.50000000 81.00000000 61.00000000
v 39.00000000 80.50000000 61.00000000
v 39.00000000 81.00000000 61.50000000
v 39.00000000 80.50000000 65.00000000
v 39.00000000 81.00000000 65.50000000
v 38.50000000 82.00000000 62.00000000
v 39.00000000 81.50000000 62.00000000
v 39.00000000 82.00000000 62.50000000
v 39.00000000 81.50000000 66.00000000
v 39.00000000 82.00000000 66.50000000
v 38.50000000 83.00000000 63.00000000
v 39.00000000 82.50000000 63.00000000
v 39.00000000 83.00000000 63.50000000
v 39.00000000 82.50000000 67.00000000
v 39.00000000 82.50000000 68.00000000
v 39.00000000 83.00000000 68.50000000
v 39.00000000 83.50000000 64.00000000
v 39.00000000 84.00000000 64.50000000
v 39.00000000 83.50000000 69.00000000
v 39.00000000 83.50000000 70.00000000
v 39.00000000 83.50000000 71.00000000
v 38.50000000 84.00000000 71.00000000
v 39.00000000 83.50000000 72.00000000
v 38.50000000 84.00000000 72.00000000
v 39.00000000 84.00000000 72.50000000
v 39.00000000 84.50000000 65.00000000
v 39.00000000 85.00000000 65.50000000
v 39.00000000 84.50000000 73.00000000
v 38.50000000 85.00000000 73.00000000
v 39.00000000 85.00000000 73.50000000
v 38.50000000 85.00000000 75.00000000
v 39.00000000 85.00000000 74.50000000
v 39.00000000 84.50000000 75.00000000
v 39.00000000 85.00000000 75.50000000
v 39.00000000 85.50000000 66.00000000
v 39.00000000 85.50000000 67.00000000
v 39.00000000 86.00000000 67.50000000
v 38.50000000 86.00000000 72.00000000
v 39.00000000 85.50000000 72.00000000
v 39.00000000 86.00000000 71.50000000
v 38.50000000 85.50000000 72.50000000
v 39.00000000 85.50000000 73.00000000
v 38.50000000 86.00000000 73.00000000
v 38.50000000 86.00000000 74.00000000
v 39.00000000 86.00000000 74.50000000
v 39.00000000 86.00000000 75.50000000
v 38.50000000 86.00000000 76.00000000
v 39.00000000 86.50000000 68.00000000
v 39.00000000 86.50000000 69.00000000
v 39.00000000 86.50000000 70.00000000
v 38.50000000 87.00000000 71.00000000
v 39.00000000 86.50000000 71.00000000
v 38.50000000 87.00000000 73.00000000
v 39.00000000 86.50000000 75.00000000
v 38.50000000 89.00000000 61.00000000
v 39.00000000 89.00000000 60.50000000
v 39.00000000 88.50000000 61.00000000
v 39.00000000 88.50000000 62.00000000
v 39.00000000 88.50000000 63.00000000
v 39.00000000 88.50000000 64.00000000
v 39.00000000 88.50000000 65.00000000
v 38.50000000 89.00000000 65.00000000
v 39.00000000 89.00000000 65.50000000
v 38.50000000 89.00000000 78.00000000
v 39.00000000 89.00000000 77.50000000
v 39.00000000 88.50000000 78.00000000
v 39.00000000 89.00000000 78.50000000
v 39.00000000 89.50000000 61.00000000
v 38.50000000 90.00000000 62.00000000
v 39.00000000 90.00000000 61.50000000
v 39.00000000 89.50000000 66.00000000
v 39.00000000 89.50000000 67.00000000
v 38.50000000 90.00000000 67.00000000
v 39.00000000 89.50000000 68.00000000
v 38.50000000 90.00000000 68.00000000
v 39.00000000 89.50000000 69.00000000
v 38.50000000 90.00000000 69.00000000
v 39.00000000 89.50000000 70.00000000
v 38.50000000 90.00000000 70.00000000
v 39.00000000 89.50000000 71.00000000
v 38.50000000 90.00000000 71.00000000
v 39.00000000 89.50000000 72.00000000
v 38.50000000 90.00000000 72.00000000
v 39.00000000 89.50000000 73.00000000
v 38.50000000 90.00000000 73.00000000
v 39.00000000 89.50000000 74.00000000
v 38.50000000 90.00000000 74.00000000
v 39.00000000 90.00000000 74.50000000
v 39.00000000 89.50000000 78.00000000
v 39.00000000 90.50000000 62.00000000
v 39.00000000 90.50000000 63.00000000
v 38.50000000 91.00000000 64.00000000
v 39.00000000 91.00000000 63.50000000
v 38.50000000 91.00000000 66.00000000
v 38.50000000 91.00000000 67.00000000
v 38.50000000 91.00000000 68.00000000
v 38.50000000 91.00000000 69.00000000
v 39.00000000 90.50000000 75.00000000
v 38.50000000 91.00000000 75.00000000
v 39.00000000 90.50000000 76.00000000
v 38.50000000 91.00000000 76.00000000
v 39.00000000 91.00000000 76.50000000
v 39.00000000 91.50000000 64.00000000
v 39.00000000 91.50000000 65.00000000
v 39.00000000 91.50000000 66.00000000
v 39.00000000 91.50000000 67.00000000
v 39.00000000 91.50000000 68.00000000
v 39.00000000 91.50000000 69.00000000
v 39.00000000 91.50000000 70.00000000
v 39.00000000 91.50000000 71.00000000
v 38.50000000 92.00000000 72.00000000
v 39.00000000 92.00000000 71.50000000
v 38.50000000 92.00000000 74.00000000
v 38.50000000 92.00000000 75.00000000
v 38.50000000 92.00000000 76.00000000
v 39.00000000 92.00000000 76.50000000
v 39.00000000 92.50000000 72.00000000
v 39.00000000 92.50000000 73.00000000
v 39.00000000 92.50000000 74.00000000
v 39.00000000 92.50000000 75.00000000
v 39.00000000 92.50000000 76.00000000
v 39.50000000 59.00000000 75.00000000
v 40.00000000 59.00000000 74.50000000
v 40.00000000 58.50000000 75.00000000
v 40.00000000 58.50000000 76.00000000
v 39.50000000 59.00000000 76.00000000
v 40.00000000 58.50000000 77.00000000
v 39.50000000 59.00000000 77.00000000
v 40.00000000 59.00000000 77.50000000
v 39.50000000 59.00000000 79.00000000
v 40.00000000 59.00000000 78.50000000
v 40.00000000 58.50000000 79.00000000
v 40.00000000 59.00000000 79.50000000
v 40.00000000 59.50000000 75.00000000
v 40.00000000 59.50000000 76.00000000
v 39.50000000 60.00000000 77.00000000
v 40.00000000 60.00000000 76.50000000
v 40.00000000 59.50000000 78.00000000
v 39.50000000 60.00000000 78.00000000
v 39.50000000 60.00000000 79.00000000
v 40.00000000 60.00000000 79.50000000
v 39.50000000 61.00000000 75.00000000
v 40.00000000 61.00000000 74.50000000
v 40.00000000 60.50000000 75.00000000
v 40.00000000 60.50000000 76.00000000
v 39.50000000 61.00000000 76.00000000
v 39.50000000 61.00000000 78.00000000
v 40.00000000 60.50000000 80.00000000
v 39.50000000 61.00000000 80.00000000
v 40.00000000 60.50000000 81.00000000
v 39.50000000 61.00000000 81.00000000
v 40.00000000 60.50000000 82.00000000
v 39.50000000 61.00000000 82.00000000
v 40.00000000 61.00000000 82.50000000
v 40.00000000 61.50000000 75.00000000
v 39.50000000 62.00000000 76.00000000
v 40.00000000 62.00000000 75.50000000
v 39.50000000 62.00000000 77.00000000
v 39.50000000 62.00000000 82.00000000
v 40.00000000 61.50000000 83.00000000
v 39.50000000 62.00000000 83.00000000
v 40.00000000 62.00000000 83.50000000
v 39.50000000 63.00000000 76.00000000
v 40.00000000 63.00000000 75.50000000
v 40.00000000 63.00000000 83.50000000
v 39.50000000 64.00000000 75.00000000
v 40.00000000 64.00000000 74.50000000
v 40.00000000 63.50000000 75.00000000
v 39.50000000 64.00000000 83.00000000
v 40.00000000 64.00000000 83.50000000
v 40.00000000 65.00000000 72.50000000
v 40.00000000 64.50000000 73.00000000
v 40.00000000 64.50000000 74.00000000
v 39.50000000 65.00000000 82.00000000
v 40.00000000 65.00000000 82.50000000
v 40.00000000 64.50000000 83.00000000
v 40.00000000 66.00000000 70.50000000
v 40.00000000 65.50000000 71.00000000
v 40.00000000 65.50000000 72.00000000
v 39.50000000 66.00000000 82.00000000
v 40.00000000 66.00000000 82.50000000
v 39.50000000 67.00000000 68.00000000
v 40.00000000 67.00000000 68.50000000
v 40.00000000 66.50000000 69.00000000
v 40.00000000 66.50000000 70.00000000
v 40.00000000 66.50000000 83.00000000
v 39.50000000 67.00000000 83.00000000
v 40.00000000 67.00000000 83.50000000
v 39.50000000 67.00000000 85.00000000
v 40.00000000 67.00000000 84.50000000
v 40.00000000 66.50000000 85.00000000
v 40.00000000 66.50000000 86.00000000
v 40.00000000 66.50000000 87.00000000
v 40.00000000 66.50000000 88.00000000
v 40.00000000 66.50000000 89.00000000
v 40.00000000 66.50000000 90.00000000
v 39.50000000 67.00000000 91.00000000
v 40.00000000 67.00000000 90.50000000
v 40.00000000 68.00000000 66.50000000
v 40.00000000 67.50000000 67.00000000
v 40.00000000 67.50000000 68.00000000
v 40.00000000 67.50000000 84.00000000
v 40.00000000 67.50000000 91.00000000
v 40.00000000 67.50000000 92.00000000
v 39.50000000 68.00000000 93.00000000
v 40.00000000 68.00000000 92.50000000
v 39.50000000 68.00000000 94.00000000
v 40.00000000 69.00000000 64.50000000
v 40.00000000 68.50000000 65.00000000
v 40.00000000 68.50000000 66.00000000
v 39.50000000 69.00000000 79.00000000
v 40.00000000 68.50000000 79.00000000
v 40.00000000 69.00000000 78.50000000
v 39.50000000 69.00000000 80.00000000
v 40.00000000 68.50000000 80.00000000
v 39.50000000 69.00000000 81.00000000
v 40.00000000 68.50000000 81.00000000
v 40.00000000 69.00000000 81.50000000
v 39.50000000 69.00000000 86.00000000
v 40.00000000 68.50000000 86.00000000
v 40.00000000 69.00000000 85.50000000
v 40.00000000 68.50000000 87.00000000
v 39.50000000 69.00000000 88.00000000
v 40.00000000 68.50000000 88.00000000
v 39.50000000 69.00000000 89.00000000
v 40.00000000 68.50000000 89.00000000
v 40.00000000 69.00000000 89.50000000
v 40.00000000 68.50000000 93.00000000
v 40.00000000 68.50000000 94.00000000
v 39.50000000 69.00000000 95.00000000
v 40.00000000 69.00000000 94.50000000
v 40.00000000 70.00000000 64.50000000
v 39.50000000 70.00000000 75.00000000
v 40.00000000 69.50000000 75.00000000
v 40.00000000 70.00000000 74.50000000
v 40.00000000 69.50000000 76.00000000
v 40.00000000 69.50000000 77.00000000
v 40.00000000 69.50000000 78.00000000
v 40.00000000 69.50000000 82.00000000
v 40.00000000 69.50000000 83.00000000
v 40.00000000 69.50000000 84.00000000
v 40.00000000 69.50000000 85.00000000
v 40.00000000 69.50000000 90.00000000
v 40.00000000 69.50000000 91.00000000
v 40.00000000 70.00000000 91.50000000
v 40.00000000 69.50000000 95.00000000
v 40.00000000 69.50000000 96.00000000
v 40.00000000 70.00000000 96.50000000
v 40.00000000 71.00000000 64.50000000
v 39.50000000 71.00000000 73.00000000
v 40.00000000 70.50000000 73.00000000
v 40.00000000 71.00000000 72.50000000
v 40.00000000 70.50000000 74.00000000
v 40.00000000 70.50000000 92.00000000
v 40.00000000 71.00000000 92.50000000
v 40.00000000 71.00000000 96.50000000
v 39.50000000 72.00000000 65.00000000
v 40.00000000 72.00000000 64.50000000
v 39.50000000 72.00000000 71.00000000
v 40.00000000 71.50000000 71.00000000
v 40.00000000 72.00000000 70.50000000
v 40.00000000 71.50000000 72.00000000
v 40.00000000 71.50000000 93.00000000
v 40.00000000 72.00000000 93.50000000
v 40.00000000 71.50000000 97.00000000
v 39.50000000 72.00000000 97.00000000
v 40.00000000 72.00000000 97.50000000
v 40.00000000 73.00000000 58.50000000
v 40.00000000 72.50000000 59.00000000
v 40.00000000 72.50000000 60.00000000
v 40.00000000 72.50000000 61.00000000
v 40.00000000 72.50000000 62.00000000
v 40.00000000 72.50000000 63.00000000
v 40.00000000 72.50000000 64.00000000
v 39.50000000 73.00000000 64.00000000
v 39.50000000 73.00000000 65.00000000
v 40.00000000 72.50000000 70.00000000
v 40.00000000 73.00000000 69.50000000
v 40.00000000 72.50000000 94.00000000
v 40.00000000 73.00000000 94.50000000
v 39.50000000 73.00000000 97.00000000
v 40.00000000 72.50000000 98.00000000
v 39.50000000 73.00000000 98.00000000
v 40.00000000 73.00000000 98.50000000
v 39.50000000 74.00000000 57.00000000
v 40.00000000 74.00000000 56.50000000
v 40.00000000 73.50000000 57.00000000
v 40.00000000 73.50000000 58.00000000
v 39.50000000 74.00000000 68.00000000
v 40.00000000 73.50000000 68.00000000
v 40.00000000 74.00000000 67.50000000
v 40.00000000 73.50000000 69.00000000
v 39.50000000 74.00000000 95.00000000
v 40.00000000 74.00000000 94.50000000
v 39.50000000 74.00000000 97.00000000
v 39.50000000 74.00000000 98.00000000
v 40.00000000 74.00000000 98.50000000
v 40.00000000 75.00000000 56.50000000
v 40.00000000 74.50000000 67.00000000
v 40.00000000 75.00000000 66.50000000
v 39.50000000 75.00000000 95.00000000
v 40.00000000 75.00000000 94.50000000
v 39.50000000 75.00000000 96.00000000
v 40.00000000 75.00000000 96.50000000
v 40.00000000 74.50000000 97.00000000
v 40.00000000 74.50000000 98.00000000
v 40.00000000 76.00000000 55.50000000
v 40.00000000 75.50000000 56.00000000
v 40.00000000 75.50000000 66.00000000
v 40.00000000 76.00000000 65.50000000
v 39.50000000 76.00000000 94.00000000
v 40.00000000 76.00000000 93.50000000
v 40.00000000 75.50000000 94.00000000
v 39.50000000 76.00000000 95.00000000
v 39.50000000 76.00000000 96.00000000
v 40.00000000 76.00000000 96.50000000
v 40.00000000 77.00000000 55.50000000
v 40.00000000 76.50000000 65.00000000
v 40.00000000 77.00000000 64.50000000
v 40.00000000 76.50000000 94.00000000
v 39.50000000 77.00000000 95.00000000
v 40.00000000 77.00000000 94.50000000
v 40.00000000 77.00000000 95.50000000
v 40.00000000 76.50000000 96.00000000
v 40.00000000 77.50000000 56.00000000
v 40.00000000 78.00000000 56.50000000
v 40.00000000 78.00000000 64.50000000
v 40.00000000 77.50000000 95.00000000
v 40.00000000 78.50000000 57.00000000
v 40.00000000 78.50000000 58.00000000
v 40.00000000 79.00000000 58.50000000
v 40.00000000 79.00000000 64.50000000
v 40.00000000 79.50000000 59.00000000
v 40.00000000 79.50000000 60.00000000
v 40.00000000 80.00000000 60.50000000
v 40.00000000 80.00000000 64.50000000
v 40.00000000 80.50000000 61.00000000
v 40.00000000 81.00000000 61.50000000
v 40.00000000 80.50000000 65.00000000
v 40.00000000 81.00000000 65.50000000
v 40.00000000 81.50000000 62.00000000
v 40.00000000 82.00000000 62.50000000
v 40.00000000 81.50000000 66.00000000
v 40.00000000 82.00000000 66.50000000
v 40.00000000 82.50000000 63.00000000
v 40.00000000 83.00000000 63.50000000
v 40.00000000 82.50000000 67.00000000
v 40.00000000 82.50000000 68.00000000
v 40.00000000 83.00000000 68.50000000
v 40.00000000 83.50000000 64.00000000
v 40.00000000 84.00000000 64.50000000
v 40.00000000 83.50000000 69.00000000
v 40.00000000 83.50000000 70.00000000
v 40.00000000 83.50000000 71.00000000
v 39.50000000 84.00000000 72.00000000
v 40.00000000 84.00000000 71.50000000
v 40.00000000 83.50000000 73.00000000
v 40.00000000 84.00000000 72.50000000
v 39.50000000 84.00000000 73.00000000
v 40.00000000 84.00000000 73.50000000
v 40.00000000 84.50000000 65.00000000
v 39.50000000 85.00000000 66.00000000
v 40.00000000 84.50000000 66.00000000
v 40.00000000 85.00000000 66.50000000
v 39.50000000 85.00000000 71.00000000
v 40.00000000 84.50000000 71.00000000
v 40.00000000 85.00000000 70.50000000
v 39.50000000 85.00000000 72.00000000
v 40.00000000 84.50000000 73.00000000
v 39.50000000 85.00000000 73.00000000
v 39.50000000 85.00000000 74.00000000
v 40.00000000 85.00000000 73.50000000
v 40.00000000 84.50000000 74.00000000
v 40.00000000 85.00000000 74.50000000
v 39.50000000 85.00000000 75.00000000
v 40.00000000 85.50000000 67.00000000
v 39.50000000 86.00000000 68.00000000
v 40.00000000 85.50000000 68.00000000
v 39.50000000 86.00000000 69.00000000
v 40.00000000 85.50000000 69.00000000
v 39.50000000 86.00000000 70.00000000
v 40.00000000 85.50000000 70.00000000
v 39.50000000 86.00000000 71.00000000
v 40.00000000 85.50000000 74.00000000
v 40.00000000 85.50000000 75.00000000
v 40.00000000 86.00000000 74.50000000
v 40.00000000 85.50000000 76.00000000
v 39.50000000 86.00000000 76.00000000
v 40.00000000 86.00000000 76.50000000
v 39.50000000 87.00000000 75.00000000
v 40.00000000 87.00000000 74.50000000
v 39.50000000 87.00000000 76.00000000
v 40.00000000 86.50000000 77.00000000
v 39.50000000 87.00000000 77.00000000
v 40.00000000 87.00000000 77.50000000
v 39.50000000 88.00000000 61.00000000
v 40.00000000 88.00000000 60.50000000
v 40.00000000 87.50000000 61.00000000
v 40.00000000 87.50000000 62.00000000
v 39.50000000 88.00000000 62.00000000
v 40.00000000 87.50000000 63.00000000
v 39.50000000 88.00000000 63.00000000
v 40.00000000 87.50000000 64.00000000
v 39.50000000 88.00000000 64.00000000
v 40.00000000 88.00000000 64.50000000
v 40.00000000 87.50000000 75.00000000
v 40.00000000 87.50000000 76.00000000
v 39.50000000 88.00000000 77.00000000
v 40.00000000 88.00000000 76.50000000
v 40.00000000 88.00000000 77.50000000
v 40.00000000 89.00000000 60.50000000
v 40.00000000 88.50000000 65.00000000
v 40.00000000 88.50000000 66.00000000
v 39.50000000 89.00000000 66.00000000
v 40.00000000 88.50000000 67.00000000
v 39.50000000 89.00000000 67.00000000
v 40.00000000 88.50000000 68.00000000
v 39.50000000 89.00000000 68.00000000
v 40.00000000 88.50000000 69.00000000
v 39.50000000 89.00000000 69.00000000
v 40.00000000 89.00000000 69.50000000
v 39.50000000 89.00000000 71.00000000
v 40.00000000 89.00000000 70.50000000
v 40.00000000 88.50000000 71.00000000
v 40.00000000 89.00000000 71.50000000
v 39.50000000 89.00000000 77.00000000
v 40.00000000 89.00000000 76.50000000
v 40.00000000 88.50000000 78.00000000
v 40.00000000 89.00000000 78.50000000
v 40.00000000 89.50000000 61.00000000
v 40.00000000 90.00000000 61.50000000
v 40.00000000 89.50000000 70.00000000
v 40.00000000 89.50000000 72.00000000
v 40.00000000 89.50000000 73.00000000
v 40.00000000 89.50000000 74.00000000
v 40.00000000 89.50000000 75.00000000
v 39.50000000 90.00000000 75.00000000
v 40.00000000 89.50000000 76.00000000
v 39.50000000 90.00000000 76.00000000
v 39.50000000 90.00000000 77.00000000
v 39.50000000 90.00000000 78.00000000
v 40.00000000 90.00000000 78.50000000
v 40.00000000 90.50000000 62.00000000
v 40.00000000 90.50000000 63.00000000
v 40.00000000 91.00000000 63.50000000
v 39.50000000 91.00000000 77.00000000
v 40.00000000 91.00000000 77.50000000
v 40.00000000 90.50000000 78.00000000
v 40.00000000 91.50000000 64.00000000
v 40.00000000 91.50000000 65.00000000
v 39.50000000 92.00000000 66.00000000
v 40.00000000 92.00000000 65.50000000
v 39.50000000 92.00000000 67.00000000
v 40.00000000 92.00000000 67.50000000
v 40.00000000 91.50000000 68.00000000
v 40.00000000 91.50000000 69.00000000
v 40.00000000 91.50000000 70.00000000
v 40.00000000 91.50000000 71.00000000
v 40.00000000 92.00000000 71.50000000
v 39.50000000 92.00000000 77.00000000
v 40.00000000 92.00000000 77.50000000
v 40.00000000 92.50000000 66.00000000
v 40.00000000 92.50000000 67.00000000
v 40.00000000 92.50000000 72.00000000
v 40.00000000 92.50000000 73.00000000
v 40.00000000 92.50000000 74.00000000
v 39.50000000 93.00000000 75.00000000
v 40.00000000 93.00000000 74.50000000
v 39.50000000 93.00000000 76.00000000
v 40.00000000 93.00000000 76.50000000
v 40.00000000 92.50000000 77.00000000
v 40.00000000 93.50000000 75.00000000
v 40.00000000 93.50000000 76.00000000
v 41.00000000 59.00000000 74.50000000
v 41.00000000 58.50000000 75.00000000
v 41.00000000 58.50000000 76.00000000
v 41.00000000 58.50000000 77.00000000
v 41.00000000 58.50000000 78.00000000
v 40.50000000 59.00000000 78.00000000
v 41.00000000 58.50000000 79.00000000
v 41.00000000 59.00000000 79.50000000
v 40.50000000 60.00000000 75.00000000
v 41.00000000 60.00000000 74.50000000
v 40.50000000 60.00000000 76.00000000
v 41.00000000 59.50000000 80.00000000
v 40.50000000 60.00000000 80.00000000
v 41.00000000 60.00000000 80.50000000
v 40.50000000 61.00000000 74.00000000
v 41.00000000 61.00000000 73.50000000
v 41.00000000 60.50000000 74.00000000
v 41.00000000 60.50000000 81.00000000
v 41.00000000 60.50000000 82.00000000
v 41.00000000 60.50000000 83.00000000
v 40.50000000 61.00000000 83.00000000
v 41.00000000 61.00000000 83.50000000
v 41.00000000 61.50000000 74.00000000
v 40.50000000 62.00000000 75.00000000
v 41.00000000 62.00000000 74.50000000
v 41.00000000 61.50000000 84.00000000
v 40.50000000 62.00000000 84.00000000
v 41.00000000 62.00000000 84.50000000
v 40.50000000 63.00000000 74.00000000
v 41.00000000 63.00000000 73.50000000
v 41.00000000 62.50000000 74.00000000
v 40.50000000 63.00000000 75.00000000
v 40.50000000 63.00000000 84.00000000
v 41.00000000 63.00000000 84.50000000
v 40.50000000 64.00000000 74.00000000
v 41.00000000 64.00000000 73.50000000
v 41.00000000 63.50000000 84.00000000
v 41.00000000 64.00000000 83.50000000
v 40.50000000 65.00000000 72.00000000
v 41.00000000 65.00000000 71.50000000
v 41.00000000 64.50000000 72.00000000
v 41.00000000 64.50000000 73.00000000
v 41.00000000 64.50000000 83.00000000
v 41.00000000 65.00000000 82.50000000
v 41.00000000 66.00000000 70.50000000
v 41.00000000 65.50000000 71.00000000
v 41.00000000 65.50000000 83.00000000
v 40.50000000 66.00000000 83.00000000
v 41.00000000 66.00000000 83.50000000
v 40.50000000 67.00000000 69.00000000
v 41.00000000 67.00000000 69.50000000
v 41.00000000 66.50000000 70.00000000
v 41.00000000 66.50000000 84.00000000
v 40.50000000 67.00000000 84.00000000
v 41.00000000 66.50000000 85.00000000
v 41.00000000 66.50000000 86.00000000
v 41.00000000 66.50000000 87.00000000
v 41.00000000 66.50000000 88.00000000
v 41.00000000 66.50000000 89.00000000
v 40.50000000 67.00000000 90.00000000
v 41.00000000 67.00000000 89.50000000
v 40.50000000 68.00000000 67.00000000
v 41.00000000 68.00000000 67.50000000
v 41.00000000 67.50000000 68.00000000
v 41.00000000 67.50000000 69.00000000
v 41.00000000 67.50000000 90.00000000
v 41.00000000 67.50000000 91.00000000
v 40.50000000 68.00000000 92.00000000
v 41.00000000 68.00000000 91.50000000
v 41.00000000 69.00000000 64.50000000
v 41.00000000 68.50000000 65.00000000
v 41.00000000 68.50000000 66.00000000
v 41.00000000 68.50000000 67.00000000
v 41.00000000 68.50000000 79.00000000
v 41.00000000 69.00000000 78.50000000
v 41.00000000 68.50000000 80.00000000
v 41.00000000 68.50000000 81.00000000
v 40.50000000 69.00000000 82.00000000
v 41.00000000 68.50000000 82.00000000
v 40.50000000 69.00000000 83.00000000
v 41.00000000 68.50000000 83.00000000
v 40.50000000 69.00000000 84.00000000
v 41.00000000 68.50000000 84.00000000
v 40.50000000 69.00000000 85.00000000
v 41.00000000 68.50000000 85.00000000
v 41.00000000 68.50000000 86.00000000
v 41.00000000 68.50000000 87.00000000
v 41.00000000 68.50000000 88.00000000
v 40.50000000 69.00000000 89.00000000
v 41.00000000 69.00000000 88.50000000
v 41.00000000 68.50000000 92.00000000
v 40.50000000 69.00000000 93.00000000
v 41.00000000 69.00000000 92.50000000
v 40.50000000 69.00000000 94.00000000
v 40.50000000 70.00000000 64.00000000
v 41.00000000 70.00000000 63.50000000
v 41.00000000 69.50000000 64.00000000
v 41.00000000 69.50000000 75.00000000
v 41.00000000 70.00000000 74.50000000
v 41.00000000 69.50000000 76.00000000
v 41.00000000 69.50000000 77.00000000
v 41.00000000 69.50000000 78.00000000
v 41.00000000 69.50000000 89.00000000
v 41.00000000 69.50000000 90.00000000
v 41.00000000 69.50000000 91.00000000
v 41.00000000 70.00000000 91.50000000
v 41.00000000 69.50000000 93.00000000
v 41.00000000 69.50000000 94.00000000
v 40.50000000 70.00000000 95.00000000
v 41.00000000 70.00000000 94.50000000
v 40.50000000 70.00000000 96.00000000
v 40.50000000 71.00000000 64.00000000
v 41.00000000 71.00000000 63.50000000
v 41.00000000 70.50000000 73.00000000
v 41.00000000 71.00000000 72.50000000
v 41.00000000 70.50000000 74.00000000
v 41.00000000 70.50000000 92.00000000
v 41.00000000 71.00000000 92.50000000
v 41.00000000 70.50000000 95.00000000
v 41.00000000 71.00000000 95.50000000
v 40.50000000 71.00000000 96.00000000
v 40.50000000 72.00000000 60.00000000
v 41.00000000 72.00000000 59.50000000
v 41.00000000 71.50000000 60.00000000
v 41.00000000 71.50000000 61.00000000
v 40.50000000 72.00000000 61.00000000
v 41.00000000 71.50000000 62.00000000
v 40.50000000 72.00000000 62.00000000
v 41.00000000 71.50000000 63.00000000
v 40.50000000 72.00000000 63.00000000
v 40.50000000 72.00000000 64.00000000
v 41.00000000 71.50000000 71.00000000
v 41.00000000 72.00000000 70.50000000
v 41.00000000 71.50000000 72.00000000
v 41.00000000 71.50000000 93.00000000
v 41.00000000 72.00000000 93.50000000
v 41.00000000 71.50000000 96.00000000
v 41.00000000 71.50000000 97.00000000
v 41.00000000 72.00000000 97.50000000
v 40.50000000 73.00000000 58.00000000
v 41.00000000 73.00000000 57.50000000
v 41.00000000 72.50000000 58.00000000
v 41.00000000 72.50000000 59.00000000
v 41.00000000 72.50000000 70.00000000
v 41.00000000 73.00000000 69.50000000
v 40.50000000 73.00000000 94.00000000
v 41.00000000 73.00000000 93.50000000
v 41.00000000 72.50000000 98.00000000
v 41.00000000 73.00000000 98.50000000
v 41.00000000 74.00000000 56.50000000
v 41.00000000 73.50000000 57.00000000
v 41.00000000 73.50000000 68.00000000
v 41.00000000 74.00000000 67.50000000
v 41.00000000 73.50000000 69.00000000
v 41.00000000 73.50000000 94.00000000
v 41.00000000 74.00000000 94.50000000
v 41.00000000 74.00000000 98.50000000
v 40.50000000 75.00000000 56.00000000
v 41.00000000 75.00000000 55.50000000
v 41.00000000 74.50000000 56.00000000
v 41.00000000 74.50000000 67.00000000
v 41.00000000 75.00000000 66.50000000
v 40.50000000 75.00000000 94.00000000
v 41.00000000 75.00000000 93.50000000
v 41.00000000 74.50000000 94.00000000
v 40.50000000 75.00000000 97.00000000
v 40.50000000 75.00000000 98.00000000
v 41.00000000 75.00000000 98.50000000
v 41.00000000 76.00000000 55.50000000
v 41.00000000 75.50000000 66.00000000
v 41.00000000 76.00000000 65.50000000
v 41.00000000 76.00000000 93.50000000
v 41.00000000 75.50000000 97.00000000
v 41.00000000 76.00000000 96.50000000
v 41.00000000 75.50000000 98.00000000
v 41.00000000 77.00000000 55.50000000
v 41.00000000 76.50000000 65.00000000
v 41.00000000 77.00000000 64.50000000
v 41.00000000 76.50000000 94.00000000
v 40.50000000 77.00000000 95.00000000
v 41.00000000 76.50000000 95.00000000
v 40.50000000 77.00000000 96.00000000
v 41.00000000 77.00000000 95.50000000
v 41.00000000 77.00000000 96.50000000
v 40.50000000 78.00000000 56.00000000
v 41.00000000 78.00000000 55.50000000
v 41.00000000 78.00000000 64.50000000
v 41.00000000 77.50000000 96.00000000
v 41.00000000 78.50000000 56.00000000
v 40.50000000 79.00000000 57.00000000
v 41.00000000 79.00000000 56.50000000
v 40.50000000 79.00000000 58.00000000
v 41.00000000 79.00000000 64.50000000
v 41.00000000 79.50000000 57.00000000
v 41.00000000 79.50000000 58.00000000
v 40.50000000 80.00000000 59.00000000
v 41.00000000 80.00000000 58.50000000
v 40.50000000 80.00000000 60.00000000
v 41.00000000 80.00000000 64.50000000
v 41.00000000 80.50000000 59.00000000
v 41.00000000 80.50000000 60.00000000
v 40.50000000 81.00000000 61.00000000
v 41.00000000 81.00000000 60.50000000
v 41.00000000 80.50000000 65.00000000
v 41.00000000 81.00000000 65.50000000
v 41.00000000 81.50000000 61.00000000
v 40.50000000 82.00000000 62.00000000
v 41.00000000 82.00000000 61.50000000
v 41.00000000 81.50000000 66.00000000
v 41.00000000 82.00000000 66.50000000
v 41.00000000 82.50000000 62.00000000
v 41.00000000 82.50000000 63.00000000
v 41.00000000 83.00000000 63.50000000
v 41.00000000 82.50000000 67.00000000
v 41.00000000 82.50000000 68.00000000
v 41.00000000 83.00000000 68.50000000
v 41.00000000 83.50000000 64.00000000
v 41.00000000 84.00000000 64.50000000
v 41.00000000 83.50000000 69.00000000
v 41.00000000 83.50000000 70.00000000
v 40.50000000 84.00000000 71.00000000
v 41.00000000 84.00000000 70.50000000
v 40.50000000 84.00000000 73.00000000
v 41.00000000 84.50000000 65.00000000
v 40.50000000 85.00000000 66.00000000
v 41.00000000 85.00000000 65.50000000
v 40.50000000 85.00000000 71.00000000
v 41.00000000 84.50000000 71.00000000
v 41.00000000 84.50000000 72.00000000
v 40.50000000 85.00000000 72.00000000
v 41.00000000 84.50000000 73.00000000
v 40.50000000 85.00000000 73.00000000
v 41.00000000 84.50000000 74.00000000
v 41.00000000 84.50000000 75.00000000
v 40.50000000 85.00000000 75.00000000
v 41.00000000 85.00000000 75.50000000
v 40.50000000 86.00000000 60.00000000
v 41.00000000 86.00000000 59.50000000
v 41.00000000 85.50000000 60.00000000
v 41.00000000 86.00000000 60.50000000
v 41.00000000 85.50000000 66.00000000
v 41.00000000 85.50000000 67.00000000
v 41.00000000 85.50000000 68.00000000
v 41.00000000 85.50000000 69.00000000
v 41.00000000 85.50000000 70.00000000
v 41.00000000 85.50000000 71.00000000
v 41.00000000 85.50000000 72.00000000
v 40.50000000 86.00000000 73.00000000
v 41.00000000 86.00000000 72.50000000
v 40.50000000 86.00000000 74.00000000
v 41.00000000 85.50000000 76.00000000
v 41.00000000 86.00000000 76.50000000
v 40.50000000 87.00000000 60.00000000
v 41.00000000 87.00000000 59.50000000
v 41.00000000 86.50000000 61.00000000
v 40.50000000 87.00000000 61.00000000
v 41.00000000 86.50000000 62.00000000
v 40.50000000 87.00000000 62.00000000
v 41.00000000 86.50000000 63.00000000
v 40.50000000 87.00000000 63.00000000
v 41.00000000 87.00000000 63.50000000
v 40.50000000 87.00000000 73.00000000
v 41.00000000 87.00000000 72.50000000
v 40.50000000 87.00000000 74.00000000
v 41.00000000 86.50000000 77.00000000
v 41.00000000 87.00000000 77.50000000
v 40.50000000 88.00000000 60.00000000
v 41.00000000 88.00000000 59.50000000
v 41.00000000 87.50000000 64.00000000
v 41.00000000 87.50000000 65.00000000
v 40.50000000 88.00000000 65.00000000
v 41.00000000 87.50000000 66.00000000
v 40.50000000 88.00000000 66.00000000
v 41.00000000 87.50000000 67.00000000
v 40.50000000 88.00000000 67.00000000
v 41.00000000 87.50000000 68.00000000
v 40.50000000 88.00000000 68.00000000
v 41.00000000 88.00000000 68.50000000
v 40.50000000 88.00000000 70.00000000
v 41.00000000 88.00000000 69.50000000
v 41.00000000 87.50000000 70.00000000
v 41.00000000 87.50000000 71.00000000
v 40.50000000 88.00000000 71.00000000
v 41.00000000 87.50000000 72.00000000
v 40.50000000 88.00000000 72.00000000
v 40.50000000 88.00000000 73.00000000
v 40.50000000 88.00000000 74.00000000
v 40.50000000 88.00000000 75.00000000
v 40.50000000 88.00000000 76.00000000
v 41.00000000 88.00000000 77.50000000
v 40.50000000 89.00000000 60.00000000
v 41.00000000 89.00000000 59.50000000
v 41.00000000 88.50000000 69.00000000
v 40.50000000 89.00000000 70.00000000
v 40.50000000 89.00000000 72.00000000
v 40.50000000 89.00000000 73.00000000
v 40.50000000 89.00000000 74.00000000
v 40.50000000 89.00000000 75.00000000
v 40.50000000 89.00000000 76.00000000
v 41.00000000 88.50000000 78.00000000
v 41.00000000 89.00000000 78.50000000
v 41.00000000 89.50000000 60.00000000
v 41.00000000 89.50000000 61.00000000
v 41.00000000 90.00000000 61.50000000
v 41.00000000 90.00000000 78.50000000
v 41.00000000 90.50000000 62.00000000
v 41.00000000 90.50000000 63.00000000
v 41.00000000 91.00000000 63.50000000
v 40.50000000 91.00000000 78.00000000
v 41.00000000 91.00000000 78.50000000
v 41.00000000 91.50000000 64.00000000
v 41.00000000 91.50000000 65.00000000
v 41.00000000 92.00000000 65.50000000
v 40.50000000 92.00000000 68.00000000
v 40.50000000 92.00000000 69.00000000
v 40.50000000 92.00000000 70.00000000
v 40.50000000 92.00000000 71.00000000
v 40.50000000 92.00000000 78.00000000
v 41.00000000 92.00000000 78.50000000
v 41.00000000 92.50000000 66.00000000
v 41.00000000 92.50000000 67.00000000
v 41.00000000 92.50000000 68.00000000
v 41.00000000 92.50000000 69.00000000
v 41.00000000 92.50000000 70.00000000
v 41.00000000 92.50000000 71.00000000
v 41.00000000 92.50000000 72.00000000
v 41.00000000 92.50000000 73.00000000
v 41.00000000 92.50000000 74.00000000
v 41.00000000 93.00000000 74.50000000
v 40.50000000 93.00000000 77.00000000
v 41.00000000 93.00000000 77.50000000
v 41.00000000 92.50000000 78.00000000
v 41.00000000 93.50000000 75.00000000
v 41.00000000 93.50000000 76.00000000
v 41.00000000 93.50000000 77.00000000
v 41.50000000 58.00000000 76.00000000
v 42.00000000 58.00000000 75.50000000
v 42.00000000 57.50000000 76.00000000
v 42.00000000 57.50000000 77.00000000
v 41.50000000 58.00000000 77.00000000
v 42.00000000 58.00000000 77.50000000
v 41.50000000 59.00000000 74.00000000
v 42.00000000 59.00000000 73.50000000
v 42.00000000 58.50000000 74.00000000
v 42.00000000 58.50000000 75.00000000
v 42.00000000 58.50000000 78.00000000
v 42.00000000 58.50000000 79.00000000
v 42.00000000 58.50000000 80.00000000
v 41.50000000 59.00000000 80.00000000
v 42.00000000 58.50000000 81.00000000
v 41.50000000 59.00000000 81.00000000
v 42.00000000 59.00000000 81.50000000
v 41.50000000 60.00000000 73.00000000
v 42.00000000 60.00000000 72.50000000
v 42.00000000 59.50000000 73.00000000
v 41.50000000 60.00000000 74.00000000
v 41.50000000 60.00000000 81.00000000
v 42.00000000 60.00000000 81.50000000
v 41.50000000 61.00000000 72.00000000
v 42.00000000 61.00000000 71.50000000
v 42.00000000 60.50000000 72.00000000
v 41.50000000 61.00000000 73.00000000
v 42.00000000 60.50000000 82.00000000
v 42.00000000 60.50000000 83.00000000
v 42.00000000 61.00000000 83.50000000
v 42.00000000 61.50000000 72.00000000
v 41.50000000 62.00000000 73.00000000
v 42.00000000 62.00000000 72.50000000
v 41.50000000 62.00000000 74.00000000
v 42.00000000 61.50000000 84.00000000
v 42.00000000 62.00000000 84.50000000
v 41.50000000 63.00000000 72.00000000
v 42.00000000 63.00000000 71.50000000
v 42.00000000 62.50000000 72.00000000
v 41.50000000 63.00000000 73.00000000
v 42.00000000 63.00000000 84.50000000
v 41.50000000 64.00000000 72.00000000
v 42.00000000 64.00000000 71.50000000
v 41.50000000 64.00000000 73.00000000
v 41.50000000 64.00000000 84.00000000
v 42.00000000 64.00000000 84.50000000
v 42.00000000 65.00000000 71.50000000
v 41.50000000 65.00000000 83.00000000
v 42.00000000 65.00000000 83.50000000
v 42.00000000 64.50000000 84.00000000
v 42.00000000 66.00000000 70.50000000
v 42.00000000 65.50000000 71.00000000
v 42.00000000 65.50000000 84.00000000
v 41.50000000 66.00000000 84.00000000
v 42.00000000 66.00000000 84.50000000
v 42.00000000 67.00000000 69.50000000
v 42.00000000 66.50000000 70.00000000
v 42.00000000 66.50000000 85.00000000
v 42.00000000 66.50000000 86.00000000
v 42.00000000 66.50000000 87.00000000
v 41.50000000 67.00000000 88.00000000
v 42.00000000 67.00000000 87.50000000
v 41.50000000 67.00000000 89.00000000
v 41.50000000 68.00000000 68.00000000
v 42.00000000 68.00000000 68.50000000
v 42.00000000 67.50000000 69.00000000
v 42.00000000 67.50000000 88.00000000
v 42.00000000 67.50000000 89.00000000
v 41.50000000 68.00000000 90.00000000
v 42.00000000 68.00000000 89.50000000
v 41.50000000 68.00000000 91.00000000
v 41.50000000 69.00000000 65.00000000
v 42.00000000 69.00000000 65.50000000
v 42.00000000 68.50000000 66.00000000
v 42.00000000 68.50000000 67.00000000
v 42.00000000 68.50000000 68.00000000
v 42.00000000 68.50000000 79.00000000
v 42.00000000 69.00000000 78.50000000
v 42.00000000 68.50000000 80.00000000
v 42.00000000 68.50000000 81.00000000
v 42.00000000 68.50000000 82.00000000
v 42.00000000 68.50000000 83.00000000
v 42.00000000 68.50000000 84.00000000
v 42.00000000 68.50000000 85.00000000
v 42.00000000 68.50000000 86.00000000
v 42.00000000 68.50000000 87.00000000
v 42.00000000 68.50000000 88.00000000
v 42.00000000 69.00000000 88.50000000
v 42.00000000 68.50000000 90.00000000
v 42.00000000 69.00000000 90.50000000
v 41.50000000 69.00000000 91.00000000
v 41.50000000 69.00000000 92.00000000
v 42.00000000 70.00000000 63.50000000
v 42.00000000 69.50000000 64.00000000
v 42.00000000 69.50000000 65.00000000
v 42.00000000 69.50000000 75.00000000
v 42.00000000 70.00000000 74.50000000
v 42.00000000 69.50000000 76.00000000
v 42.00000000 69.50000000 77.00000000
v 42.00000000 69.50000000 78.00000000
v 42.00000000 69.50000000 89.00000000
v 41.50000000 70.00000000 90.00000000
v 42.00000000 70.00000000 89.50000000
v 42.00000000 70.00000000 90.50000000
v 41.50000000 70.00000000 92.00000000
v 41.50000000 70.00000000 93.00000000
v 41.50000000 70.00000000 94.00000000
v 41.50000000 71.00000000 62.00000000
v 42.00000000 71.00000000 61.50000000
v 42.00000000 70.50000000 62.00000000
v 42.00000000 70.50000000 63.00000000
v 41.50000000 71.00000000 63.00000000
v 42.00000000 70.50000000 73.00000000
v 42.00000000 71.00000000 72.50000000
v 42.00000000 70.50000000 74.00000000
v 42.00000000 70.50000000 90.00000000
v 41.50000000 71.00000000 93.00000000
v 41.50000000 71.00000000 94.00000000
v 41.50000000 71.00000000 95.00000000
v 41.50000000 72.00000000 58.00000000
v 42.00000000 72.00000000 57.50000000
v 42.00000000 71.50000000 58.00000000
v 42.00000000 71.50000000 59.00000000
v 41.50000000 72.00000000 59.00000000
v 42.00000000 71.50000000 60.00000000
v 42.00000000 71.50000000 61.00000000
v 41.50000000 72.00000000 71.00000000
v 42.00000000 72.00000000 71.50000000
v 42.00000000 71.50000000 72.00000000
v 42.00000000 71.50000000 94.00000000
v 42.00000000 72.00000000 93.50000000
v 42.00000000 71.50000000 95.00000000
v 42.00000000 71.50000000 96.00000000
v 41.50000000 72.00000000 97.00000000
v 42.00000000 72.00000000 96.50000000
v 41.50000000 73.00000000 57.00000000
v 42.00000000 73.00000000 56.50000000
v 42.00000000 72.50000000 57.00000000
v 42.00000000 72.50000000 70.00000000
v 42.00000000 73.00000000 69.50000000
v 42.00000000 72.50000000 71.00000000
v 42.00000000 73.00000000 93.50000000
v 42.00000000 72.50000000 97.00000000
v 42.00000000 72.50000000 98.00000000
v 42.00000000 73.00000000 98.50000000
v 42.00000000 74.00000000 56.50000000
v 42.00000000 73.50000000 68.00000000
v 42.00000000 74.00000000 67.50000000
v 42.00000000 73.50000000 69.00000000
v 41.50000000 74.00000000 94.00000000
v 42.00000000 74.00000000 93.50000000
v 42.00000000 74.00000000 98.50000000
v 42.00000000 75.00000000 55.50000000
v 42.00000000 74.50000000 56.00000000
v 42.00000000 74.50000000 67.00000000
v 42.00000000 75.00000000 66.50000000
v 42.00000000 75.00000000 93.50000000
v 42.00000000 75.00000000 98.50000000
v 42.00000000 76.00000000 55.50000000
v 42.00000000 75.50000000 66.00000000
v 42.00000000 76.00000000 65.50000000
v 42.00000000 76.00000000 93.50000000
v 41.50000000 76.00000000 97.00000000
v 41.50000000 76.00000000 98.00000000
v 42.00000000 76.00000000 98.50000000
v 41.50000000 77.00000000 55.00000000
v 42.00000000 77.00000000 54.50000000
v 42.00000000 76.50000000 55.00000000
v 42.00000000 76.50000000 65.00000000
v 42.00000000 77.00000000 64.50000000
v 42.00000000 76.50000000 94.00000000
v 42.00000000 76.50000000 95.00000000
v 42.00000000 77.00000000 95.50000000
v 42.00000000 76.50000000 97.00000000
v 42.00000000 77.00000000 96.50000000
v 42.00000000 76.50000000 98.00000000
v 42.00000000 77.50000000 55.00000000
v 42.00000000 78.00000000 55.50000000
v 42.00000000 78.00000000 64.50000000
v 42.00000000 77.50000000 96.00000000
v 41.50000000 79.00000000 56.00000000
v 42.00000000 79.00000000 55.50000000
v 42.00000000 79.00000000 64.50000000
v 42.00000000 79.50000000 56.00000000
v 41.50000000 80.00000000 57.00000000
v 42.00000000 80.00000000 56.50000000
v 41.50000000 80.00000000 58.00000000
v 42.00000000 79.50000000 65.00000000
v 41.50000000 80.00000000 65.00000000
v 42.00000000 80.00000000 65.50000000
v 42.00000000 80.50000000 57.00000000
v 41.50000000 81.00000000 58.00000000
v 42.00000000 81.00000000 57.50000000
v 41.50000000 81.00000000 59.00000000
v 41.50000000 81.00000000 60.00000000
v 42.00000000 81.00000000 65.50000000
v 41.50000000 82.00000000 58.00000000
v 42.00000000 82.00000000 57.50000000
v 41.50000000 82.00000000 59.00000000
v 41.50000000 82.00000000 60.00000000
v 41.50000000 82.00000000 61.00000000
v 42.00000000 81.50000000 66.00000000
v 42.00000000 81.50000000 67.00000000
v 41.50000000 82.00000000 67.00000000
v 42.00000000 82.00000000 67.50000000
v 41.50000000 83.00000000 58.00000000
v 42.00000000 83.00000000 57.50000000
v 41.50000000 83.00000000 59.00000000
v 41.50000000 83.00000000 60.00000000
v 41.50000000 83.00000000 61.00000000
v 41.50000000 83.00000000 62.00000000
v 41.50000000 83.00000000 63.00000000
v 42.00000000 82.50000000 68.00000000
v 42.00000000 83.00000000 68.50000000
v 41.50000000 84.00000000 58.00000000
v 42.00000000 84.00000000 57.50000000
v 41.50000000 84.00000000 59.00000000
v 41.50000000 84.00000000 60.00000000
v 41.50000000 84.00000000 61.00000000
v 42.00000000 84.00000000 61.50000000
v 42.00000000 83.50000000 62.00000000
v 41.50000000 84.00000000 63.00000000
v 42.00000000 84.00000000 62.50000000
v 41.50000000 84.00000000 64.00000000
v 42.00000000 83.50000000 69.00000000
v 42.00000000 83.50000000 70.00000000
v 42.00000000 83.50000000 71.00000000
v 41.50000000 84.00000000 71.00000000
v 42.00000000 84.00000000 71.50000000
v 41.50000000 85.00000000 58.00000000
v 42.00000000 85.00000000 57.50000000
v 41.50000000 85.00000000 59.00000000
v 41.50000000 85.00000000 60.00000000
v 41.50000000 85.00000000 61.00000000
v 42.00000000 84.50000000 62.00000000
v 41.50000000 85.00000000 62.00000000
v 41.50000000 85.00000000 63.00000000
v 42.00000000 85.00000000 63.50000000
v 42.00000000 84.50000000 64.00000000
v 41.50000000 85.00000000 65.00000000
v 42.00000000 85.00000000 64.50000000
v 42.00000000 84.50000000 72.00000000
v 42.00000000 84.50000000 73.00000000
v 42.00000000 84.50000000 74.00000000
v 41.50000000 85.00000000 75.00000000
v 42.00000000 85.00000000 74.50000000
v 41.50000000 86.00000000 58.00000000
v 42.00000000 86.00000000 57.50000000
v 41.50000000 86.00000000 59.00000000
v 41.50000000 86.00000000 61.00000000
v 41.50000000 86.00000000 62.00000000
v 41.50000000 86.00000000 63.00000000
v 42.00000000 85.50000000 64.00000000
v 41.50000000 86.00000000 64.00000000
v 41.50000000 86.00000000 65.00000000
v 41.50000000 86.00000000 66.00000000
v 41.50000000 86.00000000 67.00000000
v 41.50000000 86.00000000 68.00000000
v 41.50000000 86.00000000 69.00000000
v 41.50000000 86.00000000 70.00000000
v 41.50000000 86.00000000 71.00000000
v 41.50000000 86.00000000 72.00000000
v 42.00000000 85.50000000 75.00000000
v 41.50000000 86.00000000 76.00000000
v 42.00000000 86.00000000 75.50000000
v 42.00000000 86.50000000 58.00000000
v 41.50000000 87.00000000 59.00000000
v 42.00000000 87.00000000 58.50000000
v 41.50000000 87.00000000 64.00000000
v 41.50000000 87.00000000 65.00000000
v 41.50000000 87.00000000 66.00000000
v 41.50000000 87.00000000 67.00000000
v 41.50000000 87.00000000 68.00000000
v 41.50000000 87.00000000 69.00000000
v 41.50000000 87.00000000 70.00000000
v 41.50000000 87.00000000 71.00000000
v 41.50000000 87.00000000 72.00000000
v 42.00000000 86.50000000 76.00000000
v 41.50000000 87.00000000 77.00000000
v 42.00000000 87.00000000 76.50000000
v 42.00000000 87.50000000 59.00000000
v 42.00000000 88.00000000 59.50000000
v 41.50000000 88.00000000 69.00000000
v 42.00000000 87.50000000 77.00000000
v 42.00000000 88.00000000 77.50000000
v 42.00000000 89.00000000 59.50000000
v 41.50000000 89.00000000 78.00000000
v 42.00000000 89.00000000 77.50000000
v 42.00000000 89.50000000 60.00000000
v 42.00000000 89.50000000 61.00000000
v 42.00000000 90.00000000 61.50000000
v 41.50000000 90.00000000 78.00000000
v 42.00000000 90.00000000 77.50000000
v 42.00000000 90.50000000 62.00000000
v 42.00000000 90.50000000 63.00000000
v 42.00000000 91.00000000 63.50000000
v 41.50000000 91.00000000 78.00000000
v 42.00000000 91.00000000 77.50000000
v 42.00000000 91.50000000 64.00000000
v 42.00000000 91.50000000 65.00000000
v 42.00000000 92.00000000 65.50000000
v 41.50000000 92.00000000 78.00000000
v 42.00000000 92.00000000 77.50000000
v 42.00000000 92.50000000 66.00000000
v 41.50000000 93.00000000 67.00000000
v 42.00000000 93.00000000 66.50000000
v 41.50000000 93.00000000 68.00000000
v 41.50000000 93.00000000 69.00000000
v 42.00000000 93.00000000 69.50000000
v 42.00000000 92.50000000 70.00000000
v 42.00000000 92.50000000 71.00000000
v 42.00000000 92.50000000 72.00000000
v 42.00000000 92.50000000 73.00000000
v 42.00000000 92.50000000 74.00000000
v 42.00000000 93.00000000 74.50000000
v 42.00000000 93.00000000 77.50000000
v 42.00000000 93.50000000 67.00000000
v 42.00000000 93.50000000 68.00000000
v 42.00000000 93.50000000 69.00000000
v 42.00000000 93.50000000 75.00000000
v 42.00000000 93.50000000 76.00000000
v 42.00000000 93.50000000 77.00000000
v 42.50000000 58.00000000 75.00000000
v 43.00000000 58.00000000 74.50000000
v 43.00000000 57.50000000 75.00000000
v 43.00000000 57.50000000 76.00000000
v 43.00000000 57.50000000 77.00000000
v 43.00000000 57.50000000 78.00000000
v 42.50000000 58.00000000 78.00000000
v 43.00000000 58.00000000 78.50000000
v 42.50000000 59.00000000 73.00000000
v 43.00000000 59.00000000 72.50000000
v 43.00000000 58.50000000 73.00000000
v 43.00000000 58.50000000 74.00000000
v 43.00000000 58.50000000 79.00000000
v 43.00000000 58.50000000 80.00000000
v 43.00000000 58.50000000 81.00000000
v 43.00000000 59.00000000 81.50000000
v 42.50000000 60.00000000 72.00000000
v 43.00000000 60.00000000 71.50000000
v 43.00000000 59.50000000 72.00000000
v 43.00000000 59.50000000 82.00000000
v 42.50000000 60.00000000 82.00000000
v 43.00000000 60.00000000 82.50000000
v 42.50000000 61.00000000 71.00000000
v 43.00000000 61.00000000 70.50000000
v 43.00000000 60.50000000 71.00000000
v 43.00000000 60.50000000 83.00000000
v 43.00000000 61.00000000 83.50000000
v 42.50000000 62.00000000 71.00000000
v 43.00000000 62.00000000 70.50000000
v 42.50000000 62.00000000 72.00000000
v 43.00000000 61.50000000 84.00000000
v 43.00000000 62.00000000 84.50000000
v 42.50000000 63.00000000 71.00000000
v 43.00000000 63.00000000 70.50000000
v 43.00000000 62.50000000 85.00000000
v 42.50000000 63.00000000 85.00000000
v 43.00000000 63.00000000 85.50000000
v 42.50000000 64.00000000 71.00000000
v 43.00000000 64.00000000 70.50000000
v 42.50000000 64.00000000 85.00000000
v 43.00000000 64.00000000 85.50000000
v 42.50000000 65.00000000 71.00000000
v 43.00000000 65.00000000 70.50000000
v 42.50000000 65.00000000 84.00000000
v 43.00000000 65.00000000 84.50000000
v 43.00000000 64.50000000 85.00000000
v 43.00000000 66.00000000 70.50000000
v 43.00000000 65.50000000 85.00000000
v 42.50000000 66.00000000 85.00000000
v 43.00000000 66.00000000 85.50000000
v 43.00000000 67.00000000 69.50000000
v 43.00000000 66.50000000 70.00000000
v 43.00000000 66.50000000 86.00000000
v 42.50000000 67.00000000 87.00000000
v 43.00000000 67.00000000 86.50000000
v 43.00000000 68.00000000 68.50000000
v 43.00000000 67.50000000 69.00000000
v 43.00000000 67.50000000 87.00000000
v 42.50000000 68.00000000 88.00000000
v 43.00000000 68.00000000 87.50000000
v 42.50000000 68.00000000 89.00000000
v 42.50000000 69.00000000 66.00000000
v 42.50000000 69.00000000 67.00000000
v 43.00000000 69.00000000 67.50000000
v 43.00000000 68.50000000 68.00000000
v 42.50000000 69.00000000 79.00000000
v 43.00000000 69.00000000 79.50000000
v 43.00000000 68.50000000 80.00000000
v 43.00000000 68.50000000 81.00000000
v 43.00000000 68.50000000 82.00000000
v 42.50000000 69.00000000 83.00000000
v 43.00000000 69.00000000 82.50000000
v 43.00000000 69.00000000 83.50000000
v 43.00000000 68.50000000 84.00000000
v 42.50000000 69.00000000 85.00000000
v 43.00000000 69.00000000 84.50000000
v 43.00000000 69.00000000 85.50000000
v 43.00000000 68.50000000 86.00000000
v 42.50000000 69.00000000 87.00000000
v 43.00000000 69.00000000 86.50000000
v 42.50000000 68.50000000 87.50000000
v 43.00000000 68.50000000 88.00000000
v 42.50000000 69.00000000 88.00000000
v 42.50000000 69.00000000 89.00000000
v 43.00000000 69.00000000 88.50000000
v 42.50000000 69.00000000 90.00000000
v 42.50000000 70.00000000 63.00000000
v 43.00000000 70.00000000 62.50000000
v 43.00000000 69.50000000 63.00000000
v 43.00000000 69.50000000 64.00000000
v 43.00000000 69.50000000 65.00000000
v 43.00000000 69.50000000 66.00000000
v 43.00000000 69.50000000 67.00000000
v 43.00000000 69.50000000 75.00000000
v 43.00000000 70.00000000 74.50000000
v 43.00000000 69.50000000 76.00000000
v 43.00000000 69.50000000 77.00000000
v 43.00000000 69.50000000 78.00000000
v 43.00000000 69.50000000 79.00000000
v 43.00000000 69.50000000 83.00000000
v 43.00000000 69.50000000 85.00000000
v 43.00000000 69.50000000 87.00000000
v 43.00000000 69.50000000 88.00000000
v 42.50000000 70.00000000 89.00000000
v 43.00000000 69.50000000 89.00000000
v 43.00000000 70.00000000 88.50000000
v 42.50000000 70.00000000 90.00000000
v 43.00000000 70.00000000 89.50000000
v 42.50000000 71.00000000 60.00000000
v 43.00000000 71.00000000 59.50000000
v 43.00000000 70.50000000 60.00000000
v 43.00000000 70.50000000 61.00000000
v 42.50000000 71.00000000 61.00000000
v 43.00000000 70.50000000 62.00000000
v 43.00000000 70.50000000 73.00000000
v 43.00000000 71.00000000 72.50000000
v 43.00000000 70.50000000 74.00000000
v 43.00000000 70.50000000 89.00000000
v 43.00000000 72.00000000 57.50000000
v 43.00000000 71.50000000 58.00000000
v 43.00000000 71.50000000 59.00000000
v 43.00000000 71.50000000 72.00000000
v 43.00000000 72.00000000 71.50000000
v 43.00000000 72.00000000 93.50000000
v 43.00000000 71.50000000 94.00000000
v 42.50000000 72.00000000 95.00000000
v 43.00000000 72.00000000 94.50000000
v 42.50000000 72.00000000 96.00000000
v 43.00000000 73.00000000 56.50000000
v 43.00000000 72.50000000 57.00000000
v 42.50000000 73.00000000 70.00000000
v 43.00000000 73.00000000 70.50000000
v 43.00000000 72.50000000 71.00000000
v 42.50000000 73.00000000 93.00000000
v 43.00000000 73.00000000 92.50000000
v 43.00000000 72.50000000 93.00000000
v 43.00000000 72.50000000 95.00000000
v 43.00000000 72.50000000 96.00000000
v 43.00000000 72.50000000 97.00000000
v 42.50000000 73.00000000 98.00000000
v 43.00000000 73.00000000 97.50000000
v 43.00000000 74.00000000 56.50000000
v 42.50000000 74.00000000 68.00000000
v 43.00000000 74.00000000 68.50000000
v 43.00000000 73.50000000 69.00000000
v 43.00000000 73.50000000 70.00000000
v 43.00000000 73.50000000 93.00000000
v 43.00000000 74.00000000 93.50000000
v 43.00000000 73.50000000 98.00000000
v 43.00000000 74.00000000 98.50000000
v 43.00000000 75.00000000 55.50000000
v 43.00000000 74.50000000 56.00000000
v 42.50000000 75.00000000 67.00000000
v 43.00000000 75.00000000 67.50000000
v 43.00000000 74.50000000 68.00000000
v 42.50000000 75.00000000 93.00000000
v 43.00000000 75.00000000 92.50000000
v 43.00000000 74.50000000 93.00000000
v 43.00000000 74.50000000 99.00000000
v 42.50000000 75.00000000 99.00000000
v 43.00000000 75.00000000 99.50000000
v 42.50000000 76.00000000 55.00000000
v 43.00000000 76.00000000 54.50000000
v 43.00000000 75.50000000 55.00000000
v 42.50000000 76.00000000 66.00000000
v 43.00000000 76.00000000 66.50000000
v 43.00000000 75.50000000 67.00000000
v 43.00000000 75.50000000 93.00000000
v 43.00000000 76.00000000 93.50000000
v 43.00000000 75.50000000 99.00000000
v 43.00000000 76.00000000 98.50000000
v 43.00000000 77.00000000 54.50000000
v 42.50000000 77.00000000 65.00000000
v 43.00000000 77.00000000 65.50000000
v 43.00000000 76.50000000 66.00000000
v 42.50000000 77.00000000 94.00000000
v 43.00000000 77.00000000 93.50000000
v 42.50000000 77.00000000 95.00000000
v 42.50000000 77.00000000 97.00000000
v 43.00000000 77.00000000 97.50000000
v 43.00000000 76.50000000 98.00000000
v 42.50000000 78.00000000 55.00000000
v 43.00000000 78.00000000 54.50000000
v 42.50000000 78.00000000 65.00000000
v 43.00000000 78.00000000 65.50000000
v 43.00000000 77.50000000 94.00000000
v 43.00000000 77.50000000 95.00000000
v 43.00000000 77.50000000 96.00000000
v 43.00000000 77.50000000 97.00000000
v 43.00000000 78.50000000 55.00000000
v 43.00000000 79.00000000 55.50000000
v 42.50000000 79.00000000 65.00000000
v 43.00000000 79.00000000 65.50000000
v 42.50000000 80.00000000 56.00000000
v 43.00000000 80.00000000 55.50000000
v 43.00000000 80.00000000 65.50000000
v 42.50000000 81.00000000 56.00000000
v 43.00000000 81.00000000 55.50000000
v 42.50000000 81.00000000 57.00000000
v 43.00000000 80.50000000 66.00000000
v 42.50000000 81.00000000 66.00000000
v 43.00000000 81.00000000 66.50000000
v 43.00000000 81.50000000 56.00000000
v 42.50000000 82.00000000 57.00000000
v 43.00000000 82.00000000 56.50000000
v 43.00000000 82.00000000 66.50000000
v 42.50000000 82.00000000 67.00000000
v 42.50000000 83.00000000 56.00000000
v 43.00000000 83.00000000 55.50000000
v 43.00000000 82.50000000 56.00000000
v 42.50000000 83.00000000 57.00000000
v 43.00000000 82.50000000 67.00000000
v 43.00000000 82.50000000 68.00000000
v 43.00000000 83.00000000 68.50000000
v 43.00000000 83.50000000 56.00000000
v 42.50000000 84.00000000 57.00000000
v 43.00000000 84.00000000 56.50000000
v 42.50000000 84.00000000 62.00000000
v 43.00000000 83.50000000 69.00000000
v 43.00000000 83.50000000 70.00000000
v 42.50000000 84.00000000 71.00000000
v 43.00000000 84.00000000 70.50000000
v 42.50000000 85.00000000 57.00000000
v 43.00000000 85.00000000 56.50000000
v 42.50000000 85.00000000 64.00000000
v 43.00000000 84.50000000 71.00000000
v 43.00000000 84.50000000 72.00000000
v 43.00000000 84.50000000 73.00000000
v 43.00000000 84.50000000 74.00000000
v 43.00000000 84.50000000 75.00000000
v 42.50000000 85.00000000 75.00000000
v 43.00000000 85.00000000 75.50000000
v 43.00000000 85.50000000 57.00000000
v 43.00000000 86.00000000 57.50000000
v 43.00000000 86.00000000 75.50000000
v 42.50000000 87.00000000 58.00000000
v 43.00000000 87.00000000 57.50000000
v 43.00000000 86.50000000 76.00000000
v 43.00000000 87.00000000 76.50000000
v 43.00000000 87.50000000 58.00000000
v 43.00000000 87.50000000 59.00000000
v 43.00000000 88.00000000 59.50000000
v 43.00000000 87.50000000 77.00000000
v 43.00000000 88.00000000 77.50000000
v 43.00000000 89.00000000 59.50000000
v 43.00000000 89.00000000 77.50000000
v 43.00000000 89.50000000 60.00000000
v 43.00000000 89.50000000 61.00000000
v 43.00000000 90.00000000 61.50000000
v 43.00000000 90.00000000 77.50000000
v 43.00000000 90.50000000 62.00000000
v 43.00000000 90.50000000 63.00000000
v 43.00000000 91.00000000 63.50000000
v 42.50000000 91.00000000 77.00000000
v 43.00000000 90.50000000 77.00000000
v 43.00000000 91.00000000 76.50000000
v 43.00000000 91.50000000 64.00000000
v 42.50000000 92.00000000 65.00000000
v 43.00000000 92.00000000 64.50000000
v 42.50000000 92.00000000 77.00000000
v 43.00000000 92.00000000 76.50000000
v 43.00000000 92.50000000 65.00000000
v 43.00000000 92.50000000 66.00000000
v 43.00000000 93.00000000 66.50000000
v 42.50000000 93.00000000 70.00000000
v 42.50000000 93.00000000 71.00000000
v 42.50000000 93.00000000 72.00000000
v 43.00000000 93.00000000 72.50000000
v 43.00000000 92.50000000 73.00000000
v 43.00000000 92.50000000 74.00000000
v 43.00000000 93.00000000 74.50000000
v 42.50000000 93.00000000 76.00000000
v 43.00000000 92.50000000 76.00000000
v 43.00000000 93.00000000 75.50000000
v 42.50000000 93.00000000 77.00000000
v 43.00000000 93.50000000 67.00000000
v 43.00000000 93.50000000 68.00000000
v 43.00000000 93.50000000 69.00000000
v 43.00000000 93.50000000 70.00000000
v 43.00000000 93.50000000 71.00000000
v 43.00000000 93.50000000 72.00000000
v 43.00000000 93.50000000 75.00000000
v 43.50000000 58.00000000 74.00000000
v 44.00000000 58.00000000 73.50000000
v 44.00000000 57.50000000 74.00000000
v 44.00000000 57.50000000 75.00000000
v 44.00000000 57.50000000 76.00000000
v 44.00000000 57.50000000 77.00000000
v 44.00000000 57.50000000 78.00000000
v 44.00000000 57.50000000 79.00000000
v 43.50000000 58.00000000 79.00000000
v 44.00000000 58.00000000 79.50000000
v 43.50000000 59.00000000 72.00000000
v 44.00000000 59.00000000 71.50000000
v 44.00000000 58.50000000 72.00000000
v 44.00000000 58.50000000 73.00000000
v 44.00000000 58.50000000 80.00000000
v 43.50000000 59.00000000 81.00000000
v 44.00000000 59.00000000 80.50000000
v 43.50000000 60.00000000 71.00000000
v 44.00000000 60.00000000 70.50000000
v 44.00000000 59.50000000 71.00000000
v 44.00000000 59.50000000 81.00000000
v 43.50000000 60.00000000 82.00000000
v 44.00000000 60.00000000 81.50000000
v 43.50000000 61.00000000 70.00000000
v 44.00000000 61.00000000 69.50000000
v 44.00000000 60.50000000 70.00000000
v 44.00000000 60.50000000 82.00000000
v 44.00000000 60.50000000 83.00000000
v 44.00000000 61.00000000 83.50000000
v 43.50000000 62.00000000 70.00000000
v 44.00000000 62.00000000 69.50000000
v 44.00000000 61.50000000 84.00000000
v 44.00000000 62.00000000 84.50000000
v 43.50000000 63.00000000 70.00000000
v 44.00000000 63.00000000 69.50000000
v 44.00000000 62.50000000 85.00000000
v 44.00000000 63.00000000 85.50000000
v 43.50000000 64.00000000 70.00000000
v 44.00000000 64.00000000 69.50000000
v 44.00000000 64.00000000 85.50000000
v 43.50000000 65.00000000 70.00000000
v 44.00000000 65.00000000 69.50000000
v 43.50000000 65.00000000 85.00000000
v 44.00000000 65.00000000 85.50000000
v 43.50000000 66.00000000 70.00000000
v 44.00000000 66.00000000 69.50000000
v 44.00000000 66.00000000 85.50000000
v 44.00000000 67.00000000 69.50000000
v 43.50000000 67.00000000 86.00000000
v 44.00000000 67.00000000 85.50000000
v 44.00000000 68.00000000 68.50000000
v 44.00000000 67.50000000 69.00000000
v 44.00000000 67.50000000 86.00000000
v 43.50000000 68.00000000 87.00000000
v 44.00000000 68.00000000 86.50000000
v 44.00000000 69.00000000 67.50000000
v 44.00000000 68.50000000 68.00000000
v 43.50000000 69.00000000 80.00000000
v 43.50000000 69.00000000 81.00000000
v 43.50000000 69.00000000 82.00000000
v 43.50000000 69.00000000 84.00000000
v 43.50000000 69.00000000 86.00000000
v 44.00000000 68.50000000 87.00000000
v 43.50000000 69.00000000 88.00000000
v 44.00000000 69.00000000 87.50000000
v 43.50000000 70.00000000 63.00000000
v 44.00000000 70.00000000 63.50000000
v 44.00000000 69.50000000 64.00000000
v 44.00000000 69.50000000 65.00000000
v 44.00000000 69.50000000 66.00000000
v 44.00000000 69.50000000 67.00000000
v 43.50000000 70.00000000 75.00000000
v 44.00000000 70.00000000 75.50000000
v 44.00000000 69.50000000 76.00000000
v 44.00000000 69.50000000 77.00000000
v 44.00000000 69.50000000 78.00000000
v 44.00000000 69.50000000 79.00000000
v 44.00000000 69.50000000 80.00000000
v 44.00000000 69.50000000 81.00000000
v 44.00000000 69.50000000 82.00000000
v 44.00000000 69.50000000 83.00000000
v 44.00000000 69.50000000 84.00000000
v 43.50000000 70.00000000 85.00000000
v 44.00000000 70.00000000 84.50000000
v 43.50000000 70.00000000 86.00000000
v 43.50000000 70.00000000 87.00000000
v 43.50000000 69.50000000 87.50000000
v 44.00000000 69.50000000 88.00000000
v 43.50000000 70.00000000 88.00000000
v 44.00000000 70.00000000 88.50000000
v 43.50000000 70.00000000 89.00000000
v 43.50000000 71.00000000 59.00000000
v 44.00000000 71.00000000 58.50000000
v 44.00000000 70.50000000 59.00000000
v 44.00000000 70.50000000 60.00000000
v 44.00000000 70.50000000 61.00000000
v 44.00000000 70.50000000 62.00000000
v 44.00000000 70.50000000 63.00000000
v 43.50000000 71.00000000 73.00000000
v 44.00000000 71.00000000 73.50000000
v 44.00000000 70.50000000 74.00000000
v 44.00000000 70.50000000 75.00000000
v 44.00000000 70.50000000 85.00000000
v 44.00000000 70.50000000 86.00000000
v 44.00000000 70.50000000 87.00000000
v 44.00000000 70.50000000 88.00000000
v 44.00000000 72.00000000 57.50000000
v 44.00000000 71.50000000 58.00000000
v 44.00000000 71.50000000 72.00000000
v 44.00000000 72.00000000 71.50000000
v 44.00000000 71.50000000 73.00000000
v 43.50000000 72.00000000 92.00000000
v 44.00000000 72.00000000 91.50000000
v 44.00000000 71.50000000 92.00000000
v 44.00000000 72.00000000 92.50000000
v 43.50000000 72.00000000 94.00000000
v 44.00000000 73.00000000 56.50000000
v 44.00000000 72.50000000 57.00000000
v 44.00000000 72.50000000 71.00000000
v 44.00000000 73.00000000 70.50000000
v 43.50000000 73.00000000 92.00000000
v 44.00000000 73.00000000 91.50000000
v 44.00000000 72.50000000 93.00000000
v 44.00000000 72.50000000 94.00000000
v 44.00000000 72.50000000 95.00000000
v 44.00000000 72.50000000 96.00000000
v 43.50000000 73.00000000 97.00000000
v 44.00000000 73.00000000 96.50000000
v 43.50000000 74.00000000 56.00000000
v 44.00000000 74.00000000 55.50000000
v 44.00000000 73.50000000 56.00000000
v 44.00000000 73.50000000 69.00000000
v 44.00000000 74.00000000 68.50000000
v 44.00000000 73.50000000 70.00000000
v 44.00000000 73.50000000 92.00000000
v 43.50000000 74.00000000 93.00000000
v 44.00000000 74.00000000 92.50000000
v 44.00000000 73.50000000 97.00000000
v 43.50000000 74.00000000 98.00000000
v 44.00000000 74.00000000 97.50000000
v 44.00000000 75.00000000 55.50000000
v 44.00000000 74.50000000 68.00000000
v 44.00000000 75.00000000 67.50000000
v 44.00000000 75.00000000 92.50000000
v 44.00000000 74.50000000 98.00000000
v 43.50000000 75.00000000 99.00000000
v 44.00000000 75.00000000 98.50000000
v 43.50000000 76.00000000 55.00000000
v 44.00000000 76.00000000 55.50000000
v 44.00000000 75.50000000 67.00000000
v 44.00000000 76.00000000 66.50000000
v 43.50000000 76.00000000 93.00000000
v 44.00000000 76.00000000 92.50000000
v 44.00000000 76.00000000 98.50000000
v 44.00000000 77.00000000 54.50000000
v 44.00000000 76.50000000 55.00000000
v 43.50000000 77.00000000 66.00000000
v 44.00000000 77.00000000 66.50000000
v 44.00000000 76.50000000 93.00000000
v 44.00000000 77.00000000 93.50000000
v 43.50000000 77.00000000 98.00000000
v 44.00000000 77.00000000 98.50000000
v 44.00000000 78.00000000 54.50000000
v 44.00000000 77.50000000 66.00000000
v 44.00000000 78.00000000 65.50000000
v 43.50000000 78.00000000 94.00000000
v 44.00000000 78.00000000 93.50000000
v 43.50000000 78.00000000 95.00000000
v 43.50000000 78.00000000 96.00000000
v 44.00000000 78.00000000 96.50000000
v 44.00000000 77.50000000 97.00000000
v 44.00000000 77.50000000 98.00000000
v 43.50000000 79.00000000 55.00000000
v 44.00000000 79.00000000 54.50000000
v 44.00000000 79.00000000 65.50000000
v 44.00000000 78.50000000 94.00000000
v 44.00000000 78.50000000 95.00000000
v 44.00000000 78.50000000 96.00000000
v 44.00000000 79.50000000 55.00000000
v 44.00000000 80.00000000 55.50000000
v 44.00000000 79.50000000 66.00000000
v 43.50000000 80.00000000 66.00000000
v 44.00000000 80.00000000 66.50000000
v 43.50000000 81.00000000 55.00000000
v 44.00000000 81.00000000 54.50000000
v 44.00000000 80.50000000 55.00000000
v 44.00000000 81.00000000 66.50000000
v 44.00000000 81.50000000 55.00000000
v 43.50000000 82.00000000 56.00000000
v 44.00000000 82.00000000 55.50000000
v 44.00000000 81.50000000 67.00000000
v 43.50000000 82.00000000 67.00000000
v 44.00000000 82.00000000 67.50000000
v 44.00000000 83.00000000 55.50000000
v 44.00000000 82.50000000 68.00000000
v 44.00000000 83.00000000 68.50000000
v 43.50000000 84.00000000 56.00000000
v 44.00000000 84.00000000 55.50000000
v 44.00000000 83.50000000 69.00000000
v 43.50000000 84.00000000 70.00000000
v 44.00000000 84.00000000 69.50000000
v 43.50000000 85.00000000 56.00000000
v 44.00000000 85.00000000 55.50000000
v 44.00000000 84.50000000 70.00000000
v 44.00000000 84.50000000 71.00000000
v 43.50000000 85.00000000 72.00000000
v 44.00000000 85.00000000 71.50000000
v 43.50000000 85.00000000 73.00000000
v 44.00000000 85.00000000 73.50000000
v 44.00000000 84.50000000 74.00000000
v 43.50000000 85.00000000 75.00000000
v 44.00000000 85.00000000 74.50000000
v 44.00000000 85.50000000 56.00000000
v 43.50000000 86.00000000 57.00000000
v 44.00000000 86.00000000 56.50000000
v 44.00000000 85.50000000 72.00000000
v 44.00000000 85.50000000 73.00000000
v 44.00000000 85.50000000 75.00000000
v 44.00000000 86.00000000 75.50000000
v 44.00000000 86.50000000 57.00000000
v 44.00000000 87.00000000 57.50000000
v 44.00000000 86.50000000 76.00000000
v 44.00000000 87.00000000 76.50000000
v 44.00000000 87.50000000 58.00000000
v 44.00000000 87.50000000 59.00000000
v 44.00000000 88.00000000 59.50000000
v 44.00000000 87.50000000 77.00000000
v 44.00000000 88.00000000 77.50000000
v 44.00000000 89.00000000 59.50000000
v 43.50000000 89.00000000 77.00000000
v 44.00000000 88.50000000 77.00000000
v 44.00000000 89.00000000 76.50000000
v 44.00000000 89.50000000 60.00000000
v 44.00000000 89.50000000 61.00000000
v 44.00000000 90.00000000 61.50000000
v 43.50000000 90.00000000 76.00000000
v 44.00000000 89.50000000 76.00000000
v 44.00000000 90.00000000 75.50000000
v 43.50000000 90.00000000 77.00000000
v 44.00000000 90.50000000 62.00000000
v 43.50000000 91.00000000 63.00000000
v 44.00000000 91.00000000 62.50000000
v 43.50000000 91.00000000 76.00000000
v 44.00000000 91.00000000 75.50000000
v 44.00000000 91.50000000 63.00000000
v 44.00000000 91.50000000 64.00000000
v 44.00000000 92.00000000 64.50000000
v 43.50000000 92.00000000 76.00000000
v 44.00000000 92.00000000 75.50000000
v 44.00000000 92.50000000 65.00000000
v 43.50000000 93.00000000 66.00000000
v 44.00000000 93.00000000 65.50000000
v 43.50000000 93.00000000 73.00000000
v 43.50000000 93.00000000 74.00000000
v 43.50000000 93.00000000 76.00000000
v 44.00000000 92.50000000 76.00000000
v 44.00000000 93.00000000 76.50000000
v 44.00000000 93.50000000 66.00000000
v 44.00000000 93.50000000 67.00000000
v 43.50000000 94.00000000 68.00000000
v 44.00000000 94.00000000 67.50000000
v 43.50000000 94.00000000 69.00000000
v 43.50000000 94.00000000 70.00000000
v 43.50000000 94.00000000 71.00000000
v 43.50000000 94.00000000 72.00000000
v 44.00000000 94.00000000 72.50000000
v 44.00000000 93.50000000 73.00000000
v 44.00000000 93.50000000 74.00000000
v 44.00000000 93.50000000 75.00000000
v 44.00000000 93.50000000 76.00000000
v 44.00000000 94.50000000 68.00000000
v 44.00000000 94.50000000 69.00000000
v 44.00000000 94.50000000 70.00000000
v 43.50000000 95.00000000 71.00000000
v 44.00000000 95.00000000 70.50000000
v 44.00000000 95.00000000 71.50000000
v 44.00000000 94.50000000 72.00000000
v 44.00000000 95.50000000 71.00000000
v 44.50000000 57.00000000 75.00000000
v 45.00000000 57.00000000 74.50000000
v 45.00000000 56.50000000 75.00000000
v 45.00000000 56.50000000 76.00000000
v 44.50000000 57.00000000 76.00000000
v 45.00000000 56.50000000 77.00000000
v 44.50000000 57.00000000 77.00000000
v 45.00000000 57.00000000 77.50000000
v 44.50000000 58.00000000 73.00000000
v 45.00000000 58.00000000 72.50000000
v 45.00000000 57.50000000 73.00000000
v 45.00000000 57.50000000 74.00000000
v 45.00000000 57.50000000 78.00000000
v 45.00000000 57.50000000 79.00000000
v 45.00000000 58.00000000 79.50000000
v 44.50000000 59.00000000 71.00000000
v 45.00000000 59.00000000 70.50000000
v 45.00000000 58.50000000 71.00000000
v 45.00000000 58.50000000 72.00000000
v 45.00000000 58.50000000 80.00000000
v 45.00000000 58.50000000 81.00000000
v 44.50000000 59.00000000 81.00000000
v 45.00000000 59.00000000 81.50000000
v 45.00000000 60.00000000 70.50000000
v 45.00000000 59.50000000 82.00000000
v 44.50000000 60.00000000 82.00000000
v 45.00000000 60.00000000 82.50000000
v 44.50000000 61.00000000 69.00000000
v 45.00000000 61.00000000 68.50000000
v 45.00000000 60.50000000 69.00000000
v 45.00000000 60.50000000 70.00000000
v 45.00000000 61.00000000 82.50000000
v 44.50000000 61.00000000 83.00000000
v 44.50000000 62.00000000 69.00000000
v 45.00000000 62.00000000 68.50000000
v 45.00000000 61.50000000 83.00000000
v 45.00000000 61.50000000 84.00000000
v 45.00000000 62.00000000 84.50000000
v 44.50000000 63.00000000 69.00000000
v 45.00000000 63.00000000 68.50000000
v 45.00000000 62.50000000 85.00000000
v 45.00000000 63.00000000 85.50000000
v 44.50000000 64.00000000 69.00000000
v 45.00000000 64.00000000 68.50000000
v 45.00000000 63.50000000 86.00000000
v 44.50000000 64.00000000 86.00000000
v 45.00000000 64.00000000 86.50000000
v 44.50000000 65.00000000 69.00000000
v 45.00000000 65.00000000 68.50000000
v 44.50000000 65.00000000 86.00000000
v 45.00000000 65.00000000 86.50000000
v 45.00000000 65.50000000 69.00000000
v 45.00000000 66.00000000 69.50000000
v 44.50000000 66.00000000 86.00000000
v 45.00000000 66.00000000 86.50000000
v 45.00000000 67.00000000 69.50000000
v 45.00000000 66.50000000 86.00000000
v 45.00000000 67.00000000 85.50000000
v 45.00000000 68.00000000 68.50000000
v 45.00000000 67.50000000 69.00000000
v 44.50000000 68.00000000 86.00000000
v 45.00000000 68.00000000 85.50000000
v 44.50000000 69.00000000 68.00000000
v 45.00000000 69.00000000 68.50000000
v 45.00000000 68.50000000 86.00000000
v 44.50000000 69.00000000 87.00000000
v 45.00000000 69.00000000 86.50000000
v 45.00000000 70.00000000 63.50000000
v 45.00000000 69.50000000 64.00000000
v 45.00000000 69.50000000 65.00000000
v 45.00000000 69.50000000 66.00000000
v 45.00000000 69.50000000 67.00000000
v 45.00000000 69.50000000 68.00000000
v 44.50000000 70.00000000 76.00000000
v 45.00000000 70.00000000 76.50000000
v 45.00000000 69.50000000 77.00000000
v 45.00000000 69.50000000 78.00000000
v 45.00000000 69.50000000 79.00000000
v 45.00000000 69.50000000 80.00000000
v 45.00000000 69.50000000 81.00000000
v 45.00000000 69.50000000 82.00000000
v 45.00000000 69.50000000 83.00000000
v 44.50000000 70.00000000 84.00000000
v 45.00000000 70.00000000 83.50000000
v 44.50000000 70.00000000 87.00000000
v 45.00000000 70.00000000 86.50000000
v 44.50000000 70.00000000 88.00000000
v 45.00000000 71.00000000 58.50000000
v 45.00000000 70.50000000 59.00000000
v 45.00000000 70.50000000 60.00000000
v 45.00000000 70.50000000 61.00000000
v 45.00000000 70.50000000 62.00000000
v 45.00000000 70.50000000 63.00000000
v 45.00000000 70.50000000 74.00000000
v 45.00000000 71.00000000 73.50000000
v 45.00000000 70.50000000 75.00000000
v 45.00000000 70.50000000 76.00000000
v 45.00000000 70.50000000 84.00000000
v 45.00000000 70.50000000 85.00000000
v 44.50000000 71.00000000 86.00000000
v 45.00000000 71.00000000 85.50000000
v 44.50000000 70.50000000 86.50000000
v 45.00000000 70.50000000 87.00000000
v 44.50000000 71.00000000 87.00000000
v 45.00000000 71.00000000 87.50000000
v 45.00000000 72.00000000 57.50000000
v 45.00000000 71.50000000 58.00000000
v 44.50000000 72.00000000 72.00000000
v 45.00000000 72.00000000 72.50000000
v 45.00000000 71.50000000 73.00000000
v 45.00000000 71.50000000 86.00000000
v 45.00000000 71.50000000 87.00000000
v 44.50000000 72.00000000 89.00000000
v 45.00000000 72.00000000 88.50000000
v 45.00000000 71.50000000 89.00000000
v 45.00000000 71.50000000 90.00000000
v 44.50000000 72.00000000 90.00000000
v 45.00000000 72.00000000 90.50000000
v 44.50000000 72.00000000 92.00000000
v 45.00000000 73.00000000 56.50000000
v 45.00000000 72.50000000 57.00000000
v 45.00000000 72.50000000 71.00000000
v 45.00000000 73.00000000 70.50000000
v 45.00000000 72.50000000 72.00000000
v 45.00000000 72.50000000 89.00000000
v 45.00000000 72.50000000 90.00000000
v 45.00000000 73.00000000 90.50000000
v 44.50000000 73.00000000 91.00000000
v 45.00000000 72.50000000 91.00000000
v 45.00000000 72.50000000 92.00000000
v 45.00000000 72.50000000 93.00000000
v 45.00000000 72.50000000 94.00000000
v 44.50000000 73.00000000 95.00000000
v 45.00000000 73.00000000 94.50000000
v 44.50000000 73.00000000 96.00000000
v 44.50000000 74.00000000 56.00000000
v 45.00000000 74.00000000 56.50000000
v 44.50000000 74.00000000 69.00000000
v 45.00000000 74.00000000 69.50000000
v 45.00000000 73.50000000 70.00000000
v 45.00000000 73.50000000 91.00000000
v 44.50000000 74.00000000 92.00000000
v 45.00000000 74.00000000 91.50000000
v 45.00000000 73.50000000 95.00000000
v 45.00000000 73.50000000 96.00000000
v 44.50000000 74.00000000 97.00000000
v 45.00000000 74.00000000 96.50000000
v 45.00000000 75.00000000 55.50000000
v 45.00000000 74.50000000 56.00000000
v 44.50000000 75.00000000 68.00000000
v 45.00000000 75.00000000 68.50000000
v 45.00000000 74.50000000 69.00000000
v 44.50000000 75.00000000 92.00000000
v 45.00000000 75.00000000 91.50000000
v 45.00000000 74.50000000 97.00000000
v 44.50000000 75.00000000 98.00000000
v 45.00000000 75.00000000 97.50000000
v 45.00000000 76.00000000 55.50000000
v 44.50000000 76.00000000 67.00000000
v 45.00000000 76.00000000 67.50000000
v 45.00000000 75.50000000 68.00000000
v 44.50000000 76.00000000 92.00000000
v 45.00000000 76.00000000 91.50000000
v 45.00000000 75.50000000 98.00000000
v 45.00000000 76.00000000 98.50000000
v 44.50000000 77.00000000 55.00000000
v 45.00000000 77.00000000 55.50000000
v 44.50000000 77.00000000 67.00000000
v 45.00000000 77.00000000 67.50000000
v 44.50000000 77.00000000 92.00000000
v 45.00000000 77.00000000 91.50000000
v 44.50000000 77.00000000 93.00000000
v 45.00000000 77.00000000 98.50000000
v 44.50000000 78.00000000 55.00000000
v 45.00000000 78.00000000 55.50000000
v 44.50000000 78.00000000 66.00000000
v 45.00000000 78.00000000 66.50000000
v 45.00000000 77.50000000 67.00000000
v 45.00000000 77.50000000 92.00000000
v 44.50000000 78.00000000 93.00000000
v 45.00000000 78.00000000 92.50000000
v 44.50000000 78.00000000 97.00000000
v 45.00000000 78.00000000 97.50000000
v 45.00000000 77.50000000 98.00000000
v 44.50000000 79.00000000 55.00000000
v 45.00000000 79.00000000 55.50000000
v 44.50000000 79.00000000 66.00000000
v 45.00000000 79.00000000 66.50000000
v 45.00000000 78.50000000 93.00000000
v 44.50000000 79.00000000 94.00000000
v 45.00000000 79.00000000 93.50000000
v 44.50000000 79.00000000 95.00000000
v 44.50000000 79.00000000 96.00000000
v 45.00000000 79.00000000 96.50000000
v 45.00000000 78.50000000 97.00000000
v 45.00000000 80.00000000 55.50000000
v 45.00000000 80.00000000 66.50000000
v 45.00000000 79.50000000 94.00000000
v 45.00000000 79.50000000 95.00000000
v 45.00000000 79.50000000 96.00000000
v 44.50000000 81.00000000 55.00000000
v 45.00000000 81.00000000 55.50000000
v 45.00000000 81.00000000 66.50000000
v 45.00000000 82.00000000 55.50000000
v 45.00000000 81.50000000 67.00000000
v 45.00000000 82.00000000 67.50000000
v 45.00000000 83.00000000 55.50000000
v 45.00000000 82.50000000 68.00000000
v 45.00000000 83.00000000 68.50000000
v 45.00000000 84.00000000 55.50000000
v 44.50000000 84.00000000 69.00000000
v 45.00000000 84.00000000 68.50000000
v 45.00000000 84.50000000 56.00000000
v 44.50000000 85.00000000 56.00000000
v 45.00000000 85.00000000 56.50000000
v 45.00000000 84.50000000 69.00000000
v 45.00000000 84.50000000 70.00000000
v 44.50000000 85.00000000 71.00000000
v 45.00000000 85.00000000 70.50000000
v 44.50000000 85.00000000 74.00000000
v 45.00000000 86.00000000 56.50000000
v 45.00000000 85.50000000 71.00000000
v 45.00000000 85.50000000 72.00000000
v 45.00000000 85.50000000 73.00000000
v 45.00000000 85.50000000 74.00000000
v 45.00000000 85.50000000 75.00000000
v 45.00000000 85.50000000 76.00000000
v 44.50000000 86.00000000 76.00000000
v 45.00000000 86.00000000 76.50000000
v 45.00000000 86.50000000 57.00000000
v 45.00000000 87.00000000 57.50000000
v 45.00000000 87.00000000 76.50000000
v 45.00000000 87.50000000 58.00000000
v 44.50000000 88.00000000 59.00000000
v 45.00000000 88.00000000 58.50000000
v 45.00000000 87.50000000 77.00000000
v 45.00000000 88.00000000 77.50000000
v 45.00000000 88.50000000 59.00000000
v 45.00000000 89.00000000 59.50000000
v 44.50000000 89.00000000 76.00000000
v 45.00000000 88.50000000 76.00000000
v 45.00000000 89.00000000 75.50000000
v 45.00000000 88.50000000 77.00000000
v 45.00000000 89.50000000 60.00000000
v 45.00000000 89.50000000 61.00000000
v 45.00000000 90.00000000 61.50000000
v 44.50000000 90.00000000 75.00000000
v 45.00000000 89.50000000 75.00000000
v 45.00000000 90.00000000 74.50000000
v 45.00000000 90.50000000 62.00000000
v 45.00000000 91.00000000 62.50000000
v 44.50000000 91.00000000 75.00000000
v 45.00000000 91.00000000 74.50000000
v 45.00000000 91.50000000 63.00000000
v 44.50000000 92.00000000 64.00000000
v 45.00000000 92.00000000 63.50000000
v 45.00000000 91.50000000 75.00000000
v 45.00000000 92.00000000 75.50000000
v 45.00000000 92.50000000 64.00000000
v 44.50000000 93.00000000 65.00000000
v 45.00000000 93.00000000 64.50000000
v 45.00000000 92.50000000 76.00000000
v 45.00000000 92.50000000 77.00000000
v 44.50000000 93.00000000 77.00000000
v 45.00000000 93.00000000 77.50000000
v 45.00000000 93.50000000 65.00000000
v 45.00000000 93.50000000 66.00000000
v 44.50000000 94.00000000 67.00000000
v 45.00000000 94.00000000 66.50000000
v 44.50000000 94.00000000 73.00000000
v 45.00000000 94.00000000 73.50000000
v 45.00000000 93.50000000 74.00000000
v 44.50000000 94.00000000 75.00000000
v 45.00000000 94.00000000 74.50000000
v 44.50000000 94.00000000 76.00000000
v 45.00000000 94.00000000 76.50000000
v 45.00000000 93.50000000 77.00000000
v 45.00000000 94.50000000 67.00000000
v 45.00000000 94.50000000 68.00000000
v 45.00000000 94.50000000 69.00000000
v 44.50000000 95.00000000 70.00000000
v 45.00000000 95.00000000 69.50000000
v 44.50000000 95.00000000 72.00000000
v 45.00000000 95.00000000 72.50000000
v 45.00000000 94.50000000 73.00000000
v 45.00000000 94.50000000 75.00000000
v 45.00000000 94.50000000 76.00000000
v 45.00000000 95.50000000 70.00000000
v 45.00000000 95.50000000 71.00000000
v 45.00000000 95.50000000 72.00000000
v 45.50000000 57.00000000 74.00000000
v 46.00000000 57.00000000 73.50000000
v 46.00000000 56.50000000 74.00000000
v 46.00000000 56.50000000 75.00000000
v 46.00000000 56.50000000 76.00000000
v 46.00000000 56.50000000 77.00000000
v 46.00000000 56.50000000 78.00000000
v 45.50000000 57.00000000 78.00000000
v 46.00000000 57.00000000 78.50000000
v 46.00000000 58.00000000 72.50000000
v 46.00000000 57.50000000 73.00000000
v 46.00000000 57.50000000 79.00000000
v 46.00000000 58.00000000 79.50000000
v 46.00000000 59.00000000 70.50000000
v 46.00000000 58.50000000 71.00000000
v 46.00000000 58.50000000 72.00000000
v 46.00000000 58.50000000 80.00000000
v 46.00000000 58.50000000 81.00000000
v 46.00000000 59.00000000 81.50000000
v 46.00000000 60.00000000 70.50000000
v 46.00000000 59.50000000 82.00000000
v 46.00000000 60.00000000 82.50000000
v 45.50000000 61.00000000 69.00000000
v 46.00000000 61.00000000 69.50000000
v 46.00000000 60.50000000 70.00000000
v 46.00000000 60.50000000 83.00000000
v 45.50000000 61.00000000 83.00000000
v 46.00000000 61.00000000 83.50000000
v 46.00000000 62.00000000 68.50000000
v 46.00000000 61.50000000 69.00000000
v 46.00000000 61.50000000 84.00000000
v 46.00000000 62.00000000 84.50000000
v 45.50000000 63.00000000 68.00000000
v 46.00000000 63.00000000 67.50000000
v 46.00000000 62.50000000 68.00000000
v 46.00000000 62.50000000 85.00000000
v 46.00000000 62.50000000 86.00000000
v 45.50000000 63.00000000 86.00000000
v 46.00000000 63.00000000 86.50000000
v 45.50000000 64.00000000 68.00000000
v 46.00000000 64.00000000 67.50000000
v 46.00000000 64.00000000 86.50000000
v 45.50000000 65.00000000 68.00000000
v 46.00000000 65.00000000 67.50000000
v 46.00000000 64.50000000 87.00000000
v 45.50000000 65.00000000 87.00000000
v 46.00000000 65.00000000 87.50000000
v 46.00000000 65.50000000 68.00000000
v 45.50000000 66.00000000 69.00000000
v 46.00000000 66.00000000 68.50000000
v 46.00000000 65.50000000 87.00000000
v 46.00000000 66.00000000 86.50000000
v 45.50000000 67.00000000 69.00000000
v 46.00000000 67.00000000 68.50000000
v 45.50000000 67.00000000 86.00000000
v 46.00000000 67.00000000 86.50000000
v 46.00000000 68.00000000 68.50000000
v 46.00000000 67.50000000 86.00000000
v 46.00000000 68.00000000 85.50000000
v 46.00000000 69.00000000 68.50000000
v 45.50000000 69.00000000 86.00000000
v 46.00000000 69.00000000 85.50000000
v 45.50000000 70.00000000 60.00000000
v 46.00000000 70.00000000 59.50000000
v 46.00000000 69.50000000 60.00000000
v 46.00000000 69.50000000 61.00000000
v 45.50000000 70.00000000 61.00000000
v 46.00000000 69.50000000 62.00000000
v 45.50000000 70.00000000 62.00000000
v 46.00000000 69.50000000 63.00000000
v 45.50000000 70.00000000 63.00000000
v 46.00000000 69.50000000 64.00000000
v 46.00000000 69.50000000 65.00000000
v 46.00000000 69.50000000 66.00000000
v 46.00000000 69.50000000 67.00000000
v 46.00000000 69.50000000 68.00000000
v 45.50000000 70.00000000 77.00000000
v 46.00000000 70.00000000 77.50000000
v 46.00000000 69.50000000 78.00000000
v 46.00000000 69.50000000 79.00000000
v 46.00000000 69.50000000 80.00000000
v 46.00000000 69.50000000 81.00000000
v 46.00000000 69.50000000 82.00000000
v 45.50000000 70.00000000 83.00000000
v 46.00000000 70.00000000 82.50000000
v 45.50000000 70.00000000 86.00000000
v 46.00000000 70.00000000 85.50000000
v 46.00000000 71.00000000 58.50000000
v 46.00000000 70.50000000 59.00000000
v 45.50000000 71.00000000 74.00000000
v 46.00000000 71.00000000 74.50000000
v 46.00000000 70.50000000 75.00000000
v 46.00000000 70.50000000 76.00000000
v 46.00000000 70.50000000 77.00000000
v 46.00000000 70.50000000 83.00000000
v 46.00000000 70.50000000 84.00000000
v 45.50000000 71.00000000 85.00000000
v 46.00000000 71.00000000 84.50000000
v 46.00000000 70.50000000 86.00000000
v 45.50000000 71.00000000 87.00000000
v 46.00000000 71.00000000 86.50000000
v 46.00000000 72.00000000 57.50000000
v 46.00000000 71.50000000 58.00000000
v 45.50000000 72.00000000 72.00000000
v 46.00000000 71.50000000 72.00000000
v 46.00000000 72.00000000 71.50000000
v 46.00000000 71.50000000 73.00000000
v 46.00000000 71.50000000 74.00000000
v 46.00000000 71.50000000 85.00000000
v 46.00000000 71.50000000 86.00000000
v 46.00000000 71.50000000 88.00000000
v 45.50000000 72.00000000 88.00000000
v 46.00000000 72.00000000 87.50000000
v 46.00000000 71.50000000 89.00000000
v 46.00000000 71.50000000 90.00000000
v 46.00000000 72.00000000 90.50000000
v 45.50000000 73.00000000 57.00000000
v 46.00000000 73.00000000 57.50000000
v 45.50000000 73.00000000 71.00000000
v 46.00000000 73.00000000 71.50000000
v 46.00000000 72.50000000 88.00000000
v 45.50000000 73.00000000 89.00000000
v 46.00000000 73.00000000 88.50000000
v 45.50000000 73.00000000 90.00000000
v 45.50000000 72.50000000 90.50000000
v 46.00000000 72.50000000 91.00000000
v 46.00000000 72.50000000 92.00000000
v 46.00000000 72.50000000 93.00000000
v 45.50000000 73.00000000 94.00000000
v 46.00000000 73.00000000 93.50000000
v 46.00000000 74.00000000 56.50000000
v 46.00000000 73.50000000 57.00000000
v 46.00000000 73.50000000 70.00000000
v 46.00000000 74.00000000 69.50000000
v 46.00000000 73.50000000 71.00000000
v 46.00000000 73.50000000 89.00000000
v 45.50000000 74.00000000 90.00000000
v 46.00000000 74.00000000 89.50000000
v 45.50000000 74.00000000 91.00000000
v 46.00000000 73.50000000 94.00000000
v 45.50000000 74.00000000 95.00000000
v 46.00000000 74.00000000 94.50000000
v 45.50000000 74.00000000 96.00000000
v 45.50000000 75.00000000 56.00000000
v 46.00000000 75.00000000 56.50000000
v 46.00000000 74.50000000 69.00000000
v 46.00000000 75.00000000 68.50000000
v 46.00000000 74.50000000 90.00000000
v 45.50000000 75.00000000 91.00000000
v 46.00000000 75.00000000 90.50000000
v 46.00000000 74.50000000 95.00000000
v 46.00000000 74.50000000 96.00000000
v 45.50000000 75.00000000 97.00000000
v 46.00000000 75.00000000 96.50000000
v 45.50000000 76.00000000 56.00000000
v 46.00000000 76.00000000 56.50000000
v 45.50000000 76.00000000 68.00000000
v 46.00000000 76.00000000 68.50000000
v 45.50000000 76.00000000 91.00000000
v 46.00000000 76.00000000 90.50000000
v 45.50000000 76.00000000 97.00000000
v 46.00000000 76.00000000 96.50000000
v 45.50000000 76.00000000 98.00000000
v 45.50000000 77.00000000 56.00000000
v 46.00000000 77.00000000 56.50000000
v 46.00000000 76.50000000 68.00000000
v 46.00000000 77.00000000 67.50000000
v 46.00000000 76.50000000 91.00000000
v 46.00000000 77.00000000 91.50000000
v 46.00000000 76.50000000 97.00000000
v 46.00000000 77.00000000 97.50000000
v 45.50000000 77.00000000 98.00000000
v 45.50000000 78.00000000 56.00000000
v 46.00000000 78.00000000 56.50000000
v 45.50000000 78.00000000 67.00000000
v 46.00000000 78.00000000 67.50000000
v 45.50000000 78.00000000 92.00000000
v 46.00000000 78.00000000 91.50000000
v 46.00000000 78.00000000 97.50000000
v 46.00000000 79.00000000 55.50000000
v 46.00000000 78.50000000 56.00000000
v 46.00000000 78.50000000 67.00000000
v 46.00000000 79.00000000 66.50000000
v 45.50000000 79.00000000 92.00000000
v 46.00000000 79.00000000 91.50000000
v 45.50000000 79.00000000 93.00000000
v 46.00000000 78.50000000 97.00000000
v 46.00000000 79.00000000 96.50000000
v 46.00000000 80.00000000 55.50000000
v 46.00000000 80.00000000 66.50000000
v 45.50000000 80.00000000 92.00000000
v 46.00000000 80.00000000 91.50000000
v 45.50000000 80.00000000 93.00000000
v 45.50000000 80.00000000 94.00000000
v 46.00000000 80.00000000 94.50000000
v 46.00000000 79.50000000 95.00000000
v 46.00000000 79.50000000 96.00000000
v 46.00000000 81.00000000 55.50000000
v 46.00000000 81.00000000 66.50000000
v 46.00000000 80.50000000 92.00000000
v 46.00000000 80.50000000 93.00000000
v 46.00000000 80.50000000 94.00000000
v 46.00000000 82.00000000 55.50000000
v 46.00000000 81.50000000 67.00000000
v 46.00000000 82.00000000 67.50000000
v 46.00000000 83.00000000 55.50000000
v 45.50000000 83.00000000 68.00000000
v 46.00000000 83.00000000 67.50000000
v 46.00000000 83.50000000 56.00000000
v 45.50000000 84.00000000 56.00000000
v 46.00000000 84.00000000 56.50000000
v 46.00000000 83.50000000 68.00000000
v 46.00000000 84.00000000 68.50000000
v 46.00000000 85.00000000 56.50000000
v 46.00000000 84.50000000 69.00000000
v 46.00000000 84.50000000 70.00000000
v 46.00000000 85.00000000 70.50000000
v 46.00000000 86.00000000 56.50000000
v 46.00000000 85.50000000 71.00000000
v 46.00000000 85.50000000 72.00000000
v 46.00000000 85.50000000 73.00000000
v 46.00000000 85.50000000 74.00000000
v 46.00000000 85.50000000 75.00000000
v 46.00000000 85.50000000 76.00000000
v 46.00000000 86.00000000 76.50000000
v 46.00000000 86.50000000 57.00000000
v 46.00000000 87.00000000 57.50000000
v 46.00000000 87.00000000 76.50000000
v 46.00000000 87.50000000 58.00000000
v 46.00000000 88.00000000 58.50000000
v 46.00000000 87.50000000 77.00000000
v 46.00000000 87.50000000 78.00000000
v 45.50000000 88.00000000 78.00000000
v 46.00000000 88.00000000 78.50000000
v 46.00000000 88.50000000 59.00000000
v 46.00000000 89.00000000 59.50000000
v 45.50000000 89.00000000 75.00000000
v 46.00000000 88.50000000 75.00000000
v 46.00000000 89.00000000 74.50000000
v 46.00000000 88.50000000 76.00000000
v 46.00000000 88.50000000 77.00000000
v 46.00000000 88.50000000 78.00000000
v 46.00000000 89.50000000 60.00000000
v 45.50000000 90.00000000 61.00000000
v 46.00000000 90.00000000 60.50000000
v 46.00000000 90.00000000 74.50000000
v 46.00000000 90.50000000 61.00000000
v 45.50000000 91.00000000 62.00000000
v 46.00000000 91.00000000 61.50000000
v 46.00000000 91.00000000 74.50000000
v 46.00000000 91.50000000 62.00000000
v 45.50000000 92.00000000 63.00000000
v 46.00000000 92.00000000 62.50000000
v 46.00000000 91.50000000 75.00000000
v 46.00000000 91.50000000 76.00000000
v 45.50000000 92.00000000 76.00000000
v 46.00000000 92.00000000 76.50000000
v 46.00000000 92.50000000 63.00000000
v 45.50000000 93.00000000 64.00000000
v 46.00000000 93.00000000 63.50000000
v 46.00000000 92.50000000 77.00000000
v 46.00000000 92.50000000 78.00000000
v 45.50000000 93.00000000 78.00000000
v 46.00000000 92.50000000 79.00000000
v 45.50000000 93.00000000 79.00000000
v 46.00000000 93.00000000 79.50000000
v 46.00000000 93.50000000 64.00000000
v 46.00000000 93.50000000 65.00000000
v 45.50000000 94.00000000 66.00000000
v 46.00000000 94.00000000 65.50000000
v 45.50000000 94.00000000 74.00000000
v 45.50000000 94.00000000 76.00000000
v 46.00000000 93.50000000 76.00000000
v 46.00000000 94.00000000 75.50000000
v 46.00000000 93.50000000 77.00000000
v 46.00000000 93.50000000 78.00000000
v 46.00000000 93.50000000 79.00000000
v 46.00000000 94.50000000 66.00000000
v 46.00000000 94.50000000 67.00000000
v 46.00000000 94.50000000 68.00000000
v 45.50000000 95.00000000 69.00000000
v 46.00000000 95.00000000 68.50000000
v 45.50000000 95.00000000 73.00000000
v 46.00000000 95.00000000 73.50000000
v 46.00000000 94.50000000 74.00000000
v 46.00000000 94.50000000 75.00000000
v 46.00000000 95.50000000 69.00000000
v 46.00000000 95.50000000 70.00000000
v 46.00000000 95.50000000 71.00000000
v 46.00000000 95.50000000 72.00000000
v 46.00000000 95.50000000 73.00000000
v 46.50000000 57.00000000 74.00000000
v 47.00000000 57.00000000 74.50000000
v 47.00000000 56.50000000 75.00000000
v 47.00000000 56.50000000 76.00000000
v 47.00000000 56.50000000 77.00000000
v 47.00000000 56.50000000 78.00000000
v 47.00000000 56.50000000 79.00000000
v 46.50000000 57.00000000 79.00000000
v 47.00000000 57.00000000 79.50000000
v 47.00000000 58.00000000 72.50000000
v 47.00000000 57.50000000 73.00000000
v 47.00000000 57.50000000 74.00000000
v 47.00000000 57.50000000 80.00000000
v 46.50000000 58.00000000 80.00000000
v 47.00000000 58.00000000 80.50000000
v 46.50000000 59.00000000 71.00000000
v 47.00000000 59.00000000 71.50000000
v 47.00000000 58.50000000 72.00000000
v 47.00000000 58.50000000 81.00000000
v 47.00000000 58.50000000 82.00000000
v 46.50000000 59.00000000 82.00000000
v 47.00000000 59.00000000 82.50000000
v 47.00000000 60.00000000 70.50000000
v 47.00000000 59.50000000 71.00000000
v 47.00000000 60.00000000 82.50000000
v 47.00000000 61.00000000 69.50000000
v 47.00000000 60.50000000 70.00000000
v 47.00000000 60.50000000 83.00000000
v 47.00000000 61.00000000 83.50000000
v 47.00000000 62.00000000 68.50000000
v 47.00000000 61.50000000 69.00000000
v 47.00000000 61.50000000 84.00000000
v 47.00000000 62.00000000 84.50000000
v 47.00000000 63.00000000 67.50000000
v 47.00000000 62.50000000 68.00000000
v 47.00000000 62.50000000 85.00000000
v 46.50000000 63.00000000 86.00000000
v 47.00000000 63.00000000 85.50000000
v 47.00000000 64.00000000 67.50000000
v 47.00000000 63.50000000 86.00000000
v 47.00000000 64.00000000 86.50000000
v 47.00000000 65.00000000 67.50000000
v 47.00000000 64.50000000 87.00000000
v 47.00000000 65.00000000 87.50000000
v 47.00000000 65.50000000 68.00000000
v 47.00000000 66.00000000 68.50000000
v 46.50000000 66.00000000 87.00000000
v 47.00000000 65.50000000 88.00000000
v 46.50000000 66.00000000 88.00000000
v 47.00000000 66.00000000 88.50000000
v 47.00000000 67.00000000 68.50000000
v 46.50000000 67.00000000 87.00000000
v 47.00000000 67.00000000 87.50000000
v 47.00000000 66.50000000 88.00000000
v 47.00000000 68.00000000 68.50000000
v 46.50000000 68.00000000 86.00000000
v 47.00000000 68.00000000 86.50000000
v 47.00000000 67.50000000 87.00000000
v 46.50000000 69.00000000 68.00000000
v 47.00000000 69.00000000 67.50000000
v 47.00000000 68.50000000 68.00000000
v 47.00000000 68.50000000 86.00000000
v 47.00000000 69.00000000 85.50000000
v 47.00000000 70.00000000 59.50000000
v 47.00000000 69.50000000 60.00000000
v 47.00000000 69.50000000 61.00000000
v 47.00000000 69.50000000 62.00000000
v 47.00000000 69.50000000 63.00000000
v 47.00000000 69.50000000 64.00000000
v 47.00000000 69.50000000 65.00000000
v 47.00000000 69.50000000 66.00000000
v 47.00000000 69.50000000 67.00000000
v 46.50000000 70.00000000 78.00000000
v 46.50000000 70.00000000 79.00000000
v 46.50000000 70.00000000 80.00000000
v 46.50000000 70.00000000 81.00000000
v 46.50000000 70.00000000 82.00000000
v 47.00000000 70.00000000 85.50000000
v 46.50000000 71.00000000 59.00000000
v 47.00000000 71.00000000 59.50000000
v 46.50000000 71.00000000 75.00000000
v 47.00000000 71.00000000 75.50000000
v 47.00000000 70.50000000 76.00000000
v 47.00000000 70.50000000 77.00000000
v 47.00000000 70.50000000 78.00000000
v 47.00000000 70.50000000 79.00000000
v 47.00000000 70.50000000 80.00000000
v 47.00000000 70.50000000 81.00000000
v 47.00000000 70.50000000 82.00000000
v 46.50000000 71.00000000 83.00000000
v 47.00000000 71.00000000 82.50000000
v 46.50000000 71.00000000 84.00000000
v 46.50000000 71.00000000 86.00000000
v 47.00000000 71.00000000 85.50000000
v 46.50000000 72.00000000 58.00000000
v 47.00000000 72.00000000 58.50000000
v 47.00000000 71.50000000 59.00000000
v 46.50000000 72.00000000 72.00000000
v 46.50000000 72.00000000 73.00000000
v 47.00000000 72.00000000 73.50000000
v 47.00000000 71.50000000 74.00000000
v 47.00000000 71.50000000 75.00000000
v 47.00000000 71.50000000 83.00000000
v 47.00000000 71.50000000 84.00000000
v 47.00000000 71.50000000 85.00000000
v 47.00000000 71.50000000 86.00000000
v 46.50000000 72.00000000 86.00000000
v 47.00000000 72.00000000 85.50000000
v 47.00000000 71.50000000 87.00000000
v 46.50000000 72.00000000 87.00000000
v 47.00000000 72.00000000 87.50000000
v 46.50000000 72.00000000 88.00000000
v 46.50000000 72.00000000 89.00000000
v 46.50000000 72.00000000 90.00000000
v 47.00000000 73.00000000 57.50000000
v 47.00000000 72.50000000 58.00000000
v 47.00000000 72.50000000 72.00000000
v 47.00000000 73.00000000 71.50000000
v 47.00000000 72.50000000 73.00000000
v 46.50000000 73.00000000 86.00000000
v 47.00000000 73.00000000 85.50000000
v 46.50000000 73.00000000 87.00000000
v 47.00000000 72.50000000 88.00000000
v 46.50000000 73.00000000 88.00000000
v 47.00000000 72.50000000 89.00000000
v 46.50000000 72.50000000 88.50000000
v 47.00000000 72.50000000 90.00000000
v 47.00000000 72.50000000 91.00000000
v 46.50000000 73.00000000 92.00000000
v 47.00000000 73.00000000 91.50000000
v 46.50000000 73.00000000 93.00000000
v 46.50000000 74.00000000 57.00000000
v 47.00000000 74.00000000 57.50000000
v 46.50000000 74.00000000 70.00000000
v 47.00000000 74.00000000 70.50000000
v 47.00000000 73.50000000 71.00000000
v 47.00000000 73.50000000 86.00000000
v 47.00000000 73.50000000 87.00000000
v 47.00000000 73.50000000 88.00000000
v 46.50000000 74.00000000 89.00000000
v 47.00000000 74.00000000 88.50000000
v 47.00000000 73.50000000 92.00000000
v 47.00000000 73.50000000 93.00000000
v 46.50000000 74.00000000 94.00000000
v 47.00000000 74.00000000 93.50000000
v 46.50000000 75.00000000 57.00000000
v 47.00000000 75.00000000 57.50000000
v 46.50000000 75.00000000 69.00000000
v 47.00000000 75.00000000 69.50000000
v 47.00000000 74.50000000 70.00000000
v 47.00000000 74.50000000 89.00000000
v 46.50000000 75.00000000 90.00000000
v 47.00000000 75.00000000 89.50000000
v 47.00000000 74.50000000 94.00000000
v 46.50000000 75.00000000 95.00000000
v 47.00000000 75.00000000 94.50000000
v 46.50000000 75.00000000 96.00000000
v 46.50000000 76.00000000 57.00000000
v 47.00000000 76.00000000 57.50000000
v 47.00000000 75.50000000 69.00000000
v 47.00000000 76.00000000 68.50000000
v 46.50000000 76.00000000 90.00000000
v 47.00000000 76.00000000 89.50000000
v 47.00000000 75.50000000 95.00000000
v 47.00000000 76.00000000 95.50000000
v 46.50000000 76.00000000 96.00000000
v 47.00000000 77.00000000 56.50000000
v 47.00000000 76.50000000 57.00000000
v 46.50000000 77.00000000 68.00000000
v 47.00000000 77.00000000 68.50000000
v 47.00000000 76.50000000 90.00000000
v 46.50000000 77.00000000 91.00000000
v 47.00000000 77.00000000 90.50000000
v 46.50000000 77.00000000 96.00000000
v 47.00000000 77.00000000 95.50000000
v 46.50000000 77.00000000 97.00000000
v 47.00000000 78.00000000 56.50000000
v 47.00000000 77.50000000 68.00000000
v 47.00000000 78.00000000 67.50000000
v 46.50000000 78.00000000 91.00000000
v 47.00000000 78.00000000 90.50000000
v 47.00000000 77.50000000 96.00000000
v 47.00000000 78.00000000 96.50000000
v 46.50000000 78.00000000 97.00000000
v 46.50000000 79.00000000 56.00000000
v 47.00000000 79.00000000 56.50000000
v 46.50000000 79.00000000 67.00000000
v 47.00000000 79.00000000 67.50000000
v 46.50000000 79.00000000 91.00000000
v 47.00000000 79.00000000 90.50000000
v 46.50000000 79.00000000 96.00000000
v 47.00000000 78.50000000 96.00000000
v 47.00000000 79.00000000 95.50000000
v 46.50000000 80.00000000 56.00000000
v 47.00000000 80.00000000 56.50000000
v 47.00000000 79.50000000 67.00000000
v 47.00000000 80.00000000 66.50000000
v 46.50000000 80.00000000 90.00000000
v 47.00000000 80.00000000 89.50000000
v 47.00000000 79.50000000 90.00000000
v 46.50000000 80.00000000 91.00000000
v 47.00000000 79.50000000 95.00000000
v 47.00000000 80.00000000 94.50000000
v 47.00000000 81.00000000 55.50000000
v 47.00000000 80.50000000 56.00000000
v 47.00000000 80.50000000 67.00000000
v 46.50000000 81.00000000 67.00000000
v 47.00000000 81.00000000 67.50000000
v 47.00000000 80.50000000 90.00000000
v 46.50000000 81.00000000 91.00000000
v 47.00000000 81.00000000 90.50000000
v 46.50000000 81.00000000 92.00000000
v 47.00000000 81.00000000 92.50000000
v 47.00000000 80.50000000 93.00000000
v 47.00000000 80.50000000 94.00000000
v 47.00000000 82.00000000 55.50000000
v 47.00000000 82.00000000 67.50000000
v 47.00000000 81.50000000 91.00000000
v 47.00000000 81.50000000 92.00000000
v 47.00000000 83.00000000 55.50000000
v 47.00000000 83.00000000 67.50000000
v 47.00000000 83.50000000 56.00000000
v 47.00000000 84.00000000 56.50000000
v 47.00000000 83.50000000 68.00000000
v 47.00000000 84.00000000 68.50000000
v 47.00000000 85.00000000 56.50000000
v 47.00000000 84.50000000 69.00000000
v 47.00000000 84.50000000 70.00000000
v 47.00000000 85.00000000 70.50000000
v 47.00000000 86.00000000 56.50000000
v 47.00000000 85.50000000 71.00000000
v 47.00000000 85.50000000 72.00000000
v 47.00000000 85.50000000 73.00000000
v 47.00000000 85.50000000 74.00000000
v 47.00000000 85.50000000 75.00000000
v 47.00000000 85.50000000 76.00000000
v 47.00000000 86.00000000 76.50000000
v 47.00000000 86.50000000 57.00000000
v 47.00000000 87.00000000 57.50000000
v 47.00000000 86.50000000 77.00000000
v 46.50000000 87.00000000 77.00000000
v 47.00000000 87.00000000 77.50000000
v 46.50000000 87.00000000 90.00000000
v 47.00000000 87.00000000 89.50000000
v 47.00000000 86.50000000 90.00000000
v 47.00000000 87.00000000 90.50000000
v 47.00000000 87.50000000 58.00000000
v 47.00000000 88.00000000 58.50000000
v 46.50000000 88.00000000 75.00000000
v 47.00000000 87.50000000 75.00000000
v 47.00000000 88.00000000 74.50000000
v 46.50000000 88.00000000 76.00000000
v 47.00000000 87.50000000 76.00000000
v 47.00000000 88.00000000 76.50000000
v 47.00000000 87.50000000 78.00000000
v 47.00000000 87.50000000 79.00000000
v 46.50000000 88.00000000 79.00000000
v 47.00000000 88.00000000 79.50000000
v 47.00000000 87.50000000 90.00000000
v 47.00000000 88.50000000 59.00000000
v 47.00000000 89.00000000 59.50000000
v 46.50000000 89.00000000 74.00000000
v 47.00000000 88.50000000 74.00000000
v 47.00000000 89.00000000 73.50000000
v 47.00000000 88.50000000 77.00000000
v 47.00000000 88.50000000 78.00000000
v 47.00000000 88.50000000 79.00000000
v 46.50000000 89.00000000 91.00000000
v 47.00000000 89.00000000 90.50000000
v 47.00000000 88.50000000 91.00000000
v 47.00000000 89.00000000 91.50000000
v 47.00000000 89.50000000 60.00000000
v 47.00000000 90.00000000 60.50000000
v 47.00000000 89.50000000 74.00000000
v 47.00000000 90.00000000 74.50000000
v 47.00000000 89.50000000 91.00000000
v 46.50000000 91.00000000 61.00000000
v 47.00000000 91.00000000 60.50000000
v 47.00000000 90.50000000 75.00000000
v 46.50000000 91.00000000 75.00000000
v 47.00000000 91.00000000 75.50000000
v 47.00000000 91.50000000 61.00000000
v 46.50000000 92.00000000 62.00000000
v 47.00000000 92.00000000 61.50000000
v 47.00000000 91.50000000 76.00000000
v 47.00000000 91.50000000 77.00000000
v 46.50000000 92.00000000 77.00000000
v 47.00000000 92.00000000 77.50000000
v 47.00000000 92.50000000 62.00000000
v 47.00000000 92.50000000 63.00000000
v 47.00000000 93.00000000 63.50000000
v 47.00000000 93.00000000 77.50000000
v 46.50000000 93.00000000 78.00000000
v 46.50000000 93.00000000 79.00000000
v 47.00000000 93.50000000 64.00000000
v 47.00000000 93.50000000 65.00000000
v 46.50000000 94.00000000 66.00000000
v 47.00000000 93.50000000 66.00000000
v 47.00000000 94.00000000 66.50000000
v 46.50000000 94.00000000 72.00000000
v 47.00000000 93.50000000 72.00000000
v 47.00000000 94.00000000 71.50000000
v 46.50000000 94.00000000 73.00000000
v 47.00000000 93.50000000 73.00000000
v 46.50000000 94.00000000 74.00000000
v 47.00000000 93.50000000 74.00000000
v 46.50000000 94.00000000 75.00000000
v 47.00000000 93.50000000 75.00000000
v 47.00000000 93.50000000 76.00000000
v 47.00000000 93.50000000 77.00000000
v 47.00000000 94.50000000 67.00000000
v 47.00000000 94.50000000 68.00000000
v 46.50000000 95.00000000 69.00000000
v 47.00000000 94.50000000 69.00000000
v 46.50000000 95.00000000 70.00000000
v 47.00000000 94.50000000 70.00000000
v 46.50000000 95.00000000 71.00000000
v 47.00000000 94.50000000 71.00000000
v 46.50000000 95.00000000 72.00000000
v 46.50000000 95.00000000 73.00000000
v 47.50000000 57.00000000 75.00000000
v 47.50000000 57.00000000 76.00000000
v 47.50000000 57.00000000 77.00000000
v 47.50000000 57.00000000 78.00000000
v 47.50000000 57.00000000 79.00000000
v 47.50000000 58.00000000 73.00000000
v 48.00000000 58.00000000 73.50000000
v 48.00000000 57.50000000 74.00000000
v 48.00000000 57.50000000 75.00000000
v 48.00000000 57.50000000 76.00000000
v 48.00000000 57.50000000 77.00000000
v 48.00000000 57.50000000 78.00000000
v 48.00000000 57.50000000 79.00000000
v 48.00000000 57.50000000 80.00000000
v 48.00000000 58.00000000 80.50000000
v 48.00000000 59.00000000 71.50000000
v 48.00000000 58.50000000 72.00000000
v 48.00000000 58.50000000 73.00000000
v 48.00000000 58.50000000 81.00000000
v 48.00000000 58.50000000 82.00000000
v 48.00000000 58.50000000 83.00000000
v 47.50000000 59.00000000 83.00000000
v 48.00000000 59.00000000 83.50000000
v 48.00000000 60.00000000 70.50000000
v 48.00000000 59.50000000 71.00000000
v 47.50000000 60.00000000 83.00000000
v 48.00000000 60.00000000 83.50000000
v 48.00000000 61.00000000 69.50000000
v 48.00000000 60.50000000 70.00000000
v 48.00000000 61.00000000 83.50000000
v 48.00000000 62.00000000 68.50000000
v 48.00000000 61.50000000 69.00000000
v 48.00000000 61.50000000 84.00000000
v 48.00000000 62.00000000 84.50000000
v 48.00000000 63.00000000 67.50000000
v 48.00000000 62.50000000 68.00000000
v 48.00000000 62.50000000 85.00000000
v 48.00000000 63.00000000 85.50000000
v 48.00000000 64.00000000 67.50000000
v 48.00000000 63.50000000 86.00000000
v 48.00000000 63.50000000 87.00000000
v 47.50000000 64.00000000 87.00000000
v 48.00000000 64.00000000 87.50000000
v 48.00000000 65.00000000 67.50000000
v 48.00000000 65.00000000 87.50000000
v 47.50000000 66.00000000 68.00000000
v 48.00000000 66.00000000 67.50000000
v 48.00000000 65.50000000 88.00000000
v 48.00000000 66.00000000 88.50000000
v 47.50000000 67.00000000 68.00000000
v 48.00000000 67.00000000 67.50000000
v 47.50000000 67.00000000 88.00000000
v 48.00000000 67.00000000 88.50000000
v 47.50000000 68.00000000 68.00000000
v 48.00000000 68.00000000 67.50000000
v 47.50000000 68.00000000 87.00000000
v 47.50000000 68.00000000 88.00000000
v 48.00000000 68.00000000 88.50000000
v 47.50000000 69.00000000 67.00000000
v 48.00000000 69.00000000 66.50000000
v 48.00000000 68.50000000 67.00000000
v 47.50000000 69.00000000 86.00000000
v 48.00000000 69.00000000 86.50000000
v 48.00000000 68.50000000 87.00000000
v 48.00000000 68.50000000 88.00000000
v 47.50000000 70.00000000 60.00000000
v 48.00000000 70.00000000 60.50000000
v 48.00000000 69.50000000 61.00000000
v 48.00000000 69.50000000 62.00000000
v 48.00000000 69.50000000 63.00000000
v 48.00000000 69.50000000 64.00000000
v 48.00000000 69.50000000 65.00000000
v 48.00000000 69.50000000 66.00000000
v 48.00000000 69.50000000 86.00000000
v 48.00000000 70.00000000 85.50000000
v 48.00000000 71.00000000 59.50000000
v 48.00000000 70.50000000 60.00000000
v 47.50000000 71.00000000 76.00000000
v 47.50000000 71.00000000 77.00000000
v 48.00000000 71.00000000 77.50000000
v 48.00000000 70.50000000 78.00000000
v 47.50000000 71.00000000 79.00000000
v 48.00000000 71.00000000 78.50000000
v 47.50000000 71.00000000 80.00000000
v 47.50000000 71.00000000 81.00000000
v 47.50000000 71.00000000 82.00000000
v 48.00000000 71.00000000 85.50000000
v 48.00000000 72.00000000 58.50000000
v 48.00000000 71.50000000 59.00000000
v 48.00000000 71.50000000 74.00000000
v 48.00000000 72.00000000 73.50000000
v 48.00000000 71.50000000 75.00000000
v 48.00000000 71.50000000 76.00000000
v 48.00000000 71.50000000 77.00000000
v 48.00000000 71.50000000 79.00000000
v 48.00000000 71.50000000 80.00000000
v 48.00000000 71.50000000 81.00000000
v 48.00000000 71.50000000 82.00000000
v 48.00000000 71.50000000 83.00000000
v 47.50000000 72.00000000 84.00000000
v 48.00000000 72.00000000 83.50000000
v 47.50000000 72.00000000 85.00000000
v 47.50000000 71.50000000 85.50000000
v 48.00000000 71.50000000 86.00000000
v 48.00000000 71.50000000 87.00000000
v 48.00000000 72.00000000 87.50000000
v 47.50000000 73.00000000 58.00000000
v 48.00000000 73.00000000 58.50000000
v 47.50000000 73.00000000 72.00000000
v 48.00000000 73.00000000 72.50000000
v 48.00000000 72.50000000 73.00000000
v 48.00000000 72.50000000 84.00000000
v 48.00000000 72.50000000 85.00000000
v 48.00000000 73.00000000 85.50000000
v 48.00000000 72.50000000 88.00000000
v 48.00000000 72.50000000 89.00000000
v 47.50000000 73.00000000 90.00000000
v 48.00000000 73.00000000 89.50000000
v 47.50000000 73.00000000 91.00000000
v 47.50000000 74.00000000 58.00000000
v 48.00000000 74.00000000 58.50000000
v 47.50000000 74.00000000 71.00000000
v 48.00000000 74.00000000 71.50000000
v 48.00000000 73.50000000 72.00000000
v 48.00000000 73.50000000 86.00000000
v 48.00000000 73.50000000 87.00000000
v 47.50000000 74.00000000 88.00000000
v 48.00000000 74.00000000 87.50000000
v 48.00000000 73.50000000 90.00000000
v 48.00000000 73.50000000 91.00000000
v 47.50000000 74.00000000 92.00000000
v 48.00000000 74.00000000 91.50000000
v 47.50000000 74.00000000 93.00000000
v 48.00000000 75.00000000 57.50000000
v 48.00000000 74.50000000 58.00000000
v 47.50000000 75.00000000 70.00000000
v 48.00000000 75.00000000 70.50000000
v 48.00000000 74.50000000 71.00000000
v 48.00000000 74.50000000 88.00000000
v 47.50000000 75.00000000 89.00000000
v 48.00000000 75.00000000 88.50000000
v 48.00000000 74.50000000 92.00000000
v 48.00000000 75.00000000 92.50000000
v 47.50000000 75.00000000 93.00000000
v 47.50000000 75.00000000 94.00000000
v 48.00000000 76.00000000 57.50000000
v 47.50000000 76.00000000 69.00000000
v 48.00000000 76.00000000 69.50000000
v 48.00000000 75.50000000 70.00000000
v 48.00000000 75.50000000 89.00000000
v 48.00000000 76.00000000 89.50000000
v 48.00000000 75.50000000 93.00000000
v 48.00000000 76.00000000 93.50000000
v 47.50000000 76.00000000 94.00000000
v 47.50000000 76.00000000 95.00000000
v 47.50000000 77.00000000 57.00000000
v 48.00000000 77.00000000 57.50000000
v 48.00000000 76.50000000 69.00000000
v 48.00000000 77.00000000 68.50000000
v 48.00000000 76.50000000 90.00000000
v 48.00000000 77.00000000 90.50000000
v 48.00000000 76.50000000 94.00000000
v 48.00000000 77.00000000 94.50000000
v 47.50000000 77.00000000 95.00000000
v 48.00000000 78.00000000 56.50000000
v 48.00000000 77.50000000 57.00000000
v 47.50000000 78.00000000 68.00000000
v 48.00000000 78.00000000 68.50000000
v 48.00000000 78.00000000 90.50000000
v 47.50000000 78.00000000 95.00000000
v 48.00000000 78.00000000 94.50000000
v 47.50000000 78.00000000 96.00000000
v 48.00000000 79.00000000 56.50000000
v 48.00000000 78.50000000 68.00000000
v 48.00000000 79.00000000 67.50000000
v 47.50000000 79.00000000 90.00000000
v 48.00000000 79.00000000 89.50000000
v 48.00000000 78.50000000 90.00000000
v 47.50000000 79.00000000 95.00000000
v 48.00000000 79.00000000 94.50000000
v 47.50000000 80.00000000 56.00000000
v 48.00000000 80.00000000 55.50000000
v 48.00000000 79.50000000 56.00000000
v 47.50000000 80.00000000 67.00000000
v 48.00000000 80.00000000 67.50000000
v 47.50000000 80.00000000 89.00000000
v 48.00000000 80.00000000 88.50000000
v 48.00000000 79.50000000 89.00000000
v 48.00000000 80.00000000 94.50000000
v 48.00000000 81.00000000 55.50000000
v 48.00000000 81.00000000 67.50000000
v 47.50000000 81.00000000 88.00000000
v 48.00000000 81.00000000 87.50000000
v 48.00000000 80.50000000 88.00000000
v 47.50000000 81.00000000 89.00000000
v 47.50000000 81.00000000 90.00000000
v 47.50000000 81.00000000 93.00000000
v 48.00000000 81.00000000 93.50000000
v 48.00000000 80.50000000 94.00000000
v 48.00000000 82.00000000 55.50000000
v 48.00000000 82.00000000 67.50000000
v 47.50000000 82.00000000 88.00000000
v 48.00000000 82.00000000 87.50000000
v 47.50000000 82.00000000 89.00000000
v 47.50000000 82.00000000 90.00000000
v 47.50000000 82.00000000 91.00000000
v 47.50000000 82.00000000 92.00000000
v 48.00000000 82.00000000 92.50000000
v 48.00000000 81.50000000 93.00000000
v 47.50000000 83.00000000 55.00000000
v 48.00000000 83.00000000 54.50000000
v 48.00000000 82.50000000 55.00000000
v 48.00000000 82.50000000 68.00000000
v 47.50000000 83.00000000 68.00000000
v 48.00000000 83.00000000 68.50000000
v 48.00000000 82.50000000 88.00000000
v 47.50000000 83.00000000 89.00000000
v 48.00000000 83.00000000 88.50000000
v 47.50000000 83.00000000 90.00000000
v 47.50000000 83.00000000 91.00000000
v 47.50000000 83.00000000 92.00000000
v 48.00000000 83.00000000 92.50000000
v 48.00000000 83.50000000 55.00000000
v 47.50000000 84.00000000 56.00000000
v 48.00000000 84.00000000 55.50000000
v 48.00000000 83.50000000 69.00000000
v 47.50000000 84.00000000 69.00000000
v 48.00000000 84.00000000 69.50000000
v 47.50000000 84.00000000 89.00000000
v 48.00000000 84.00000000 88.50000000
v 47.50000000 84.00000000 90.00000000
v 47.50000000 84.00000000 91.00000000
v 47.50000000 84.00000000 92.00000000
v 48.00000000 84.00000000 92.50000000
v 48.00000000 84.50000000 56.00000000
v 48.00000000 85.00000000 56.50000000
v 48.00000000 84.50000000 70.00000000
v 48.00000000 85.00000000 70.50000000
v 47.50000000 85.00000000 72.00000000
v 48.00000000 85.00000000 71.50000000
v 48.00000000 84.50000000 72.00000000
v 48.00000000 85.00000000 72.50000000
v 47.50000000 85.00000000 89.00000000
v 48.00000000 85.00000000 88.50000000
v 47.50000000 85.00000000 90.00000000
v 47.50000000 85.00000000 91.00000000
v 48.00000000 85.00000000 91.50000000
v 48.00000000 84.50000000 92.00000000
v 48.00000000 85.50000000 57.00000000
v 47.50000000 86.00000000 57.00000000
v 48.00000000 86.00000000 57.50000000
v 48.00000000 85.50000000 71.00000000
v 48.00000000 85.50000000 73.00000000
v 48.00000000 85.50000000 74.00000000
v 48.00000000 85.50000000 75.00000000
v 48.00000000 85.50000000 76.00000000
v 48.00000000 85.50000000 77.00000000
v 47.50000000 86.00000000 77.00000000
v 48.00000000 86.00000000 77.50000000
v 47.50000000 86.00000000 88.00000000
v 48.00000000 86.00000000 87.50000000
v 48.00000000 85.50000000 88.00000000
v 47.50000000 86.00000000 89.00000000
v 47.50000000 86.00000000 90.00000000
v 47.50000000 86.00000000 91.00000000
v 48.00000000 86.00000000 91.50000000
v 48.00000000 87.00000000 57.50000000
v 47.50000000 87.00000000 74.00000000
v 48.00000000 86.50000000 74.00000000
v 48.00000000 87.00000000 73.50000000
v 47.50000000 87.00000000 75.00000000
v 48.00000000 86.50000000 75.00000000
v 47.50000000 87.00000000 76.00000000
v 48.00000000 86.50000000 76.00000000
v 48.00000000 87.00000000 76.50000000
v 48.00000000 86.50000000 78.00000000
v 47.50000000 87.00000000 78.00000000
v 48.00000000 87.00000000 78.50000000
v 47.50000000 87.00000000 85.00000000
v 48.00000000 87.00000000 84.50000000
v 48.00000000 86.50000000 85.00000000
v 48.00000000 87.00000000 85.50000000
v 48.00000000 86.50000000 88.00000000
v 47.50000000 87.00000000 89.00000000
v 48.00000000 87.00000000 88.50000000
v 47.50000000 87.00000000 91.00000000
v 48.00000000 87.00000000 91.50000000
v 48.00000000 87.50000000 58.00000000
v 48.00000000 88.00000000 58.50000000
v 47.50000000 88.00000000 74.00000000
v 48.00000000 88.00000000 73.50000000
v 47.50000000 88.00000000 77.00000000
v 48.00000000 87.50000000 77.00000000
v 47.50000000 87.50000000 77.50000000
v 48.00000000 87.50000000 78.00000000
v 47.50000000 88.00000000 78.00000000
v 47.50000000 88.00000000 79.00000000
v 48.00000000 87.50000000 80.00000000
v 48.00000000 88.00000000 79.50000000
v 47.50000000 88.00000000 80.00000000
v 48.00000000 88.00000000 80.50000000
v 48.00000000 87.50000000 85.00000000
v 47.50000000 88.00000000 89.00000000
v 48.00000000 88.00000000 88.50000000
v 47.50000000 88.00000000 90.00000000
v 47.50000000 88.00000000 91.00000000
v 48.00000000 88.00000000 91.50000000
v 48.00000000 88.50000000 59.00000000
v 48.00000000 89.00000000 59.50000000
v 48.00000000 89.00000000 73.50000000
v 48.00000000 88.50000000 80.00000000
v 48.00000000 88.50000000 89.00000000
v 47.50000000 89.00000000 90.00000000
v 48.00000000 89.00000000 89.50000000
v 48.00000000 89.00000000 91.50000000
v 48.00000000 89.50000000 60.00000000
v 48.00000000 90.00000000 60.50000000
v 47.50000000 90.00000000 74.00000000
v 48.00000000 90.00000000 73.50000000
v 48.00000000 89.50000000 90.00000000
v 48.00000000 89.50000000 91.00000000
v 48.00000000 90.50000000 61.00000000
v 47.50000000 91.00000000 61.00000000
v 48.00000000 91.00000000 61.50000000
v 48.00000000 90.50000000 74.00000000
v 47.50000000 91.00000000 75.00000000
v 48.00000000 91.00000000 74.50000000
v 47.50000000 92.00000000 62.00000000
v 48.00000000 91.50000000 62.00000000
v 48.00000000 92.00000000 62.50000000
v 47.50000000 92.00000000 75.00000000
v 48.00000000 92.00000000 74.50000000
v 47.50000000 92.00000000 76.00000000
v 47.50000000 92.00000000 77.00000000
v 48.00000000 92.50000000 63.00000000
v 48.00000000 93.00000000 63.50000000
v 47.50000000 93.00000000 73.00000000
v 48.00000000 92.50000000 73.00000000
v 48.00000000 93.00000000 72.50000000
v 47.50000000 93.00000000 74.00000000
v 48.00000000 92.50000000 74.00000000
v 47.50000000 93.00000000 75.00000000
v 47.50000000 93.00000000 76.00000000
v 47.50000000 93.00000000 77.00000000
v 48.00000000 93.50000000 64.00000000
v 48.00000000 93.50000000 65.00000000
v 48.00000000 93.50000000 66.00000000
v 47.50000000 94.00000000 67.00000000
v 48.00000000 93.50000000 67.00000000
v 47.50000000 94.00000000 68.00000000
v 48.00000000 93.50000000 68.00000000
v 47.50000000 94.00000000 69.00000000
v 48.00000000 93.50000000 69.00000000
v 47.50000000 94.00000000 70.00000000
v 48.00000000 93.50000000 70.00000000
v 47.50000000 94.00000000 71.00000000
v 48.00000000 93.50000000 71.00000000
v 48.00000000 93.50000000 72.00000000
v 48.50000000 58.00000000 74.00000000
v 48.50000000 58.00000000 75.00000000
v 49.00000000 58.00000000 75.50000000
v 49.00000000 57.50000000 76.00000000
v 49.00000000 57.50000000 77.00000000
v 49.00000000 57.50000000 78.00000000
v 49.00000000 57.50000000 79.00000000
v 49.00000000 57.50000000 80.00000000
v 49.00000000 57.50000000 81.00000000
v 48.50000000 58.00000000 81.00000000
v 49.00000000 58.00000000 81.50000000
v 48.50000000 59.00000000 72.00000000
v 49.00000000 59.00000000 72.50000000
v 49.00000000 58.50000000 73.00000000
v 49.00000000 58.50000000 74.00000000
v 49.00000000 58.50000000 75.00000000
v 49.00000000 58.50000000 82.00000000
v 49.00000000 58.50000000 83.00000000
v 49.00000000 59.00000000 83.50000000
v 49.00000000 60.00000000 70.50000000
v 49.00000000 59.50000000 71.00000000
v 49.00000000 59.50000000 72.00000000
v 49.00000000 60.00000000 83.50000000
v 49.00000000 61.00000000 69.50000000
v 49.00000000 60.50000000 70.00000000
v 49.00000000 60.50000000 84.00000000
v 48.50000000 61.00000000 84.00000000
v 49.00000000 61.00000000 84.50000000
v 49.00000000 62.00000000 68.50000000
v 49.00000000 61.50000000 69.00000000
v 49.00000000 61.50000000 85.00000000
v 48.50000000 62.00000000 85.00000000
v 49.00000000 62.00000000 85.50000000
v 49.00000000 63.00000000 67.50000000
v 49.00000000 62.50000000 68.00000000
v 49.00000000 62.50000000 86.00000000
v 48.50000000 63.00000000 86.00000000
v 49.00000000 63.00000000 86.50000000
v 48.50000000 64.00000000 67.00000000
v 49.00000000 64.00000000 66.50000000
v 49.00000000 63.50000000 67.00000000
v 49.00000000 63.50000000 87.00000000
v 49.00000000 64.00000000 87.50000000
v 48.50000000 65.00000000 67.00000000
v 49.00000000 65.00000000 66.50000000
v 49.00000000 64.50000000 88.00000000
v 48.50000000 65.00000000 88.00000000
v 49.00000000 65.00000000 88.50000000
v 49.00000000 65.50000000 67.00000000
v 49.00000000 66.00000000 67.50000000
v 49.00000000 65.50000000 89.00000000
v 48.50000000 66.00000000 89.00000000
v 49.00000000 66.00000000 89.50000000
v 48.50000000 67.00000000 67.00000000
v 49.00000000 67.00000000 66.50000000
v 49.00000000 66.50000000 67.00000000
v 48.50000000 67.00000000 89.00000000
v 49.00000000 67.00000000 89.50000000
v 48.50000000 68.00000000 67.00000000
v 49.00000000 68.00000000 66.50000000
v 48.50000000 68.00000000 89.00000000
v 49.00000000 68.00000000 89.50000000
v 48.50000000 69.00000000 61.00000000
v 49.00000000 69.00000000 60.50000000
v 49.00000000 68.50000000 61.00000000
v 49.00000000 68.50000000 62.00000000
v 48.50000000 69.00000000 62.00000000
v 49.00000000 68.50000000 63.00000000
v 48.50000000 69.00000000 63.00000000
v 49.00000000 68.50000000 64.00000000
v 48.50000000 69.00000000 64.00000000
v 49.00000000 68.50000000 65.00000000
v 48.50000000 69.00000000 65.00000000
v 49.00000000 68.50000000 66.00000000
v 48.50000000 69.00000000 66.00000000
v 48.50000000 69.00000000 87.00000000
v 48.50000000 69.00000000 88.00000000
v 49.00000000 69.00000000 88.50000000
v 49.00000000 68.50000000 89.00000000
v 49.00000000 70.00000000 60.50000000
v 48.50000000 70.00000000 86.00000000
v 49.00000000 70.00000000 86.50000000
v 49.00000000 69.50000000 87.00000000
v 49.00000000 69.50000000 88.00000000
v 49.00000000 71.00000000 59.50000000
v 49.00000000 70.50000000 60.00000000
v 48.50000000 71.00000000 78.00000000
v 49.00000000 70.50000000 86.00000000
v 49.00000000 71.00000000 85.50000000
v 48.50000000 72.00000000 59.00000000
v 49.00000000 72.00000000 59.50000000
v 48.50000000 72.00000000 74.00000000
v 48.50000000 72.00000000 75.00000000
v 49.00000000 72.00000000 75.50000000
v 49.00000000 71.50000000 76.00000000
v 49.00000000 71.50000000 77.00000000
v 49.00000000 71.50000000 78.00000000
v 49.00000000 71.50000000 79.00000000
v 49.00000000 71.50000000 80.00000000
v 49.00000000 71.50000000 81.00000000
v 48.50000000 72.00000000 82.00000000
v 49.00000000 72.00000000 81.50000000
v 48.50000000 72.00000000 83.00000000
v 49.00000000 71.50000000 86.00000000
v 48.50000000 72.00000000 87.00000000
v 49.00000000 72.00000000 86.50000000
v 48.50000000 73.00000000 59.00000000
v 49.00000000 73.00000000 59.50000000
v 49.00000000 72.50000000 73.00000000
v 49.00000000 73.00000000 72.50000000
v 49.00000000 72.50000000 74.00000000
v 49.00000000 72.50000000 75.00000000
v 49.00000000 72.50000000 82.00000000
v 49.00000000 72.50000000 83.00000000
v 48.50000000 73.00000000 84.00000000
v 49.00000000 73.00000000 83.50000000
v 48.50000000 73.00000000 85.00000000
v 49.00000000 72.50000000 87.00000000
v 48.50000000 73.00000000 88.00000000
v 49.00000000 73.00000000 87.50000000
v 48.50000000 73.00000000 89.00000000
v 49.00000000 74.00000000 58.50000000
v 49.00000000 73.50000000 59.00000000
v 49.00000000 73.50000000 72.00000000
v 49.00000000 74.00000000 71.50000000
v 49.00000000 73.50000000 84.00000000
v 49.00000000 73.50000000 85.00000000
v 48.50000000 74.00000000 86.00000000
v 49.00000000 74.00000000 85.50000000
v 48.50000000 74.00000000 87.00000000
v 49.00000000 73.50000000 88.00000000
v 49.00000000 73.50000000 89.00000000
v 48.50000000 74.00000000 90.00000000
v 49.00000000 74.00000000 89.50000000
v 48.50000000 74.00000000 91.00000000
v 48.50000000 75.00000000 58.00000000
v 49.00000000 75.00000000 58.50000000
v 48.50000000 75.00000000 71.00000000
v 49.00000000 75.00000000 71.50000000
v 49.00000000 74.50000000 86.00000000
v 49.00000000 74.50000000 87.00000000
v 48.50000000 75.00000000 88.00000000
v 49.00000000 75.00000000 87.50000000
v 49.00000000 74.50000000 90.00000000
v 49.00000000 75.00000000 90.50000000
v 48.50000000 75.00000000 91.00000000
v 48.50000000 75.00000000 92.00000000
v 49.00000000 76.00000000 57.50000000
v 49.00000000 75.50000000 58.00000000
v 48.50000000 76.00000000 70.00000000
v 49.00000000 76.00000000 70.50000000
v 49.00000000 75.50000000 71.00000000
v 49.00000000 75.50000000 88.00000000
v 49.00000000 75.50000000 89.00000000
v 49.00000000 76.00000000 89.50000000
v 49.00000000 75.50000000 91.00000000
v 49.00000000 76.00000000 91.50000000
v 48.50000000 76.00000000 92.00000000
v 48.50000000 76.00000000 93.00000000
v 49.00000000 77.00000000 57.50000000
v 48.50000000 77.00000000 69.00000000
v 48.50000000 77.00000000 70.00000000
v 49.00000000 77.00000000 70.50000000
v 48.50000000 77.00000000 90.00000000
v 49.00000000 77.00000000 89.50000000
v 49.00000000 76.50000000 92.00000000
v 49.00000000 77.00000000 92.50000000
v 48.50000000 77.00000000 93.00000000
v 48.50000000 77.00000000 94.00000000
v 49.00000000 78.00000000 56.50000000
v 49.00000000 77.50000000 57.00000000
v 48.50000000 78.00000000 69.00000000
v 49.00000000 78.00000000 69.50000000
v 49.00000000 77.50000000 70.00000000
v 48.50000000 78.00000000 90.00000000
v 49.00000000 78.00000000 89.50000000
v 48.50000000 78.00000000 93.00000000
v 49.00000000 78.00000000 92.50000000
v 48.50000000 78.00000000 94.00000000
v 49.00000000 79.00000000 56.50000000
v 48.50000000 79.00000000 68.00000000
v 49.00000000 79.00000000 68.50000000
v 49.00000000 78.50000000 69.00000000
v 49.00000000 79.00000000 89.50000000
v 49.00000000 78.50000000 93.00000000
v 49.00000000 79.00000000 93.50000000
v 48.50000000 79.00000000 94.00000000
v 48.50000000 80.00000000 56.00000000
v 49.00000000 80.00000000 56.50000000
v 48.50000000 80.00000000 68.00000000
v 49.00000000 80.00000000 68.50000000
v 48.50000000 80.00000000 88.00000000
v 49.00000000 80.00000000 87.50000000
v 49.00000000 79.50000000 88.00000000
v 49.00000000 79.50000000 89.00000000
v 48.50000000 80.00000000 94.00000000
v 49.00000000 80.00000000 93.50000000
v 49.00000000 81.00000000 55.50000000
v 49.00000000 80.50000000 56.00000000
v 49.00000000 80.50000000 68.00000000
v 49.00000000 81.00000000 67.50000000
v 48.50000000 81.00000000 87.00000000
v 49.00000000 81.00000000 86.50000000
v 49.00000000 80.50000000 87.00000000
v 49.00000000 81.00000000 93.50000000
v 49.00000000 82.00000000 55.50000000
v 49.00000000 81.50000000 68.00000000
v 48.50000000 82.00000000 68.00000000
v 49.00000000 82.00000000 68.50000000
v 48.50000000 82.00000000 85.00000000
v 49.00000000 82.00000000 84.50000000
v 49.00000000 81.50000000 85.00000000
v 49.00000000 81.50000000 86.00000000
v 48.50000000 82.00000000 86.00000000
v 48.50000000 82.00000000 87.00000000
v 48.50000000 82.00000000 93.00000000
v 49.00000000 82.00000000 93.50000000
v 48.50000000 83.00000000 55.00000000
v 49.00000000 82.50000000 56.00000000
v 48.50000000 83.00000000 56.00000000
v 49.00000000 83.00000000 56.50000000
v 49.00000000 82.50000000 69.00000000
v 48.50000000 83.00000000 69.00000000
v 49.00000000 83.00000000 69.50000000
v 48.50000000 83.00000000 85.00000000
v 49.00000000 83.00000000 84.50000000
v 48.50000000 83.00000000 86.00000000
v 48.50000000 83.00000000 87.00000000
v 48.50000000 83.00000000 88.00000000
v 48.50000000 83.00000000 93.00000000
v 49.00000000 83.00000000 93.50000000
v 48.50000000 84.00000000 56.00000000
v 49.00000000 84.00000000 56.50000000
v 49.00000000 83.50000000 70.00000000
v 48.50000000 84.00000000 70.00000000
v 49.00000000 84.00000000 70.50000000
v 48.50000000 84.00000000 84.00000000
v 49.00000000 84.00000000 83.50000000
v 49.00000000 83.50000000 84.00000000
v 48.50000000 84.00000000 85.00000000
v 48.50000000 84.00000000 86.00000000
v 48.50000000 84.00000000 87.00000000
v 48.50000000 84.00000000 88.00000000
v 49.00000000 83.50000000 93.00000000
v 49.00000000 84.00000000 92.50000000
v 48.50000000 85.00000000 57.00000000
v 49.00000000 84.50000000 57.00000000
v 49.00000000 85.00000000 57.50000000
v 49.00000000 84.50000000 71.00000000
v 48.50000000 85.00000000 71.00000000
v 49.00000000 84.50000000 72.00000000
v 49.00000000 84.50000000 73.00000000
v 48.50000000 85.00000000 73.00000000
v 49.00000000 84.50000000 74.00000000
v 48.50000000 85.00000000 74.00000000
v 49.00000000 84.50000000 75.00000000
v 48.50000000 85.00000000 75.00000000
v 49.00000000 84.50000000 76.00000000
v 48.50000000 85.00000000 76.00000000
v 49.00000000 84.50000000 77.00000000
v 48.50000000 85.00000000 77.00000000
v 49.00000000 84.50000000 78.00000000
v 48.50000000 85.00000000 78.00000000
v 49.00000000 84.50000000 79.00000000
v 48.50000000 85.00000000 79.00000000
v 49.00000000 85.00000000 79.50000000
v 48.50000000 85.00000000 83.00000000
v 49.00000000 85.00000000 82.50000000
v 49.00000000 84.50000000 83.00000000
v 48.50000000 85.00000000 84.00000000
v 48.50000000 85.00000000 85.00000000
v 48.50000000 85.00000000 86.00000000
v 48.50000000 85.00000000 87.00000000
v 48.50000000 85.00000000 88.00000000
v 48.50000000 85.00000000 92.00000000
v 49.00000000 85.00000000 92.50000000
v 49.00000000 86.00000000 57.50000000
v 48.50000000 85.50000000 74.50000000
v 48.50000000 86.00000000 75.00000000
v 49.00000000 86.00000000 74.50000000
v 49.00000000 85.50000000 75.00000000
v 48.50000000 85.50000000 75.50000000
v 49.00000000 86.00000000 75.50000000
v 48.50000000 86.00000000 78.00000000
v 48.50000000 86.00000000 79.00000000
v 49.00000000 85.50000000 80.00000000
v 48.50000000 86.00000000 80.00000000
v 49.00000000 85.50000000 81.00000000
v 48.50000000 86.00000000 81.00000000
v 49.00000000 85.50000000 82.00000000
v 48.50000000 86.00000000 82.00000000
v 48.50000000 86.00000000 83.00000000
v 49.00000000 86.00000000 83.50000000
v 49.00000000 85.50000000 84.00000000
v 49.00000000 85.50000000 85.00000000
v 49.00000000 85.50000000 86.00000000
v 48.50000000 86.00000000 87.00000000
v 49.00000000 86.00000000 86.50000000
v 48.50000000 86.00000000 92.00000000
v 49.00000000 86.00000000 92.50000000
v 49.00000000 86.50000000 58.00000000
v 48.50000000 87.00000000 58.00000000
v 49.00000000 87.00000000 58.50000000
v 48.50000000 87.00000000 73.00000000
v 49.00000000 86.50000000 73.00000000
v 49.00000000 87.00000000 72.50000000
v 49.00000000 86.50000000 74.00000000
v 49.00000000 86.50000000 76.00000000
v 48.50000000 87.00000000 77.00000000
v 49.00000000 86.50000000 77.00000000
v 48.50000000 86.50000000 77.50000000
v 49.00000000 86.50000000 78.00000000
v 48.50000000 87.00000000 78.00000000
v 49.00000000 86.50000000 79.00000000
v 48.50000000 87.00000000 80.00000000
v 49.00000000 87.00000000 79.50000000
v 49.00000000 87.00000000 80.50000000
v 49.00000000 86.50000000 81.00000000
v 49.00000000 86.50000000 82.00000000
v 49.00000000 86.50000000 83.00000000
v 48.50000000 87.00000000 85.00000000
v 49.00000000 86.50000000 87.00000000
v 48.50000000 87.00000000 88.00000000
v 49.00000000 87.00000000 87.50000000
v 48.50000000 87.00000000 92.00000000
v 49.00000000 87.00000000 92.50000000
v 48.50000000 88.00000000 59.00000000
v 49.00000000 87.50000000 59.00000000
v 49.00000000 88.00000000 59.50000000
v 49.00000000 87.50000000 73.00000000
v 49.00000000 88.00000000 73.50000000
v 48.50000000 88.00000000 80.00000000
v 49.00000000 87.50000000 80.00000000
v 49.00000000 87.50000000 88.00000000
v 49.00000000 88.00000000 88.50000000
v 48.50000000 88.00000000 92.00000000
v 49.00000000 88.00000000 92.50000000
v 48.50000000 89.00000000 60.00000000
v 49.00000000 88.50000000 60.00000000
v 49.00000000 89.00000000 60.50000000
v 49.00000000 89.00000000 73.50000000
v 49.00000000 88.50000000 89.00000000
v 49.00000000 89.00000000 89.50000000
v 48.50000000 89.00000000 92.00000000
v 49.00000000 89.00000000 92.50000000
v 48.50000000 90.00000000 61.00000000
v 49.00000000 89.50000000 61.00000000
v 49.00000000 90.00000000 61.50000000
v 49.00000000 89.50000000 74.00000000
v 48.50000000 90.00000000 74.00000000
v 49.00000000 90.00000000 74.50000000
v 49.00000000 89.50000000 90.00000000
v 49.00000000 89.50000000 91.00000000
v 49.00000000 89.50000000 92.00000000
v 48.50000000 91.00000000 62.00000000
v 49.00000000 90.50000000 62.00000000
v 49.00000000 91.00000000 62.50000000
v 49.00000000 91.00000000 73.50000000
v 48.50000000 91.00000000 74.00000000
v 49.00000000 90.50000000 74.00000000
v 48.50000000 92.00000000 63.00000000
v 49.00000000 91.50000000 63.00000000
v 48.50000000 92.00000000 64.00000000
v 49.00000000 91.50000000 64.00000000
v 49.00000000 92.00000000 64.50000000
v 48.50000000 92.00000000 72.00000000
v 49.00000000 91.50000000 72.00000000
v 49.00000000 92.00000000 71.50000000
v 48.50000000 92.00000000 73.00000000
v 49.00000000 91.50000000 73.00000000
v 48.50000000 92.00000000 74.00000000
v 48.50000000 93.00000000 64.00000000
v 49.00000000 92.50000000 65.00000000
v 48.50000000 93.00000000 65.00000000
v 49.00000000 93.00000000 65.50000000
v 48.50000000 93.00000000 69.00000000
v 49.00000000 92.50000000 69.00000000
v 49.00000000 93.00000000 68.50000000
v 48.50000000 93.00000000 70.00000000
v 49.00000000 92.50000000 70.00000000
v 48.50000000 93.00000000 71.00000000
v 49.00000000 92.50000000 71.00000000
v 48.50000000 93.00000000 72.00000000
v 49.00000000 93.50000000 66.00000000
v 49.00000000 93.50000000 67.00000000
v 49.00000000 93.50000000 68.00000000
v 49.50000000 58.00000000 76.00000000
v 49.50000000 58.00000000 77.00000000
v 49.50000000 58.00000000 78.00000000
v 49.50000000 58.00000000 79.00000000
v 49.50000000 58.00000000 80.00000000
v 49.50000000 58.00000000 81.00000000
v 49.50000000 59.00000000 73.00000000
v 49.50000000 59.00000000 74.00000000
v 50.00000000 59.00000000 74.50000000
v 50.00000000 58.50000000 75.00000000
v 50.00000000 58.50000000 76.00000000
v 50.00000000 58.50000000 77.00000000
v 50.00000000 58.50000000 78.00000000
v 50.00000000 58.50000000 79.00000000
v 50.00000000 58.50000000 80.00000000
v 50.00000000 58.50000000 81.00000000
v 50.00000000 58.50000000 82.00000000
v 50.00000000 58.50000000 83.00000000
v 50.00000000 59.00000000 83.50000000
v 49.50000000 60.00000000 71.00000000
v 50.00000000 60.00000000 71.50000000
v 50.00000000 59.50000000 72.00000000
v 50.00000000 59.50000000 73.00000000
v 50.00000000 59.50000000 74.00000000
v 50.00000000 59.50000000 84.00000000
v 49.50000000 60.00000000 84.00000000
v 50.00000000 60.00000000 84.50000000
v 50.00000000 61.00000000 69.50000000
v 50.00000000 60.50000000 70.00000000
v 50.00000000 60.50000000 71.00000000
v 50.00000000 60.50000000 85.00000000
v 49.50000000 61.00000000 85.00000000
v 50.00000000 61.00000000 85.50000000
v 49.50000000 62.00000000 68.00000000
v 50.00000000 62.00000000 67.50000000
v 50.00000000 61.50000000 68.00000000
v 50.00000000 61.50000000 69.00000000
v 50.00000000 62.00000000 85.50000000
v 49.50000000 63.00000000 67.00000000
v 50.00000000 63.00000000 66.50000000
v 50.00000000 62.50000000 67.00000000
v 50.00000000 62.50000000 86.00000000
v 50.00000000 62.50000000 87.00000000
v 49.50000000 63.00000000 87.00000000
v 50.00000000 63.00000000 87.50000000
v 50.00000000 64.00000000 66.50000000
v 50.00000000 64.00000000 87.50000000
v 49.50000000 65.00000000 66.00000000
v 50.00000000 65.00000000 65.50000000
v 50.00000000 64.50000000 66.00000000
v 50.00000000 64.50000000 88.00000000
v 50.00000000 64.50000000 89.00000000
v 49.50000000 65.00000000 89.00000000
v 50.00000000 65.00000000 89.50000000
v 50.00000000 65.50000000 66.00000000
v 49.50000000 66.00000000 67.00000000
v 50.00000000 66.00000000 66.50000000
v 50.00000000 66.00000000 89.50000000
v 49.50000000 67.00000000 58.00000000
v 50.00000000 67.00000000 57.50000000
v 50.00000000 66.50000000 58.00000000
v 50.00000000 66.50000000 59.00000000
v 49.50000000 67.00000000 59.00000000
v 50.00000000 67.00000000 59.50000000
v 49.50000000 67.00000000 66.00000000
v 50.00000000 67.00000000 65.50000000
v 50.00000000 66.50000000 66.00000000
v 50.00000000 67.00000000 89.50000000
v 50.00000000 67.50000000 58.00000000
v 49.50000000 68.00000000 59.00000000
v 50.00000000 68.00000000 58.50000000
v 50.00000000 67.50000000 60.00000000
v 49.50000000 68.00000000 60.00000000
v 50.00000000 67.50000000 61.00000000
v 49.50000000 68.00000000 61.00000000
v 50.00000000 67.50000000 62.00000000
v 49.50000000 68.00000000 62.00000000
v 50.00000000 67.50000000 63.00000000
v 49.50000000 68.00000000 63.00000000
v 50.00000000 67.50000000 64.00000000
v 49.50000000 68.00000000 64.00000000
v 50.00000000 67.50000000 65.00000000
v 49.50000000 68.00000000 65.00000000
v 49.50000000 68.00000000 66.00000000
v 50.00000000 68.00000000 89.50000000
v 49.50000000 69.00000000 59.00000000
v 50.00000000 69.00000000 58.50000000
v 49.50000000 69.00000000 60.00000000
v 50.00000000 68.50000000 89.00000000
v 50.00000000 69.00000000 88.50000000
v 50.00000000 69.50000000 59.00000000
v 50.00000000 69.50000000 60.00000000
v 50.00000000 70.00000000 60.50000000
v 49.50000000 70.00000000 87.00000000
v 50.00000000 70.00000000 87.50000000
v 50.00000000 69.50000000 88.00000000
v 49.50000000 71.00000000 60.00000000
v 50.00000000 71.00000000 60.50000000
v 49.50000000 71.00000000 86.00000000
v 50.00000000 71.00000000 86.50000000
v 50.00000000 70.50000000 87.00000000
v 49.50000000 72.00000000 60.00000000
v 50.00000000 72.00000000 60.50000000
v 49.50000000 72.00000000 76.00000000
v 49.50000000 72.00000000 77.00000000
v 49.50000000 72.00000000 78.00000000
v 50.00000000 72.00000000 78.50000000
v 50.00000000 71.50000000 79.00000000
v 49.50000000 72.00000000 80.00000000
v 50.00000000 72.00000000 79.50000000
v 49.50000000 72.00000000 81.00000000
v 50.00000000 72.00000000 86.50000000
v 50.00000000 73.00000000 59.50000000
v 50.00000000 72.50000000 60.00000000
v 49.50000000 73.00000000 73.00000000
v 49.50000000 73.00000000 74.00000000
v 50.00000000 73.00000000 74.50000000
v 50.00000000 72.50000000 75.00000000
v 50.00000000 72.50000000 76.00000000
v 50.00000000 72.50000000 77.00000000
v 50.00000000 72.50000000 78.00000000
v 50.00000000 72.50000000 80.00000000
v 50.00000000 72.50000000 81.00000000
v 50.00000000 72.50000000 82.00000000
v 49.50000000 73.00000000 83.00000000
v 50.00000000 73.00000000 82.50000000
v 50.00000000 72.50000000 87.00000000
v 50.00000000 73.00000000 87.50000000
v 49.50000000 74.00000000 59.00000000
v 50.00000000 74.00000000 59.50000000
v 49.50000000 74.00000000 72.00000000
v 50.00000000 74.00000000 72.50000000
v 50.00000000 73.50000000 73.00000000
v 50.00000000 73.50000000 74.00000000
v 50.00000000 73.50000000 83.00000000
v 49.50000000 74.00000000 84.00000000
v 50.00000000 74.00000000 83.50000000
v 49.50000000 74.00000000 85.00000000
v 50.00000000 73.50000000 88.00000000
v 49.50000000 74.00000000 89.00000000
v 50.00000000 74.00000000 88.50000000
v 50.00000000 75.00000000 58.50000000
v 50.00000000 74.50000000 59.00000000
v 50.00000000 74.50000000 72.00000000
v 50.00000000 75.00000000 71.50000000
v 50.00000000 74.50000000 84.00000000
v 50.00000000 74.50000000 85.00000000
v 49.50000000 75.00000000 86.00000000
v 50.00000000 75.00000000 85.50000000
v 49.50000000 75.00000000 87.00000000
v 50.00000000 74.50000000 89.00000000
v 49.50000000 75.00000000 90.00000000
v 50.00000000 75.00000000 89.50000000
v 49.50000000 76.00000000 58.00000000
v 50.00000000 76.00000000 58.50000000
v 50.00000000 75.50000000 71.00000000
v 50.00000000 76.00000000 70.50000000
v 50.00000000 75.50000000 86.00000000
v 50.00000000 75.50000000 87.00000000
v 49.50000000 76.00000000 88.00000000
v 50.00000000 76.00000000 87.50000000
v 49.50000000 76.00000000 89.00000000
v 50.00000000 75.50000000 90.00000000
v 49.50000000 76.00000000 91.00000000
v 50.00000000 76.00000000 90.50000000
v 50.00000000 77.00000000 57.50000000
v 50.00000000 76.50000000 58.00000000
v 50.00000000 77.00000000 70.50000000
v 50.00000000 76.50000000 88.00000000
v 49.50000000 77.00000000 89.00000000
v 50.00000000 77.00000000 88.50000000
v 50.00000000 76.50000000 91.00000000
v 49.50000000 77.00000000 92.00000000
v 50.00000000 77.00000000 91.50000000
v 50.00000000 78.00000000 56.50000000
v 50.00000000 77.50000000 57.00000000
v 49.50000000 78.00000000 70.00000000
v 50.00000000 78.00000000 70.50000000
v 49.50000000 78.00000000 89.00000000
v 50.00000000 78.00000000 88.50000000
v 50.00000000 77.50000000 92.00000000
v 50.00000000 78.00000000 92.50000000
v 50.00000000 79.00000000 56.50000000
v 49.50000000 79.00000000 69.00000000
v 50.00000000 79.00000000 69.50000000
v 50.00000000 78.50000000 70.00000000
v 49.50000000 79.00000000 89.00000000
v 50.00000000 79.00000000 88.50000000
v 50.00000000 78.50000000 93.00000000
v 50.00000000 79.00000000 93.50000000
v 50.00000000 80.00000000 56.50000000
v 49.50000000 80.00000000 69.00000000
v 50.00000000 80.00000000 69.50000000
v 50.00000000 80.00000000 87.50000000
v 50.00000000 79.50000000 88.00000000
v 50.00000000 80.00000000 93.50000000
v 49.50000000 81.00000000 56.00000000
v 50.00000000 81.00000000 56.50000000
v 49.50000000 81.00000000 68.00000000
v 49.50000000 81.00000000 69.00000000
v 50.00000000 81.00000000 69.50000000
v 49.50000000 81.00000000 86.00000000
v 50.00000000 81.00000000 85.50000000
v 50.00000000 80.50000000 86.00000000
v 50.00000000 80.50000000 87.00000000
v 50.00000000 81.00000000 93.50000000
v 49.50000000 82.00000000 56.00000000
v 50.00000000 82.00000000 56.50000000
v 49.50000000 82.00000000 69.00000000
v 50.00000000 82.00000000 69.50000000
v 50.00000000 82.00000000 84.50000000
v 50.00000000 81.50000000 85.00000000
v 50.00000000 81.50000000 94.00000000
v 49.50000000 82.00000000 94.00000000
v 50.00000000 82.00000000 94.50000000
v 50.00000000 83.00000000 56.50000000
v 50.00000000 82.50000000 70.00000000
v 49.50000000 83.00000000 70.00000000
v 50.00000000 83.00000000 70.50000000
v 49.50000000 83.00000000 80.00000000
v 50.00000000 83.00000000 79.50000000
v 50.00000000 82.50000000 80.00000000
v 50.00000000 82.50000000 81.00000000
v 49.50000000 83.00000000 81.00000000
v 50.00000000 82.50000000 82.00000000
v 49.50000000 83.00000000 82.00000000
v 50.00000000 82.50000000 83.00000000
v 49.50000000 83.00000000 83.00000000
v 50.00000000 82.50000000 84.00000000
v 49.50000000 83.00000000 84.00000000
v 50.00000000 82.50000000 94.00000000
v 50.00000000 83.00000000 93.50000000
v 50.00000000 83.50000000 57.00000000
v 49.50000000 84.00000000 57.00000000
v 50.00000000 84.00000000 57.50000000
v 50.00000000 83.50000000 71.00000000
v 49.50000000 84.00000000 71.00000000
v 50.00000000 83.50000000 72.00000000
v 49.50000000 84.00000000 72.00000000
v 50.00000000 83.50000000 73.00000000
v 49.50000000 84.00000000 73.00000000
v 50.00000000 83.50000000 74.00000000
v 49.50000000 84.00000000 74.00000000
v 50.00000000 83.50000000 75.00000000
v 49.50000000 84.00000000 75.00000000
v 50.00000000 83.50000000 76.00000000
v 49.50000000 84.00000000 76.00000000
v 50.00000000 83.50000000 77.00000000
v 49.50000000 84.00000000 77.00000000
v 50.00000000 83.50000000 78.00000000
v 49.50000000 84.00000000 78.00000000
v 50.00000000 83.50000000 79.00000000
v 49.50000000 84.00000000 79.00000000
v 49.50000000 84.00000000 80.00000000
v 49.50000000 84.00000000 81.00000000
v 49.50000000 84.00000000 82.00000000
v 49.50000000 84.00000000 83.00000000
v 49.50000000 84.00000000 93.00000000
v 50.00000000 84.00000000 93.50000000
v 49.50000000 85.00000000 58.00000000
v 50.00000000 84.50000000 58.00000000
v 50.00000000 85.00000000 58.50000000
v 49.50000000 84.50000000 73.50000000
v 49.50000000 85.00000000 74.00000000
v 50.00000000 85.00000000 73.50000000
v 50.00000000 84.50000000 74.00000000
v 49.50000000 85.00000000 75.00000000
v 50.00000000 84.50000000 75.00000000
v 49.50000000 85.00000000 76.00000000
v 50.00000000 84.50000000 76.00000000
v 49.50000000 84.50000000 76.50000000
v 50.00000000 85.00000000 76.50000000
v 49.50000000 85.00000000 80.00000000
v 49.50000000 85.00000000 81.00000000
v 49.50000000 85.00000000 82.00000000
v 50.00000000 85.00000000 83.50000000
v 49.50000000 85.00000000 84.00000000
v 50.00000000 84.50000000 84.00000000
v 49.50000000 85.00000000 85.00000000
v 50.00000000 84.50000000 85.00000000
v 50.00000000 85.00000000 85.50000000
v 50.00000000 84.50000000 93.00000000
v 50.00000000 85.00000000 92.50000000
v 49.50000000 86.00000000 58.00000000
v 50.00000000 85.50000000 59.00000000
v 49.50000000 86.00000000 59.00000000
v 50.00000000 86.00000000 59.50000000
v 49.50000000 86.00000000 73.00000000
v 50.00000000 85.50000000 73.00000000
v 50.00000000 86.00000000 72.50000000
v 49.50000000 86.00000000 74.00000000
v 49.50000000 86.00000000 76.00000000
v 50.00000000 85.50000000 77.00000000
v 49.50000000 86.00000000 77.00000000
v 49.50000000 86.00000000 78.00000000
v 50.00000000 85.50000000 78.00000000
v 49.50000000 86.00000000 79.00000000
v 50.00000000 85.50000000 79.00000000
v 49.50000000 85.50000000 79.50000000
v 50.00000000 85.50000000 80.00000000
v 49.50000000 86.00000000 80.00000000
v 49.50000000 86.00000000 81.00000000
v 50.00000000 85.50000000 81.00000000
v 49.50000000 86.00000000 82.00000000
v 50.00000000 85.50000000 82.00000000
v 49.50000000 85.50000000 82.50000000
v 50.00000000 85.50000000 83.00000000
v 49.50000000 86.00000000 83.00000000
v 50.00000000 85.50000000 86.00000000
v 50.00000000 86.00000000 86.50000000
v 50.00000000 86.00000000 92.50000000
v 49.50000000 87.00000000 59.00000000
v 50.00000000 87.00000000 59.50000000
v 50.00000000 87.00000000 72.50000000
v 49.50000000 87.00000000 80.00000000
v 50.00000000 86.50000000 87.00000000
v 49.50000000 87.00000000 88.00000000
v 50.00000000 86.50000000 88.00000000
v 50.00000000 87.00000000 88.50000000
v 49.50000000 87.00000000 92.00000000
v 50.00000000 86.50000000 92.00000000
v 50.00000000 87.00000000 91.50000000
v 49.50000000 88.00000000 60.00000000
v 50.00000000 87.50000000 60.00000000
v 50.00000000 88.00000000 60.50000000
v 50.00000000 87.50000000 73.00000000
v 50.00000000 88.00000000 73.50000000
v 49.50000000 88.00000000 89.00000000
v 50.00000000 87.50000000 89.00000000
v 50.00000000 88.00000000 89.50000000
v 49.50000000 88.00000000 92.00000000
v 50.00000000 88.00000000 91.50000000
v 49.50000000 89.00000000 61.00000000
v 50.00000000 88.50000000 61.00000000
v 50.00000000 89.00000000 61.50000000
v 50.00000000 89.00000000 73.50000000
v 49.50000000 89.00000000 90.00000000
v 50.00000000 88.50000000 90.00000000
v 49.50000000 89.00000000 91.00000000
v 50.00000000 88.50000000 91.00000000
v 49.50000000 89.00000000 92.00000000
v 49.50000000 90.00000000 62.00000000
v 50.00000000 89.50000000 62.00000000
v 49.50000000 90.00000000 63.00000000
v 50.00000000 89.50000000 63.00000000
v 50.00000000 90.00000000 63.50000000
v 49.50000000 90.00000000 74.00000000
v 50.00000000 90.00000000 73.50000000
v 49.50000000 91.00000000 63.00000000
v 50.00000000 90.50000000 64.00000000
v 49.50000000 91.00000000 64.00000000
v 50.00000000 91.00000000 64.50000000
v 49.50000000 91.00000000 73.00000000
v 50.00000000 90.50000000 73.00000000
v 50.00000000 91.00000000 72.50000000
v 49.50000000 92.00000000 65.00000000
v 50.00000000 91.50000000 65.00000000
v 49.50000000 92.00000000 66.00000000
v 50.00000000 91.50000000 66.00000000
v 49.50000000 92.00000000 67.00000000
v 50.00000000 91.50000000 67.00000000
v 50.00000000 92.00000000 67.50000000
v 49.50000000 92.00000000 69.00000000
v 50.00000000 91.50000000 69.00000000
v 50.00000000 92.00000000 68.50000000
v 49.50000000 92.00000000 70.00000000
v 50.00000000 91.50000000 70.00000000
v 49.50000000 92.00000000 71.00000000
v 50.00000000 91.50000000 71.00000000
v 50.00000000 91.50000000 72.00000000
v 49.50000000 93.00000000 66.00000000
v 49.50000000 93.00000000 67.00000000
v 50.00000000 92.50000000 68.00000000
v 49.50000000 93.00000000 68.00000000
v 50.50000000 59.00000000 75.00000000
v 50.50000000 59.00000000 76.00000000
v 50.50000000 59.00000000 77.00000000
v 50.50000000 59.00000000 78.00000000
v 50.50000000 59.00000000 79.00000000
v 50.50000000 59.00000000 80.00000000
v 50.50000000 59.00000000 81.00000000
v 50.50000000 59.00000000 82.00000000
v 50.50000000 59.00000000 83.00000000
v 50.50000000 60.00000000 72.00000000
v 50.50000000 60.00000000 73.00000000
v 51.00000000 60.00000000 73.50000000
v 51.00000000 59.50000000 74.00000000
v 51.00000000 59.50000000 75.00000000
v 51.00000000 59.50000000 76.00000000
v 51.00000000 59.50000000 77.00000000
v 51.00000000 59.50000000 78.00000000
v 51.00000000 59.50000000 79.00000000
v 51.00000000 59.50000000 80.00000000
v 51.00000000 59.50000000 81.00000000
v 51.00000000 59.50000000 82.00000000
v 51.00000000 59.50000000 83.00000000
v 51.00000000 59.50000000 84.00000000
v 51.00000000 60.00000000 84.50000000
v 50.50000000 61.00000000 70.00000000
v 50.50000000 61.00000000 71.00000000
v 51.00000000 61.00000000 71.50000000
v 51.00000000 60.50000000 72.00000000
v 51.00000000 60.50000000 73.00000000
v 51.00000000 60.50000000 85.00000000
v 51.00000000 60.50000000 86.00000000
v 50.50000000 61.00000000 86.00000000
v 51.00000000 61.00000000 86.50000000
v 50.50000000 62.00000000 68.00000000
v 50.50000000 62.00000000 69.00000000
v 51.00000000 62.00000000 69.50000000
v 51.00000000 61.50000000 70.00000000
v 51.00000000 61.50000000 71.00000000
v 50.50000000 62.00000000 86.00000000
v 51.00000000 62.00000000 86.50000000
v 50.50000000 63.00000000 67.00000000
v 51.00000000 63.00000000 67.50000000
v 51.00000000 62.50000000 68.00000000
v 51.00000000 62.50000000 69.00000000
v 51.00000000 62.50000000 87.00000000
v 51.00000000 63.00000000 87.50000000
v 51.00000000 64.00000000 66.50000000
v 51.00000000 63.50000000 67.00000000
v 51.00000000 63.50000000 88.00000000
v 50.50000000 64.00000000 88.00000000
v 51.00000000 64.00000000 88.50000000
v 51.00000000 65.00000000 65.50000000
v 51.00000000 64.50000000 66.00000000
v 51.00000000 64.50000000 89.00000000
v 51.00000000 65.00000000 89.50000000
v 50.50000000 66.00000000 65.00000000
v 51.00000000 66.00000000 64.50000000
v 51.00000000 65.50000000 65.00000000
v 50.50000000 66.00000000 66.00000000
v 51.00000000 66.00000000 89.50000000
v 50.50000000 67.00000000 58.00000000
v 51.00000000 67.00000000 58.50000000
v 51.00000000 66.50000000 59.00000000
v 51.00000000 66.50000000 60.00000000
v 50.50000000 67.00000000 60.00000000
v 51.00000000 66.50000000 61.00000000
v 50.50000000 67.00000000 61.00000000
v 51.00000000 66.50000000 62.00000000
v 50.50000000 67.00000000 62.00000000
v 51.00000000 66.50000000 63.00000000
v 50.50000000 67.00000000 63.00000000
v 51.00000000 66.50000000 64.00000000
v 50.50000000 67.00000000 64.00000000
v 50.50000000 67.00000000 65.00000000
v 51.00000000 67.00000000 89.50000000
v 51.00000000 68.00000000 58.50000000
v 51.00000000 68.00000000 89.50000000
v 51.00000000 68.50000000 59.00000000
v 50.50000000 69.00000000 59.00000000
v 51.00000000 69.00000000 59.50000000
v 50.50000000 69.00000000 89.00000000
v 51.00000000 69.00000000 89.50000000
v 51.00000000 69.50000000 60.00000000
v 51.00000000 70.00000000 60.50000000
v 50.50000000 70.00000000 88.00000000
v 51.00000000 70.00000000 88.50000000
v 51.00000000 69.50000000 89.00000000
v 51.00000000 70.50000000 61.00000000
v 50.50000000 71.00000000 61.00000000
v 51.00000000 71.00000000 61.50000000
v 50.50000000 71.00000000 87.00000000
v 51.00000000 71.00000000 87.50000000
v 51.00000000 70.50000000 88.00000000
v 51.00000000 72.00000000 60.50000000
v 51.00000000 71.50000000 61.00000000
v 50.50000000 72.00000000 79.00000000
v 51.00000000 71.50000000 87.00000000
v 51.00000000 72.00000000 86.50000000
v 50.50000000 73.00000000 60.00000000
v 51.00000000 73.00000000 60.50000000
v 50.50000000 73.00000000 75.00000000
v 51.00000000 73.00000000 75.50000000
v 51.00000000 72.50000000 76.00000000
v 51.00000000 72.50000000 77.00000000
v 51.00000000 72.50000000 78.00000000
v 51.00000000 72.50000000 79.00000000
v 51.00000000 72.50000000 80.00000000
v 51.00000000 72.50000000 81.00000000
v 50.50000000 73.00000000 82.00000000
v 51.00000000 73.00000000 81.50000000
v 50.50000000 73.00000000 87.00000000
v 51.00000000 73.00000000 86.50000000
v 50.50000000 74.00000000 60.00000000
v 51.00000000 74.00000000 60.50000000
v 50.50000000 74.00000000 73.00000000
v 51.00000000 74.00000000 73.50000000
v 51.00000000 73.50000000 74.00000000
v 51.00000000 73.50000000 75.00000000
v 51.00000000 73.50000000 82.00000000
v 51.00000000 73.50000000 83.00000000
v 51.00000000 74.00000000 83.50000000
v 51.00000000 73.50000000 87.00000000
v 50.50000000 74.00000000 88.00000000
v 51.00000000 74.00000000 87.50000000
v 50.50000000 75.00000000 59.00000000
v 51.00000000 75.00000000 59.50000000
v 51.00000000 74.50000000 60.00000000
v 50.50000000 75.00000000 72.00000000
v 51.00000000 75.00000000 72.50000000
v 51.00000000 74.50000000 73.00000000
v 51.00000000 74.50000000 84.00000000
v 50.50000000 75.00000000 85.00000000
v 51.00000000 75.00000000 84.50000000
v 51.00000000 74.50000000 88.00000000
v 50.50000000 75.00000000 89.00000000
v 51.00000000 75.00000000 88.50000000
v 51.00000000 76.00000000 58.50000000
v 51.00000000 75.50000000 59.00000000
v 50.50000000 76.00000000 71.00000000
v 51.00000000 76.00000000 71.50000000
v 51.00000000 75.50000000 72.00000000
v 51.00000000 75.50000000 85.00000000
v 50.50000000 76.00000000 86.00000000
v 51.00000000 76.00000000 85.50000000
v 50.50000000 76.00000000 87.00000000
v 51.00000000 75.50000000 89.00000000
v 50.50000000 76.00000000 90.00000000
v 51.00000000 76.00000000 89.50000000
v 50.50000000 77.00000000 58.00000000
v 51.00000000 77.00000000 58.50000000
v 50.50000000 77.00000000 71.00000000
v 51.00000000 77.00000000 71.50000000
v 51.00000000 76.50000000 86.00000000
v 50.50000000 77.00000000 87.00000000
v 51.00000000 77.00000000 86.50000000
v 50.50000000 77.00000000 88.00000000
v 51.00000000 76.50000000 90.00000000
v 50.50000000 77.00000000 91.00000000
v 51.00000000 77.00000000 90.50000000
v 50.50000000 78.00000000 57.00000000
v 50.50000000 78.00000000 58.00000000
v 51.00000000 78.00000000 58.50000000
v 51.00000000 77.50000000 71.00000000
v 51.00000000 78.00000000 70.50000000
v 51.00000000 77.50000000 87.00000000
v 50.50000000 78.00000000 88.00000000
v 51.00000000 78.00000000 87.50000000
v 51.00000000 77.50000000 91.00000000
v 51.00000000 77.50000000 92.00000000
v 51.00000000 78.00000000 92.50000000
v 50.50000000 79.00000000 57.00000000
v 50.50000000 79.00000000 58.00000000
v 51.00000000 79.00000000 58.50000000
v 50.50000000 79.00000000 70.00000000
v 51.00000000 79.00000000 70.50000000
v 50.50000000 79.00000000 88.00000000
v 51.00000000 79.00000000 87.50000000
v 51.00000000 78.50000000 93.00000000
v 51.00000000 79.00000000 93.50000000
v 50.50000000 80.00000000 57.00000000
v 51.00000000 80.00000000 57.50000000
v 51.00000000 79.50000000 58.00000000
v 50.50000000 80.00000000 70.00000000
v 51.00000000 80.00000000 70.50000000
v 51.00000000 80.00000000 87.50000000
v 51.00000000 79.50000000 94.00000000
v 50.50000000 80.00000000 94.00000000
v 51.00000000 80.00000000 94.50000000
v 50.50000000 81.00000000 57.00000000
v 51.00000000 80.50000000 58.00000000
v 50.50000000 81.00000000 58.00000000
v 51.00000000 81.00000000 58.50000000
v 50.50000000 81.00000000 70.00000000
v 51.00000000 81.00000000 70.50000000
v 50.50000000 81.00000000 86.00000000
v 51.00000000 81.00000000 86.50000000
v 51.00000000 80.50000000 87.00000000
v 50.50000000 81.00000000 94.00000000
v 51.00000000 81.00000000 94.50000000
v 50.50000000 82.00000000 57.00000000
v 50.50000000 82.00000000 58.00000000
v 51.00000000 82.00000000 58.50000000
v 50.50000000 82.00000000 70.00000000
v 51.00000000 82.00000000 70.50000000
v 51.00000000 82.00000000 84.50000000
v 51.00000000 81.50000000 85.00000000
v 51.00000000 81.50000000 86.00000000
v 51.00000000 82.00000000 94.50000000
v 50.50000000 83.00000000 57.00000000
v 50.50000000 83.00000000 58.00000000
v 51.00000000 82.50000000 59.00000000
v 50.50000000 83.00000000 59.00000000
v 51.00000000 83.00000000 59.50000000
v 51.00000000 82.50000000 71.00000000
v 50.50000000 83.00000000 71.00000000
v 51.00000000 82.50000000 72.00000000
v 50.50000000 83.00000000 72.00000000
v 51.00000000 82.50000000 73.00000000
v 50.50000000 83.00000000 73.00000000
v 51.00000000 82.50000000 74.00000000
v 50.50000000 83.00000000 74.00000000
v 51.00000000 82.50000000 75.00000000
v 50.50000000 83.00000000 75.00000000
v 51.00000000 82.50000000 76.00000000
v 50.50000000 83.00000000 76.00000000
v 51.00000000 82.50000000 77.00000000
v 50.50000000 83.00000000 77.00000000
v 51.00000000 82.50000000 78.00000000
v 50.50000000 83.00000000 78.00000000
v 51.00000000 82.50000000 79.00000000
v 50.50000000 83.00000000 79.00000000
v 51.00000000 82.50000000 80.00000000
v 51.00000000 82.50000000 81.00000000
v 51.00000000 82.50000000 82.00000000
v 51.00000000 82.50000000 83.00000000
v 51.00000000 82.50000000 84.00000000
v 51.00000000 82.50000000 94.00000000
v 51.00000000 83.00000000 93.50000000
v 50.50000000 84.00000000 58.00000000
v 50.50000000 84.00000000 59.00000000
v 51.00000000 84.00000000 59.50000000
v 51.00000000 84.00000000 93.50000000
v 50.50000000 85.00000000 59.00000000
v 51.00000000 84.50000000 60.00000000
v 50.50000000 85.00000000 60.00000000
v 51.00000000 85.00000000 60.50000000
v 51.00000000 84.50000000 74.00000000
v 51.00000000 85.00000000 73.50000000
v 51.00000000 84.50000000 75.00000000
v 51.00000000 84.50000000 76.00000000
v 50.50000000 85.00000000 77.00000000
v 51.00000000 84.50000000 77.00000000
v 50.50000000 85.00000000 78.00000000
v 51.00000000 84.50000000 78.00000000
v 50.50000000 85.00000000 79.00000000
v 51.00000000 84.50000000 79.00000000
v 50.50000000 85.00000000 80.00000000
v 51.00000000 84.50000000 80.00000000
v 50.50000000 85.00000000 81.00000000
v 51.00000000 84.50000000 81.00000000
v 50.50000000 85.00000000 82.00000000
v 51.00000000 84.50000000 82.00000000
v 50.50000000 85.00000000 83.00000000
v 51.00000000 84.50000000 83.00000000
v 51.00000000 84.50000000 84.00000000
v 50.50000000 85.00000000 85.00000000
v 51.00000000 85.00000000 84.50000000
v 51.00000000 84.50000000 93.00000000
v 51.00000000 85.00000000 92.50000000
v 50.50000000 86.00000000 60.00000000
v 51.00000000 86.00000000 60.50000000
v 50.50000000 86.00000000 73.00000000
v 51.00000000 86.00000000 73.50000000
v 51.00000000 85.50000000 85.00000000
v 51.00000000 85.50000000 86.00000000
v 51.00000000 86.00000000 86.50000000
v 50.50000000 86.00000000 92.00000000
v 51.00000000 85.50000000 92.00000000
v 51.00000000 86.00000000 91.50000000
v 50.50000000 87.00000000 60.00000000
v 51.00000000 86.50000000 61.00000000
v 50.50000000 87.00000000 61.00000000
v 51.00000000 87.00000000 61.50000000
v 50.50000000 87.00000000 73.00000000
v 51.00000000 87.00000000 73.50000000
v 51.00000000 86.50000000 87.00000000
v 50.50000000 87.00000000 88.00000000
v 51.00000000 87.00000000 87.50000000
v 50.50000000 87.00000000 91.00000000
v 51.00000000 86.50000000 91.00000000
v 51.00000000 87.00000000 90.50000000
v 50.50000000 88.00000000 61.00000000
v 51.00000000 87.50000000 62.00000000
v 50.50000000 88.00000000 62.00000000
v 51.00000000 88.00000000 62.50000000
v 51.00000000 88.00000000 73.50000000
v 51.00000000 87.50000000 88.00000000
v 51.00000000 87.50000000 89.00000000
v 50.50000000 88.00000000 90.00000000
v 51.00000000 87.50000000 90.00000000
v 50.50000000 88.00000000 91.00000000
v 50.50000000 89.00000000 62.00000000
v 51.00000000 88.50000000 63.00000000
v 50.50000000 89.00000000 63.00000000
v 50.50000000 89.00000000 64.00000000
v 51.00000000 88.50000000 64.00000000
v 51.00000000 89.00000000 64.50000000
v 51.00000000 89.00000000 73.50000000
v 50.50000000 90.00000000 64.00000000
v 51.00000000 89.50000000 65.00000000
v 50.50000000 90.00000000 65.00000000
v 50.50000000 90.00000000 66.00000000
v 51.00000000 89.50000000 66.00000000
v 51.00000000 90.00000000 66.50000000
v 51.00000000 90.00000000 73.50000000
v 50.50000000 91.00000000 65.00000000
v 50.50000000 91.00000000 66.00000000
v 51.00000000 90.50000000 67.00000000
v 50.50000000 91.00000000 67.00000000
v 50.50000000 91.00000000 68.00000000
v 51.00000000 90.50000000 68.00000000
v 51.00000000 91.00000000 68.50000000
v 50.50000000 91.00000000 72.00000000
v 51.00000000 90.50000000 72.00000000
v 51.00000000 91.00000000 71.50000000
v 51.00000000 90.50000000 73.00000000
v 50.50000000 92.00000000 68.00000000
v 51.00000000 91.50000000 69.00000000
v 51.00000000 91.50000000 70.00000000
v 51.00000000 91.50000000 71.00000000
v 51.50000000 60.00000000 74.00000000
v 51.50000000 60.00000000 75.00000000
v 51.50000000 60.00000000 76.00000000
v 51.50000000 60.00000000 77.00000000
v 51.50000000 60.00000000 78.00000000
v 51.50000000 60.00000000 79.00000000
v 51.50000000 60.00000000 80.00000000
v 51.50000000 60.00000000 81.00000000
v 51.50000000 60.00000000 82.00000000
v 51.50000000 60.00000000 83.00000000
v 51.50000000 60.00000000 84.00000000
v 51.50000000 61.00000000 72.00000000
v 51.50000000 61.00000000 73.00000000
v 51.50000000 61.00000000 74.00000000
v 52.00000000 61.00000000 74.50000000
v 52.00000000 60.50000000 75.00000000
v 52.00000000 60.50000000 76.00000000
v 52.00000000 60.50000000 77.00000000
v 52.00000000 60.50000000 78.00000000
v 52.00000000 60.50000000 79.00000000
v 52.00000000 60.50000000 80.00000000
v 52.00000000 60.50000000 81.00000000
v 52.00000000 60.50000000 82.00000000
v 52.00000000 60.50000000 83.00000000
v 52.00000000 60.50000000 84.00000000
v 52.00000000 60.50000000 85.00000000
v 51.50000000 61.00000000 86.00000000
v 52.00000000 61.00000000 85.50000000
v 51.50000000 62.00000000 70.00000000
v 51.50000000 62.00000000 71.00000000
v 52.00000000 62.00000000 71.50000000
v 52.00000000 61.50000000 72.00000000
v 52.00000000 61.50000000 73.00000000
v 52.00000000 61.50000000 74.00000000
v 52.00000000 61.50000000 86.00000000
v 52.00000000 62.00000000 86.50000000
v 51.50000000 63.00000000 68.00000000
v 51.50000000 63.00000000 69.00000000
v 52.00000000 63.00000000 69.50000000
v 52.00000000 62.50000000 70.00000000
v 52.00000000 62.50000000 71.00000000
v 52.00000000 62.50000000 87.00000000
v 52.00000000 63.00000000 87.50000000
v 52.00000000 64.00000000 66.50000000
v 52.00000000 63.50000000 67.00000000
v 52.00000000 63.50000000 68.00000000
v 52.00000000 63.50000000 69.00000000
v 52.00000000 63.50000000 88.00000000
v 52.00000000 64.00000000 88.50000000
v 52.00000000 65.00000000 65.50000000
v 52.00000000 64.50000000 66.00000000
v 52.00000000 64.50000000 89.00000000
v 52.00000000 65.00000000 89.50000000
v 51.50000000 66.00000000 63.00000000
v 52.00000000 66.00000000 62.50000000
v 52.00000000 65.50000000 63.00000000
v 52.00000000 65.50000000 64.00000000
v 51.50000000 66.00000000 64.00000000
v 52.00000000 65.50000000 65.00000000
v 52.00000000 65.50000000 90.00000000
v 51.50000000 66.00000000 90.00000000
v 52.00000000 66.00000000 90.50000000
v 51.50000000 67.00000000 59.00000000
v 52.00000000 67.00000000 59.50000000
v 52.00000000 66.50000000 60.00000000
v 52.00000000 66.50000000 61.00000000
v 52.00000000 66.50000000 62.00000000
v 52.00000000 66.50000000 90.00000000
v 52.00000000 67.00000000 89.50000000
v 51.50000000 68.00000000 59.00000000
v 52.00000000 68.00000000 59.50000000
v 52.00000000 68.00000000 89.50000000
v 51.50000000 69.00000000 60.00000000
v 52.00000000 68.50000000 60.00000000
v 52.00000000 69.00000000 60.50000000
v 52.00000000 68.50000000 90.00000000
v 51.50000000 69.00000000 90.00000000
v 52.00000000 69.00000000 90.50000000
v 51.50000000 70.00000000 61.00000000
v 52.00000000 69.50000000 61.00000000
v 52.00000000 70.00000000 61.50000000
v 51.50000000 70.00000000 89.00000000
v 51.50000000 70.00000000 90.00000000
v 52.00000000 70.00000000 90.50000000
v 52.00000000 71.00000000 61.50000000
v 51.50000000 71.00000000 88.00000000
v 51.50000000 71.00000000 89.00000000
v 52.00000000 71.00000000 89.50000000
v 52.00000000 70.50000000 90.00000000
v 51.50000000 72.00000000 61.00000000
v 52.00000000 72.00000000 61.50000000
v 51.50000000 72.00000000 87.00000000
v 52.00000000 72.00000000 87.50000000
v 52.00000000 71.50000000 88.00000000
v 52.00000000 71.50000000 89.00000000
v 52.00000000 73.00000000 60.50000000
v 52.00000000 72.50000000 61.00000000
v 51.50000000 73.00000000 76.00000000
v 51.50000000 73.00000000 77.00000000
v 51.50000000 73.00000000 78.00000000
v 51.50000000 73.00000000 79.00000000
v 51.50000000 73.00000000 80.00000000
v 51.50000000 73.00000000 81.00000000
v 51.50000000 73.00000000 87.00000000
v 52.00000000 73.00000000 87.50000000
v 52.00000000 74.00000000 60.50000000
v 51.50000000 74.00000000 74.00000000
v 52.00000000 74.00000000 74.50000000
v 52.00000000 73.50000000 75.00000000
v 52.00000000 73.50000000 76.00000000
v 52.00000000 73.50000000 77.00000000
v 52.00000000 73.50000000 78.00000000
v 52.00000000 73.50000000 79.00000000
v 52.00000000 73.50000000 80.00000000
v 52.00000000 73.50000000 81.00000000
v 52.00000000 73.50000000 82.00000000
v 51.50000000 74.00000000 83.00000000
v 52.00000000 74.00000000 82.50000000
v 52.00000000 74.00000000 87.50000000
v 51.50000000 75.00000000 60.00000000
v 52.00000000 75.00000000 60.50000000
v 51.50000000 75.00000000 73.00000000
v 52.00000000 75.00000000 73.50000000
v 52.00000000 74.50000000 74.00000000
v 52.00000000 74.50000000 83.00000000
v 51.50000000 75.00000000 84.00000000
v 52.00000000 75.00000000 83.50000000
v 51.50000000 75.00000000 88.00000000
v 52.00000000 75.00000000 87.50000000
v 51.50000000 76.00000000 59.00000000
v 52.00000000 76.00000000 59.50000000
v 52.00000000 75.50000000 60.00000000
v 51.50000000 76.00000000 72.00000000
v 52.00000000 76.00000000 72.50000000
v 52.00000000 75.50000000 73.00000000
v 52.00000000 75.50000000 84.00000000
v 51.50000000 76.00000000 85.00000000
v 52.00000000 76.00000000 84.50000000
v 52.00000000 75.50000000 88.00000000
v 52.00000000 75.50000000 89.00000000
v 52.00000000 76.00000000 89.50000000
v 51.50000000 77.00000000 59.00000000
v 52.00000000 77.00000000 59.50000000
v 51.50000000 77.00000000 72.00000000
v 52.00000000 77.00000000 72.50000000
v 52.00000000 76.50000000 85.00000000
v 51.50000000 77.00000000 86.00000000
v 52.00000000 77.00000000 85.50000000
v 52.00000000 76.50000000 90.00000000
v 52.00000000 77.00000000 90.50000000
v 51.50000000 78.00000000 59.00000000
v 52.00000000 78.00000000 59.50000000
v 51.50000000 78.00000000 71.00000000
v 52.00000000 78.00000000 71.50000000
v 52.00000000 77.50000000 72.00000000
v 52.00000000 77.50000000 86.00000000
v 51.50000000 78.00000000 87.00000000
v 52.00000000 78.00000000 86.50000000
v 52.00000000 77.50000000 91.00000000
v 52.00000000 77.50000000 92.00000000
v 52.00000000 78.00000000 92.50000000
v 51.50000000 79.00000000 59.00000000
v 52.00000000 79.00000000 59.50000000
v 51.50000000 79.00000000 71.00000000
v 52.00000000 79.00000000 71.50000000
v 51.50000000 79.00000000 87.00000000
v 52.00000000 79.00000000 86.50000000
v 52.00000000 78.50000000 93.00000000
v 52.00000000 79.00000000 93.50000000
v 51.50000000 80.00000000 58.00000000
v 52.00000000 80.00000000 58.50000000
v 52.00000000 79.50000000 59.00000000
v 51.50000000 80.00000000 71.00000000
v 52.00000000 80.00000000 71.50000000
v 51.50000000 80.00000000 87.00000000
v 52.00000000 80.00000000 86.50000000
v 52.00000000 79.50000000 94.00000000
v 52.00000000 79.50000000 95.00000000
v 51.50000000 80.00000000 95.00000000
v 52.00000000 80.00000000 95.50000000
v 51.50000000 81.00000000 59.00000000
v 52.00000000 80.50000000 59.00000000
v 52.00000000 81.00000000 59.50000000
v 51.50000000 81.00000000 71.00000000
v 52.00000000 81.00000000 71.50000000
v 51.50000000 81.00000000 86.00000000
v 52.00000000 81.00000000 85.50000000
v 52.00000000 80.50000000 86.00000000
v 51.50000000 81.00000000 95.00000000
v 52.00000000 81.00000000 95.50000000
v 51.50000000 82.00000000 59.00000000
v 52.00000000 81.50000000 60.00000000
v 51.50000000 82.00000000 60.00000000
v 52.00000000 82.00000000 60.50000000
v 51.50000000 82.00000000 71.00000000
v 52.00000000 81.50000000 72.00000000
v 51.50000000 82.00000000 72.00000000
v 52.00000000 82.00000000 72.50000000
v 51.50000000 82.00000000 84.00000000
v 52.00000000 82.00000000 83.50000000
v 52.00000000 81.50000000 84.00000000
v 52.00000000 81.50000000 85.00000000
v 52.00000000 81.50000000 95.00000000
v 52.00000000 82.00000000 94.50000000
v 51.50000000 83.00000000 60.00000000
v 52.00000000 82.50000000 61.00000000
v 51.50000000 83.00000000 61.00000000
v 52.00000000 83.00000000 61.50000000
v 52.00000000 82.50000000 73.00000000
v 52.00000000 82.50000000 74.00000000
v 52.00000000 82.50000000 75.00000000
v 52.00000000 82.50000000 76.00000000
v 52.00000000 82.50000000 77.00000000
v 52.00000000 82.50000000 78.00000000
v 52.00000000 82.50000000 79.00000000
v 52.00000000 82.50000000 80.00000000
v 52.00000000 82.50000000 81.00000000
v 52.00000000 82.50000000 82.00000000
v 52.00000000 82.50000000 83.00000000
v 52.00000000 82.50000000 94.00000000
v 52.00000000 83.00000000 93.50000000
v 51.50000000 84.00000000 60.00000000
v 51.50000000 84.00000000 61.00000000
v 52.00000000 84.00000000 61.50000000
v 51.50000000 84.00000000 93.00000000
v 52.00000000 83.50000000 93.00000000
v 52.00000000 84.00000000 92.50000000
v 51.50000000 85.00000000 61.00000000
v 52.00000000 85.00000000 61.50000000
v 51.50000000 85.00000000 74.00000000
v 52.00000000 85.00000000 74.50000000
v 52.00000000 84.50000000 75.00000000
v 52.00000000 84.50000000 76.00000000
v 52.00000000 84.50000000 77.00000000
v 52.00000000 84.50000000 78.00000000
v 52.00000000 84.50000000 79.00000000
v 52.00000000 84.50000000 80.00000000
v 52.00000000 84.50000000 81.00000000
v 52.00000000 84.50000000 82.00000000
v 51.50000000 85.00000000 83.00000000
v 52.00000000 85.00000000 82.50000000
v 51.50000000 85.00000000 84.00000000
v 51.50000000 85.00000000 92.00000000
v 52.00000000 84.50000000 92.00000000
v 52.00000000 85.00000000 91.50000000
v 51.50000000 86.00000000 61.00000000
v 52.00000000 85.50000000 62.00000000
v 51.50000000 86.00000000 62.00000000
v 52.00000000 86.00000000 62.50000000
v 52.00000000 85.50000000 74.00000000
v 52.00000000 86.00000000 73.50000000
v 52.00000000 85.50000000 83.00000000
v 52.00000000 85.50000000 84.00000000
v 52.00000000 85.50000000 85.00000000
v 51.50000000 86.00000000 86.00000000
v 52.00000000 86.00000000 85.50000000
v 51.50000000 86.00000000 91.00000000
v 52.00000000 85.50000000 91.00000000
v 52.00000000 86.00000000 90.50000000
v 51.50000000 87.00000000 62.00000000
v 52.00000000 86.50000000 63.00000000
v 51.50000000 87.00000000 63.00000000
v 52.00000000 87.00000000 63.50000000
v 52.00000000 87.00000000 73.50000000
v 52.00000000 86.50000000 86.00000000
v 52.00000000 86.50000000 87.00000000
v 51.50000000 87.00000000 88.00000000
v 52.00000000 86.50000000 88.00000000
v 52.00000000 87.00000000 88.50000000
v 51.50000000 87.00000000 90.00000000
v 52.00000000 86.50000000 90.00000000
v 52.00000000 87.00000000 89.50000000
v 51.50000000 88.00000000 63.00000000
v 52.00000000 87.50000000 64.00000000
v 51.50000000 88.00000000 64.00000000
v 51.50000000 88.00000000 65.00000000
v 52.00000000 87.50000000 65.00000000
v 52.00000000 88.00000000 65.50000000
v 52.00000000 87.50000000 74.00000000
v 51.50000000 88.00000000 74.00000000
v 52.00000000 88.00000000 74.50000000
v 52.00000000 87.50000000 89.00000000
v 51.50000000 89.00000000 65.00000000
v 52.00000000 88.50000000 66.00000000
v 51.50000000 89.00000000 66.00000000
v 51.50000000 89.00000000 67.00000000
v 52.00000000 88.50000000 67.00000000
v 52.00000000 89.00000000 67.50000000
v 51.50000000 89.00000000 74.00000000
v 52.00000000 89.00000000 74.50000000
v 51.50000000 90.00000000 67.00000000
v 52.00000000 89.50000000 68.00000000
v 51.50000000 90.00000000 68.00000000
v 51.50000000 90.00000000 69.00000000
v 52.00000000 89.50000000 69.00000000
v 52.00000000 90.00000000 69.50000000
v 52.00000000 89.50000000 74.00000000
v 52.00000000 90.00000000 73.50000000
v 51.50000000 91.00000000 69.00000000
v 52.00000000 90.50000000 70.00000000
v 51.50000000 91.00000000 70.00000000
v 51.50000000 91.00000000 71.00000000
v 52.00000000 90.50000000 71.00000000
v 52.00000000 90.50000000 72.00000000
v 52.00000000 90.50000000 73.00000000
v 52.50000000 61.00000000 75.00000000
v 52.50000000 61.00000000 76.00000000
v 52.50000000 61.00000000 77.00000000
v 52.50000000 61.00000000 78.00000000
v 52.50000000 61.00000000 79.00000000
v 52.50000000 61.00000000 80.00000000
v 52.50000000 61.00000000 81.00000000
v 52.50000000 61.00000000 82.00000000
v 52.50000000 61.00000000 83.00000000
v 52.50000000 61.00000000 84.00000000
v 52.50000000 61.00000000 85.00000000
v 52.50000000 62.00000000 72.00000000
v 52.50000000 62.00000000 73.00000000
v 52.50000000 62.00000000 74.00000000
v 52.50000000 62.00000000 75.00000000
v 53.00000000 62.00000000 75.50000000
v 53.00000000 61.50000000 76.00000000
v 53.00000000 61.50000000 77.00000000
v 53.00000000 61.50000000 78.00000000
v 53.00000000 61.50000000 79.00000000
v 53.00000000 61.50000000 80.00000000
v 53.00000000 61.50000000 81.00000000
v 53.00000000 61.50000000 82.00000000
v 53.00000000 61.50000000 83.00000000
v 53.00000000 61.50000000 84.00000000
v 53.00000000 61.50000000 85.00000000
v 52.50000000 62.00000000 86.00000000
v 53.00000000 62.00000000 85.50000000
v 52.50000000 63.00000000 70.00000000
v 52.50000000 63.00000000 71.00000000
v 52.50000000 63.00000000 72.00000000
v 53.00000000 63.00000000 72.50000000
v 53.00000000 62.50000000 73.00000000
v 53.00000000 62.50000000 74.00000000
v 53.00000000 62.50000000 75.00000000
v 53.00000000 62.50000000 86.00000000
v 53.00000000 62.50000000 87.00000000
v 53.00000000 63.00000000 87.50000000
v 52.50000000 64.00000000 67.00000000
v 52.50000000 64.00000000 68.00000000
v 52.50000000 64.00000000 69.00000000
v 53.00000000 64.00000000 69.50000000
v 53.00000000 63.50000000 70.00000000
v 53.00000000 63.50000000 71.00000000
v 53.00000000 63.50000000 72.00000000
v 53.00000000 63.50000000 88.00000000
v 53.00000000 64.00000000 88.50000000
v 52.50000000 65.00000000 66.00000000
v 53.00000000 65.00000000 66.50000000
v 53.00000000 64.50000000 67.00000000
v 53.00000000 64.50000000 68.00000000
v 53.00000000 64.50000000 69.00000000
v 53.00000000 64.50000000 89.00000000
v 53.00000000 65.00000000 89.50000000
v 52.50000000 66.00000000 63.00000000
v 52.50000000 66.00000000 64.00000000
v 53.00000000 66.00000000 64.50000000
v 53.00000000 65.50000000 65.00000000
v 53.00000000 65.50000000 66.00000000
v 52.50000000 66.00000000 90.00000000
v 53.00000000 66.00000000 89.50000000
v 52.50000000 67.00000000 60.00000000
v 52.50000000 67.00000000 61.00000000
v 52.50000000 67.00000000 62.00000000
v 52.50000000 67.00000000 63.00000000
v 53.00000000 67.00000000 63.50000000
v 53.00000000 66.50000000 64.00000000
v 52.50000000 67.00000000 90.00000000
v 53.00000000 66.50000000 90.00000000
v 53.00000000 67.00000000 90.50000000
v 52.50000000 68.00000000 60.00000000
v 52.50000000 68.00000000 61.00000000
v 52.50000000 68.00000000 62.00000000
v 53.00000000 68.00000000 62.50000000
v 53.00000000 67.50000000 63.00000000
v 52.50000000 68.00000000 90.00000000
v 53.00000000 68.00000000 90.50000000
v 52.50000000 69.00000000 61.00000000
v 52.50000000 69.00000000 62.00000000
v 53.00000000 69.00000000 62.50000000
v 53.00000000 69.00000000 90.50000000
v 52.50000000 70.00000000 62.00000000
v 53.00000000 70.00000000 62.50000000
v 53.00000000 69.50000000 91.00000000
v 52.50000000 70.00000000 91.00000000
v 53.00000000 70.00000000 91.50000000
v 53.00000000 71.00000000 61.50000000
v 53.00000000 70.50000000 62.00000000
v 52.50000000 71.00000000 90.00000000
v 52.50000000 71.00000000 91.00000000
v 53.00000000 71.00000000 91.50000000
v 53.00000000 72.00000000 61.50000000
v 52.50000000 72.00000000 88.00000000
v 52.50000000 72.00000000 89.00000000
v 52.50000000 72.00000000 90.00000000
v 53.00000000 72.00000000 90.50000000
v 53.00000000 71.50000000 91.00000000
v 52.50000000 73.00000000 61.00000000
v 53.00000000 73.00000000 61.50000000
v 52.50000000 73.00000000 88.00000000
v 53.00000000 73.00000000 88.50000000
v 53.00000000 72.50000000 89.00000000
v 53.00000000 72.50000000 90.00000000
v 53.00000000 74.00000000 60.50000000
v 53.00000000 73.50000000 61.00000000
v 52.50000000 74.00000000 75.00000000
v 52.50000000 74.00000000 76.00000000
v 52.50000000 74.00000000 77.00000000
v 52.50000000 74.00000000 78.00000000
v 52.50000000 74.00000000 79.00000000
v 52.50000000 74.00000000 80.00000000
v 52.50000000 74.00000000 81.00000000
v 52.50000000 74.00000000 82.00000000
v 52.50000000 74.00000000 88.00000000
v 53.00000000 74.00000000 88.50000000
v 53.00000000 75.00000000 60.50000000
v 52.50000000 75.00000000 74.00000000
v 52.50000000 75.00000000 75.00000000
v 53.00000000 75.00000000 75.50000000
v 53.00000000 74.50000000 76.00000000
v 53.00000000 74.50000000 77.00000000
v 53.00000000 74.50000000 78.00000000
v 53.00000000 74.50000000 79.00000000
v 53.00000000 74.50000000 80.00000000
v 53.00000000 74.50000000 81.00000000
v 52.50000000 75.00000000 82.00000000
v 53.00000000 75.00000000 81.50000000
v 52.50000000 75.00000000 83.00000000
v 52.50000000 75.00000000 88.00000000
v 53.00000000 75.00000000 88.50000000
v 52.50000000 76.00000000 60.00000000
v 53.00000000 76.00000000 60.50000000
v 52.50000000 76.00000000 73.00000000
v 52.50000000 76.00000000 74.00000000
v 53.00000000 76.00000000 74.50000000
v 53.00000000 75.50000000 75.00000000
v 53.00000000 75.50000000 82.00000000
v 53.00000000 75.50000000 83.00000000
v 52.50000000 76.00000000 84.00000000
v 53.00000000 76.00000000 83.50000000
v 53.00000000 75.50000000 89.00000000
v 53.00000000 76.00000000 89.50000000
v 52.50000000 77.00000000 60.00000000
v 53.00000000 77.00000000 60.50000000
v 52.50000000 77.00000000 73.00000000
v 53.00000000 77.00000000 73.50000000
v 53.00000000 76.50000000 74.00000000
v 53.00000000 76.50000000 84.00000000
v 52.50000000 77.00000000 85.00000000
v 53.00000000 77.00000000 84.50000000
v 53.00000000 76.50000000 90.00000000
v 53.00000000 77.00000000 90.50000000
v 52.50000000 78.00000000 60.00000000
v 53.00000000 78.00000000 60.50000000
v 52.50000000 78.00000000 72.00000000
v 52.50000000 78.00000000 73.00000000
v 53.00000000 78.00000000 73.50000000
v 53.00000000 77.50000000 85.00000000
v 52.50000000 78.00000000 86.00000000
v 53.00000000 78.00000000 85.50000000
v 53.00000000 77.50000000 91.00000000
v 53.00000000 77.50000000 92.00000000
v 53.00000000 78.00000000 92.50000000
v 52.50000000 79.00000000 60.00000000
v 53.00000000 79.00000000 60.50000000
v 52.50000000 79.00000000 72.00000000
v 52.50000000 79.00000000 73.00000000
v 53.00000000 79.00000000 73.50000000
v 52.50000000 79.00000000 86.00000000
v 53.00000000 79.00000000 85.50000000
v 53.00000000 78.50000000 93.00000000
v 53.00000000 79.00000000 93.50000000
v 52.50000000 80.00000000 59.00000000
v 52.50000000 80.00000000 60.00000000
v 53.00000000 80.00000000 60.50000000
v 52.50000000 80.00000000 72.00000000
v 52.50000000 80.00000000 73.00000000
v 53.00000000 80.00000000 73.50000000
v 52.50000000 80.00000000 86.00000000
v 53.00000000 80.00000000 85.50000000
v 53.00000000 79.50000000 94.00000000
v 52.50000000 80.00000000 95.00000000
v 53.00000000 80.00000000 94.50000000
v 52.50000000 81.00000000 60.00000000
v 53.00000000 80.50000000 61.00000000
v 52.50000000 81.00000000 61.00000000
v 53.00000000 81.00000000 61.50000000
v 52.50000000 81.00000000 72.00000000
v 52.50000000 81.00000000 73.00000000
v 53.00000000 80.50000000 74.00000000
v 52.50000000 81.00000000 74.00000000
v 53.00000000 80.50000000 75.00000000
v 52.50000000 81.00000000 75.00000000
v 53.00000000 81.00000000 75.50000000
v 52.50000000 81.00000000 84.00000000
v 53.00000000 81.00000000 83.50000000
v 53.00000000 80.50000000 84.00000000
v 53.00000000 80.50000000 85.00000000
v 52.50000000 81.00000000 85.00000000
v 52.50000000 81.00000000 95.00000000
v 53.00000000 81.00000000 94.50000000
v 52.50000000 82.00000000 61.00000000
v 53.00000000 81.50000000 62.00000000
v 52.50000000 82.00000000 62.00000000
v 53.00000000 82.00000000 62.50000000
v 52.50000000 82.00000000 73.00000000
v 52.50000000 82.00000000 74.00000000
v 52.50000000 82.00000000 75.00000000
v 53.00000000 81.50000000 76.00000000
v 52.50000000 82.00000000 76.00000000
v 53.00000000 81.50000000 77.00000000
v 52.50000000 82.00000000 77.00000000
v 53.00000000 81.50000000 78.00000000
v 52.50000000 82.00000000 78.00000000
v 53.00000000 81.50000000 79.00000000
v 52.50000000 82.00000000 79.00000000
v 53.00000000 81.50000000 80.00000000
v 52.50000000 82.00000000 80.00000000
v 53.00000000 81.50000000 81.00000000
v 52.50000000 82.00000000 81.00000000
v 53.00000000 81.50000000 82.00000000
v 52.50000000 82.00000000 82.00000000
v 53.00000000 81.50000000 83.00000000
v 52.50000000 82.00000000 83.00000000
v 53.00000000 82.00000000 94.50000000
v 52.50000000 83.00000000 62.00000000
v 53.00000000 83.00000000 62.50000000
v 52.50000000 83.00000000 93.00000000
v 53.00000000 82.50000000 93.00000000
v 53.00000000 83.00000000 92.50000000
v 53.00000000 82.50000000 94.00000000
v 52.50000000 84.00000000 62.00000000
v 53.00000000 83.50000000 63.00000000
v 52.50000000 84.00000000 63.00000000
v 53.00000000 84.00000000 63.50000000
v 52.50000000 84.00000000 92.00000000
v 53.00000000 83.50000000 92.00000000
v 53.00000000 84.00000000 91.50000000
v 52.50000000 85.00000000 62.00000000
v 52.50000000 85.00000000 63.00000000
v 53.00000000 85.00000000 63.50000000
v 52.50000000 85.00000000 75.00000000
v 52.50000000 85.00000000 76.00000000
v 53.00000000 85.00000000 76.50000000
v 53.00000000 84.50000000 77.00000000
v 53.00000000 84.50000000 78.00000000
v 53.00000000 84.50000000 79.00000000
v 53.00000000 84.50000000 80.00000000
v 52.50000000 85.00000000 81.00000000
v 53.00000000 85.00000000 80.50000000
v 52.50000000 85.00000000 82.00000000
v 52.50000000 85.00000000 91.00000000
v 53.00000000 84.50000000 91.00000000
v 53.00000000 85.00000000 90.50000000
v 52.50000000 86.00000000 63.00000000
v 53.00000000 85.50000000 64.00000000
v 52.50000000 86.00000000 64.00000000
v 53.00000000 86.00000000 64.50000000
v 52.50000000 86.00000000 74.00000000
v 52.50000000 86.00000000 75.00000000
v 53.00000000 86.00000000 75.50000000
v 53.00000000 85.50000000 76.00000000
v 53.00000000 85.50000000 81.00000000
v 53.00000000 85.50000000 82.00000000
v 53.00000000 85.50000000 83.00000000
v 52.50000000 86.00000000 84.00000000
v 53.00000000 86.00000000 83.50000000
v 52.50000000 86.00000000 85.00000000
v 52.50000000 86.00000000 90.00000000
v 53.00000000 85.50000000 90.00000000
v 53.00000000 86.00000000 89.50000000
v 52.50000000 87.00000000 64.00000000
v 53.00000000 86.50000000 65.00000000
v 52.50000000 87.00000000 65.00000000
v 53.00000000 87.00000000 65.50000000
v 52.50000000 87.00000000 74.00000000
v 52.50000000 87.00000000 75.00000000
v 53.00000000 87.00000000 75.50000000
v 53.00000000 86.50000000 84.00000000
v 53.00000000 86.50000000 85.00000000
v 53.00000000 86.50000000 86.00000000
v 53.00000000 86.50000000 87.00000000
v 52.50000000 87.00000000 88.00000000
v 53.00000000 87.00000000 87.50000000
v 53.00000000 86.50000000 89.00000000
v 53.00000000 87.00000000 88.50000000
v 52.50000000 87.00000000 89.00000000
v 52.50000000 88.00000000 66.00000000
v 53.00000000 87.50000000 66.00000000
v 52.50000000 88.00000000 67.00000000
v 53.00000000 87.50000000 67.00000000
v 53.00000000 88.00000000 67.50000000
v 52.50000000 88.00000000 75.00000000
v 53.00000000 88.00000000 75.50000000
v 53.00000000 87.50000000 88.00000000
v 52.50000000 89.00000000 68.00000000
v 53.00000000 88.50000000 68.00000000
v 52.50000000 89.00000000 69.00000000
v 53.00000000 88.50000000 69.00000000
v 53.00000000 89.00000000 69.50000000
v 52.50000000 89.00000000 75.00000000
v 53.00000000 89.00000000 75.50000000
v 52.50000000 90.00000000 70.00000000
v 53.00000000 89.50000000 70.00000000
v 52.50000000 90.00000000 71.00000000
v 53.00000000 89.50000000 71.00000000
v 53.00000000 90.00000000 71.50000000
v 53.00000000 89.50000000 74.00000000
v 53.00000000 90.00000000 73.50000000
v 53.00000000 89.50000000 75.00000000
v 53.00000000 90.50000000 72.00000000
v 53.00000000 90.50000000 73.00000000
v 53.50000000 62.00000000 76.00000000
v 53.50000000 62.00000000 77.00000000
v 53.50000000 62.00000000 78.00000000
v 53.50000000 62.00000000 79.00000000
v 53.50000000 62.00000000 80.00000000
v 53.50000000 62.00000000 81.00000000
v 53.50000000 62.00000000 82.00000000
v 53.50000000 62.00000000 83.00000000
v 53.50000000 62.00000000 84.00000000
v 53.50000000 62.00000000 85.00000000
v 53.50000000 63.00000000 73.00000000
v 53.50000000 63.00000000 74.00000000
v 53.50000000 63.00000000 75.00000000
v 54.00000000 63.00000000 75.50000000
v 54.00000000 62.50000000 76.00000000
v 54.00000000 62.50000000 77.00000000
v 54.00000000 62.50000000 78.00000000
v 54.00000000 62.50000000 79.00000000
v 54.00000000 62.50000000 80.00000000
v 54.00000000 62.50000000 81.00000000
v 54.00000000 62.50000000 82.00000000
v 54.00000000 62.50000000 83.00000000
v 54.00000000 62.50000000 84.00000000
v 54.00000000 62.50000000 85.00000000
v 53.50000000 63.00000000 86.00000000
v 54.00000000 63.00000000 85.50000000
v 53.50000000 63.00000000 87.00000000
v 53.50000000 64.00000000 70.00000000
v 53.50000000 64.00000000 71.00000000
v 53.50000000 64.00000000 72.00000000
v 54.00000000 64.00000000 72.50000000
v 54.00000000 63.50000000 73.00000000
v 54.00000000 63.50000000 74.00000000
v 54.00000000 63.50000000 75.00000000
v 54.00000000 63.50000000 86.00000000
v 54.00000000 64.00000000 86.50000000
v 53.50000000 64.00000000 87.00000000
v 53.50000000 64.00000000 88.00000000
v 53.50000000 65.00000000 67.00000000
v 53.50000000 65.00000000 68.00000000
v 53.50000000 65.00000000 69.00000000
v 54.00000000 65.00000000 69.50000000
v 54.00000000 64.50000000 70.00000000
v 54.00000000 64.50000000 71.00000000
v 54.00000000 64.50000000 72.00000000
v 54.00000000 64.50000000 87.00000000
v 54.00000000 64.50000000 88.00000000
v 53.50000000 65.00000000 89.00000000
v 54.00000000 65.00000000 88.50000000
v 53.50000000 66.00000000 65.00000000
v 53.50000000 66.00000000 66.00000000
v 53.50000000 66.00000000 67.00000000
v 54.00000000 66.00000000 67.50000000
v 54.00000000 65.50000000 68.00000000
v 54.00000000 65.50000000 69.00000000
v 54.00000000 65.50000000 89.00000000
v 54.00000000 66.00000000 89.50000000
v 53.50000000 67.00000000 64.00000000
v 53.50000000 67.00000000 65.00000000
v 54.00000000 67.00000000 65.50000000
v 54.00000000 66.50000000 66.00000000
v 54.00000000 66.50000000 67.00000000
v 54.00000000 66.50000000 90.00000000
v 54.00000000 67.00000000 90.50000000
v 53.50000000 68.00000000 63.00000000
v 53.50000000 68.00000000 64.00000000
v 54.00000000 68.00000000 64.50000000
v 54.00000000 67.50000000 65.00000000
v 54.00000000 68.00000000 90.50000000
v 53.50000000 69.00000000 63.00000000
v 54.00000000 69.00000000 63.50000000
v 54.00000000 68.50000000 64.00000000
v 54.00000000 68.50000000 91.00000000
v 53.50000000 69.00000000 91.00000000
v 54.00000000 69.00000000 91.50000000
v 53.50000000 70.00000000 63.00000000
v 54.00000000 70.00000000 63.50000000
v 54.00000000 70.00000000 91.50000000
v 53.50000000 71.00000000 62.00000000
v 54.00000000 71.00000000 62.50000000
v 54.00000000 70.50000000 63.00000000
v 54.00000000 71.00000000 91.50000000
v 53.50000000 72.00000000 62.00000000
v 54.00000000 72.00000000 62.50000000
v 53.50000000 72.00000000 91.00000000
v 54.00000000 72.00000000 91.50000000
v 54.00000000 73.00000000 61.50000000
v 54.00000000 72.50000000 62.00000000
v 53.50000000 73.00000000 89.00000000
v 53.50000000 73.00000000 90.00000000
v 53.50000000 73.00000000 91.00000000
v 54.00000000 73.00000000 91.50000000
v 53.50000000 74.00000000 61.00000000
v 54.00000000 74.00000000 61.50000000
v 53.50000000 74.00000000 89.00000000
v 53.50000000 74.00000000 90.00000000
v 54.00000000 74.00000000 90.50000000
v 54.00000000 73.50000000 91.00000000
v 53.50000000 75.00000000 61.00000000
v 54.00000000 75.00000000 61.50000000
v 53.50000000 75.00000000 76.00000000
v 53.50000000 75.00000000 77.00000000
v 53.50000000 75.00000000 78.00000000
v 53.50000000 75.00000000 79.00000000
v 53.50000000 75.00000000 80.00000000
v 53.50000000 75.00000000 81.00000000
v 53.50000000 75.00000000 89.00000000
v 53.50000000 75.00000000 90.00000000
v 54.00000000 75.00000000 90.50000000
v 53.50000000 76.00000000 61.00000000
v 54.00000000 76.00000000 61.50000000
v 53.50000000 76.00000000 75.00000000
v 53.50000000 76.00000000 76.00000000
v 53.50000000 76.00000000 77.00000000
v 53.50000000 76.00000000 78.00000000
v 53.50000000 76.00000000 79.00000000
v 53.50000000 76.00000000 80.00000000
v 53.50000000 76.00000000 81.00000000
v 53.50000000 76.00000000 82.00000000
v 53.50000000 76.00000000 83.00000000
v 53.50000000 76.00000000 90.00000000
v 54.00000000 76.00000000 90.50000000
v 54.00000000 77.00000000 60.50000000
v 54.00000000 76.50000000 61.00000000
v 53.50000000 77.00000000 74.00000000
v 53.50000000 77.00000000 75.00000000
v 54.00000000 77.00000000 75.50000000
v 54.00000000 76.50000000 76.00000000
v 54.00000000 76.50000000 77.00000000
v 54.00000000 76.50000000 78.00000000
v 53.50000000 77.00000000 79.00000000
v 54.00000000 77.00000000 78.50000000
v 53.50000000 77.00000000 80.00000000
v 53.50000000 77.00000000 81.00000000
v 53.50000000 77.00000000 82.00000000
v 53.50000000 77.00000000 83.00000000
v 53.50000000 77.00000000 84.00000000
v 54.00000000 76.50000000 91.00000000
v 53.50000000 77.00000000 91.00000000
v 54.00000000 77.00000000 91.50000000
v 54.00000000 78.00000000 60.50000000
v 53.50000000 78.00000000 74.00000000
v 53.50000000 78.00000000 75.00000000
v 54.00000000 78.00000000 75.50000000
v 54.00000000 77.50000000 79.00000000
v 54.00000000 77.50000000 80.00000000
v 54.00000000 77.50000000 81.00000000
v 54.00000000 77.50000000 82.00000000
v 53.50000000 78.00000000 83.00000000
v 54.00000000 78.00000000 82.50000000
v 53.50000000 78.00000000 84.00000000
v 53.50000000 78.00000000 85.00000000
v 54.00000000 77.50000000 92.00000000
v 54.00000000 78.00000000 92.50000000
v 54.00000000 78.50000000 61.00000000
v 53.50000000 79.00000000 61.00000000
v 54.00000000 79.00000000 61.50000000
v 53.50000000 79.00000000 74.00000000
v 53.50000000 79.00000000 75.00000000
v 54.00000000 79.00000000 75.50000000
v 53.50000000 79.00000000 81.00000000
v 54.00000000 79.00000000 80.50000000
v 54.00000000 78.50000000 81.00000000
v 54.00000000 78.50000000 82.00000000
v 53.50000000 79.00000000 82.00000000
v 53.50000000 79.00000000 83.00000000
v 53.50000000 79.00000000 84.00000000
v 53.50000000 79.00000000 85.00000000
v 54.00000000 78.50000000 93.00000000
v 54.00000000 79.00000000 93.50000000
v 53.50000000 80.00000000 61.00000000
v 54.00000000 79.50000000 62.00000000
v 53.50000000 80.00000000 62.00000000
v 54.00000000 80.00000000 62.50000000
v 53.50000000 80.00000000 74.00000000
v 53.50000000 80.00000000 75.00000000
v 54.00000000 79.50000000 76.00000000
v 53.50000000 80.00000000 76.00000000
v 54.00000000 79.50000000 77.00000000
v 53.50000000 80.00000000 77.00000000
v 54.00000000 79.50000000 78.00000000
v 53.50000000 80.00000000 78.00000000
v 54.00000000 79.50000000 79.00000000
v 53.50000000 80.00000000 79.00000000
v 54.00000000 79.50000000 80.00000000
v 53.50000000 80.00000000 80.00000000
v 53.50000000 80.00000000 81.00000000
v 53.50000000 80.00000000 82.00000000
v 53.50000000 80.00000000 83.00000000
v 53.50000000 80.00000000 84.00000000
v 53.50000000 80.00000000 85.00000000
v 54.00000000 79.50000000 94.00000000
v 54.00000000 80.00000000 94.50000000
v 53.50000000 81.00000000 62.00000000
v 54.00000000 80.50000000 63.00000000
v 53.50000000 81.00000000 63.00000000
v 54.00000000 81.00000000 63.50000000
v 53.50000000 81.00000000 76.00000000
v 53.50000000 81.00000000 77.00000000
v 53.50000000 81.00000000 78.00000000
v 53.50000000 81.00000000 79.00000000
v 53.50000000 81.00000000 80.00000000
v 53.50000000 81.00000000 81.00000000
v 53.50000000 81.00000000 82.00000000
v 53.50000000 81.00000000 83.00000000
v 54.00000000 81.00000000 94.50000000
v 53.50000000 82.00000000 63.00000000
v 54.00000000 82.00000000 63.50000000
v 53.50000000 82.00000000 94.00000000
v 54.00000000 81.50000000 94.00000000
v 54.00000000 82.00000000 93.50000000
v 53.50000000 83.00000000 63.00000000
v 54.00000000 83.00000000 63.50000000
v 53.50000000 83.00000000 92.00000000
v 54.00000000 82.50000000 92.00000000
v 54.00000000 83.00000000 91.50000000
v 54.00000000 82.50000000 93.00000000
v 53.50000000 84.00000000 64.00000000
v 54.00000000 83.50000000 64.00000000
v 54.00000000 84.00000000 64.50000000
v 53.50000000 84.00000000 91.00000000
v 54.00000000 83.50000000 91.00000000
v 54.00000000 84.00000000 90.50000000
v 53.50000000 85.00000000 64.00000000
v 54.00000000 85.00000000 64.50000000
v 53.50000000 85.00000000 77.00000000
v 53.50000000 85.00000000 78.00000000
v 53.50000000 85.00000000 79.00000000
v 53.50000000 85.00000000 80.00000000
v 53.50000000 85.00000000 90.00000000
v 54.00000000 84.50000000 90.00000000
v 54.00000000 85.00000000 89.50000000
v 53.50000000 86.00000000 65.00000000
v 54.00000000 85.50000000 65.00000000
v 54.00000000 86.00000000 65.50000000
v 53.50000000 86.00000000 76.00000000
v 53.50000000 86.00000000 77.00000000
v 53.50000000 86.00000000 78.00000000
v 53.50000000 86.00000000 79.00000000
v 54.00000000 86.00000000 79.50000000
v 54.00000000 85.50000000 80.00000000
v 53.50000000 86.00000000 81.00000000
v 54.00000000 86.00000000 80.50000000
v 53.50000000 86.00000000 82.00000000
v 53.50000000 86.00000000 83.00000000
v 53.50000000 86.00000000 89.00000000
v 54.00000000 85.50000000 89.00000000
v 54.00000000 86.00000000 88.50000000
v 53.50000000 87.00000000 66.00000000
v 54.00000000 86.50000000 66.00000000
v 53.50000000 87.00000000 67.00000000
v 54.00000000 86.50000000 67.00000000
v 54.00000000 87.00000000 67.50000000
v 53.50000000 87.00000000 76.00000000
v 53.50000000 87.00000000 77.00000000
v 54.00000000 87.00000000 77.50000000
v 54.00000000 86.50000000 78.00000000
v 54.00000000 86.50000000 79.00000000
v 54.00000000 86.50000000 81.00000000
v 54.00000000 86.50000000 82.00000000
v 54.00000000 86.50000000 83.00000000
v 54.00000000 86.50000000 84.00000000
v 53.50000000 87.00000000 85.00000000
v 54.00000000 87.00000000 84.50000000
v 53.50000000 87.00000000 86.00000000
v 54.00000000 87.00000000 86.50000000
v 54.00000000 86.50000000 87.00000000
v 53.50000000 87.00000000 88.00000000
v 54.00000000 86.50000000 88.00000000
v 53.50000000 88.00000000 68.00000000
v 54.00000000 87.50000000 68.00000000
v 53.50000000 88.00000000 69.00000000
v 54.00000000 87.50000000 69.00000000
v 54.00000000 88.00000000 69.50000000
v 53.50000000 88.00000000 76.00000000
v 53.50000000 88.00000000 77.00000000
v 54.00000000 88.00000000 77.50000000
v 54.00000000 87.50000000 85.00000000
v 54.00000000 87.50000000 86.00000000
v 53.50000000 89.00000000 70.00000000
v 54.00000000 88.50000000 70.00000000
v 54.00000000 89.00000000 70.50000000
v 53.50000000 89.00000000 76.00000000
v 53.50000000 89.00000000 77.00000000
v 54.00000000 89.00000000 77.50000000
v 54.00000000 89.50000000 71.00000000
v 53.50000000 90.00000000 72.00000000
v 54.00000000 89.50000000 72.00000000
v 53.50000000 90.00000000 73.00000000
v 54.00000000 89.50000000 73.00000000
v 53.50000000 90.00000000 74.00000000
v 54.00000000 90.00000000 73.50000000
v 53.50000000 90.00000000 75.00000000
v 53.50000000 90.00000000 76.00000000
v 53.50000000 90.00000000 77.00000000
v 54.00000000 90.00000000 77.50000000
v 54.00000000 90.50000000 74.00000000
v 54.00000000 90.50000000 75.00000000
v 54.00000000 90.50000000 76.00000000
v 54.00000000 90.50000000 77.00000000
v 54.50000000 63.00000000 76.00000000
v 54.50000000 63.00000000 77.00000000
v 55.00000000 63.00000000 77.50000000
v 55.00000000 62.50000000 78.00000000
v 55.00000000 62.50000000 79.00000000
v 55.00000000 62.50000000 80.00000000
v 55.00000000 62.50000000 81.00000000
v 55.00000000 62.50000000 82.00000000
v 54.50000000 63.00000000 83.00000000
v 55.00000000 63.00000000 82.50000000
v 54.50000000 63.00000000 84.00000000
v 54.50000000 63.00000000 85.00000000
v 54.50000000 64.00000000 73.00000000
v 54.50000000 64.00000000 74.00000000
v 55.00000000 64.00000000 74.50000000
v 55.00000000 63.50000000 75.00000000
v 55.00000000 63.50000000 76.00000000
v 55.00000000 63.50000000 77.00000000
v 55.00000000 63.50000000 83.00000000
v 55.00000000 63.50000000 84.00000000
v 55.00000000 63.50000000 85.00000000
v 54.50000000 64.00000000 86.00000000
v 55.00000000 64.00000000 85.50000000
v 54.50000000 65.00000000 70.00000000
v 54.50000000 65.00000000 71.00000000
v 55.00000000 65.00000000 71.50000000
v 55.00000000 64.50000000 72.00000000
v 55.00000000 64.50000000 73.00000000
v 55.00000000 64.50000000 74.00000000
v 55.00000000 64.50000000 86.00000000
v 55.00000000 64.50000000 87.00000000
v 54.50000000 65.00000000 88.00000000
v 55.00000000 65.00000000 87.50000000
v 54.50000000 66.00000000 68.00000000
v 54.50000000 66.00000000 69.00000000
v 54.50000000 66.00000000 70.00000000
v 55.00000000 66.00000000 70.50000000
v 55.00000000 65.50000000 71.00000000
v 55.00000000 65.50000000 88.00000000
v 54.50000000 66.00000000 89.00000000
v 55.00000000 66.00000000 88.50000000
v 54.50000000 67.00000000 66.00000000
v 54.50000000 67.00000000 67.00000000
v 55.00000000 67.00000000 67.50000000
v 55.00000000 66.50000000 68.00000000
v 55.00000000 66.50000000 69.00000000
v 55.00000000 66.50000000 70.00000000
v 55.00000000 66.50000000 89.00000000
v 54.50000000 67.00000000 90.00000000
v 55.00000000 67.00000000 89.50000000
v 54.50000000 68.00000000 65.00000000
v 54.50000000 68.00000000 66.00000000
v 55.00000000 68.00000000 66.50000000
v 55.00000000 67.50000000 67.00000000
v 55.00000000 67.50000000 90.00000000
v 55.00000000 68.00000000 90.50000000
v 54.50000000 69.00000000 64.00000000
v 54.50000000 69.00000000 65.00000000
v 55.00000000 69.00000000 65.50000000
v 55.00000000 68.50000000 66.00000000
v 55.00000000 68.50000000 91.00000000
v 55.00000000 69.00000000 91.50000000
v 54.50000000 70.00000000 64.00000000
v 55.00000000 70.00000000 64.50000000
v 55.00000000 69.50000000 65.00000000
v 55.00000000 70.00000000 91.50000000
v 54.50000000 71.00000000 63.00000000
v 55.00000000 71.00000000 63.50000000
v 55.00000000 70.50000000 64.00000000
v 55.00000000 71.00000000 91.50000000
v 54.50000000 72.00000000 63.00000000
v 55.00000000 72.00000000 63.50000000
v 55.00000000 71.50000000 92.00000000
v 54.50000000 72.00000000 92.00000000
v 55.00000000 72.00000000 92.50000000
v 54.50000000 73.00000000 62.00000000
v 54.50000000 73.00000000 63.00000000
v 55.00000000 73.00000000 63.50000000
v 55.00000000 72.50000000 92.00000000
v 55.00000000 73.00000000 91.50000000
v 54.50000000 74.00000000 62.00000000
v 55.00000000 74.00000000 62.50000000
v 55.00000000 73.50000000 63.00000000
v 54.50000000 74.00000000 91.00000000
v 55.00000000 74.00000000 91.50000000
v 55.00000000 75.00000000 61.50000000
v 55.00000000 74.50000000 62.00000000
v 54.50000000 75.00000000 91.00000000
v 55.00000000 75.00000000 91.50000000
v 55.00000000 76.00000000 61.50000000
v 54.50000000 76.00000000 91.00000000
v 55.00000000 76.00000000 91.50000000
v 54.50000000 77.00000000 61.00000000
v 55.00000000 77.00000000 61.50000000
v 54.50000000 77.00000000 76.00000000
v 54.50000000 77.00000000 77.00000000
v 54.50000000 77.00000000 78.00000000
v 55.00000000 76.50000000 92.00000000
v 54.50000000 77.00000000 92.00000000
v 55.00000000 77.00000000 92.50000000
v 54.50000000 78.00000000 61.00000000
v 55.00000000 78.00000000 61.50000000
v 54.50000000 78.00000000 76.00000000
v 54.50000000 78.00000000 77.00000000
v 54.50000000 78.00000000 78.00000000
v 54.50000000 78.00000000 79.00000000
v 54.50000000 78.00000000 80.00000000
v 54.50000000 78.00000000 81.00000000
v 54.50000000 78.00000000 82.00000000
v 55.00000000 78.00000000 92.50000000
v 54.50000000 79.00000000 62.00000000
v 55.00000000 78.50000000 62.00000000
v 54.50000000 79.00000000 63.00000000
v 55.00000000 78.50000000 63.00000000
v 55.00000000 79.00000000 63.50000000
v 54.50000000 79.00000000 76.00000000
v 54.50000000 79.00000000 77.00000000
v 54.50000000 79.00000000 78.00000000
v 54.50000000 79.00000000 79.00000000
v 54.50000000 79.00000000 80.00000000
v 55.00000000 78.50000000 93.00000000
v 55.00000000 79.00000000 93.50000000
v 54.50000000 80.00000000 63.00000000
v 55.00000000 79.50000000 64.00000000
v 54.50000000 80.00000000 64.00000000
v 55.00000000 80.00000000 64.50000000
v 54.50000000 80.00000000 94.00000000
v 55.00000000 80.00000000 93.50000000
v 54.50000000 81.00000000 64.00000000
v 55.00000000 80.50000000 65.00000000
v 54.50000000 81.00000000 65.00000000
v 55.00000000 81.00000000 65.50000000
v 54.50000000 81.00000000 94.00000000
v 55.00000000 81.00000000 93.50000000
v 54.50000000 82.00000000 64.00000000
v 55.00000000 82.00000000 64.50000000
v 55.00000000 81.50000000 65.00000000
v 54.50000000 82.00000000 93.00000000
v 55.00000000 81.50000000 93.00000000
v 55.00000000 82.00000000 92.50000000
v 54.50000000 83.00000000 64.00000000
v 55.00000000 82.50000000 65.00000000
v 54.50000000 83.00000000 65.00000000
v 55.00000000 83.00000000 65.50000000
v 54.50000000 83.00000000 91.00000000
v 55.00000000 82.50000000 91.00000000
v 55.00000000 83.00000000 90.50000000
v 55.00000000 82.50000000 92.00000000
v 55.00000000 83.50000000 65.00000000
v 55.00000000 84.00000000 64.50000000
v 55.00000000 84.00000000 90.50000000
v 55.00000000 85.00000000 64.50000000
v 54.50000000 85.00000000 89.00000000
v 55.00000000 84.50000000 89.00000000
v 55.00000000 85.00000000 88.50000000
v 55.00000000 84.50000000 90.00000000
v 55.00000000 85.50000000 65.00000000
v 54.50000000 86.00000000 66.00000000
v 55.00000000 85.50000000 66.00000000
v 55.00000000 86.00000000 66.50000000
v 54.50000000 86.00000000 80.00000000
v 54.50000000 86.00000000 88.00000000
v 55.00000000 85.50000000 88.00000000
v 55.00000000 86.00000000 87.50000000
v 55.00000000 86.50000000 67.00000000
v 54.50000000 87.00000000 68.00000000
v 55.00000000 86.50000000 68.00000000
v 55.00000000 87.00000000 68.50000000
v 54.50000000 87.00000000 78.00000000
v 54.50000000 87.00000000 79.00000000
v 54.50000000 87.00000000 80.00000000
v 54.50000000 87.00000000 81.00000000
v 54.50000000 87.00000000 82.00000000
v 54.50000000 87.00000000 83.00000000
v 54.50000000 87.00000000 84.00000000
v 55.00000000 86.50000000 85.00000000
v 55.00000000 87.00000000 84.50000000
v 54.50000000 87.00000000 85.00000000
v 54.50000000 87.00000000 86.00000000
v 55.00000000 86.50000000 86.00000000
v 55.00000000 86.50000000 87.00000000
v 55.00000000 87.50000000 69.00000000
v 54.50000000 88.00000000 70.00000000
v 55.00000000 87.50000000 70.00000000
v 55.00000000 88.00000000 70.50000000
v 54.50000000 88.00000000 78.00000000
v 54.50000000 88.00000000 79.00000000
v 54.50000000 88.00000000 80.00000000
v 54.50000000 88.00000000 81.00000000
v 55.00000000 88.00000000 81.50000000
v 55.00000000 87.50000000 82.00000000
v 55.00000000 87.50000000 83.00000000
v 55.00000000 87.50000000 84.00000000
v 54.50000000 89.00000000 71.00000000
v 55.00000000 88.50000000 71.00000000
v 55.00000000 89.00000000 71.50000000
v 54.50000000 89.00000000 78.00000000
v 54.50000000 89.00000000 79.00000000
v 54.50000000 89.00000000 80.00000000
v 55.00000000 89.00000000 80.50000000
v 55.00000000 88.50000000 81.00000000
v 55.00000000 89.50000000 72.00000000
v 55.00000000 89.50000000 73.00000000
v 55.00000000 90.00000000 73.50000000
v 54.50000000 90.00000000 78.00000000
v 54.50000000 90.00000000 79.00000000
v 54.50000000 90.00000000 80.00000000
v 55.00000000 90.00000000 80.50000000
v 55.00000000 90.50000000 74.00000000
v 55.00000000 90.50000000 75.00000000
v 55.00000000 90.50000000 76.00000000
v 55.00000000 90.50000000 77.00000000
v 54.50000000 91.00000000 78.00000000
v 55.00000000 91.00000000 77.50000000
v 54.50000000 91.00000000 79.00000000
v 54.50000000 91.00000000 80.00000000
v 55.00000000 91.00000000 80.50000000
v 55.00000000 91.50000000 78.00000000
v 55.00000000 91.50000000 79.00000000
v 55.00000000 91.50000000 80.00000000
v 55.50000000 63.00000000 78.00000000
v 55.50000000 63.00000000 79.00000000
v 55.50000000 63.00000000 80.00000000
v 55.50000000 63.00000000 81.00000000
v 55.50000000 63.00000000 82.00000000
v 55.50000000 64.00000000 75.00000000
v 56.00000000 64.00000000 75.50000000
v 56.00000000 63.50000000 76.00000000
v 56.00000000 63.50000000 77.00000000
v 56.00000000 63.50000000 78.00000000
v 56.00000000 63.50000000 79.00000000
v 56.00000000 63.50000000 80.00000000
v 56.00000000 63.50000000 81.00000000
v 56.00000000 63.50000000 82.00000000
v 55.50000000 64.00000000 83.00000000
v 56.00000000 64.00000000 82.50000000
v 55.50000000 64.00000000 84.00000000
v 55.50000000 64.00000000 85.00000000
v 55.50000000 65.00000000 72.00000000
v 55.50000000 65.00000000 73.00000000
v 56.00000000 65.00000000 73.50000000
v 56.00000000 64.50000000 74.00000000
v 56.00000000 64.50000000 75.00000000
v 56.00000000 64.50000000 83.00000000
v 56.00000000 64.50000000 84.00000000
v 56.00000000 65.00000000 84.50000000
v 55.50000000 65.00000000 85.00000000
v 55.50000000 65.00000000 86.00000000
v 55.50000000 65.00000000 87.00000000
v 55.50000000 66.00000000 71.00000000
v 56.00000000 66.00000000 71.50000000
v 56.00000000 65.50000000 72.00000000
v 56.00000000 65.50000000 73.00000000
v 56.00000000 65.50000000 85.00000000
v 56.00000000 65.50000000 86.00000000
v 56.00000000 66.00000000 86.50000000
v 55.50000000 66.00000000 87.00000000
v 55.50000000 66.00000000 88.00000000
v 55.50000000 67.00000000 68.00000000
v 55.50000000 67.00000000 69.00000000
v 56.00000000 67.00000000 69.50000000
v 56.00000000 66.50000000 70.00000000
v 56.00000000 66.50000000 71.00000000
v 56.00000000 66.50000000 87.00000000
v 56.00000000 66.50000000 88.00000000
v 55.50000000 67.00000000 89.00000000
v 56.00000000 67.00000000 88.50000000
v 55.50000000 68.00000000 67.00000000
v 56.00000000 68.00000000 67.50000000
v 56.00000000 67.50000000 68.00000000
v 56.00000000 67.50000000 69.00000000
v 56.00000000 67.50000000 89.00000000
v 55.50000000 68.00000000 90.00000000
v 56.00000000 68.00000000 89.50000000
v 55.50000000 69.00000000 66.00000000
v 56.00000000 69.00000000 66.50000000
v 56.00000000 68.50000000 67.00000000
v 56.00000000 68.50000000 90.00000000
v 55.50000000 69.00000000 91.00000000
v 56.00000000 69.00000000 90.50000000
v 55.50000000 70.00000000 65.00000000
v 55.50000000 70.00000000 66.00000000
v 56.00000000 70.00000000 66.50000000
v 56.00000000 69.50000000 91.00000000
v 56.00000000 70.00000000 91.50000000
v 55.50000000 71.00000000 64.00000000
v 55.50000000 71.00000000 65.00000000
v 56.00000000 71.00000000 65.50000000
v 56.00000000 70.50000000 66.00000000
v 56.00000000 71.00000000 91.50000000
v 55.50000000 72.00000000 64.00000000
v 55.50000000 72.00000000 65.00000000
v 56.00000000 72.00000000 65.50000000
v 56.00000000 71.50000000 92.00000000
v 56.00000000 72.00000000 92.50000000
v 55.50000000 73.00000000 64.00000000
v 55.50000000 73.00000000 65.00000000
v 56.00000000 73.00000000 65.50000000
v 55.50000000 73.00000000 92.00000000
v 56.00000000 73.00000000 92.50000000
v 55.50000000 74.00000000 63.00000000
v 55.50000000 74.00000000 64.00000000
v 55.50000000 74.00000000 65.00000000
v 56.00000000 73.50000000 66.00000000
v 55.50000000 74.00000000 66.00000000
v 56.00000000 74.00000000 66.50000000
v 56.00000000 73.50000000 92.00000000
v 56.00000000 74.00000000 91.50000000
v 55.50000000 75.00000000 62.00000000
v 55.50000000 75.00000000 63.00000000
v 55.50000000 75.00000000 64.00000000
v 56.00000000 75.00000000 64.50000000
v 56.00000000 74.50000000 65.00000000
v 56.00000000 74.50000000 66.00000000
v 56.00000000 74.50000000 92.00000000
v 55.50000000 75.00000000 92.00000000
v 56.00000000 75.00000000 92.50000000
v 55.50000000 76.00000000 62.00000000
v 56.00000000 76.00000000 62.50000000
v 56.00000000 75.50000000 63.00000000
v 56.00000000 75.50000000 64.00000000
v 55.50000000 76.00000000 92.00000000
v 56.00000000 76.00000000 92.50000000
v 55.50000000 77.00000000 62.00000000
v 56.00000000 76.50000000 63.00000000
v 55.50000000 77.00000000 63.00000000
v 56.00000000 77.00000000 63.50000000
v 56.00000000 76.50000000 93.00000000
v 55.50000000 77.00000000 93.00000000
v 56.00000000 77.00000000 93.50000000
v 55.50000000 78.00000000 62.00000000
v 55.50000000 78.00000000 63.00000000
v 56.00000000 77.50000000 64.00000000
v 55.50000000 78.00000000 64.00000000
v 56.00000000 78.00000000 64.50000000
v 55.50000000 78.00000000 93.00000000
v 56.00000000 78.00000000 93.50000000
v 55.50000000 79.00000000 64.00000000
v 56.00000000 78.50000000 65.00000000
v 55.50000000 79.00000000 65.00000000
v 56.00000000 79.00000000 65.50000000
v 56.00000000 79.00000000 93.50000000
v 55.50000000 80.00000000 65.00000000
v 56.00000000 79.50000000 66.00000000
v 55.50000000 80.00000000 66.00000000
v 56.00000000 80.00000000 66.50000000
v 55.50000000 80.00000000 93.00000000
v 56.00000000 79.50000000 93.00000000
v 56.00000000 80.00000000 92.50000000
v 55.50000000 81.00000000 66.00000000
v 56.00000000 81.00000000 66.50000000
v 55.50000000 81.00000000 93.00000000
v 56.00000000 81.00000000 92.50000000
v 55.50000000 82.00000000 65.00000000
v 55.50000000 82.00000000 66.00000000
v 56.00000000 82.00000000 66.50000000
v 55.50000000 82.00000000 92.00000000
v 56.00000000 81.50000000 92.00000000
v 56.00000000 82.00000000 91.50000000
v 56.00000000 82.50000000 66.00000000
v 56.00000000 83.00000000 65.50000000
v 56.00000000 82.50000000 91.00000000
v 56.00000000 83.00000000 90.50000000
v 55.50000000 84.00000000 65.00000000
v 56.00000000 84.00000000 65.50000000
v 55.50000000 84.00000000 90.00000000
v 56.00000000 83.50000000 90.00000000
v 56.00000000 84.00000000 89.50000000
v 55.50000000 85.00000000 65.00000000
v 56.00000000 85.00000000 65.50000000
v 55.50000000 85.00000000 88.00000000
v 56.00000000 84.50000000 88.00000000
v 56.00000000 85.00000000 87.50000000
v 56.00000000 84.50000000 89.00000000
v 56.00000000 85.50000000 66.00000000
v 55.50000000 86.00000000 67.00000000
v 56.00000000 85.50000000 67.00000000
v 56.00000000 86.00000000 67.50000000
v 55.50000000 86.00000000 87.00000000
v 56.00000000 85.50000000 87.00000000
v 56.00000000 86.00000000 86.50000000
v 56.00000000 86.50000000 68.00000000
v 55.50000000 87.00000000 69.00000000
v 56.00000000 86.50000000 69.00000000
v 56.00000000 87.00000000 69.50000000
v 55.50000000 87.00000000 84.00000000
v 56.00000000 86.50000000 84.00000000
v 56.00000000 87.00000000 83.50000000
v 56.00000000 86.50000000 85.00000000
v 56.00000000 86.50000000 86.00000000
v 56.00000000 87.50000000 70.00000000
v 55.50000000 88.00000000 71.00000000
v 56.00000000 87.50000000 71.00000000
v 56.00000000 88.00000000 71.50000000
v 56.00000000 87.50000000 82.00000000
v 56.00000000 88.00000000 81.50000000
v 56.00000000 87.50000000 83.00000000
v 55.50000000 89.00000000 72.00000000
v 56.00000000 88.50000000 72.00000000
v 55.50000000 89.00000000 73.00000000
v 56.00000000 88.50000000 73.00000000
v 56.00000000 89.00000000 73.50000000
v 56.00000000 88.50000000 81.00000000
v 56.00000000 89.00000000 80.50000000
v 55.50000000 90.00000000 74.00000000
v 56.00000000 89.50000000 74.00000000
v 55.50000000 90.00000000 75.00000000
v 56.00000000 89.50000000 75.00000000
v 56.00000000 90.00000000 75.50000000
v 56.00000000 90.00000000 80.50000000
v 56.00000000 90.50000000 76.00000000
v 56.00000000 90.50000000 77.00000000
v 55.50000000 91.00000000 78.00000000
v 56.00000000 90.50000000 78.00000000
v 56.00000000 91.00000000 78.50000000
v 56.00000000 91.00000000 80.50000000
v 56.00000000 91.50000000 79.00000000
v 56.00000000 91.50000000 80.00000000
v 56.50000000 64.00000000 76.00000000
v 56.50000000 64.00000000 77.00000000
v 57.00000000 64.00000000 77.50000000
v 57.00000000 63.50000000 78.00000000
v 57.00000000 63.50000000 79.00000000
v 56.50000000 64.00000000 80.00000000
v 57.00000000 64.00000000 79.50000000
v 56.50000000 64.00000000 81.00000000
v 56.50000000 64.00000000 82.00000000
v 56.50000000 65.00000000 74.00000000
v 56.50000000 65.00000000 75.00000000
v 57.00000000 65.00000000 75.50000000
v 57.00000000 64.50000000 76.00000000
v 57.00000000 64.50000000 77.00000000
v 57.00000000 64.50000000 80.00000000
v 57.00000000 64.50000000 81.00000000
v 57.00000000 64.50000000 82.00000000
v 56.50000000 65.00000000 83.00000000
v 57.00000000 65.00000000 82.50000000
v 56.50000000 65.00000000 84.00000000
v 56.50000000 66.00000000 72.00000000
v 56.50000000 66.00000000 73.00000000
v 56.50000000 66.00000000 74.00000000
v 57.00000000 66.00000000 74.50000000
v 57.00000000 65.50000000 75.00000000
v 57.00000000 65.50000000 83.00000000
v 57.00000000 65.50000000 84.00000000
v 56.50000000 66.00000000 85.00000000
v 57.00000000 66.00000000 84.50000000
v 56.50000000 66.00000000 86.00000000
v 56.50000000 67.00000000 70.00000000
v 56.50000000 67.00000000 71.00000000
v 56.50000000 67.00000000 72.00000000
v 57.00000000 67.00000000 72.50000000
v 57.00000000 66.50000000 73.00000000
v 57.00000000 66.50000000 74.00000000
v 57.00000000 66.50000000 85.00000000
v 57.00000000 67.00000000 85.50000000
v 56.50000000 67.00000000 86.00000000
v 56.50000000 67.00000000 87.00000000
v 56.50000000 67.00000000 88.00000000
v 56.50000000 68.00000000 68.00000000
v 56.50000000 68.00000000 69.00000000
v 56.50000000 68.00000000 70.00000000
v 56.50000000 68.00000000 71.00000000
v 56.50000000 68.00000000 72.00000000
v 57.00000000 68.00000000 72.50000000
v 57.00000000 67.50000000 86.00000000
v 57.00000000 68.00000000 86.50000000
v 56.50000000 68.00000000 87.00000000
v 56.50000000 68.00000000 88.00000000
v 56.50000000 68.00000000 89.00000000
v 56.50000000 69.00000000 67.00000000
v 56.50000000 69.00000000 68.00000000
v 56.50000000 69.00000000 69.00000000
v 56.50000000 69.00000000 70.00000000
v 57.00000000 69.00000000 70.50000000
v 57.00000000 68.50000000 71.00000000
v 57.00000000 68.50000000 72.00000000
v 57.00000000 68.50000000 87.00000000
v 57.00000000 68.50000000 88.00000000
v 57.00000000 69.00000000 88.50000000
v 56.50000000 69.00000000 89.00000000
v 56.50000000 69.00000000 90.00000000
v 56.50000000 70.00000000 67.00000000
v 56.50000000 70.00000000 68.00000000
v 56.50000000 70.00000000 69.00000000
v 57.00000000 70.00000000 69.50000000
v 57.00000000 69.50000000 70.00000000
v 57.00000000 69.50000000 89.00000000
v 57.00000000 70.00000000 89.50000000
v 56.50000000 70.00000000 90.00000000
v 56.50000000 70.00000000 91.00000000
v 56.50000000 71.00000000 66.00000000
v 56.50000000 71.00000000 67.00000000
v 56.50000000 71.00000000 68.00000000
v 57.00000000 71.00000000 68.50000000
v 57.00000000 70.50000000 69.00000000
v 57.00000000 70.50000000 90.00000000
v 57.00000000 70.50000000 91.00000000
v 57.00000000 71.00000000 91.50000000
v 56.50000000 72.00000000 66.00000000
v 56.50000000 72.00000000 67.00000000
v 57.00000000 72.00000000 67.50000000
v 57.00000000 71.50000000 68.00000000
v 56.50000000 72.00000000 92.00000000
v 57.00000000 72.00000000 91.50000000
v 56.50000000 73.00000000 66.00000000
v 56.50000000 73.00000000 67.00000000
v 57.00000000 73.00000000 67.50000000
v 56.50000000 73.00000000 92.00000000
v 57.00000000 73.00000000 91.50000000
v 56.50000000 74.00000000 67.00000000
v 57.00000000 74.00000000 67.50000000
v 57.00000000 74.00000000 91.50000000
v 56.50000000 75.00000000 65.00000000
v 56.50000000 75.00000000 66.00000000
v 57.00000000 75.00000000 66.50000000
v 57.00000000 74.50000000 67.00000000
v 57.00000000 74.50000000 92.00000000
v 57.00000000 75.00000000 92.50000000
v 56.50000000 76.00000000 63.00000000
v 56.50000000 76.00000000 64.00000000
v 56.50000000 76.00000000 65.00000000
v 56.50000000 76.00000000 66.00000000
v 57.00000000 76.00000000 66.50000000
v 57.00000000 76.00000000 92.50000000
v 56.50000000 77.00000000 64.00000000
v 56.50000000 77.00000000 65.00000000
v 57.00000000 77.00000000 65.50000000
v 57.00000000 76.50000000 66.00000000
v 56.50000000 77.00000000 93.00000000
v 57.00000000 77.00000000 92.50000000
v 56.50000000 78.00000000 65.00000000
v 57.00000000 77.50000000 66.00000000
v 56.50000000 78.00000000 66.00000000
v 57.00000000 78.00000000 66.50000000
v 56.50000000 78.00000000 93.00000000
v 57.00000000 78.00000000 92.50000000
v 56.50000000 79.00000000 66.00000000
v 57.00000000 78.50000000 67.00000000
v 56.50000000 79.00000000 67.00000000
v 57.00000000 79.00000000 67.50000000
v 56.50000000 79.00000000 93.00000000
v 57.00000000 79.00000000 92.50000000
v 56.50000000 80.00000000 67.00000000
v 57.00000000 80.00000000 67.50000000
v 57.00000000 80.00000000 92.50000000
v 56.50000000 81.00000000 67.00000000
v 57.00000000 81.00000000 67.50000000
v 56.50000000 81.00000000 92.00000000
v 57.00000000 80.50000000 92.00000000
v 57.00000000 81.00000000 91.50000000
v 56.50000000 82.00000000 67.00000000
v 57.00000000 81.50000000 68.00000000
v 56.50000000 82.00000000 68.00000000
v 57.00000000 82.00000000 68.50000000
v 56.50000000 82.00000000 91.00000000
v 57.00000000 81.50000000 91.00000000
v 57.00000000 82.00000000 90.50000000
v 56.50000000 83.00000000 66.00000000
v 56.50000000 83.00000000 67.00000000
v 56.50000000 83.00000000 68.00000000
v 57.00000000 83.00000000 68.50000000
v 56.50000000 83.00000000 90.00000000
v 57.00000000 82.50000000 90.00000000
v 57.00000000 83.00000000 89.50000000
v 56.50000000 84.00000000 66.00000000
v 56.50000000 84.00000000 67.00000000
v 56.50000000 84.00000000 68.00000000
v 57.00000000 84.00000000 68.50000000
v 56.50000000 84.00000000 89.00000000
v 57.00000000 83.50000000 89.00000000
v 57.00000000 84.00000000 88.50000000
v 56.50000000 85.00000000 66.00000000
v 56.50000000 85.00000000 67.00000000
v 56.50000000 85.00000000 68.00000000
v 57.00000000 84.50000000 69.00000000
v 56.50000000 85.00000000 69.00000000
v 56.50000000 85.00000000 70.00000000
v 57.00000000 84.50000000 70.00000000
v 56.50000000 85.00000000 71.00000000
v 57.00000000 84.50000000 71.00000000
v 57.00000000 85.00000000 71.50000000
v 56.50000000 85.00000000 87.00000000
v 57.00000000 84.50000000 87.00000000
v 57.00000000 85.00000000 86.50000000
v 57.00000000 84.50000000 88.00000000
v 56.50000000 86.00000000 68.00000000
v 56.50000000 86.00000000 69.00000000
v 56.50000000 86.00000000 70.00000000
v 56.50000000 86.00000000 71.00000000
v 57.00000000 85.50000000 72.00000000
v 56.50000000 86.00000000 72.00000000
v 57.00000000 86.00000000 72.50000000
v 56.50000000 86.00000000 85.00000000
v 57.00000000 85.50000000 85.00000000
v 57.00000000 86.00000000 84.50000000
v 56.50000000 86.00000000 86.00000000
v 57.00000000 85.50000000 86.00000000
v 56.50000000 87.00000000 70.00000000
v 56.50000000 87.00000000 71.00000000
v 56.50000000 87.00000000 72.00000000
v 57.00000000 86.50000000 73.00000000
v 56.50000000 87.00000000 73.00000000
v 57.00000000 87.00000000 73.50000000
v 56.50000000 87.00000000 83.00000000
v 57.00000000 86.50000000 83.00000000
v 57.00000000 87.00000000 82.50000000
v 57.00000000 86.50000000 84.00000000
v 56.50000000 88.00000000 72.00000000
v 56.50000000 88.00000000 73.00000000
v 57.00000000 87.50000000 74.00000000
v 56.50000000 88.00000000 74.00000000
v 57.00000000 88.00000000 74.50000000
v 56.50000000 88.00000000 81.00000000
v 57.00000000 87.50000000 81.00000000
v 57.00000000 88.00000000 80.50000000
v 57.00000000 87.50000000 82.00000000
v 56.50000000 89.00000000 74.00000000
v 57.00000000 88.50000000 75.00000000
v 56.50000000 89.00000000 75.00000000
v 57.00000000 89.00000000 75.50000000
v 57.00000000 89.00000000 80.50000000
v 56.50000000 90.00000000 76.00000000
v 57.00000000 89.50000000 76.00000000
v 56.50000000 90.00000000 77.00000000
v 57.00000000 89.50000000 77.00000000
v 56.50000000 90.00000000 78.00000000
v 57.00000000 89.50000000 78.00000000
v 56.50000000 90.00000000 79.00000000
v 57.00000000 89.50000000 79.00000000
v 56.50000000 90.00000000 80.00000000
v 57.00000000 89.50000000 80.00000000
v 56.50000000 91.00000000 79.00000000
v 56.50000000 91.00000000 80.00000000
v 57.50000000 64.00000000 78.00000000
v 57.50000000 64.00000000 79.00000000
v 57.50000000 65.00000000 76.00000000
v 57.50000000 65.00000000 77.00000000
v 58.00000000 65.00000000 77.50000000
v 58.00000000 64.50000000 78.00000000
v 58.00000000 64.50000000 79.00000000
v 58.00000000 64.50000000 80.00000000
v 57.50000000 65.00000000 81.00000000
v 58.00000000 65.00000000 80.50000000
v 57.50000000 65.00000000 82.00000000
v 57.50000000 66.00000000 75.00000000
v 58.00000000 66.00000000 75.50000000
v 58.00000000 65.50000000 76.00000000
v 58.00000000 65.50000000 77.00000000
v 58.00000000 65.50000000 81.00000000
v 58.00000000 65.50000000 82.00000000
v 57.50000000 66.00000000 83.00000000
v 58.00000000 66.00000000 82.50000000
v 57.50000000 66.00000000 84.00000000
v 57.50000000 67.00000000 73.00000000
v 58.00000000 67.00000000 73.50000000
v 58.00000000 66.50000000 74.00000000
v 58.00000000 66.50000000 75.00000000
v 58.00000000 66.50000000 83.00000000
v 58.00000000 67.00000000 83.50000000
v 57.50000000 67.00000000 84.00000000
v 57.50000000 67.00000000 85.00000000
v 58.00000000 68.00000000 72.50000000
v 58.00000000 67.50000000 73.00000000
v 58.00000000 67.50000000 84.00000000
v 58.00000000 68.00000000 84.50000000
v 57.50000000 68.00000000 85.00000000
v 57.50000000 68.00000000 86.00000000
v 57.50000000 69.00000000 71.00000000
v 58.00000000 69.00000000 71.50000000
v 58.00000000 68.50000000 72.00000000
v 58.00000000 68.50000000 85.00000000
v 58.00000000 69.00000000 85.50000000
v 57.50000000 69.00000000 86.00000000
v 57.50000000 69.00000000 87.00000000
v 57.50000000 69.00000000 88.00000000
v 57.50000000 70.00000000 70.00000000
v 58.00000000 70.00000000 70.50000000
v 58.00000000 69.50000000 71.00000000
v 58.00000000 69.50000000 86.00000000
v 58.00000000 69.50000000 87.00000000
v 58.00000000 70.00000000 87.50000000
v 57.50000000 70.00000000 88.00000000
v 57.50000000 70.00000000 89.00000000
v 58.00000000 71.00000000 68.50000000
v 58.00000000 70.50000000 69.00000000
v 58.00000000 70.50000000 70.00000000
v 58.00000000 70.50000000 88.00000000
v 58.00000000 71.00000000 88.50000000
v 57.50000000 71.00000000 89.00000000
v 57.50000000 71.00000000 90.00000000
v 57.50000000 71.00000000 91.00000000
v 57.50000000 72.00000000 68.00000000
v 58.00000000 72.00000000 68.50000000
v 58.00000000 71.50000000 89.00000000
v 58.00000000 72.00000000 89.50000000
v 57.50000000 72.00000000 90.00000000
v 57.50000000 72.00000000 91.00000000
v 57.50000000 73.00000000 68.00000000
v 58.00000000 73.00000000 68.50000000
v 58.00000000 72.50000000 90.00000000
v 58.00000000 73.00000000 90.50000000
v 57.50000000 73.00000000 91.00000000
v 57.50000000 74.00000000 68.00000000
v 58.00000000 74.00000000 68.50000000
v 58.00000000 73.50000000 91.00000000
v 58.00000000 74.00000000 91.50000000
v 57.50000000 75.00000000 67.00000000
v 57.50000000 75.00000000 68.00000000
v 58.00000000 75.00000000 68.50000000
v 57.50000000 75.00000000 92.00000000
v 58.00000000 75.00000000 91.50000000
v 57.50000000 76.00000000 67.00000000
v 57.50000000 76.00000000 68.00000000
v 58.00000000 76.00000000 68.50000000
v 57.50000000 76.00000000 92.00000000
v 58.00000000 76.00000000 91.50000000
v 57.50000000 77.00000000 66.00000000
v 57.50000000 77.00000000 67.00000000
v 57.50000000 77.00000000 68.00000000
v 58.00000000 76.50000000 69.00000000
v 57.50000000 77.00000000 69.00000000
v 58.00000000 77.00000000 69.50000000
v 57.50000000 77.00000000 92.00000000
v 58.00000000 77.00000000 91.50000000
v 57.50000000 78.00000000 67.00000000
v 57.50000000 78.00000000 68.00000000
v 57.50000000 78.00000000 69.00000000
v 58.00000000 78.00000000 69.50000000
v 57.50000000 78.00000000 92.00000000
v 58.00000000 78.00000000 91.50000000
v 57.50000000 79.00000000 68.00000000
v 57.50000000 79.00000000 69.00000000
v 58.00000000 79.00000000 69.50000000
v 57.50000000 79.00000000 92.00000000
v 58.00000000 79.00000000 91.50000000
v 57.50000000 80.00000000 68.00000000
v 57.50000000 80.00000000 69.00000000
v 58.00000000 80.00000000 69.50000000
v 57.50000000 80.00000000 92.00000000
v 58.00000000 80.00000000 91.50000000
v 57.50000000 81.00000000 68.00000000
v 57.50000000 81.00000000 69.00000000
v 58.00000000 80.50000000 70.00000000
v 57.50000000 81.00000000 70.00000000
v 58.00000000 81.00000000 70.50000000
v 57.50000000 81.00000000 91.00000000
v 58.00000000 80.50000000 91.00000000
v 58.00000000 81.00000000 90.50000000
v 57.50000000 82.00000000 69.00000000
v 57.50000000 82.00000000 70.00000000
v 58.00000000 81.50000000 71.00000000
v 57.50000000 82.00000000 71.00000000
v 58.00000000 82.00000000 71.50000000
v 57.50000000 82.00000000 90.00000000
v 58.00000000 81.50000000 90.00000000
v 58.00000000 82.00000000 89.50000000
v 57.50000000 83.00000000 69.00000000
v 57.50000000 83.00000000 70.00000000
v 57.50000000 83.00000000 71.00000000
v 58.00000000 82.50000000 72.00000000
v 57.50000000 83.00000000 72.00000000
v 57.50000000 83.00000000 73.00000000
v 58.00000000 82.50000000 73.00000000
v 57.50000000 83.00000000 74.00000000
v 58.00000000 82.50000000 74.00000000
v 57.50000000 83.00000000 75.00000000
v 58.00000000 82.50000000 75.00000000
v 57.50000000 83.00000000 76.00000000
v 58.00000000 82.50000000 76.00000000
v 57.50000000 83.00000000 77.00000000
v 58.00000000 82.50000000 77.00000000
v 58.00000000 83.00000000 77.50000000
v 57.50000000 83.00000000 89.00000000
v 58.00000000 82.50000000 89.00000000
v 58.00000000 83.00000000 88.50000000
v 57.50000000 84.00000000 69.00000000
v 57.50000000 84.00000000 70.00000000
v 57.50000000 84.00000000 71.00000000
v 57.50000000 84.00000000 72.00000000
v 57.50000000 84.00000000 73.00000000
v 57.50000000 84.00000000 74.00000000
v 57.50000000 84.00000000 75.00000000
v 57.50000000 84.00000000 76.00000000
v 57.50000000 84.00000000 77.00000000
v 58.00000000 83.50000000 78.00000000
v 57.50000000 84.00000000 78.00000000
v 58.00000000 84.00000000 78.50000000
v 57.50000000 84.00000000 88.00000000
v 58.00000000 83.50000000 88.00000000
v 58.00000000 84.00000000 87.50000000
v 57.50000000 85.00000000 72.00000000
v 57.50000000 85.00000000 73.00000000
v 57.50000000 85.00000000 74.00000000
v 57.50000000 85.00000000 75.00000000
v 57.50000000 85.00000000 76.00000000
v 57.50000000 85.00000000 77.00000000
v 57.50000000 85.00000000 78.00000000
v 58.00000000 85.00000000 78.50000000
v 58.00000000 84.50000000 87.00000000
v 58.00000000 85.00000000 86.50000000
v 57.50000000 86.00000000 73.00000000
v 57.50000000 86.00000000 74.00000000
v 57.50000000 86.00000000 75.00000000
v 57.50000000 86.00000000 76.00000000
v 57.50000000 86.00000000 77.00000000
v 57.50000000 86.00000000 78.00000000
v 58.00000000 85.50000000 79.00000000
v 57.50000000 86.00000000 79.00000000
v 57.50000000 86.00000000 80.00000000
v 58.00000000 85.50000000 80.00000000
v 57.50000000 86.00000000 81.00000000
v 58.00000000 85.50000000 81.00000000
v 58.00000000 86.00000000 81.50000000
v 57.50000000 86.00000000 84.00000000
v 58.00000000 85.50000000 84.00000000
v 58.00000000 86.00000000 83.50000000
v 58.00000000 85.50000000 85.00000000
v 58.00000000 85.50000000 86.00000000
v 57.50000000 87.00000000 74.00000000
v 57.50000000 87.00000000 75.00000000
v 57.50000000 87.00000000 76.00000000
v 57.50000000 87.00000000 77.00000000
v 57.50000000 87.00000000 78.00000000
v 57.50000000 87.00000000 79.00000000
v 57.50000000 87.00000000 80.00000000
v 57.50000000 87.00000000 81.00000000
v 58.00000000 86.50000000 82.00000000
v 57.50000000 87.00000000 82.00000000
v 58.00000000 86.50000000 83.00000000
v 57.50000000 88.00000000 75.00000000
v 57.50000000 88.00000000 76.00000000
v 57.50000000 88.00000000 77.00000000
v 57.50000000 88.00000000 78.00000000
v 57.50000000 88.00000000 79.00000000
v 57.50000000 88.00000000 80.00000000
v 57.50000000 89.00000000 76.00000000
v 57.50000000 89.00000000 77.00000000
v 57.50000000 89.00000000 78.00000000
v 57.50000000 89.00000000 79.00000000
v 57.50000000 89.00000000 80.00000000
v 58.50000000 65.00000000 78.00000000
v 58.50000000 65.00000000 79.00000000
v 58.50000000 65.00000000 80.00000000
v 58.50000000 66.00000000 76.00000000
v 59.00000000 66.00000000 76.50000000
v 59.00000000 65.50000000 77.00000000
v 59.00000000 65.50000000 78.00000000
v 59.00000000 65.50000000 79.00000000
v 59.00000000 65.50000000 80.00000000
v 58.50000000 66.00000000 81.00000000
v 59.00000000 66.00000000 80.50000000
v 58.50000000 66.00000000 82.00000000
v 58.50000000 67.00000000 74.00000000
v 59.00000000 67.00000000 74.50000000
v 59.00000000 66.50000000 75.00000000
v 59.00000000 66.50000000 76.00000000
v 59.00000000 66.50000000 81.00000000
v 59.00000000 67.00000000 81.50000000
v 58.50000000 67.00000000 82.00000000
v 58.50000000 67.00000000 83.00000000
v 58.50000000 68.00000000 73.00000000
v 59.00000000 68.00000000 73.50000000
v 59.00000000 67.50000000 74.00000000
v 59.00000000 67.50000000 82.00000000
v 59.00000000 68.00000000 82.50000000
v 58.50000000 68.00000000 83.00000000
v 58.50000000 68.00000000 84.00000000
v 58.50000000 69.00000000 72.00000000
v 59.00000000 69.00000000 72.50000000
v 59.00000000 68.50000000 73.00000000
v 59.00000000 68.50000000 83.00000000
v 59.00000000 69.00000000 83.50000000
v 58.50000000 69.00000000 84.00000000
v 58.50000000 69.00000000 85.00000000
v 58.50000000 70.00000000 71.00000000
v 59.00000000 70.00000000 71.50000000
v 59.00000000 69.50000000 72.00000000
v 59.00000000 69.50000000 84.00000000
v 59.00000000 70.00000000 84.50000000
v 58.50000000 70.00000000 85.00000000
v 58.50000000 70.00000000 86.00000000
v 58.50000000 70.00000000 87.00000000
v 58.50000000 71.00000000 69.00000000
v 58.50000000 71.00000000 70.00000000
v 59.00000000 71.00000000 70.50000000
v 59.00000000 70.50000000 71.00000000
v 59.00000000 70.50000000 85.00000000
v 59.00000000 70.50000000 86.00000000
v 59.00000000 71.00000000 86.50000000
v 58.50000000 71.00000000 87.00000000
v 58.50000000 71.00000000 88.00000000
v 58.50000000 72.00000000 69.00000000
v 59.00000000 72.00000000 69.50000000
v 59.00000000 71.50000000 70.00000000
v 58.50000000 72.00000000 79.00000000
v 59.00000000 71.50000000 79.00000000
v 59.00000000 72.00000000 78.50000000
v 58.50000000 72.00000000 80.00000000
v 59.00000000 71.50000000 80.00000000
v 59.00000000 72.00000000 80.50000000
v 59.00000000 71.50000000 87.00000000
v 59.00000000 72.00000000 87.50000000
v 58.50000000 72.00000000 88.00000000
v 58.50000000 72.00000000 89.00000000
v 58.50000000 73.00000000 69.00000000
v 59.00000000 72.50000000 70.00000000
v 58.50000000 73.00000000 70.00000000
v 59.00000000 73.00000000 70.50000000
v 58.50000000 73.00000000 77.00000000
v 59.00000000 72.50000000 77.00000000
v 59.00000000 73.00000000 76.50000000
v 58.50000000 73.00000000 78.00000000
v 59.00000000 72.50000000 78.00000000
v 58.50000000 73.00000000 79.00000000
v 58.50000000 73.00000000 80.00000000
v 59.00000000 72.50000000 81.00000000
v 58.50000000 73.00000000 81.00000000
v 59.00000000 73.00000000 81.50000000
v 59.00000000 72.50000000 88.00000000
v 59.00000000 73.00000000 88.50000000
v 58.50000000 73.00000000 89.00000000
v 58.50000000 73.00000000 90.00000000
v 58.50000000 74.00000000 69.00000000
v 58.50000000 74.00000000 70.00000000
v 59.00000000 74.00000000 70.50000000
v 58.50000000 74.00000000 77.00000000
v 59.00000000 74.00000000 76.50000000
v 58.50000000 74.00000000 78.00000000
v 58.50000000 74.00000000 79.00000000
v 58.50000000 74.00000000 80.00000000
v 58.50000000 74.00000000 81.00000000
v 59.00000000 73.50000000 82.00000000
v 58.50000000 74.00000000 82.00000000
v 59.00000000 74.00000000 82.50000000
v 59.00000000 73.50000000 89.00000000
v 59.00000000 74.00000000 89.50000000
v 58.50000000 74.00000000 90.00000000
v 58.50000000 74.00000000 91.00000000
v 58.50000000 75.00000000 69.00000000
v 58.50000000 75.00000000 70.00000000
v 59.00000000 74.50000000 71.00000000
v 58.50000000 75.00000000 71.00000000
v 59.00000000 75.00000000 71.50000000
v 58.50000000 75.00000000 77.00000000
v 59.00000000 75.00000000 76.50000000
v 58.50000000 75.00000000 78.00000000
v 58.50000000 75.00000000 79.00000000
v 58.50000000 75.00000000 80.00000000
v 58.50000000 75.00000000 81.00000000
v 58.50000000 75.00000000 82.00000000
v 59.00000000 74.50000000 83.00000000
v 58.50000000 75.00000000 83.00000000
v 59.00000000 75.00000000 83.50000000
v 59.00000000 74.50000000 90.00000000
v 59.00000000 75.00000000 90.50000000
v 58.50000000 75.00000000 91.00000000
v 58.50000000 76.00000000 69.00000000
v 58.50000000 76.00000000 70.00000000
v 58.50000000 76.00000000 71.00000000
v 59.00000000 75.50000000 72.00000000
v 58.50000000 76.00000000 72.00000000
v 59.00000000 76.00000000 72.50000000
v 58.50000000 76.00000000 77.00000000
v 59.00000000 76.00000000 76.50000000
v 58.50000000 76.00000000 78.00000000
v 58.50000000 76.00000000 79.00000000
v 58.50000000 76.00000000 80.00000000
v 58.50000000 76.00000000 81.00000000
v 58.50000000 76.00000000 82.00000000
v 58.50000000 76.00000000 83.00000000
v 59.00000000 76.00000000 83.50000000
v 58.50000000 76.00000000 91.00000000
v 59.00000000 76.00000000 90.50000000
v 58.50000000 77.00000000 70.00000000
v 58.50000000 77.00000000 71.00000000
v 58.50000000 77.00000000 72.00000000
v 59.00000000 76.50000000 73.00000000
v 58.50000000 77.00000000 73.00000000
v 59.00000000 77.00000000 73.50000000
v 58.50000000 77.00000000 75.00000000
v 59.00000000 76.50000000 75.00000000
v 59.00000000 77.00000000 74.50000000
v 58.50000000 77.00000000 76.00000000
v 59.00000000 76.50000000 76.00000000
v 58.50000000 77.00000000 77.00000000
v 58.50000000 77.00000000 78.00000000
v 58.50000000 77.00000000 79.00000000
v 58.50000000 77.00000000 80.00000000
v 58.50000000 77.00000000 81.00000000
v 58.50000000 77.00000000 82.00000000
v 58.50000000 77.00000000 83.00000000
v 59.00000000 77.00000000 83.50000000
v 59.00000000 76.50000000 91.00000000
v 59.00000000 77.00000000 91.50000000
v 58.50000000 78.00000000 70.00000000
v 58.50000000 78.00000000 71.00000000
v 58.50000000 78.00000000 72.00000000
v 58.50000000 78.00000000 73.00000000
v 59.00000000 77.50000000 74.00000000
v 58.50000000 78.00000000 74.00000000
v 58.50000000 78.00000000 75.00000000
v 58.50000000 78.00000000 76.00000000
v 58.50000000 78.00000000 77.00000000
v 58.50000000 78.00000000 78.00000000
v 58.50000000 78.00000000 79.00000000
v 58.50000000 78.00000000 80.00000000
v 58.50000000 78.00000000 81.00000000
v 58.50000000 78.00000000 82.00000000
v 58.50000000 78.00000000 83.00000000
v 59.00000000 77.50000000 84.00000000
v 58.50000000 78.00000000 84.00000000
v 59.00000000 78.00000000 84.50000000
v 59.00000000 78.00000000 91.50000000
v 58.50000000 79.00000000 70.00000000
v 58.50000000 79.00000000 71.00000000
v 58.50000000 79.00000000 72.00000000
v 58.50000000 79.00000000 73.00000000
v 58.50000000 79.00000000 74.00000000
v 58.50000000 79.00000000 75.00000000
v 58.50000000 79.00000000 76.00000000
v 58.50000000 79.00000000 77.00000000
v 58.50000000 79.00000000 78.00000000
v 58.50000000 79.00000000 79.00000000
v 58.50000000 79.00000000 80.00000000
v 58.50000000 79.00000000 81.00000000
v 58.50000000 79.00000000 82.00000000
v 58.50000000 79.00000000 83.00000000
v 58.50000000 79.00000000 84.00000000
v 59.00000000 79.00000000 84.50000000
v 59.00000000 79.00000000 91.50000000
v 58.50000000 80.00000000 70.00000000
v 58.50000000 80.00000000 71.00000000
v 58.50000000 80.00000000 72.00000000
v 58.50000000 80.00000000 73.00000000
v 58.50000000 80.00000000 74.00000000
v 58.50000000 80.00000000 75.00000000
v 58.50000000 80.00000000 76.00000000
v 58.50000000 80.00000000 77.00000000
v 58.50000000 80.00000000 78.00000000
v 58.50000000 80.00000000 79.00000000
v 58.50000000 80.00000000 80.00000000
v 58.50000000 80.00000000 81.00000000
v 58.50000000 80.00000000 82.00000000
v 58.50000000 80.00000000 83.00000000
v 58.50000000 80.00000000 84.00000000
v 59.00000000 80.00000000 84.50000000
v 58.50000000 80.00000000 91.00000000
v 59.00000000 79.50000000 91.00000000
v 59.00000000 80.00000000 90.50000000
v 58.50000000 81.00000000 71.00000000
v 58.50000000 81.00000000 72.00000000
v 58.50000000 81.00000000 73.00000000
v 58.50000000 81.00000000 74.00000000
v 58.50000000 81.00000000 75.00000000
v 58.50000000 81.00000000 76.00000000
v 58.50000000 81.00000000 77.00000000
v 58.50000000 81.00000000 78.00000000
v 58.50000000 81.00000000 79.00000000
v 58.50000000 81.00000000 80.00000000
v 58.50000000 81.00000000 81.00000000
v 59.00000000 81.00000000 81.50000000
v 59.00000000 80.50000000 82.00000000
v 59.00000000 81.00000000 82.50000000
v 58.50000000 81.00000000 83.00000000
v 59.00000000 81.00000000 83.50000000
v 59.00000000 80.50000000 84.00000000
v 59.00000000 81.00000000 84.50000000
v 58.50000000 81.00000000 85.00000000
v 59.00000000 80.50000000 85.00000000
v 59.00000000 81.00000000 85.50000000
v 58.50000000 81.00000000 87.00000000
v 59.00000000 80.50000000 87.00000000
v 59.00000000 81.00000000 86.50000000
v 59.00000000 81.00000000 87.50000000
v 58.50000000 81.00000000 89.00000000
v 59.00000000 80.50000000 89.00000000
v 59.00000000 81.00000000 88.50000000
v 58.50000000 81.00000000 90.00000000
v 59.00000000 80.50000000 90.00000000
v 58.50000000 82.00000000 72.00000000
v 58.50000000 82.00000000 73.00000000
v 58.50000000 82.00000000 74.00000000
v 58.50000000 82.00000000 75.00000000
v 58.50000000 82.00000000 76.00000000
v 58.50000000 82.00000000 77.00000000
v 58.50000000 82.00000000 78.00000000
v 58.50000000 82.00000000 79.00000000
v 58.50000000 82.00000000 80.00000000
v 58.50000000 82.00000000 81.00000000
v 59.00000000 82.00000000 81.50000000
v 59.00000000 81.50000000 83.00000000
v 59.00000000 81.50000000 85.00000000
v 59.00000000 82.00000000 85.50000000
v 58.50000000 82.00000000 86.00000000
v 59.00000000 81.50000000 86.00000000
v 58.50000000 82.00000000 87.00000000
v 59.00000000 81.50000000 88.00000000
v 58.50000000 82.00000000 88.00000000
v 58.50000000 82.00000000 89.00000000
v 58.50000000 83.00000000 78.00000000
v 58.50000000 83.00000000 79.00000000
v 58.50000000 83.00000000 80.00000000
v 58.50000000 83.00000000 81.00000000
v 59.00000000 83.00000000 81.50000000
v 59.00000000 82.50000000 86.00000000
v 59.00000000 83.00000000 86.50000000
v 58.50000000 83.00000000 87.00000000
v 58.50000000 83.00000000 88.00000000
v 58.50000000 84.00000000 79.00000000
v 58.50000000 84.00000000 80.00000000
v 58.50000000 84.00000000 81.00000000
v 59.00000000 84.00000000 81.50000000
v 58.50000000 84.00000000 86.00000000
v 59.00000000 83.50000000 86.00000000
v 59.00000000 84.00000000 85.50000000
v 58.50000000 84.00000000 87.00000000
v 58.50000000 85.00000000 79.00000000
v 58.50000000 85.00000000 80.00000000
v 58.50000000 85.00000000 81.00000000
v 59.00000000 84.50000000 82.00000000
v 58.50000000 85.00000000 82.00000000
v 58.50000000 85.00000000 83.00000000
v 59.00000000 84.50000000 83.00000000
v 58.50000000 85.00000000 84.00000000
v 59.00000000 84.50000000 84.00000000
v 58.50000000 85.00000000 85.00000000
v 59.00000000 84.50000000 85.00000000
v 58.50000000 85.00000000 86.00000000
v 58.50000000 86.00000000 82.00000000
v 58.50000000 86.00000000 83.00000000
v 59.50000000 66.00000000 77.00000000
v 59.50000000 66.00000000 78.00000000
v 59.50000000 66.00000000 79.00000000
v 59.50000000 66.00000000 80.00000000
v 59.50000000 67.00000000 75.00000000
v 59.50000000 67.00000000 76.00000000
v 59.50000000 67.00000000 77.00000000
v 59.50000000 67.00000000 78.00000000
v 59.50000000 67.00000000 79.00000000
v 59.50000000 67.00000000 80.00000000
v 59.50000000 67.00000000 81.00000000
v 59.50000000 68.00000000 74.00000000
v 59.50000000 68.00000000 75.00000000
v 59.50000000 68.00000000 76.00000000
v 59.50000000 68.00000000 77.00000000
v 59.50000000 68.00000000 78.00000000
v 59.50000000 68.00000000 79.00000000
v 59.50000000 68.00000000 80.00000000
v 59.50000000 68.00000000 81.00000000
v 59.50000000 68.00000000 82.00000000
v 59.50000000 69.00000000 73.00000000
v 59.50000000 69.00000000 74.00000000
v 59.50000000 69.00000000 75.00000000
v 59.50000000 69.00000000 76.00000000
v 59.50000000 69.00000000 77.00000000
v 59.50000000 69.00000000 78.00000000
v 59.50000000 69.00000000 79.00000000
v 59.50000000 69.00000000 80.00000000
v 59.50000000 69.00000000 81.00000000
v 59.50000000 69.00000000 82.00000000
v 59.50000000 69.00000000 83.00000000
v 59.50000000 70.00000000 72.00000000
v 59.50000000 70.00000000 73.00000000
v 59.50000000 70.00000000 74.00000000
v 59.50000000 70.00000000 75.00000000
v 59.50000000 70.00000000 76.00000000
v 59.50000000 70.00000000 77.00000000
v 59.50000000 70.00000000 78.00000000
v 59.50000000 70.00000000 79.00000000
v 59.50000000 70.00000000 80.00000000
v 59.50000000 70.00000000 81.00000000
v 59.50000000 70.00000000 82.00000000
v 59.50000000 70.00000000 83.00000000
v 59.50000000 70.00000000 84.00000000
v 59.50000000 71.00000000 71.00000000
v 59.50000000 71.00000000 72.00000000
v 59.50000000 71.00000000 73.00000000
v 59.50000000 71.00000000 74.00000000
v 59.50000000 71.00000000 75.00000000
v 59.50000000 71.00000000 76.00000000
v 59.50000000 71.00000000 77.00000000
v 59.50000000 71.00000000 78.00000000
v 59.50000000 71.00000000 79.00000000
v 59.50000000 71.00000000 80.00000000
v 59.50000000 71.00000000 81.00000000
v 59.50000000 71.00000000 82.00000000
v 59.50000000 71.00000000 83.00000000
v 59.50000000 71.00000000 84.00000000
v 59.50000000 71.00000000 85.00000000
v 59.50000000 71.00000000 86.00000000
v 59.50000000 72.00000000 70.00000000
v 59.50000000 72.00000000 71.00000000
v 59.50000000 72.00000000 72.00000000
v 59.50000000 72.00000000 73.00000000
v 59.50000000 72.00000000 74.00000000
v 59.50000000 72.00000000 75.00000000
v 59.50000000 72.00000000 76.00000000
v 59.50000000 72.00000000 77.00000000
v 59.50000000 72.00000000 78.00000000
v 59.50000000 72.00000000 81.00000000
v 59.50000000 72.00000000 82.00000000
v 59.50000000 72.00000000 83.00000000
v 59.50000000 72.00000000 84.00000000
v 59.50000000 72.00000000 85.00000000
v 59.50000000 72.00000000 86.00000000
v 59.50000000 72.00000000 87.00000000
v 59.50000000 73.00000000 71.00000000
v 59.50000000 73.00000000 72.00000000
v 59.50000000 73.00000000 73.00000000
v 59.50000000 73.00000000 74.00000000
v 59.50000000 73.00000000 75.00000000
v 59.50000000 73.00000000 76.00000000
v 59.50000000 73.00000000 82.00000000
v 59.50000000 73.00000000 83.00000000
v 59.50000000 73.00000000 84.00000000
v 59.50000000 73.00000000 85.00000000
v 59.50000000 73.00000000 86.00000000
v 59.50000000 73.00000000 87.00000000
v 59.50000000 73.00000000 88.00000000
v 59.50000000 74.00000000 71.00000000
v 59.50000000 74.00000000 72.00000000
v 59.50000000 74.00000000 73.00000000
v 59.50000000 74.00000000 74.00000000
v 59.50000000 74.00000000 75.00000000
v 59.50000000 74.00000000 76.00000000
v 59.50000000 74.00000000 83.00000000
v 59.50000000 74.00000000 84.00000000
v 59.50000000 74.00000000 85.00000000
v 59.50000000 74.00000000 86.00000000
v 59.50000000 74.00000000 87.00000000
v 59.50000000 74.00000000 88.00000000
v 59.50000000 74.00000000 89.00000000
v 59.50000000 75.00000000 72.00000000
v 59.50000000 75.00000000 73.00000000
v 59.50000000 75.00000000 74.00000000
v 59.50000000 75.00000000 75.00000000
v 59.50000000 75.00000000 76.00000000
v 59.50000000 75.00000000 84.00000000
v 59.50000000 75.00000000 85.00000000
v 59.50000000 75.00000000 86.00000000
v 59.50000000 75.00000000 87.00000000
v 59.50000000 75.00000000 88.00000000
v 59.50000000 75.00000000 89.00000000
v 59.50000000 75.00000000 90.00000000
v 59.50000000 76.00000000 73.00000000
v 59.50000000 76.00000000 74.00000000
v 59.50000000 76.00000000 75.00000000
v 59.50000000 76.00000000 76.00000000
v 59.50000000 76.00000000 84.00000000
v 59.50000000 76.00000000 85.00000000
v 59.50000000 76.00000000 86.00000000
v 60.00000000 76.00000000 86.50000000
v 60.00000000 75.50000000 87.00000000
v 60.00000000 75.50000000 88.00000000
v 60.00000000 75.50000000 89.00000000
v 60.00000000 76.00000000 89.50000000
v 59.50000000 76.00000000 90.00000000
v 59.50000000 77.00000000 74.00000000
v 59.50000000 77.00000000 84.00000000
v 59.50000000 77.00000000 85.00000000
v 59.50000000 77.00000000 86.00000000
v 60.00000000 77.00000000 86.50000000
v 59.50000000 77.00000000 90.00000000
v 60.00000000 77.00000000 89.50000000
v 59.50000000 77.00000000 91.00000000
v 59.50000000 78.00000000 85.00000000
v 59.50000000 78.00000000 86.00000000
v 60.00000000 77.50000000 87.00000000
v 59.50000000 78.00000000 87.00000000
v 60.00000000 78.00000000 87.50000000
v 60.00000000 77.50000000 90.00000000
v 60.00000000 78.00000000 90.50000000
v 59.50000000 78.00000000 91.00000000
v 59.50000000 79.00000000 85.00000000
v 59.50000000 79.00000000 86.00000000
v 59.50000000 79.00000000 87.00000000
v 60.00000000 78.50000000 88.00000000
v 59.50000000 79.00000000 88.00000000
v 60.00000000 79.00000000 88.50000000
v 59.50000000 79.00000000 91.00000000
v 60.00000000 79.00000000 90.50000000
v 59.50000000 80.00000000 85.00000000
v 59.50000000 80.00000000 86.00000000
v 59.50000000 80.00000000 87.00000000
v 59.50000000 80.00000000 88.00000000
v 60.00000000 79.50000000 89.00000000
v 59.50000000 80.00000000 89.00000000
v 59.50000000 80.00000000 90.00000000
v 60.00000000 79.50000000 90.00000000
v 59.50000000 81.00000000 82.00000000
v 59.50000000 81.00000000 84.00000000
v 59.50000000 81.00000000 86.00000000
v 59.50000000 81.00000000 88.00000000
v 59.50000000 82.00000000 82.00000000
v 59.50000000 82.00000000 83.00000000
v 59.50000000 82.00000000 84.00000000
v 59.50000000 82.00000000 85.00000000
v 59.50000000 83.00000000 82.00000000
v 59.50000000 83.00000000 83.00000000
v 59.50000000 83.00000000 84.00000000
v 59.50000000 83.00000000 85.00000000
v 59.50000000 83.00000000 86.00000000
v 59.50000000 84.00000000 82.00000000
v 59.50000000 84.00000000 83.00000000
v 59.50000000 84.00000000 84.00000000
v 59.50000000 84.00000000 85.00000000
v 60.50000000 76.00000000 87.00000000
v 60.50000000 76.00000000 88.00000000
v 60.50000000 76.00000000 89.00000000
v 60.50000000 77.00000000 87.00000000
v 60.50000000 77.00000000 88.00000000
v 60.50000000 77.00000000 89.00000000
v 60.50000000 78.00000000 88.00000000
v 60.50000000 78.00000000 89.00000000
v 60.50000000 78.00000000 90.00000000
v 60.50000000 79.00000000 89.00000000
v 60.50000000 79.00000000 90.00000000
f 1529 1528 1527
f 1531 1530 1527
f 1527 1530 1529
f 1533 1532 1531
f 1531 1532 1530
f 1535 1534 1533
f 1533 1534 1532
f 1535 1536 1534
f 1527 1528 1537
f 1537 1528 1538
f 1527 1539 1531
f 1527 1537 1539
f 1531 1540 1533
f 1531 1539 1540
f 1533 1541 1535
f 1533 1540 1541
f 1536 1535 1542
f 1535 1543 1542
f 1535 1541 1543
f 1543 1544 1542
f 1537 1538 1545
f 1545 1538 1546
f 1548 1539 1547
f 1539 1545 1547
f 1539 1537 1545
f 1539 1548 1540
f 1540 1548 1549
f 1540 1549 1541
f 1541 1549 1550
f 1541 1550 1543
f 1543 1550 1551
f 1543 1551 1544
f 1546 1552 1545
f 1545 1552 1547
f 1555 1554 1553
f 1557 1556 1553
f 1553 1556 1555
f 1559 1558 1557
f 1557 1558 1556
f 1561 1560 1559
f 1559 1560 1558
f 1563 1562 1561
f 1561 1562 1560
f 1565 1564 1563
f 1563 1564 1562
f 1565 1566 1564
f 1569 1568 1567
f 1571 1570 1567
f 1567 1570 1569
f 1570 1571 1554
f 1571 1553 1554
f 1571 1572 1553
f 1553 1573 1557
f 1553 1572 1573
f 1557 1574 1559
f 1557 1573 1574
f 1559 1575 1561
f 1559 1574 1575
f 1561 1576 1563
f 1561 1575 1576
f 1563 1577 1565
f 1563 1576 1577
f 1566 1565 1578
f 1565 1579 1578
f 1565 1577 1579
f 1579 1580 1578
f 1567 1568 1581
f 1581 1568 1582
f 1567 1583 1571
f 1567 1581 1583
f 1571 1584 1572
f 1571 1583 1584
f 1572 1585 1573
f 1572 1584 1585
f 1573 1586 1574
f 1573 1585 1586
f 1574 1587 1575
f 1574 1586 1587
f 1575 1588 1576
f 1575 1587 1588
f 1576 1589 1577
f 1576 1588 1589
f 1591 1579 1590
f 1579 1589 1590
f 1579 1577 1589
f 1579 1591 1580
f 1581 1582 1592
f 1592 1582 1593
f 1581 1594 1583
f 1581 1592 1594
f 1583 1595 1584
f 1583 1594 1595
f 1584 1596 1585
f 1584 1595 1596
f 1585 1597 1586
f 1585 1596 1597
f 1586 1598 1587
f 1586 1597 1598
f 1587 1599 1588
f 1587 1598 1599
f 1588 1600 1589
f 1588 1599 1600
f 1590 1589 1601
f 1601 1589 1600
f 1593 1602 1592
f 1592 1602 1594
f 1594 1602 1603
f 1605 1604 1603
f 1604 1594 1603
f 1604 1595 1594
f 1595 1606 1596
f 1595 1604 1606
f 1596 1607 1597
f 1596 1606 1607
f 1597 1608 1598
f 1597 1607 1608
f 1598 1609 1599
f 1598 1608 1609
f 1611 1600 1610
f 1600 1609 1610
f 1600 1599 1609
f 1600 1611 1601
f 1605 1612 1604
f 1604 1612 1606
f 1606 1612 1613
f 1606 1613 1607
f 1607 1613 1614
f 1607 1614 1608
f 1608 1614 1615
f 1608 1615 1609
f 1609 1615 1616
f 1609 1616 1610
f 1619 1618 1617
f 1621 1620 1617
f 1617 1620 1619
f 1623 1622 1621
f 1621 1622 1620
f 1623 1624 1622
f 1617 1618 1625
f 1625 1618 1626
f 1617 1627 1621
f 1617 1625 1627
f 1621 1628 1623
f 1621 1627 1628
f 1624 1623 1629
f 1623 1630 1629
f 1623 1628 1630
f 1630 1631 1629
f 1626 1632 1625
f 1634 1633 1632
f 1633 1625 1632
f 1633 1627 1625
f 1627 1635 1628
f 1627 1633 1635
f 1628 1636 1630
f 1628 1635 1636
f 1631 1630 1637
f 1637 1630 1636
f 1634 1638 1633
f 1640 1639 1638
f 1639 1633 1638
f 1639 1635 1633
f 1635 1641 1636
f 1635 1639 1641
f 1637 1636 1642
f 1636 1643 1642
f 1636 1641 1643
f 1643 1644 1642
f 1640 1645 1639
f 1639 1645 1641
f 1641 1645 1646
f 1648 1647 1646
f 1647 1641 1646
f 1647 1643 1641
f 1644 1643 1649
f 1649 1643 1647
f 1648 1650 1647
f 1647 1650 1649
f 1653 1652 1651
f 1655 1654 1651
f 1651 1654 1653
f 1657 1656 1655
f 1655 1656 1654
f 1659 1658 1657
f 1657 1658 1656
f 1661 1660 1659
f 1659 1660 1658
f 1663 1662 1661
f 1661 1662 1660
f 1663 1664 1662
f 1651 1652 1665
f 1665 1652 1666
f 1665 1528 1529
f 1655 1665 1529
f 1651 1665 1655
f 1655 1529 1530
f 1655 1530 1657
f 1657 1530 1532
f 1657 1532 1659
f 1659 1532 1534
f 1659 1534 1661
f 1661 1534 1536
f 1667 1661 1536
f 1663 1661 1667
f 1664 1663 1668
f 1663 1669 1668
f 1663 1667 1669
f 1671 1670 1669
f 1669 1670 1668
f 1671 1672 1670
f 1665 1666 1673
f 1673 1666 1674
f 1673 1538 1528
f 1673 1528 1665
f 1677 1676 1675
f 1679 1678 1676
f 1678 1667 1676
f 1536 1676 1667
f 1676 1536 1675
f 1542 1675 1536
f 1675 1542 1678
f 1678 1680 1675
f 1679 1680 1678
f 1678 1542 1667
f 1679 1681 1680
f 1682 1542 1544
f 1542 1682 1667
f 1669 1667 1682
f 1669 1683 1671
f 1669 1682 1683
f 1672 1671 1684
f 1684 1671 1683
f 1687 1686 1685
f 1687 1685 1674
f 1685 1673 1674
f 1685 1688 1673
f 1688 1546 1538
f 1688 1538 1673
f 1547 1689 1548
f 1690 1549 1548
f 1690 1548 1689
f 1691 1677 1675
f 1549 1691 1675
f 1550 1549 1675
f 1691 1549 1690
f 1550 1675 1551
f 1551 1675 1680
f 1680 1681 1551
f 1681 1692 1551
f 1682 1544 1551
f 1682 1551 1692
f 1694 1693 1692
f 1693 1682 1692
f 1693 1683 1682
f 1684 1683 1695
f 1695 1683 1693
f 1698 1697 1696
f 1700 1699 1696
f 1696 1699 1698
f 1702 1701 1700
f 1700 1701 1699
f 1704 1703 1702
f 1702 1703 1701
f 1703 1704 1686
f 1704 1685 1686
f 1704 1705 1685
f 1685 1706 1688
f 1685 1705 1706
f 1707 1552 1546
f 1688 1707 1546
f 1706 1707 1688
f 1689 1547 1552
f 1707 1689 1552
f 1708 1689 1707
f 1689 1709 1690
f 1689 1708 1709
f 1691 1690 1710
f 1710 1690 1709
f 1713 1712 1711
f 1711 1714 1713
f 1694 1715 1693
f 1693 1715 1695
f 1718 1717 1716
f 1720 1719 1716
f 1716 1719 1718
f 1722 1721 1720
f 1720 1721 1719
f 1724 1723 1722
f 1722 1723 1721
f 1554 1555 1724
f 1555 1723 1724
f 1555 1725 1723
f 1726 1555 1556
f 1726 1725 1555
f 1558 1696 1697
f 1726 1558 1697
f 1556 1558 1726
f 1696 1558 1560
f 1696 1560 1700
f 1700 1560 1562
f 1700 1562 1702
f 1702 1562 1564
f 1702 1564 1704
f 1704 1564 1566
f 1727 1704 1566
f 1705 1704 1727
f 1705 1728 1706
f 1705 1727 1728
f 1706 1729 1707
f 1706 1728 1729
f 1731 1708 1730
f 1708 1729 1730
f 1708 1707 1729
f 1708 1731 1709
f 1709 1731 1732
f 1709 1732 1710
f 1712 1733 1711
f 1711 1733 1714
f 1716 1717 1734
f 1734 1717 1735
f 1716 1736 1720
f 1716 1734 1736
f 1736 1568 1569
f 1722 1736 1569
f 1720 1736 1722
f 1722 1569 1570
f 1722 1570 1724
f 1724 1570 1554
f 1578 1727 1566
f 1727 1578 1580
f 1737 1727 1580
f 1728 1727 1737
f 1728 1738 1729
f 1728 1737 1738
f 1730 1729 1739
f 1739 1729 1738
f 1742 1741 1740
f 1740 1743 1742
f 1734 1735 1744
f 1744 1735 1745
f 1734 1746 1736
f 1734 1744 1746
f 1746 1582 1568
f 1746 1568 1736
f 1590 1747 1591
f 1737 1580 1591
f 1747 1737 1591
f 1748 1737 1747
f 1737 1749 1738
f 1737 1748 1749
f 1739 1738 1750
f 1750 1738 1749
f 1741 1751 1740
f 1740 1751 1743
f 1745 1752 1744
f 1744 1752 1746
f 1746 1752 1753
f 1582 1746 1753
f 1754 1582 1753
f 1593 1582 1754
f 1601 1755 1747
f 1601 1747 1590
f 1747 1756 1748
f 1747 1755 1756
f 1758 1749 1757
f 1749 1756 1757
f 1749 1748 1756
f 1749 1758 1750
f 1602 1593 1759
f 1593 1760 1759
f 1593 1754 1760
f 1761 1603 1602
f 1761 1602 1759
f 1761 1605 1603
f 1610 1762 1611
f 1755 1601 1611
f 1762 1755 1611
f 1763 1755 1762
f 1755 1764 1756
f 1755 1763 1764
f 1757 1756 1765
f 1765 1756 1764
f 1760 1766 1759
f 1759 1766 1761
f 1761 1766 1767
f 1767 1769 1768
f 1767 1768 1612
f 1761 1767 1612
f 1605 1761 1612
f 1770 1613 1612
f 1770 1612 1768
f 1771 1614 1613
f 1771 1613 1770
f 1772 1615 1614
f 1772 1614 1771
f 1773 1616 1615
f 1773 1615 1772
f 1762 1610 1616
f 1773 1762 1616
f 1774 1762 1773
f 1762 1775 1763
f 1762 1774 1775
f 1777 1764 1776
f 1764 1775 1776
f 1764 1763 1775
f 1764 1777 1765
f 1769 1778 1768
f 1768 1778 1770
f 1770 1778 1779
f 1770 1779 1771
f 1771 1779 1780
f 1771 1780 1772
f 1772 1780 1781
f 1772 1781 1773
f 1773 1781 1782
f 1773 1782 1774
f 1774 1782 1783
f 1774 1783 1775
f 1775 1783 1784
f 1775 1784 1776
f 1787 1786 1785
f 1789 1788 1785
f 1785 1788 1787
f 1791 1790 1789
f 1789 1790 1788
f 1793 1792 1791
f 1791 1792 1790
f 1795 1794 1793
f 1793 1794 1792
f 1797 1796 1795
f 1795 1796 1794
f 1797 1798 1796
f 1801 1800 1799
f 1801 1799 1786
f 1799 1785 1786
f 1799 1802 1785
f 1802 1618 1619
f 1789 1802 1619
f 1785 1802 1789
f 1789 1619 1620
f 1789 1620 1791
f 1791 1620 1622
f 1791 1622 1793
f 1793 1622 1624
f 1803 1793 1624
f 1795 1793 1803
f 1795 1804 1797
f 1795 1803 1804
f 1798 1797 1805
f 1805 1797 1804
f 1800 1806 1799
f 1808 1807 1806
f 1807 1799 1806
f 1807 1802 1799
f 1807 1626 1618
f 1807 1618 1802
f 1629 1803 1624
f 1803 1629 1631
f 1809 1803 1631
f 1804 1803 1809
f 1805 1804 1810
f 1804 1811 1810
f 1804 1809 1811
f 1811 1812 1810
f 1808 1813 1807
f 1813 1815 1814
f 1813 1814 1632
f 1807 1813 1632
f 1626 1807 1632
f 1814 1634 1632
f 1637 1816 1809
f 1637 1809 1631
f 1809 1817 1811
f 1809 1816 1817
f 1812 1811 1818
f 1811 1819 1818
f 1811 1817 1819
f 1819 1820 1818
f 1815 1821 1814
f 1821 1823 1822
f 1821 1822 1638
f 1814 1821 1638
f 1634 1814 1638
f 1822 1640 1638
f 1642 1816 1637
f 1816 1642 1644
f 1824 1816 1644
f 1817 1816 1824
f 1817 1825 1819
f 1817 1824 1825
f 1820 1819 1826
f 1819 1827 1826
f 1819 1825 1827
f 1829 1828 1827
f 1827 1828 1826
f 1829 1830 1828
f 1823 1831 1822
f 1822 1831 1640
f 1831 1645 1640
f 1831 1832 1645
f 1832 1834 1833
f 1646 1832 1833
f 1645 1832 1646
f 1833 1648 1646
f 1649 1835 1824
f 1649 1824 1644
f 1824 1836 1825
f 1824 1835 1836
f 1825 1837 1827
f 1825 1836 1837
f 1839 1829 1838
f 1829 1837 1838
f 1829 1827 1837
f 1829 1839 1830
f 1842 1841 1840
f 1844 1843 1840
f 1840 1843 1842
f 1846 1845 1844
f 1844 1845 1843
f 1846 1847 1845
f 1834 1848 1833
f 1833 1848 1648
f 1848 1650 1648
f 1848 1849 1650
f 1650 1849 1649
f 1849 1850 1649
f 1850 1835 1649
f 1850 1849 1851
f 1835 1852 1836
f 1835 1850 1852
f 1854 1837 1853
f 1837 1852 1853
f 1837 1836 1852
f 1837 1854 1838
f 1856 1855 1653
f 1653 1855 1652
f 1654 1840 1841
f 1856 1654 1841
f 1653 1654 1856
f 1840 1654 1656
f 1840 1656 1844
f 1844 1656 1658
f 1844 1658 1846
f 1857 1847 1846
f 1658 1857 1846
f 1660 1857 1658
f 1858 1660 1662
f 1858 1857 1660
f 1860 1859 1664
f 1859 1662 1664
f 1859 1858 1662
f 1860 1861 1859
f 1851 1862 1850
f 1850 1862 1852
f 1852 1862 1863
f 1852 1863 1853
f 1866 1865 1864
f 1855 1866 1864
f 1666 1855 1864
f 1652 1855 1666
f 1668 1860 1664
f 1867 1861 1860
f 1668 1867 1860
f 1670 1867 1668
f 1670 1672 1867
f 1867 1672 1868
f 1864 1865 1869
f 1869 1865 1870
f 1869 1674 1666
f 1869 1666 1864
f 1873 1872 1871
f 1875 1874 1871
f 1875 1871 1872
f 1676 1677 1874
f 1875 1676 1874
f 1876 1676 1875
f 1676 1877 1679
f 1876 1877 1676
f 1879 1878 1681
f 1679 1879 1681
f 1877 1879 1679
f 1881 1880 1878
f 1881 1878 1879
f 1881 1868 1880
f 1868 1684 1880
f 1868 1672 1684
f 1884 1883 1882
f 1882 1885 1884
f 1888 1887 1886
f 1888 1886 1870
f 1870 1886 1869
f 1886 1686 1869
f 1686 1687 1869
f 1869 1687 1674
f 1891 1890 1889
f 1889 1890 1873
f 1871 1889 1873
f 1892 1889 1871
f 1893 1871 1874
f 1892 1871 1893
f 1691 1893 1677
f 1677 1893 1874
f 1878 1692 1681
f 1692 1878 1694
f 1878 1894 1694
f 1878 1880 1894
f 1695 1894 1684
f 1684 1894 1880
f 1897 1896 1895
f 1897 1895 1883
f 1895 1882 1883
f 1895 1898 1882
f 1885 1882 1899
f 1882 1900 1899
f 1882 1898 1900
f 1902 1901 1900
f 1900 1901 1899
f 1904 1903 1902
f 1902 1903 1901
f 1906 1905 1904
f 1904 1905 1903
f 1697 1698 1906
f 1698 1905 1906
f 1698 1907 1905
f 1908 1698 1699
f 1908 1907 1698
f 1909 1699 1701
f 1909 1908 1699
f 1703 1886 1887
f 1909 1703 1887
f 1701 1703 1909
f 1886 1703 1686
f 1912 1911 1910
f 1910 1911 1891
f 1889 1910 1891
f 1913 1910 1889
f 1914 1889 1892
f 1913 1889 1914
f 1915 1892 1893
f 1914 1892 1915
f 1710 1915 1691
f 1691 1915 1893
f 1916 1712 1713
f 1714 1916 1713
f 1894 1715 1694
f 1715 1894 1695
f 1895 1896 1718
f 1896 1717 1718
f 1896 1917 1717
f 1895 1718 1719
f 1895 1719 1898
f 1898 1719 1721
f 1898 1721 1900
f 1900 1721 1723
f 1900 1723 1902
f 1902 1723 1725
f 1902 1725 1904
f 1904 1725 1726
f 1904 1726 1906
f 1906 1726 1697
f 1912 1910 1918
f 1912 1918 1919
f 1920 1910 1913
f 1918 1910 1920
f 1730 1920 1731
f 1920 1914 1731
f 1920 1913 1914
f 1731 1914 1732
f 1732 1914 1915
f 1732 1915 1710
f 1916 1733 1712
f 1733 1916 1714
f 1917 1735 1717
f 1921 1735 1917
f 1922 1919 1918
f 1922 1918 1920
f 1922 1920 1923
f 1730 1739 1920
f 1739 1924 1920
f 1924 1923 1920
f 1924 1739 1925
f 1741 1742 1925
f 1742 1924 1925
f 1742 1926 1924
f 1928 1927 1743
f 1927 1742 1743
f 1927 1926 1742
f 1930 1929 1928
f 1928 1929 1927
f 1930 1931 1929
f 1934 1933 1932
f 1932 1935 1934
f 1921 1745 1735
f 1936 1745 1921
f 1750 1937 1925
f 1750 1925 1739
f 1938 1751 1741
f 1925 1938 1741
f 1937 1938 1925
f 1928 1743 1751
f 1938 1928 1751
f 1939 1928 1938
f 1928 1940 1930
f 1928 1939 1940
f 1931 1930 1941
f 1930 1942 1941
f 1930 1940 1942
f 1941 1942 1933
f 1942 1932 1933
f 1942 1943 1932
f 1935 1932 1944
f 1932 1945 1944
f 1932 1943 1945
f 1947 1946 1945
f 1945 1946 1944
f 1947 1948 1946
f 1936 1949 1745
f 1745 1949 1752
f 1752 1950 1753
f 1949 1950 1752
f 1754 1753 1950
f 1754 1950 1951
f 1757 1952 1758
f 1937 1750 1758
f 1952 1937 1758
f 1953 1937 1952
f 1937 1954 1938
f 1937 1953 1954
f 1938 1955 1939
f 1938 1954 1955
f 1939 1956 1940
f 1939 1955 1956
f 1940 1957 1942
f 1940 1956 1957
f 1942 1958 1943
f 1942 1957 1958
f 1943 1959 1945
f 1943 1958 1959
f 1945 1960 1947
f 1945 1959 1960
f 1948 1947 1961
f 1961 1947 1960
f 1963 1760 1962
f 1760 1951 1962
f 1760 1754 1951
f 1964 1963 1962
f 1765 1965 1952
f 1765 1952 1757
f 1952 1966 1953
f 1952 1965 1966
f 1953 1967 1954
f 1953 1966 1967
f 1954 1968 1955
f 1954 1967 1968
f 1955 1969 1956
f 1955 1968 1969
f 1956 1970 1957
f 1956 1969 1970
f 1957 1971 1958
f 1957 1970 1971
f 1958 1972 1959
f 1958 1971 1972
f 1959 1973 1960
f 1959 1972 1973
f 1961 1960 1974
f 1960 1975 1974
f 1960 1973 1975
f 1975 1976 1974
f 1963 1766 1760
f 1964 1977 1963
f 1977 1766 1963
f 1977 1767 1766
f 1769 1767 1977
f 1769 1977 1978
f 1776 1979 1777
f 1965 1765 1777
f 1979 1965 1777
f 1980 1965 1979
f 1965 1981 1966
f 1965 1980 1981
f 1966 1982 1967
f 1966 1981 1982
f 1967 1983 1968
f 1967 1982 1983
f 1968 1984 1969
f 1968 1983 1984
f 1969 1985 1970
f 1969 1984 1985
f 1970 1986 1971
f 1970 1985 1986
f 1988 1972 1987
f 1972 1986 1987
f 1972 1971 1986
f 1990 1989 1988
f 1989 1972 1988
f 1989 1973 1972
f 1992 1975 1991
f 1975 1989 1991
f 1975 1973 1989
f 1975 1992 1976
f 1978 1993 1769
f 1769 1993 1778
f 1778 1994 1779
f 1993 1994 1778
f 1994 1996 1995
f 1780 1994 1995
f 1779 1994 1780
f 1997 1781 1780
f 1997 1780 1995
f 1998 1782 1781
f 1998 1781 1997
f 1999 1783 1782
f 1999 1782 1998
f 2000 1784 1783
f 2000 1783 1999
f 1979 1776 1784
f 2000 1979 1784
f 2001 1979 2000
f 1979 2002 1980
f 1979 2001 2002
f 2004 1981 2003
f 1981 2002 2003
f 1981 1980 2002
f 1981 2004 1982
f 1982 2004 2005
f 1982 2005 1983
f 1983 2005 2006
f 1983 2006 1984
f 1984 2006 2007
f 1984 2007 1985
f 1985 2007 2008
f 1985 2008 1986
f 1986 2008 2009
f 1986 2009 1987
f 1990 2010 1989
f 1989 2010 1991
f 1996 2011 1995
f 1995 2011 1997
f 1997 2011 2012
f 1997 2012 1998
f 1998 2012 2013
f 1998 2013 1999
f 1999 2013 2014
f 1999 2014 2000
f 2000 2014 2015
f 2000 2015 2001
f 2001 2015 2016
f 2001 2016 2002
f 2002 2016 2017
f 2002 2017 2003
f 2020 2019 2018
f 2022 2021 2018
f 2018 2021 2020
f 2024 2023 2022
f 2022 2023 2021
f 2026 2025 2024
f 2024 2025 2023
f 2026 2027 2025
f 2030 2029 2028
f 2032 2031 2028
f 2028 2031 2030
f 1786 1787 2032
f 1787 2031 2032
f 1787 2033 2031
f 2034 1787 1788
f 2034 2033 1787
f 1790 2018 2019
f 2034 1790 2019
f 1788 1790 2034
f 2018 1790 1792
f 2018 1792 2022
f 2022 1792 1794
f 2022 1794 2024
f 2024 1794 1796
f 2024 1796 2026
f 2036 2035 1798
f 1798 2035 1796
f 2035 2027 1796
f 2027 2026 1796
f 2036 2037 2035
f 2040 2039 2038
f 2040 2038 2029
f 2038 2028 2029
f 2038 2041 2028
f 2041 1800 1801
f 2032 2041 1801
f 2028 2041 2032
f 2032 1801 1786
f 1805 2042 2036
f 1805 2036 1798
f 2037 2036 2043
f 2043 2036 2042
f 2039 2044 2038
f 2038 2044 2041
f 2041 2044 2045
f 2045 2047 2046
f 2045 2046 1806
f 2041 2045 1806
f 1800 2041 1806
f 2046 1808 1806
f 1810 2042 1805
f 2049 2048 1812
f 1812 2048 1810
f 2048 2043 1810
f 2043 2042 1810
f 2049 2050 2048
f 2047 2051 2046
f 2051 2053 2052
f 2051 2052 1813
f 2046 2051 1813
f 1808 2046 1813
f 2052 1815 1813
f 1818 2049 1812
f 2055 2054 1820
f 1820 2054 1818
f 2054 2050 1818
f 2050 2049 1818
f 2057 2056 2055
f 2055 2056 2054
f 2059 2058 2057
f 2057 2058 2056
f 2061 2060 2059
f 2059 2060 2058
f 2063 2062 2061
f 2061 2062 2060
f 2063 2064 2062
f 2053 2065 2052
f 2052 2065 1815
f 2065 1821 1815
f 2065 2066 1821
f 1823 1821 2066
f 1823 2066 2067
f 1826 2055 1820
f 2055 1826 1828
f 2055 1828 2057
f 2057 1828 1830
f 2068 2057 1830
f 2059 2057 2068
f 2059 2069 2061
f 2059 2068 2069
f 2071 2063 2070
f 2063 2069 2070
f 2063 2061 2069
f 2063 2071 2064
f 2074 2073 2072
f 2076 2075 2072
f 2072 2075 2074
f 2076 2077 2075
f 2067 2078 1823
f 1823 2078 1831
f 2078 2080 2079
f 1832 2078 2079
f 1831 2078 1832
f 2079 1834 1832
f 1838 2081 1839
f 2068 1830 1839
f 2081 2068 1839
f 2082 2068 2081
f 2084 2069 2083
f 2069 2082 2083
f 2069 2068 2082
f 2069 2084 2070
f 2087 2086 2085
f 2087 2085 2073
f 2085 2072 2073
f 2085 2088 2072
f 2088 1841 1842
f 2076 2088 1842
f 2072 2088 2076
f 2089 2077 2076
f 1842 2089 2076
f 1843 2089 1842
f 2090 1843 1845
f 2090 2089 1843
f 2092 2091 1847
f 2091 1845 1847
f 2091 2090 1845
f 2092 2093 2091
f 2080 2094 2079
f 2079 2094 1834
f 2094 1848 1834
f 2094 2095 1848
f 2095 2097 2096
f 1849 2095 2096
f 1848 2095 1849
f 2096 1851 1849
f 1853 2098 1854
f 2098 2099 1854
f 1854 2099 1838
f 2099 2100 1838
f 2100 2081 1838
f 2081 2100 2082
f 2082 2100 2101
f 2082 2101 2083
f 2085 2086 2102
f 2102 2086 2103
f 2102 1855 1856
f 2088 2102 1856
f 2085 2102 2088
f 2088 1856 1841
f 1857 2092 1847
f 2104 2093 2092
f 1857 2104 2092
f 1858 2104 1857
f 2105 1858 1859
f 2105 2104 1858
f 1859 1861 2105
f 2105 1861 2106
f 2097 2107 2096
f 2096 2107 1851
f 2107 1862 1851
f 2107 2108 1862
f 1862 2109 1863
f 2108 2109 1862
f 1853 1863 2098
f 1863 2110 2098
f 1863 2109 2110
f 2098 2110 2099
f 2102 2103 1866
f 2103 1865 1866
f 2103 2111 1865
f 2102 1866 1855
f 2114 2113 2112
f 2116 2115 2112
f 2116 2112 2113
f 2117 2115 2116
f 2118 2106 1861
f 2118 1861 1867
f 2120 2119 1868
f 2119 1867 1868
f 2119 2118 1867
f 2120 2121 2119
f 2124 2123 2122
f 2126 2125 2122
f 2122 2125 2124
f 2126 2127 2125
f 2111 1870 1865
f 2128 1870 2111
f 2131 2130 2129
f 1872 1873 2129
f 2130 1872 2129
f 2132 1872 2130
f 2112 1875 2114
f 1875 2132 2114
f 1875 1872 2132
f 1875 2112 1876
f 1876 2112 2115
f 2117 2133 2115
f 2133 1876 2115
f 2133 1877 1876
f 1877 2134 1879
f 2133 2134 1877
f 1879 2135 1881
f 2134 2135 1879
f 1868 1881 2120
f 1881 2136 2120
f 1881 2135 2136
f 2120 2136 2121
f 2139 2138 2137
f 2139 2137 2123
f 2123 2137 2122
f 2137 1883 2122
f 1883 1884 2122
f 2122 1884 1885
f 2140 2122 1885
f 2126 2122 2140
f 2127 2126 2141
f 2126 2142 2141
f 2126 2140 2142
f 2144 2143 2142
f 2142 2143 2141
f 2146 2145 2144
f 2144 2145 2143
f 2146 2147 2145
f 2150 2149 2148
f 2152 2151 2148
f 2148 2151 2150
f 1887 1888 2152
f 1888 2151 2152
f 1888 2153 2151
f 1888 1870 2128
f 1888 2128 2153
f 2156 2155 2154
f 2154 2155 2131
f 2154 2131 2129
f 1891 2154 2129
f 1890 1891 2129
f 1890 2129 1873
f 2159 2158 2157
f 2159 2157 2138
f 2138 2157 2137
f 2157 1896 2137
f 1896 1897 2137
f 2137 1897 1883
f 1899 2140 1885
f 2140 1899 1901
f 2140 1901 2142
f 2142 1901 1903
f 2142 1903 2144
f 2144 1903 1905
f 2144 1905 2146
f 2160 2147 2146
f 1905 2160 2146
f 1907 2160 1905
f 1908 2148 2149
f 2160 1908 2149
f 1907 1908 2160
f 2148 1908 1909
f 2148 1909 2152
f 2152 1909 1887
f 2163 2162 2161
f 2161 2162 2156
f 2161 2156 2154
f 1912 2161 2154
f 1911 1912 2154
f 1911 2154 1891
f 2157 2158 2164
f 2164 2158 2165
f 2164 1917 1896
f 2164 1896 2157
f 2163 2161 2166
f 2163 2166 2167
f 1919 2166 1912
f 1912 2166 2161
f 2165 2168 2164
f 1917 2164 2168
f 2169 1917 2168
f 1921 1917 2169
f 2167 2166 2170
f 2167 2170 2171
f 1922 2172 1919
f 2172 2166 1919
f 2172 2170 2166
f 1923 2173 1922
f 1922 2173 2172
f 1924 2174 1923
f 1923 2174 2173
f 1926 2175 1924
f 1924 2175 2174
f 1927 2176 1926
f 1926 2176 2175
f 1929 2177 1927
f 1927 2177 2176
f 1931 2177 1929
f 2178 1933 1934
f 1935 2178 1934
f 2180 1936 2179
f 1936 2169 2179
f 1936 1921 2169
f 2181 2180 2179
f 2182 2171 2170
f 2184 2183 2182
f 2170 2184 2182
f 2172 2184 2170
f 2185 2172 2173
f 2184 2172 2185
f 2186 2173 2174
f 2185 2173 2186
f 2187 2174 2175
f 2186 2174 2187
f 2188 2175 2176
f 2187 2175 2188
f 2189 2176 2177
f 2188 2176 2189
f 1941 2190 1931
f 2190 2177 1931
f 2190 2189 2177
f 1933 2178 1941
f 2178 2190 1941
f 2178 2191 2190
f 1944 2192 1935
f 2192 2178 1935
f 2192 2191 2178
f 1946 2193 1944
f 1944 2193 2192
f 1948 2193 1946
f 2180 1949 1936
f 2181 2194 2180
f 2194 1949 2180
f 2194 1950 1949
f 1951 1950 2194
f 1951 2194 2195
f 2196 2183 2184
f 2196 2184 2185
f 2196 2185 2197
f 2197 2185 2186
f 2197 2186 2198
f 2198 2186 2187
f 2198 2187 2199
f 2201 2200 2199
f 2187 2201 2199
f 2188 2201 2187
f 2202 2188 2189
f 2201 2188 2202
f 2203 2189 2190
f 2202 2189 2203
f 2204 2190 2191
f 2203 2190 2204
f 2192 2206 2205
f 2204 2192 2205
f 2191 2192 2204
f 2206 2192 2193
f 2206 2193 2207
f 1948 1961 2193
f 1961 2208 2193
f 2208 2207 2193
f 2208 1961 2209
f 2209 2210 2208
f 2195 2211 1951
f 1951 2211 1962
f 1964 1962 2211
f 1964 2211 2212
f 2213 2200 2201
f 2215 2214 2213
f 2201 2215 2213
f 2202 2215 2201
f 2216 2202 2203
f 2215 2202 2216
f 2204 2218 2217
f 2216 2204 2217
f 2203 2204 2216
f 2218 2204 2205
f 1974 2209 1961
f 2220 2219 1976
f 1976 2219 1974
f 2219 2210 1974
f 2210 2209 1974
f 2220 2221 2219
f 2212 2222 1964
f 1964 2222 1977
f 1978 1977 2222
f 1978 2222 2223
f 2224 2214 2215
f 2224 2215 2216
f 2224 2216 2225
f 2225 2216 2217
f 1987 2226 1988
f 2226 1990 1988
f 1991 2227 1992
f 2220 1976 1992
f 2227 2220 1992
f 2228 2220 2227
f 2221 2220 2229
f 2229 2220 2228
f 2223 2230 1978
f 1978 2230 1993
f 1993 2231 1994
f 2230 2231 1993
f 1996 1994 2231
f 1996 2231 2232
f 2003 2233 2004
f 2234 2005 2004
f 2234 2004 2233
f 2235 2006 2005
f 2235 2005 2234
f 2236 2007 2006
f 2236 2006 2235
f 2237 2008 2007
f 2237 2007 2236
f 2238 2009 2008
f 2238 2008 2237
f 2226 1987 2009
f 2238 2226 2009
f 2239 2226 2238
f 2240 2010 1990
f 2226 2240 1990
f 2239 2240 2226
f 2227 1991 2010
f 2240 2227 2010
f 2241 2227 2240
f 2227 2242 2228
f 2227 2241 2242
f 2229 2228 2243
f 2243 2228 2242
f 2232 2244 1996
f 1996 2244 2011
f 2011 2245 2012
f 2244 2245 2011
f 2012 2246 2013
f 2245 2246 2012
f 2013 2247 2014
f 2246 2247 2013
f 2247 2249 2248
f 2015 2247 2248
f 2014 2247 2015
f 2250 2016 2015
f 2250 2015 2248
f 2251 2017 2016
f 2251 2016 2250
f 2233 2003 2017
f 2251 2233 2017
f 2252 2233 2251
f 2233 2253 2234
f 2233 2252 2253
f 2234 2254 2235
f 2234 2253 2254
f 2235 2255 2236
f 2235 2254 2255
f 2236 2256 2237
f 2236 2255 2256
f 2237 2257 2238
f 2237 2256 2257
f 2238 2258 2239
f 2238 2257 2258
f 2239 2259 2240
f 2239 2258 2259
f 2240 2260 2241
f 2240 2259 2260
f 2262 2242 2261
f 2242 2260 2261
f 2242 2241 2260
f 2242 2262 2243
f 2249 2263 2248
f 2248 2263 2250
f 2250 2263 2264
f 2250 2264 2251
f 2251 2264 2265
f 2251 2265 2252
f 2252 2265 2266
f 2252 2266 2253
f 2253 2266 2267
f 2253 2267 2254
f 2254 2267 2268
f 2254 2268 2255
f 2255 2268 2269
f 2255 2269 2256
f 2256 2269 2270
f 2256 2270 2257
f 2257 2270 2271
f 2257 2271 2258
f 2258 2271 2272
f 2258 2272 2259
f 2259 2272 2273
f 2259 2273 2260
f 2260 2273 2274
f 2260 2274 2261
f 2277 2276 2275
f 2019 2020 2275
f 2020 2277 2275
f 2020 2278 2277
f 2279 2020 2021
f 2279 2278 2020
f 2280 2021 2023
f 2280 2279 2021
f 2281 2023 2025
f 2281 2280 2023
f 2283 2282 2027
f 2282 2025 2027
f 2282 2281 2025
f 2283 2284 2282
f 2287 2286 2285
f 2289 2288 2285
f 2285 2288 2287
f 2029 2030 2289
f 2030 2288 2289
f 2030 2290 2288
f 2291 2030 2031
f 2291 2290 2030
f 2292 2031 2033
f 2292 2291 2031
f 2034 2275 2276
f 2292 2034 2276
f 2033 2034 2292
f 2275 2034 2019
f 2035 2283 2027
f 2035 2037 2283
f 2037 2284 2283
f 2037 2293 2284
f 2296 2295 2294
f 2298 2297 2294
f 2294 2297 2296
f 2300 2299 2298
f 2298 2299 2297
f 2299 2300 2286
f 2300 2285 2286
f 2300 2301 2285
f 2301 2039 2040
f 2289 2301 2040
f 2285 2301 2289
f 2289 2040 2029
f 2043 2293 2037
f 2043 2302 2293
f 2305 2304 2303
f 2307 2306 2303
f 2303 2306 2305
f 2309 2308 2307
f 2307 2308 2306
f 2309 2310 2308
f 2313 2312 2311
f 2313 2311 2295
f 2311 2294 2295
f 2311 2314 2294
f 2294 2315 2298
f 2294 2314 2315
f 2298 2316 2300
f 2298 2315 2316
f 2300 2317 2301
f 2300 2316 2317
f 2318 2044 2039
f 2301 2318 2039
f 2317 2318 2301
f 2319 2045 2044
f 2319 2044 2318
f 2319 2047 2045
f 2320 2302 2043
f 2320 2043 2048
f 2322 2321 2050
f 2321 2048 2050
f 2321 2320 2048
f 2324 2323 2322
f 2322 2323 2321
f 2326 2325 2324
f 2324 2325 2323
f 2328 2327 2326
f 2326 2327 2325
f 2330 2329 2328
f 2328 2329 2327
f 2329 2330 2304
f 2330 2303 2304
f 2330 2331 2303
f 2303 2332 2307
f 2303 2331 2332
f 2334 2309 2333
f 2309 2332 2333
f 2309 2307 2332
f 2309 2334 2310
f 2311 2312 2335
f 2335 2312 2336
f 2311 2337 2314
f 2311 2335 2337
f 2314 2338 2315
f 2314 2337 2338
f 2315 2339 2316
f 2315 2338 2339
f 2341 2317 2340
f 2317 2339 2340
f 2317 2316 2339
f 2317 2341 2318
f 2318 2341 2342
f 2318 2342 2319
f 2319 2342 2343
f 2343 2345 2344
f 2343 2344 2051
f 2319 2343 2051
f 2047 2319 2051
f 2344 2053 2051
f 2054 2322 2050
f 2322 2054 2056
f 2322 2056 2324
f 2324 2056 2058
f 2324 2058 2326
f 2326 2058 2060
f 2326 2060 2328
f 2328 2060 2062
f 2328 2062 2330
f 2330 2062 2064
f 2346 2330 2064
f 2331 2330 2346
f 2348 2332 2347
f 2332 2346 2347
f 2332 2331 2346
f 2332 2348 2333
f 2336 2349 2335
f 2351 2350 2349
f 2350 2335 2349
f 2350 2337 2335
f 2337 2352 2338
f 2337 2350 2352
f 2338 2353 2339
f 2338 2352 2353
f 2340 2339 2354
f 2339 2355 2354
f 2339 2353 2355
f 2355 2356 2354
f 2345 2357 2344
f 2344 2357 2053
f 2357 2065 2053
f 2357 2358 2065
f 2358 2360 2359
f 2066 2358 2359
f 2065 2358 2066
f 2359 2067 2066
f 2070 2361 2071
f 2361 2362 2071
f 2071 2362 2064
f 2362 2363 2064
f 2363 2346 2064
f 2346 2363 2347
f 2350 2351 2364
f 2364 2351 2365
f 2350 2366 2352
f 2350 2364 2366
f 2366 2073 2074
f 2353 2366 2074
f 2352 2366 2353
f 2353 2074 2075
f 2353 2075 2355
f 2368 2367 2077
f 2077 2367 2075
f 2367 2356 2075
f 2356 2355 2075
f 2370 2369 2368
f 2368 2369 2367
f 2370 2371 2369
f 2360 2372 2359
f 2359 2372 2067
f 2372 2078 2067
f 2372 2373 2078
f 2080 2078 2373
f 2080 2373 2374
f 2376 2375 2084
f 2376 2084 2083
f 2070 2084 2361
f 2084 2377 2361
f 2084 2375 2377
f 2361 2377 2362
f 2365 2378 2364
f 2379 2086 2087
f 2364 2379 2087
f 2366 2364 2087
f 2378 2379 2364
f 2366 2087 2073
f 2089 2368 2077
f 2368 2089 2090
f 2368 2090 2370
f 2380 2371 2370
f 2090 2380 2370
f 2091 2380 2090
f 2091 2093 2380
f 2380 2093 2381
f 2374 2382 2080
f 2080 2382 2094
f 2094 2383 2095
f 2382 2383 2094
f 2385 2384 2097
f 2095 2385 2097
f 2383 2385 2095
f 2387 2386 2384
f 2387 2384 2385
f 2389 2388 2386
f 2389 2386 2387
f 2391 2390 2388
f 2391 2388 2389
f 2100 2099 2390
f 2391 2100 2390
f 2392 2100 2391
f 2100 2393 2101
f 2392 2393 2100
f 2083 2101 2376
f 2376 2101 2393
f 2379 2103 2086
f 2394 2103 2379
f 2395 2381 2093
f 2395 2093 2104
f 2397 2395 2396
f 2395 2105 2396
f 2395 2104 2105
f 2106 2396 2105
f 2384 2107 2097
f 2107 2384 2108
f 2108 2384 2386
f 2108 2386 2109
f 2109 2386 2388
f 2109 2388 2110
f 2110 2388 2390
f 2110 2390 2099
f 2400 2399 2398
f 2402 2401 2398
f 2398 2401 2400
f 2402 2403 2401
f 2394 2111 2103
f 2404 2111 2394
f 2407 2406 2405
f 2409 2408 2405
f 2409 2405 2406
f 2113 2114 2408
f 2409 2113 2408
f 2410 2113 2409
f 2113 2411 2116
f 2410 2411 2113
f 2413 2412 2117
f 2116 2413 2117
f 2411 2413 2116
f 2412 2413 2397
f 2396 2412 2397
f 2414 2412 2396
f 2118 2415 2106
f 2415 2396 2106
f 2415 2414 2396
f 2119 2416 2118
f 2118 2416 2415
f 2121 2416 2119
f 2419 2418 2417
f 2123 2124 2417
f 2124 2419 2417
f 2124 2420 2419
f 2125 2398 2399
f 2420 2125 2399
f 2124 2125 2420
f 2398 2125 2127
f 2421 2398 2127
f 2402 2398 2421
f 2403 2402 2422
f 2402 2423 2422
f 2402 2421 2423
f 2425 2424 2423
f 2423 2424 2422
f 2425 2426 2424
f 2404 2128 2111
f 2427 2128 2404
f 2430 2429 2428
f 2428 2429 2407
f 2428 2407 2405
f 2131 2428 2405
f 2130 2131 2405
f 2130 2405 2132
f 2132 2405 2408
f 2132 2408 2114
f 2412 2133 2117
f 2133 2412 2134
f 2134 2412 2414
f 2134 2414 2135
f 2135 2414 2415
f 2135 2415 2136
f 2136 2415 2416
f 2136 2416 2121
f 2433 2432 2431
f 2433 2431 2418
f 2418 2431 2417
f 2431 2138 2417
f 2138 2139 2417
f 2417 2139 2123
f 2141 2421 2127
f 2421 2141 2143
f 2421 2143 2423
f 2423 2143 2145
f 2423 2145 2425
f 2435 2434 2147
f 2147 2434 2145
f 2434 2426 2145
f 2426 2425 2145
f 2149 2150 2435
f 2150 2434 2435
f 2150 2436 2434
f 2437 2150 2151
f 2437 2436 2150
f 2438 2151 2153
f 2438 2437 2151
f 2427 2439 2128
f 2439 2440 2128
f 2441 2128 2440
f 2128 2441 2153
f 2442 2153 2441
f 2153 2442 2439
f 2439 2438 2153
f 2427 2438 2439
f 2439 2442 2440
f 2441 2440 2430
f 2441 2430 2428
f 2156 2441 2428
f 2155 2156 2428
f 2155 2428 2131
f 2431 2432 2159
f 2432 2158 2159
f 2432 2443 2158
f 2431 2159 2138
f 2160 2435 2147
f 2435 2160 2149
f 2446 2445 2444
f 2444 2445 2442
f 2444 2442 2441
f 2163 2444 2441
f 2162 2163 2441
f 2162 2441 2156
f 2448 2165 2447
f 2165 2443 2447
f 2165 2158 2443
f 2449 2448 2447
f 2446 2444 2450
f 2446 2450 2451
f 2167 2450 2163
f 2163 2450 2444
f 2448 2168 2165
f 2453 2452 2169
f 2453 2169 2168
f 2449 2453 2168
f 2448 2449 2168
f 2454 2452 2453
f 2451 2450 2455
f 2451 2455 2456
f 2171 2455 2167
f 2167 2455 2450
f 2452 2179 2169
f 2181 2179 2452
f 2454 2181 2452
f 2457 2181 2454
f 2458 2456 2455
f 2460 2458 2459
f 2459 2458 2182
f 2458 2455 2182
f 2455 2171 2182
f 2183 2459 2182
f 2457 2461 2181
f 2181 2461 2194
f 2195 2194 2461
f 2195 2461 2462
f 2463 2460 2459
f 2465 2463 2464
f 2464 2463 2196
f 2463 2459 2196
f 2459 2183 2196
f 2197 2466 2196
f 2196 2466 2464
f 2198 2467 2197
f 2197 2467 2466
f 2199 2468 2198
f 2198 2468 2467
f 2200 2468 2199
f 2469 2205 2206
f 2207 2470 2206
f 2206 2470 2469
f 2208 2471 2207
f 2207 2471 2470
f 2210 2471 2208
f 2462 2472 2195
f 2195 2472 2211
f 2212 2211 2472
f 2212 2472 2473
f 2474 2465 2464
f 2474 2464 2466
f 2474 2466 2475
f 2475 2466 2467
f 2475 2467 2476
f 2478 2477 2476
f 2467 2478 2476
f 2468 2478 2467
f 2213 2479 2200
f 2479 2468 2200
f 2479 2478 2468
f 2214 2479 2213
f 2480 2217 2218
f 2205 2469 2218
f 2469 2480 2218
f 2469 2481 2480
f 2482 2469 2470
f 2481 2469 2482
f 2483 2470 2471
f 2482 2470 2483
f 2219 2484 2210
f 2484 2471 2210
f 2484 2483 2471
f 2221 2484 2219
f 2473 2485 2212
f 2212 2485 2222
f 2223 2222 2485
f 2223 2485 2486
f 2487 2477 2478
f 2489 2488 2487
f 2478 2489 2487
f 2479 2489 2478
f 2224 2490 2214
f 2490 2479 2214
f 2490 2489 2479
f 2225 2491 2224
f 2224 2491 2490
f 2217 2480 2225
f 2480 2491 2225
f 2480 2492 2491
f 2493 2480 2481
f 2492 2480 2493
f 2494 2481 2482
f 2493 2481 2494
f 2483 2496 2495
f 2494 2483 2495
f 2482 2483 2494
f 2498 2497 2496
f 2483 2498 2496
f 2484 2498 2483
f 2229 2498 2221
f 2221 2498 2484
f 2486 2499 2223
f 2223 2499 2230
f 2230 2500 2231
f 2499 2500 2230
f 2232 2231 2500
f 2232 2500 2501
f 2502 2488 2489
f 2502 2489 2490
f 2502 2490 2503
f 2505 2504 2503
f 2490 2505 2503
f 2491 2505 2490
f 2506 2491 2492
f 2505 2491 2506
f 2507 2492 2493
f 2506 2492 2507
f 2494 2509 2508
f 2507 2494 2508
f 2493 2494 2507
f 2509 2494 2495
f 2510 2497 2498
f 2229 2243 2498
f 2243 2511 2498
f 2511 2510 2498
f 2511 2243 2512
f 2512 2513 2511
f 2501 2514 2232
f 2232 2514 2244
f 2244 2515 2245
f 2514 2515 2244
f 2245 2516 2246
f 2515 2516 2245
f 2516 2518 2517
f 2247 2516 2517
f 2246 2516 2247
f 2517 2249 2247
f 2519 2504 2505
f 2519 2505 2506
f 2519 2506 2520
f 2520 2506 2507
f 2520 2507 2521
f 2521 2507 2508
f 2261 2522 2262
f 2512 2243 2262
f 2522 2512 2262
f 2523 2512 2522
f 2513 2512 2524
f 2524 2512 2523
f 2518 2525 2517
f 2517 2525 2249
f 2525 2263 2249
f 2525 2526 2263
f 2526 2528 2527
f 2264 2526 2527
f 2263 2526 2264
f 2529 2265 2264
f 2529 2264 2527
f 2530 2266 2265
f 2530 2265 2529
f 2531 2267 2266
f 2531 2266 2530
f 2532 2268 2267
f 2532 2267 2531
f 2533 2269 2268
f 2533 2268 2532
f 2534 2270 2269
f 2534 2269 2533
f 2535 2271 2270
f 2535 2270 2534
f 2536 2272 2271
f 2536 2271 2535
f 2537 2273 2272
f 2537 2272 2536
f 2538 2274 2273
f 2538 2273 2537
f 2522 2261 2274
f 2538 2522 2274
f 2539 2522 2538
f 2522 2540 2523
f 2522 2539 2540
f 2524 2523 2541
f 2541 2523 2540
f 2528 2542 2527
f 2527 2542 2529
f 2529 2542 2543
f 2529 2543 2530
f 2530 2543 2544
f 2530 2544 2531
f 2531 2544 2545
f 2531 2545 2532
f 2532 2545 2546
f 2532 2546 2533
f 2533 2546 2547
f 2533 2547 2534
f 2534 2547 2548
f 2534 2548 2535
f 2535 2548 2549
f 2535 2549 2536
f 2536 2549 2550
f 2536 2550 2537
f 2537 2550 2551
f 2537 2551 2538
f 2538 2551 2552
f 2538 2552 2539
f 2539 2552 2553
f 2539 2553 2540
f 2540 2553 2554
f 2540 2554 2541
f 2557 2556 2555
f 2559 2558 2555
f 2555 2558 2557
f 2561 2560 2559
f 2559 2560 2558
f 2563 2562 2561
f 2561 2562 2560
f 2563 2564 2562
f 2567 2566 2565
f 2569 2568 2565
f 2565 2568 2567
f 2276 2277 2569
f 2277 2568 2569
f 2277 2570 2568
f 2571 2277 2278
f 2571 2570 2277
f 2572 2278 2279
f 2572 2571 2278
f 2280 2555 2556
f 2572 2280 2556
f 2279 2280 2572
f 2555 2280 2281
f 2555 2281 2559
f 2559 2281 2282
f 2559 2282 2561
f 2561 2282 2284
f 2573 2561 2284
f 2563 2561 2573
f 2564 2563 2574
f 2574 2563 2573
f 2577 2576 2575
f 2579 2578 2575
f 2575 2578 2577
f 2581 2580 2579
f 2579 2580 2578
f 2286 2287 2581
f 2287 2580 2581
f 2287 2582 2580
f 2583 2287 2288
f 2583 2582 2287
f 2584 2288 2290
f 2584 2583 2288
f 2291 2565 2566
f 2584 2291 2566
f 2290 2291 2584
f 2565 2291 2292
f 2565 2292 2569
f 2569 2292 2276
f 2293 2585 2573
f 2293 2573 2284
f 2574 2573 2586
f 2586 2573 2585
f 2589 2588 2587
f 2591 2590 2587
f 2587 2590 2589
f 2593 2592 2591
f 2591 2592 2590
f 2595 2594 2593
f 2593 2594 2592
f 2595 2596 2594
f 2599 2598 2597
f 2599 2597 2576
f 2576 2597 2575
f 2597 2295 2575
f 2295 2296 2575
f 2575 2296 2297
f 2575 2297 2579
f 2579 2297 2299
f 2579 2299 2581
f 2581 2299 2286
f 2302 2600 2585
f 2302 2585 2293
f 2586 2585 2601
f 2601 2585 2600
f 2604 2603 2602
f 2304 2305 2602
f 2305 2604 2602
f 2305 2605 2604
f 2306 2587 2588
f 2605 2306 2588
f 2305 2306 2605
f 2587 2306 2308
f 2587 2308 2591
f 2591 2308 2310
f 2606 2591 2310
f 2593 2591 2606
f 2593 2607 2595
f 2593 2606 2607
f 2596 2595 2608
f 2595 2609 2608
f 2595 2607 2609
f 2609 2610 2608
f 2597 2598 2313
f 2598 2312 2313
f 2598 2611 2312
f 2597 2313 2295
f 2320 2600 2302
f 2612 2601 2600
f 2320 2612 2600
f 2321 2612 2320
f 2613 2321 2323
f 2613 2612 2321
f 2614 2323 2325
f 2614 2613 2323
f 2615 2325 2327
f 2615 2614 2325
f 2329 2602 2603
f 2615 2329 2603
f 2327 2329 2615
f 2602 2329 2304
f 2333 2616 2334
f 2606 2310 2334
f 2616 2606 2334
f 2617 2606 2616
f 2606 2618 2607
f 2606 2617 2618
f 2620 2609 2619
f 2609 2618 2619
f 2609 2607 2618
f 2609 2620 2610
f 2611 2336 2312
f 2621 2336 2611
f 2340 2622 2341
f 2623 2342 2341
f 2623 2341 2622
f 2624 2343 2342
f 2624 2342 2623
f 2624 2345 2343
f 2347 2625 2348
f 2616 2333 2348
f 2625 2616 2348
f 2626 2616 2625
f 2628 2617 2627
f 2617 2626 2627
f 2617 2616 2626
f 2617 2628 2618
f 2618 2628 2629
f 2618 2629 2619
f 2349 2336 2630
f 2336 2631 2630
f 2336 2621 2631
f 2630 2351 2349
f 2354 2622 2340
f 2622 2354 2356
f 2632 2622 2356
f 2623 2622 2632
f 2623 2633 2624
f 2623 2632 2633
f 2634 2357 2345
f 2624 2634 2345
f 2633 2634 2624
f 2635 2358 2357
f 2635 2357 2634
f 2635 2360 2358
f 2637 2636 2363
f 2637 2363 2362
f 2347 2363 2625
f 2363 2638 2625
f 2363 2636 2638
f 2625 2638 2626
f 2626 2638 2639
f 2626 2639 2627
f 2631 2640 2630
f 2351 2630 2640
f 2641 2351 2640
f 2365 2351 2641
f 2367 2632 2356
f 2632 2367 2369
f 2632 2369 2633
f 2633 2369 2371
f 2642 2633 2371
f 2634 2633 2642
f 2644 2635 2643
f 2635 2642 2643
f 2635 2634 2642
f 2635 2644 2360
f 2644 2372 2360
f 2644 2645 2372
f 2372 2646 2373
f 2645 2646 2372
f 2374 2373 2646
f 2374 2646 2647
f 2649 2648 2375
f 2649 2375 2376
f 2375 2650 2377
f 2648 2650 2375
f 2362 2377 2637
f 2637 2377 2650
f 2378 2365 2651
f 2365 2652 2651
f 2365 2641 2652
f 2651 2379 2378
f 2380 2642 2371
f 2380 2381 2642
f 2381 2643 2642
f 2381 2653 2643
f 2647 2654 2374
f 2374 2654 2382
f 2382 2655 2383
f 2654 2655 2382
f 2655 2657 2656
f 2385 2655 2656
f 2383 2655 2385
f 2658 2387 2385
f 2658 2385 2656
f 2387 2658 2659
f 2660 2387 2659
f 2389 2387 2660
f 2389 2661 2391
f 2660 2661 2389
f 2391 2662 2392
f 2661 2662 2391
f 2392 2663 2393
f 2662 2663 2392
f 2376 2393 2649
f 2649 2393 2663
f 2651 2652 2664
f 2664 2652 2665
f 2664 2394 2379
f 2664 2379 2651
f 2668 2667 2666
f 2669 2666 2667
f 2670 2653 2381
f 2670 2381 2395
f 2395 2397 2670
f 2670 2397 2671
f 2657 2672 2656
f 2656 2672 2658
f 2658 2672 2673
f 2658 2673 2659
f 2676 2675 2674
f 2399 2400 2674
f 2400 2676 2674
f 2400 2677 2676
f 2678 2400 2401
f 2678 2677 2400
f 2680 2679 2403
f 2679 2401 2403
f 2679 2678 2401
f 2682 2681 2680
f 2680 2681 2679
f 2682 2683 2681
f 2665 2684 2664
f 2404 2394 2664
f 2685 2404 2664
f 2684 2685 2664
f 2404 2685 2686
f 2688 2687 2686
f 2688 2686 2685
f 2406 2407 2687
f 2688 2406 2687
f 2689 2406 2688
f 2666 2409 2668
f 2409 2689 2668
f 2409 2406 2689
f 2669 2690 2666
f 2690 2409 2666
f 2690 2410 2409
f 2410 2691 2411
f 2690 2691 2410
f 2411 2692 2413
f 2691 2692 2411
f 2397 2413 2671
f 2671 2413 2692
f 2695 2694 2693
f 2418 2419 2693
f 2419 2695 2693
f 2419 2696 2695
f 2420 2674 2675
f 2696 2420 2675
f 2419 2420 2696
f 2674 2420 2399
f 2422 2680 2403
f 2680 2422 2424
f 2680 2424 2682
f 2698 2697 2426
f 2426 2697 2424
f 2697 2683 2424
f 2683 2682 2424
f 2700 2699 2698
f 2698 2699 2697
f 2700 2701 2699
f 2702 2427 2686
f 2686 2427 2404
f 2430 2702 2429
f 2702 2687 2429
f 2702 2686 2687
f 2429 2687 2407
f 2705 2704 2703
f 2705 2703 2694
f 2694 2703 2693
f 2703 2432 2693
f 2432 2433 2693
f 2693 2433 2418
f 2434 2698 2426
f 2698 2434 2436
f 2698 2436 2700
f 2706 2701 2700
f 2436 2706 2700
f 2437 2706 2436
f 2708 2706 2707
f 2706 2438 2707
f 2706 2437 2438
f 2438 2427 2707
f 2427 2702 2707
f 2440 2442 2707
f 2440 2707 2702
f 2440 2702 2430
f 2704 2709 2703
f 2432 2703 2709
f 2710 2432 2709
f 2443 2432 2710
f 2713 2712 2711
f 2711 2712 2708
f 2711 2708 2707
f 2446 2711 2707
f 2445 2446 2707
f 2445 2707 2442
f 2710 2714 2443
f 2443 2714 2447
f 2449 2447 2714
f 2449 2714 2715
f 2713 2711 2716
f 2713 2716 2717
f 2451 2716 2446
f 2446 2716 2711
f 2715 2718 2449
f 2449 2718 2453
f 2454 2453 2718
f 2454 2718 2719
f 2717 2716 2720
f 2717 2720 2721
f 2456 2720 2451
f 2451 2720 2716
f 2723 2457 2722
f 2457 2719 2722
f 2457 2454 2719
f 2724 2723 2722
f 2725 2721 2720
f 2727 2725 2726
f 2726 2725 2458
f 2725 2720 2458
f 2720 2456 2458
f 2460 2726 2458
f 2723 2461 2457
f 2729 2728 2462
f 2729 2462 2461
f 2724 2729 2461
f 2723 2724 2461
f 2730 2728 2729
f 2731 2727 2726
f 2733 2731 2732
f 2732 2731 2463
f 2731 2726 2463
f 2726 2460 2463
f 2465 2732 2463
f 2728 2472 2462
f 2735 2734 2473
f 2735 2473 2472
f 2730 2735 2472
f 2728 2730 2472
f 2736 2734 2735
f 2737 2733 2732
f 2737 2732 2465
f 2474 2737 2465
f 2738 2737 2474
f 2740 2738 2739
f 2738 2475 2739
f 2738 2474 2475
f 2476 2741 2475
f 2475 2741 2739
f 2477 2741 2476
f 2734 2485 2473
f 2743 2742 2486
f 2743 2486 2485
f 2736 2743 2485
f 2734 2736 2485
f 2744 2742 2743
f 2745 2740 2739
f 2745 2739 2741
f 2745 2741 2746
f 2748 2746 2747
f 2747 2746 2487
f 2746 2741 2487
f 2741 2477 2487
f 2488 2747 2487
f 2749 2495 2496
f 2497 2749 2496
f 2742 2499 2486
f 2744 2750 2742
f 2750 2499 2742
f 2750 2500 2499
f 2752 2751 2501
f 2500 2752 2501
f 2750 2752 2500
f 2753 2751 2752
f 2754 2748 2747
f 2756 2754 2755
f 2755 2754 2502
f 2754 2747 2502
f 2747 2488 2502
f 2503 2757 2502
f 2502 2757 2755
f 2504 2757 2503
f 2758 2508 2509
f 2495 2749 2509
f 2749 2758 2509
f 2749 2759 2758
f 2510 2760 2497
f 2760 2749 2497
f 2760 2759 2749
f 2511 2761 2510
f 2510 2761 2760
f 2513 2761 2511
f 2751 2514 2501
f 2753 2762 2751
f 2762 2514 2751
f 2762 2515 2514
f 2515 2763 2516
f 2762 2763 2515
f 2518 2516 2763
f 2518 2763 2764
f 2765 2756 2755
f 2765 2755 2757
f 2765 2757 2766
f 2766 2757 2504
f 2519 2766 2504
f 2767 2766 2519
f 2769 2767 2768
f 2767 2520 2768
f 2767 2519 2520
f 2521 2770 2520
f 2520 2770 2768
f 2508 2758 2521
f 2758 2770 2521
f 2758 2771 2770
f 2772 2758 2759
f 2771 2758 2772
f 2773 2759 2760
f 2772 2759 2773
f 2774 2760 2761
f 2773 2760 2774
f 2524 2774 2513
f 2513 2774 2761
f 2764 2775 2518
f 2518 2775 2525
f 2525 2776 2526
f 2775 2776 2525
f 2528 2526 2776
f 2528 2776 2777
f 2778 2769 2768
f 2778 2768 2770
f 2778 2770 2779
f 2779 2770 2771
f 2779 2771 2780
f 2780 2771 2772
f 2780 2772 2781
f 2781 2772 2773
f 2781 2773 2782
f 2782 2773 2774
f 2782 2774 2783
f 2774 2524 2783
f 2524 2784 2783
f 2524 2541 2784
f 2777 2785 2528
f 2528 2785 2542
f 2542 2786 2543
f 2785 2786 2542
f 2543 2787 2544
f 2786 2787 2543
f 2544 2788 2545
f 2787 2788 2544
f 2545 2789 2546
f 2788 2789 2545
f 2789 2791 2790
f 2547 2789 2790
f 2546 2789 2547
f 2792 2548 2547
f 2792 2547 2790
f 2793 2549 2548
f 2793 2548 2792
f 2549 2793 2794
f 2795 2549 2794
f 2550 2549 2795
f 2795 2797 2796
f 2551 2795 2796
f 2550 2795 2551
f 2798 2552 2551
f 2798 2551 2796
f 2799 2553 2552
f 2799 2552 2798
f 2800 2554 2553
f 2800 2553 2799
f 2800 2801 2554
f 2801 2541 2554
f 2801 2784 2541
f 2791 2802 2790
f 2790 2802 2792
f 2792 2802 2803
f 2792 2803 2793
f 2793 2803 2804
f 2793 2804 2794
f 2797 2805 2796
f 2796 2805 2798
f 2798 2805 2806
f 2798 2806 2799
f 2799 2806 2807
f 2799 2807 2800
f 2800 2807 2808
f 2800 2808 2801
f 2811 2810 2809
f 2809 2812 2811
f 2815 2814 2813
f 2817 2816 2813
f 2813 2816 2815
f 2556 2557 2817
f 2557 2816 2817
f 2557 2818 2816
f 2819 2557 2558
f 2819 2818 2557
f 2560 2809 2810
f 2819 2560 2810
f 2558 2560 2819
f 2820 2812 2809
f 2560 2820 2809
f 2562 2820 2560
f 2562 2564 2820
f 2820 2564 2821
f 2824 2823 2822
f 2826 2825 2822
f 2822 2825 2824
f 2566 2567 2826
f 2567 2825 2826
f 2567 2827 2825
f 2828 2567 2568
f 2828 2827 2567
f 2829 2568 2570
f 2829 2828 2568
f 2571 2813 2814
f 2829 2571 2814
f 2570 2571 2829
f 2813 2571 2572
f 2813 2572 2817
f 2817 2572 2556
f 2574 2821 2564
f 2574 2830 2821
f 2832 2831 2577
f 2577 2831 2576
f 2833 2577 2578
f 2833 2832 2577
f 2834 2578 2580
f 2834 2833 2578
f 2835 2580 2582
f 2835 2834 2580
f 2583 2822 2823
f 2835 2583 2823
f 2582 2583 2835
f 2822 2583 2584
f 2822 2584 2826
f 2826 2584 2566
f 2586 2830 2574
f 2586 2836 2830
f 2839 2838 2837
f 2588 2589 2837
f 2589 2839 2837
f 2589 2840 2839
f 2841 2589 2590
f 2841 2840 2589
f 2842 2590 2592
f 2842 2841 2590
f 2843 2592 2594
f 2843 2842 2592
f 2845 2844 2596
f 2844 2594 2596
f 2844 2843 2594
f 2845 2846 2844
f 2848 2847 2599
f 2599 2847 2598
f 2599 2576 2831
f 2599 2831 2848
f 2601 2850 2849
f 2836 2601 2849
f 2586 2601 2836
f 2850 2851 2849
f 2854 2853 2852
f 2603 2604 2852
f 2604 2854 2852
f 2604 2855 2854
f 2605 2837 2838
f 2855 2605 2838
f 2604 2605 2855
f 2837 2605 2588
f 2608 2845 2596
f 2857 2856 2610
f 2610 2856 2608
f 2856 2846 2608
f 2846 2845 2608
f 2857 2858 2856
f 2861 2860 2859
f 2847 2861 2859
f 2611 2847 2859
f 2598 2847 2611
f 2612 2850 2601
f 2862 2851 2850
f 2612 2862 2850
f 2613 2862 2612
f 2863 2613 2614
f 2863 2862 2613
f 2615 2852 2853
f 2863 2615 2853
f 2614 2615 2863
f 2852 2615 2603
f 2619 2864 2620
f 2857 2610 2620
f 2864 2857 2620
f 2865 2857 2864
f 2858 2857 2866
f 2866 2857 2865
f 2860 2867 2859
f 2611 2859 2867
f 2868 2611 2867
f 2621 2611 2868
f 2871 2870 2869
f 2628 2627 2869
f 2870 2628 2869
f 2872 2628 2870
f 2872 2874 2873
f 2629 2872 2873
f 2628 2872 2629
f 2864 2619 2629
f 2873 2864 2629
f 2875 2864 2873
f 2877 2865 2876
f 2865 2875 2876
f 2865 2864 2875
f 2865 2877 2866
f 2868 2631 2621
f 2878 2631 2868
f 2881 2880 2879
f 2883 2882 2879
f 2883 2879 2880
f 2885 2884 2882
f 2885 2882 2883
f 2887 2886 2884
f 2887 2884 2885
f 2888 2886 2887
f 2891 2890 2889
f 2893 2892 2889
f 2893 2889 2890
f 2636 2637 2892
f 2893 2636 2892
f 2894 2636 2893
f 2636 2895 2638
f 2894 2895 2636
f 2869 2639 2871
f 2639 2895 2871
f 2639 2638 2895
f 2639 2869 2627
f 2874 2896 2873
f 2873 2896 2875
f 2875 2896 2897
f 2875 2897 2876
f 2878 2898 2631
f 2631 2898 2640
f 2641 2640 2898
f 2641 2898 2899
f 2643 2900 2644
f 2901 2645 2644
f 2901 2644 2900
f 2902 2646 2645
f 2902 2645 2901
f 2902 2647 2646
f 2903 2881 2879
f 2903 2879 2882
f 2903 2882 2904
f 2904 2882 2884
f 2904 2884 2905
f 2907 2906 2905
f 2884 2907 2905
f 2886 2907 2884
f 2886 2888 2908
f 2886 2908 2907
f 2911 2910 2909
f 2913 2912 2909
f 2913 2909 2910
f 2912 2913 2891
f 2912 2891 2889
f 2649 2912 2889
f 2648 2649 2889
f 2648 2889 2650
f 2650 2889 2892
f 2650 2892 2637
f 2899 2652 2641
f 2914 2652 2899
f 2916 2915 2900
f 2643 2916 2900
f 2653 2916 2643
f 2900 2915 2901
f 2901 2915 2917
f 2901 2917 2902
f 2902 2917 2918
f 2902 2918 2647
f 2918 2654 2647
f 2918 2919 2654
f 2654 2920 2655
f 2919 2920 2654
f 2922 2921 2657
f 2655 2922 2657
f 2920 2922 2655
f 2924 2923 2921
f 2924 2921 2922
f 2923 2924 2906
f 2923 2906 2907
f 2659 2923 2907
f 2660 2659 2907
f 2908 2925 2907
f 2925 2660 2907
f 2925 2661 2660
f 2909 2662 2911
f 2662 2925 2911
f 2662 2661 2925
f 2662 2909 2663
f 2663 2909 2912
f 2663 2912 2649
f 2928 2927 2926
f 2930 2929 2926
f 2926 2929 2928
f 2932 2931 2930
f 2930 2931 2929
f 2932 2933 2931
f 2914 2665 2652
f 2934 2665 2914
f 2937 2936 2935
f 2939 2938 2935
f 2939 2935 2936
f 2667 2668 2938
f 2939 2667 2938
f 2940 2667 2939
f 2942 2941 2669
f 2667 2942 2669
f 2940 2942 2667
f 2944 2943 2941
f 2944 2941 2942
f 2945 2943 2670
f 2943 2916 2670
f 2916 2653 2670
f 2916 2943 2944
f 2671 2945 2670
f 2921 2672 2657
f 2672 2921 2673
f 2673 2921 2923
f 2673 2923 2659
f 2948 2947 2946
f 2675 2676 2946
f 2676 2948 2946
f 2676 2949 2948
f 2677 2926 2927
f 2949 2677 2927
f 2676 2677 2949
f 2926 2677 2678
f 2926 2678 2930
f 2930 2678 2679
f 2930 2679 2932
f 2950 2933 2932
f 2679 2950 2932
f 2681 2950 2679
f 2952 2951 2683
f 2951 2681 2683
f 2951 2950 2681
f 2952 2953 2951
f 2934 2954 2665
f 2665 2954 2684
f 2684 2955 2685
f 2954 2955 2684
f 2935 2688 2937
f 2688 2955 2937
f 2688 2685 2955
f 2688 2935 2689
f 2689 2935 2938
f 2689 2938 2668
f 2941 2690 2669
f 2690 2941 2691
f 2691 2941 2943
f 2691 2943 2692
f 2692 2943 2945
f 2692 2945 2671
f 2957 2956 2695
f 2695 2956 2694
f 2696 2946 2947
f 2957 2696 2947
f 2695 2696 2957
f 2946 2696 2675
f 2697 2952 2683
f 2958 2953 2952
f 2697 2958 2952
f 2699 2958 2697
f 2960 2959 2701
f 2959 2699 2701
f 2959 2958 2699
f 2960 2961 2959
f 2963 2962 2705
f 2705 2962 2704
f 2705 2694 2956
f 2705 2956 2963
f 2960 2701 2706
f 2966 2965 2964
f 2965 2966 2708
f 2966 2961 2708
f 2960 2706 2708
f 2960 2708 2961
f 2962 2967 2704
f 2704 2967 2709
f 2710 2709 2967
f 2710 2967 2968
f 2964 2965 2712
f 2713 2964 2712
f 2969 2964 2713
f 2712 2965 2708
f 2968 2970 2710
f 2710 2970 2714
f 2972 2971 2715
f 2714 2972 2715
f 2970 2972 2714
f 2973 2971 2972
f 2976 2975 2974
f 2975 2969 2974
f 2969 2717 2974
f 2969 2713 2717
f 2971 2718 2715
f 2978 2977 2719
f 2978 2719 2718
f 2973 2978 2718
f 2971 2973 2718
f 2979 2977 2978
f 2980 2976 2974
f 2974 2717 2980
f 2717 2981 2980
f 2717 2721 2981
f 2977 2722 2719
f 2983 2982 2724
f 2983 2724 2722
f 2979 2983 2722
f 2977 2979 2722
f 2984 2982 2983
f 2721 2725 2985
f 2986 2721 2985
f 2981 2721 2986
f 2727 2985 2725
f 2982 2729 2724
f 2730 2729 2982
f 2984 2730 2982
f 2987 2730 2984
f 2988 2986 2985
f 2990 2988 2989
f 2989 2988 2731
f 2988 2985 2731
f 2985 2727 2731
f 2733 2989 2731
f 2987 2991 2730
f 2730 2991 2735
f 2993 2992 2736
f 2735 2993 2736
f 2991 2993 2735
f 2994 2992 2993
f 2995 2990 2989
f 2995 2989 2733
f 2737 2995 2733
f 2996 2995 2737
f 2998 2996 2997
f 2996 2738 2997
f 2996 2737 2738
f 2740 2997 2738
f 2992 2743 2736
f 3000 2999 2744
f 3000 2744 2743
f 2994 3000 2743
f 2992 2994 2743
f 3001 2999 3000
f 3002 2998 2997
f 3002 2997 2740
f 2745 3002 2740
f 3003 3002 2745
f 3005 3003 3004
f 3003 2746 3004
f 3003 2745 2746
f 2748 3004 2746
f 2999 2750 2744
f 3001 3006 2999
f 3006 2750 2999
f 3006 2752 2750
f 3008 3007 2753
f 2752 3008 2753
f 3006 3008 2752
f 3009 3007 3008
f 3010 3005 3004
f 3010 3004 2748
f 2754 3010 2748
f 3011 3010 2754
f 2754 2756 3011
f 3011 2756 3012
f 3007 2762 2753
f 3009 3013 3007
f 3013 2762 3007
f 3013 2763 2762
f 2764 2763 3013
f 2764 3013 3014
f 3015 3012 2756
f 3015 2756 2765
f 3016 2765 2766
f 3016 3015 2765
f 3017 2766 2767
f 3017 3016 2766
f 2767 2769 3017
f 3017 2769 3018
f 3014 3019 2764
f 2764 3019 2775
f 2775 3020 2776
f 3019 3020 2775
f 3022 3021 2777
f 2776 3022 2777
f 3020 3022 2776
f 3023 3021 3022
f 3024 3018 2769
f 3024 2769 2778
f 3025 2778 2779
f 3025 3024 2778
f 3026 2779 2780
f 3026 3025 2779
f 3028 3026 3027
f 3026 2781 3027
f 3026 2780 2781
f 2782 3029 2781
f 2781 3029 3027
f 2783 3030 2782
f 2782 3030 3029
f 2784 3030 2783
f 3021 2785 2777
f 3023 3031 3021
f 3031 2785 3021
f 3031 2786 2785
f 2786 3032 2787
f 3031 3032 2786
f 2787 3033 2788
f 3032 3033 2787
f 2788 3034 2789
f 3033 3034 2788
f 3036 3035 2791
f 2789 3036 2791
f 3034 3036 2789
f 3038 3037 3035
f 3038 3035 3036
f 3040 3039 3037
f 3040 3037 3038
f 3041 2795 2794
f 3042 3039 3040
f 3041 2797 2795
f 3043 3028 3027
f 3043 3027 3029
f 3043 3029 3044
f 3044 3029 3030
f 3044 3030 3045
f 3030 2784 3045
f 2784 3046 3045
f 2784 2801 3046
f 3035 2802 2791
f 2802 3035 2803
f 2803 3035 3037
f 2803 3037 2804
f 2804 3037 3039
f 3039 3042 2804
f 3042 3047 2804
f 3041 2794 2804
f 3041 2804 3047
f 3041 3047 2797
f 3047 2805 2797
f 3047 3048 2805
f 2805 3049 2806
f 3048 3049 2805
f 2806 3050 2807
f 3049 3050 2806
f 2807 3051 2808
f 3050 3051 2807
f 2801 2808 3046
f 3046 2808 3051
f 3054 3053 3052
f 3056 3055 3052
f 3052 3055 3054
f 3058 3057 3056
f 3056 3057 3055
f 3060 3059 3058
f 3058 3059 3057
f 3060 3061 3059
f 3064 3063 3062
f 3064 3062 3053
f 3062 3052 3053
f 3062 3065 3052
f 3052 3066 3056
f 3052 3065 3066
f 3066 2810 2811
f 3058 3066 2811
f 3056 3066 3058
f 3058 2811 2812
f 3067 3058 2812
f 3060 3058 3067
f 3061 3060 3068
f 3060 3069 3068
f 3060 3067 3069
f 3069 3070 3068
f 3072 3071 2815
f 2815 3071 2814
f 2816 3062 3063
f 3072 2816 3063
f 2815 2816 3072
f 3062 2816 2818
f 3062 2818 3065
f 3065 2818 2819
f 3065 2819 3066
f 3066 2819 2810
f 2820 3067 2812
f 3069 3067 3073
f 3067 2821 3073
f 2821 3074 3073
f 2821 3067 2820
f 3069 3073 3070
f 3077 3076 3075
f 2823 2824 3075
f 2824 3077 3075
f 2824 3078 3077
f 3079 2824 2825
f 3079 3078 2824
f 3080 2825 2827
f 3080 3079 2825
f 3081 2827 2828
f 3081 3080 2827
f 3082 2828 2829
f 3082 3081 2828
f 2829 2814 3071
f 2829 3071 3082
f 2830 3074 2821
f 2830 3083 3074
f 3084 2831 2832
f 3084 2832 3085
f 2832 3086 3085
f 2832 2833 3086
f 3087 2833 2834
f 3087 3086 2833
f 2835 3075 3076
f 3087 2835 3076
f 2834 2835 3087
f 3075 2835 2823
f 2836 3083 2830
f 2836 3088 3083
f 3091 3090 3089
f 2838 2839 3089
f 2839 3091 3089
f 2839 3092 3091
f 3093 2839 2840
f 3093 3092 2839
f 3094 2840 2841
f 3094 3093 2840
f 3095 2841 2842
f 3095 3094 2841
f 3096 2842 2843
f 3096 3095 2842
f 3097 2843 2844
f 3097 3096 2843
f 2844 2846 3097
f 3097 2846 3098
f 3100 3099 2848
f 2848 3099 2847
f 2848 2831 3084
f 3101 2848 3084
f 3100 2848 3101
f 3101 3084 3085
f 3102 3088 2836
f 3102 2836 2849
f 3104 3103 2851
f 3103 2849 2851
f 3103 3102 2849
f 3106 3105 3104
f 3104 3105 3103
f 2853 2854 3106
f 2854 3105 3106
f 2854 3107 3105
f 2855 3089 3090
f 3107 2855 3090
f 2854 2855 3107
f 3089 2855 2838
f 3108 3098 2846
f 3108 2846 2856
f 3110 3109 2858
f 3109 2856 2858
f 3109 3108 2856
f 3110 3111 3109
f 3113 3112 2861
f 2861 3112 2860
f 2861 2847 3099
f 2861 3099 3113
f 2862 3104 2851
f 3104 2862 2863
f 3104 2863 3106
f 3106 2863 2853
f 2866 3114 3110
f 2866 3110 2858
f 3111 3110 3115
f 3115 3110 3114
f 3112 3116 2860
f 2860 3116 2867
f 2868 2867 3116
f 2868 3116 3117
f 3120 3119 3118
f 3122 3121 3118
f 3122 3118 3119
f 3124 3123 3121
f 3124 3121 3122
f 3126 3125 3123
f 3126 3123 3124
f 3128 3127 3125
f 3128 3125 3126
f 3130 3129 3127
f 3130 3127 3128
f 3132 3131 3129
f 3132 3129 3130
f 3134 3133 3131
f 3134 3131 3132
f 3136 3135 3133
f 3136 3133 3134
f 3138 3137 3135
f 3138 3135 3136
f 3140 3139 3137
f 3140 3137 3138
f 3142 3141 3139
f 3142 3139 3140
f 2870 2871 3141
f 3142 2870 3141
f 3143 2870 3142
f 2870 3144 2872
f 3143 3144 2870
f 3146 3145 2874
f 2872 3146 2874
f 3144 3146 2872
f 3147 3145 3146
f 2876 3148 2877
f 3114 2866 2877
f 3148 3114 2877
f 3149 3114 3148
f 3115 3114 3150
f 3114 3151 3150
f 3114 3149 3151
f 3151 3152 3150
f 3117 2878 2868
f 3153 2878 3117
f 3156 3155 3154
f 3158 3157 3154
f 3158 3154 3155
f 3157 3158 3120
f 3118 3157 3120
f 3159 3157 3118
f 2881 3159 2880
f 3159 3121 2880
f 3159 3118 3121
f 2880 3121 2883
f 2883 3121 3123
f 2883 3123 2885
f 2885 3123 3125
f 2885 3125 2887
f 2887 3125 3127
f 2887 3127 2888
f 3127 3160 2888
f 3127 3129 3160
f 3161 3129 3131
f 3160 3129 3161
f 3162 3131 3133
f 3161 3131 3162
f 2891 3162 2890
f 3162 3135 2890
f 3162 3133 3135
f 2890 3135 2893
f 2893 3135 3137
f 2893 3137 2894
f 2894 3137 3139
f 2894 3139 2895
f 2895 3139 3141
f 2895 3141 2871
f 3145 2896 2874
f 3147 3163 3145
f 3163 2896 3145
f 3163 2897 2896
f 2897 3163 2876
f 3163 3164 2876
f 3164 3148 2876
f 3164 3163 3165
f 3148 3166 3149
f 3148 3164 3166
f 3149 3167 3151
f 3149 3166 3167
f 3152 3151 3168
f 3168 3151 3167
f 3153 3169 2878
f 2878 3169 2898
f 2899 2898 3169
f 2899 3169 3170
f 3173 3172 3171
f 3171 3172 3156
f 3154 3171 3156
f 3174 3171 3154
f 3175 3154 3157
f 3174 3154 3175
f 3176 3157 3159
f 3175 3157 3176
f 2903 3177 2881
f 3177 3159 2881
f 3177 3176 3159
f 2904 3178 2903
f 2903 3178 3177
f 2905 3179 2904
f 2904 3179 3178
f 2906 3179 2905
f 3180 2908 3160
f 3160 2908 2888
f 2911 3180 2910
f 3180 3161 2910
f 3180 3160 3161
f 2910 3161 2913
f 2913 3161 3162
f 2913 3162 2891
f 3165 3181 3164
f 3183 3182 3181
f 3182 3164 3181
f 3182 3166 3164
f 3166 3184 3167
f 3166 3182 3184
f 3168 3167 3185
f 3185 3167 3184
f 3170 2914 2899
f 3186 2914 3170
f 3189 3188 3187
f 3191 3190 3187
f 3191 3187 3188
f 3193 3192 3190
f 3193 3190 3191
f 3195 3194 3192
f 3195 3192 3193
f 3194 3195 3173
f 3194 3173 3171
f 2916 3194 3171
f 2915 2916 3171
f 2915 3171 2917
f 2917 3171 3174
f 2917 3174 2918
f 2918 3174 3175
f 2918 3175 2919
f 2919 3175 3176
f 2919 3176 2920
f 2920 3176 3177
f 2920 3177 2922
f 2922 3177 3178
f 2922 3178 2924
f 2924 3178 3179
f 2924 3179 2906
f 3180 2925 2908
f 2925 3180 2911
f 3183 3196 3182
f 3182 3196 3184
f 3184 3196 3197
f 3184 3197 3185
f 3200 3199 3198
f 3202 3201 3198
f 3198 3201 3200
f 2927 2928 3202
f 2928 3201 3202
f 2928 3203 3201
f 3204 2928 2929
f 3204 3203 2928
f 3205 2929 2931
f 3205 3204 2929
f 3207 3206 2933
f 3206 2931 2933
f 3206 3205 2931
f 3209 3208 3207
f 3207 3208 3206
f 3209 3210 3208
f 3213 3212 3211
f 3186 3213 3211
f 2934 3186 3211
f 2914 3186 2934
f 3215 3214 2936
f 3215 2936 2937
f 3187 2939 3189
f 2939 3214 3189
f 2939 2936 3214
f 2939 3187 2940
f 2940 3187 3190
f 2940 3190 2942
f 2942 3190 3192
f 2942 3192 2944
f 2944 3192 3194
f 2944 3194 2916
f 3218 3217 3216
f 3218 3216 3199
f 3199 3216 3198
f 3216 2947 3198
f 2947 2948 3198
f 3198 2948 2949
f 3198 2949 3202
f 3202 2949 2927
f 2950 3207 2933
f 3207 2950 2951
f 3207 2951 3209
f 3220 3219 2953
f 2953 3219 2951
f 3219 3210 2951
f 3210 3209 2951
f 3219 3220 3212
f 3220 3211 3212
f 3220 3221 3211
f 3211 3221 2934
f 3221 3222 2934
f 3222 2954 2934
f 3221 3223 3222
f 2954 3224 2955
f 3222 3224 2954
f 2937 2955 3215
f 3215 2955 3224
f 3227 3226 3225
f 3227 3225 3217
f 3217 3225 3216
f 3225 2956 3216
f 2956 2957 3216
f 3216 2957 2947
f 2958 3220 2953
f 2959 3228 2958
f 3228 3229 2958
f 3230 2958 3229
f 2958 3230 3220
f 3231 3220 3230
f 3220 3231 3228
f 3228 3221 3220
f 2959 3221 3228
f 3228 3231 3229
f 3229 3231 2961
f 3231 3223 2961
f 3221 2959 2961
f 3221 2961 3223
f 3225 3226 2963
f 3226 2962 2963
f 3226 3232 2962
f 3225 2963 2956
f 3230 3229 2966
f 2964 3230 2966
f 3233 3230 2964
f 2966 3229 2961
f 3232 3234 2962
f 2962 3234 2967
f 2968 2967 3234
f 2968 3234 3235
f 3238 3237 3236
f 3237 3233 3236
f 3233 2969 3236
f 3233 2964 2969
f 3235 3239 2968
f 2968 3239 2970
f 2970 3240 2972
f 3239 3240 2970
f 2973 2972 3240
f 2973 3240 3241
f 3238 3236 2975
f 2976 3238 2975
f 3242 3238 2976
f 2975 3236 2969
f 3241 3243 2973
f 2973 3243 2978
f 2979 2978 3243
f 2979 3243 3244
f 2976 2980 3245
f 3246 2976 3245
f 3242 2976 3246
f 2981 3245 2980
f 3244 3247 2979
f 2979 3247 2983
f 2984 2983 3247
f 2984 3247 3248
f 3249 3246 3245
f 3245 2981 3249
f 2981 3250 3249
f 2981 2986 3250
f 3252 2987 3251
f 2987 3248 3251
f 2987 2984 3248
f 3253 3252 3251
f 3254 3250 2986
f 3254 2986 2988
f 2988 2990 3254
f 3254 2990 3255
f 3252 2991 2987
f 3253 3256 3252
f 3256 2991 3252
f 3256 2993 2991
f 2994 2993 3256
f 2994 3256 3257
f 3258 3255 2990
f 3258 2990 2995
f 3259 2995 2996
f 3259 3258 2995
f 2996 2998 3259
f 3259 2998 3260
f 3257 3261 2994
f 2994 3261 3000
f 3263 3262 3001
f 3000 3263 3001
f 3261 3263 3000
f 3264 3262 3263
f 3265 3260 2998
f 3265 2998 3002
f 3266 3002 3003
f 3266 3265 3002
f 3003 3005 3266
f 3266 3005 3267
f 3262 3006 3001
f 3264 3268 3262
f 3268 3006 3262
f 3268 3008 3006
f 3009 3008 3268
f 3009 3268 3269
f 3270 3267 3005
f 3270 3005 3010
f 3271 3010 3011
f 3271 3270 3010
f 3011 3012 3271
f 3271 3012 3272
f 3269 3273 3009
f 3009 3273 3013
f 3275 3274 3014
f 3013 3275 3014
f 3273 3275 3013
f 3276 3274 3275
f 3277 3272 3012
f 3277 3012 3015
f 3278 3015 3016
f 3278 3277 3015
f 3279 3016 3017
f 3279 3278 3016
f 3281 3280 3018
f 3280 3017 3018
f 3280 3279 3017
f 3281 3282 3280
f 3274 3019 3014
f 3276 3283 3274
f 3283 3019 3274
f 3283 3020 3019
f 3020 3284 3022
f 3283 3284 3020
f 3286 3285 3023
f 3022 3286 3023
f 3284 3286 3022
f 3287 3285 3286
f 3290 3289 3288
f 3291 3288 3289
f 3294 3293 3292
f 3296 3295 3292
f 3296 3292 3293
f 3298 3297 3296
f 3297 3281 3296
f 3018 3296 3281
f 3296 3018 3295
f 3024 3295 3018
f 3295 3024 3297
f 3297 3299 3295
f 3298 3299 3297
f 3297 3024 3281
f 3025 3281 3024
f 3281 3025 3282
f 3300 3282 3025
f 3282 3300 3298
f 3299 3298 3300
f 3026 3301 3025
f 3025 3301 3300
f 3028 3301 3026
f 3285 3031 3023
f 3287 3302 3285
f 3302 3031 3285
f 3302 3032 3031
f 3288 3033 3290
f 3033 3302 3290
f 3033 3032 3302
f 3291 3303 3288
f 3303 3033 3288
f 3303 3034 3033
f 3292 3036 3294
f 3036 3303 3294
f 3036 3034 3303
f 3036 3292 3038
f 3038 3292 3295
f 3038 3295 3040
f 3040 3295 3299
f 3040 3299 3042
f 3299 3304 3042
f 3299 3300 3304
f 3305 3300 3301
f 3304 3300 3305
f 3043 3306 3028
f 3306 3301 3028
f 3306 3305 3301
f 3044 3307 3043
f 3043 3307 3306
f 3045 3308 3044
f 3044 3308 3307
f 3046 3308 3045
f 3311 3310 3309
f 3313 3312 3309
f 3309 3312 3311
f 3315 3314 3313
f 3313 3314 3312
f 3315 3316 3314
f 3304 3047 3042
f 3047 3304 3048
f 3048 3304 3305
f 3048 3305 3049
f 3049 3305 3306
f 3049 3306 3050
f 3050 3306 3307
f 3050 3307 3051
f 3051 3307 3308
f 3051 3308 3046
f 3310 3317 3309
f 3319 3318 3317
f 3318 3309 3317
f 3318 3313 3309
f 3313 3320 3315
f 3313 3318 3320
f 3316 3315 3321
f 3315 3322 3321
f 3315 3320 3322
f 3324 3323 3322
f 3322 3323 3321
f 3324 3325 3323
f 3319 3326 3318
f 3318 3326 3320
f 3320 3326 3327
f 3329 3328 3327
f 3328 3320 3327
f 3328 3322 3320
f 3331 3324 3330
f 3324 3328 3330
f 3324 3322 3328
f 3324 3331 3325
f 3334 3333 3332
f 3336 3335 3332
f 3332 3335 3334
f 3338 3337 3336
f 3336 3337 3335
f 3340 3339 3338
f 3338 3339 3337
f 3342 3341 3340
f 3340 3341 3339
f 3342 3343 3341
f 3329 3344 3328
f 3328 3344 3330
f 3333 3345 3332
f 3332 3345 3336
f 3336 3345 3346
f 3336 3346 3338
f 3338 3346 3347
f 3349 3348 3347
f 3348 3338 3347
f 3348 3340 3338
f 3351 3342 3350
f 3342 3348 3350
f 3342 3340 3348
f 3342 3351 3343
f 3349 3352 3348
f 3348 3352 3350
f 3355 3354 3353
f 3353 3356 3355
f 3359 3358 3357
f 3357 3360 3359
f 3354 3361 3353
f 3361 3362 3353
f 3362 3363 3353
f 3364 3356 3353
f 3364 3353 3363
f 3364 3363 3358
f 3363 3357 3358
f 3363 3365 3357
f 3360 3357 3366
f 3357 3367 3366
f 3357 3365 3367
f 3369 3368 3367
f 3367 3368 3366
f 3369 3370 3368
f 3373 3372 3371
f 3373 3371 3362
f 3362 3371 3363
f 3371 3053 3363
f 3053 3054 3363
f 3363 3054 3055
f 3363 3055 3365
f 3365 3055 3057
f 3365 3057 3367
f 3367 3057 3059
f 3367 3059 3369
f 3375 3374 3061
f 3061 3374 3059
f 3374 3370 3059
f 3370 3369 3059
f 3377 3376 3375
f 3375 3376 3374
f 3377 3378 3376
f 3381 3380 3379
f 3381 3379 3372
f 3372 3379 3371
f 3379 3063 3371
f 3063 3064 3371
f 3371 3064 3053
f 3068 3375 3061
f 3377 3375 3382
f 3375 3070 3382
f 3070 3383 3382
f 3070 3375 3068
f 3377 3382 3378
f 3386 3385 3384
f 3388 3387 3384
f 3384 3387 3386
f 3390 3389 3388
f 3388 3389 3387
f 3389 3390 3380
f 3380 3390 3379
f 3390 3071 3379
f 3071 3072 3379
f 3379 3072 3063
f 3392 3391 3073
f 3392 3073 3074
f 3070 3073 3383
f 3383 3073 3391
f 3393 3076 3077
f 3393 3077 3394
f 3077 3395 3394
f 3077 3078 3395
f 3396 3078 3079
f 3396 3395 3078
f 3080 3384 3385
f 3396 3080 3385
f 3079 3080 3396
f 3384 3080 3081
f 3384 3081 3388
f 3388 3081 3082
f 3388 3082 3390
f 3390 3082 3071
f 3083 3392 3074
f 3083 3397 3392
f 3399 3398 3086
f 3086 3398 3085
f 3400 3086 3087
f 3400 3399 3086
f 3087 3076 3393
f 3401 3087 3393
f 3400 3087 3401
f 3401 3393 3394
f 3088 3403 3402
f 3397 3088 3402
f 3083 3088 3397
f 3403 3404 3402
f 3406 3405 3091
f 3091 3405 3090
f 3407 3091 3092
f 3407 3406 3091
f 3408 3092 3093
f 3408 3407 3092
f 3409 3093 3094
f 3409 3408 3093
f 3410 3094 3095
f 3410 3409 3094
f 3411 3095 3096
f 3411 3410 3095
f 3413 3411 3412
f 3411 3097 3412
f 3411 3096 3097
f 3098 3412 3097
f 3414 3099 3100
f 3414 3100 3415
f 3100 3416 3415
f 3100 3101 3416
f 3101 3085 3398
f 3101 3398 3416
f 3102 3403 3088
f 3417 3404 3403
f 3102 3417 3403
f 3103 3417 3102
f 3418 3103 3105
f 3418 3417 3103
f 3419 3105 3107
f 3419 3418 3105
f 3107 3090 3405
f 3107 3405 3419
f 3420 3413 3412
f 3420 3412 3098
f 3108 3420 3098
f 3421 3420 3108
f 3422 3108 3109
f 3422 3421 3108
f 3109 3111 3422
f 3422 3111 3423
f 3425 3424 3113
f 3113 3424 3112
f 3113 3099 3414
f 3426 3113 3414
f 3425 3113 3426
f 3426 3414 3415
f 3429 3428 3427
f 3430 3427 3428
f 3115 3432 3431
f 3423 3115 3431
f 3111 3115 3423
f 3432 3433 3431
f 3116 3112 3434
f 3112 3435 3434
f 3112 3424 3435
f 3434 3117 3116
f 3438 3437 3436
f 3119 3120 3436
f 3437 3119 3436
f 3439 3119 3437
f 3119 3440 3122
f 3439 3440 3119
f 3122 3441 3124
f 3440 3441 3122
f 3124 3442 3126
f 3441 3442 3124
f 3126 3443 3128
f 3442 3443 3126
f 3128 3444 3130
f 3443 3444 3128
f 3130 3445 3132
f 3444 3445 3130
f 3132 3446 3134
f 3445 3446 3132
f 3134 3447 3136
f 3446 3447 3134
f 3136 3448 3138
f 3447 3448 3136
f 3427 3140 3429
f 3140 3448 3429
f 3140 3138 3448
f 3430 3449 3427
f 3449 3140 3427
f 3449 3142 3140
f 3142 3450 3143
f 3449 3450 3142
f 3143 3451 3144
f 3450 3451 3143
f 3144 3452 3146
f 3451 3452 3144
f 3147 3146 3452
f 3147 3452 3453
f 3150 3432 3115
f 3455 3454 3152
f 3152 3454 3150
f 3454 3433 3150
f 3433 3432 3150
f 3455 3456 3454
f 3434 3435 3457
f 3457 3435 3458
f 3457 3153 3117
f 3457 3117 3434
f 3461 3460 3459
f 3155 3156 3459
f 3460 3155 3459
f 3462 3155 3460
f 3436 3158 3438
f 3158 3462 3438
f 3158 3155 3462
f 3158 3436 3120
f 3453 3463 3147
f 3147 3463 3163
f 3165 3163 3463
f 3165 3463 3464
f 3168 3465 3455
f 3168 3455 3152
f 3456 3455 3466
f 3466 3455 3465
f 3458 3467 3457
f 3467 3469 3468
f 3467 3468 3169
f 3457 3467 3169
f 3153 3457 3169
f 3468 3170 3169
f 3472 3471 3470
f 3474 3473 3470
f 3474 3470 3471
f 3473 3474 3461
f 3473 3461 3459
f 3173 3473 3459
f 3172 3173 3459
f 3172 3459 3156
f 3464 3475 3165
f 3165 3475 3181
f 3183 3181 3475
f 3183 3475 3476
f 3185 3477 3465
f 3185 3465 3168
f 3466 3465 3478
f 3478 3465 3477
f 3481 3480 3479
f 3483 3482 3479
f 3479 3482 3481
f 3485 3484 3483
f 3483 3484 3482
f 3487 3486 3485
f 3485 3486 3484
f 3489 3488 3487
f 3487 3488 3486
f 3489 3490 3488
f 3468 3469 3491
f 3491 3469 3492
f 3491 3186 3170
f 3491 3170 3468
f 3494 3493 3188
f 3494 3188 3189
f 3188 3495 3191
f 3493 3495 3188
f 3470 3193 3472
f 3193 3495 3472
f 3193 3191 3495
f 3193 3470 3195
f 3195 3470 3473
f 3195 3473 3173
f 3476 3496 3183
f 3183 3496 3196
f 3496 3498 3497
f 3197 3496 3497
f 3196 3496 3197
f 3477 3185 3197
f 3497 3477 3197
f 3499 3477 3497
f 3478 3477 3500
f 3500 3477 3499
f 3502 3501 3200
f 3200 3501 3199
f 3201 3479 3480
f 3502 3201 3480
f 3200 3201 3502
f 3479 3201 3203
f 3479 3203 3483
f 3483 3203 3204
f 3483 3204 3485
f 3485 3204 3205
f 3485 3205 3487
f 3487 3205 3206
f 3487 3206 3489
f 3503 3490 3489
f 3206 3503 3489
f 3208 3503 3206
f 3505 3504 3210
f 3504 3208 3210
f 3504 3503 3208
f 3504 3505 3492
f 3492 3505 3491
f 3505 3212 3491
f 3212 3213 3491
f 3491 3213 3186
f 3507 3506 3214
f 3507 3214 3215
f 3189 3214 3494
f 3494 3214 3506
f 3498 3508 3497
f 3510 3509 3508
f 3509 3497 3508
f 3509 3499 3497
f 3500 3499 3511
f 3511 3499 3509
f 3513 3512 3218
f 3218 3512 3217
f 3218 3199 3501
f 3218 3501 3513
f 3219 3505 3210
f 3505 3219 3212
f 3515 3514 3222
f 3515 3222 3223
f 3222 3516 3224
f 3514 3516 3222
f 3215 3224 3507
f 3507 3224 3516
f 3510 3517 3509
f 3509 3517 3511
f 3519 3518 3227
f 3227 3518 3226
f 3227 3217 3512
f 3227 3512 3519
f 3521 3520 3231
f 3521 3231 3230
f 3223 3231 3515
f 3515 3231 3520
f 3518 3232 3226
f 3522 3232 3518
f 3525 3524 3523
f 3524 3521 3523
f 3521 3233 3523
f 3521 3230 3233
f 3522 3526 3232
f 3232 3526 3234
f 3235 3234 3526
f 3235 3526 3527
f 3525 3523 3237
f 3238 3525 3237
f 3528 3525 3238
f 3237 3523 3233
f 3527 3529 3235
f 3235 3529 3239
f 3239 3530 3240
f 3529 3530 3239
f 3241 3240 3530
f 3241 3530 3531
f 3242 3528 3238
f 3242 3532 3528
f 3531 3533 3241
f 3241 3533 3243
f 3535 3534 3244
f 3243 3535 3244
f 3533 3535 3243
f 3536 3534 3535
f 3246 3532 3242
f 3246 3537 3532
f 3534 3247 3244
f 3539 3538 3248
f 3539 3248 3247
f 3536 3539 3247
f 3534 3536 3247
f 3540 3538 3539
f 3541 3537 3246
f 3541 3246 3249
f 3249 3250 3541
f 3541 3250 3542
f 3538 3251 3248
f 3544 3543 3253
f 3544 3253 3251
f 3540 3544 3251
f 3538 3540 3251
f 3545 3543 3544
f 3546 3542 3250
f 3546 3250 3254
f 3254 3255 3546
f 3546 3255 3547
f 3543 3256 3253
f 3549 3548 3257
f 3549 3257 3256
f 3545 3549 3256
f 3543 3545 3256
f 3550 3548 3549
f 3551 3547 3255
f 3551 3255 3258
f 3552 3258 3259
f 3552 3551 3258
f 3259 3260 3552
f 3552 3260 3553
f 3548 3261 3257
f 3550 3554 3548
f 3554 3261 3548
f 3554 3263 3261
f 3264 3263 3554
f 3264 3554 3555
f 3556 3553 3260
f 3556 3260 3265
f 3557 3265 3266
f 3557 3556 3265
f 3559 3558 3267
f 3558 3266 3267
f 3558 3557 3266
f 3561 3560 3559
f 3559 3560 3558
f 3561 3562 3560
f 3555 3563 3264
f 3264 3563 3268
f 3269 3268 3563
f 3269 3563 3564
f 3270 3559 3267
f 3559 3270 3271
f 3559 3271 3561
f 3566 3565 3272
f 3272 3565 3271
f 3565 3562 3271
f 3562 3561 3271
f 3566 3567 3565
f 3570 3569 3568
f 3568 3571 3570
f 3564 3572 3269
f 3269 3572 3273
f 3273 3573 3275
f 3572 3573 3273
f 3276 3275 3573
f 3276 3573 3574
f 3577 3576 3575
f 3579 3578 3576
f 3578 3566 3576
f 3272 3576 3566
f 3576 3272 3575
f 3277 3575 3272
f 3575 3277 3578
f 3578 3580 3575
f 3579 3580 3578
f 3578 3277 3566
f 3278 3566 3277
f 3566 3278 3567
f 3581 3567 3278
f 3567 3581 3579
f 3580 3579 3581
f 3569 3582 3568
f 3582 3278 3568
f 3278 3279 3568
f 3278 3582 3581
f 3279 3280 3568
f 3280 3583 3568
f 3583 3571 3568
f 3280 3584 3583
f 3282 3584 3280
f 3574 3585 3276
f 3276 3585 3283
f 3283 3586 3284
f 3585 3586 3283
f 3284 3587 3286
f 3586 3587 3284
f 3589 3588 3287
f 3286 3589 3287
f 3587 3589 3286
f 3588 3589 3577
f 3588 3577 3575
f 3290 3588 3575
f 3289 3290 3575
f 3289 3575 3291
f 3575 3590 3291
f 3575 3580 3590
f 3294 3590 3293
f 3590 3581 3293
f 3590 3580 3581
f 3582 3591 3581
f 3591 3293 3581
f 3591 3296 3293
f 3584 3298 3583
f 3298 3591 3583
f 3298 3296 3591
f 3298 3584 3282
f 3588 3302 3287
f 3302 3588 3290
f 3590 3303 3291
f 3303 3590 3294
f 3594 3593 3592
f 3310 3311 3592
f 3311 3594 3592
f 3311 3595 3594
f 3596 3311 3312
f 3596 3595 3311
f 3597 3312 3314
f 3597 3596 3312
f 3599 3598 3316
f 3598 3314 3316
f 3598 3597 3314
f 3599 3600 3598
f 3603 3602 3601
f 3601 3604 3603
f 3593 3605 3592
f 3605 3607 3606
f 3605 3606 3317
f 3592 3605 3317
f 3310 3592 3317
f 3606 3319 3317
f 3321 3599 3316
f 3608 3600 3599
f 3321 3608 3599
f 3323 3608 3321
f 3610 3609 3325
f 3609 3323 3325
f 3609 3608 3323
f 3612 3611 3610
f 3610 3611 3609
f 3614 3613 3612
f 3612 3613 3611
f 3616 3615 3614
f 3614 3615 3613
f 3618 3617 3616
f 3616 3617 3615
f 3620 3619 3618
f 3618 3619 3617
f 3622 3621 3620
f 3620 3621 3619
f 3624 3623 3622
f 3622 3623 3621
f 3624 3625 3623
f 3602 3626 3601
f 3601 3626 3604
f 3607 3627 3606
f 3606 3627 3319
f 3627 3326 3319
f 3627 3628 3326
f 3628 3630 3629
f 3327 3628 3629
f 3326 3628 3327
f 3629 3329 3327
f 3330 3631 3331
f 3610 3325 3331
f 3631 3610 3331
f 3632 3610 3631
f 3610 3633 3612
f 3610 3632 3633
f 3612 3634 3614
f 3612 3633 3634
f 3634 3333 3334
f 3616 3634 3334
f 3614 3634 3616
f 3616 3334 3335
f 3616 3335 3618
f 3618 3335 3337
f 3618 3337 3620
f 3620 3337 3339
f 3620 3339 3622
f 3622 3339 3341
f 3622 3341 3624
f 3636 3635 3343
f 3343 3635 3341
f 3635 3625 3341
f 3625 3624 3341
f 3638 3637 3636
f 3636 3637 3635
f 3638 3639 3637
f 3630 3640 3629
f 3629 3640 3329
f 3640 3344 3329
f 3640 3641 3344
f 3330 3344 3631
f 3344 3642 3631
f 3344 3641 3642
f 3631 3642 3632
f 3632 3642 3643
f 3632 3643 3633
f 3633 3643 3644
f 3633 3644 3634
f 3634 3644 3645
f 3634 3645 3333
f 3645 3345 3333
f 3645 3646 3345
f 3345 3647 3346
f 3646 3647 3345
f 3647 3649 3648
f 3347 3647 3648
f 3346 3647 3347
f 3648 3349 3347
f 3350 3650 3351
f 3636 3343 3351
f 3650 3636 3351
f 3651 3636 3650
f 3636 3652 3638
f 3636 3651 3652
f 3639 3638 3653
f 3653 3638 3652
f 3649 3654 3648
f 3648 3654 3349
f 3654 3352 3349
f 3654 3655 3352
f 3350 3352 3650
f 3352 3656 3650
f 3352 3655 3656
f 3650 3656 3651
f 3651 3656 3657
f 3651 3657 3652
f 3652 3657 3658
f 3652 3658 3653
f 3661 3660 3659
f 3663 3662 3659
f 3659 3662 3661
f 3665 3664 3663
f 3663 3664 3662
f 3665 3666 3664
f 3669 3668 3667
f 3667 3670 3669
f 3660 3671 3659
f 3659 3671 3663
f 3663 3671 3672
f 3674 3673 3672
f 3673 3663 3672
f 3673 3665 3663
f 3666 3665 3675
f 3665 3676 3675
f 3665 3673 3676
f 3675 3676 3668
f 3676 3667 3668
f 3676 3677 3667
f 3670 3667 3678
f 3678 3667 3677
f 3681 3680 3679
f 3683 3682 3679
f 3679 3682 3681
f 3682 3683 3674
f 3674 3683 3673
f 3683 3354 3673
f 3354 3355 3673
f 3673 3355 3356
f 3684 3673 3356
f 3676 3673 3684
f 3684 3358 3359
f 3677 3684 3359
f 3676 3684 3677
f 3686 3685 3360
f 3360 3685 3359
f 3685 3678 3359
f 3678 3677 3359
f 3688 3687 3686
f 3686 3687 3685
f 3690 3689 3688
f 3688 3689 3687
f 3690 3691 3689
f 3680 3692 3679
f 3694 3693 3692
f 3693 3679 3692
f 3693 3683 3679
f 3695 3361 3354
f 3683 3695 3354
f 3693 3695 3683
f 3364 3684 3356
f 3362 3361 3695
f 3684 3364 3358
f 3366 3686 3360
f 3686 3366 3368
f 3686 3368 3688
f 3688 3368 3370
f 3696 3688 3370
f 3690 3688 3696
f 3691 3690 3697
f 3690 3698 3697
f 3690 3696 3698
f 3698 3699 3697
f 3693 3694 3700
f 3700 3694 3701
f 3700 3372 3373
f 3695 3700 3373
f 3693 3700 3695
f 3695 3373 3362
f 3374 3696 3370
f 3696 3374 3376
f 3696 3376 3698
f 3376 3378 3698
f 3378 3699 3698
f 3378 3702 3699
f 3705 3704 3703
f 3705 3703 3701
f 3701 3703 3700
f 3703 3380 3700
f 3380 3381 3700
f 3700 3381 3372
f 3383 3706 3382
f 3706 3707 3382
f 3707 3378 3382
f 3707 3702 3378
f 3709 3708 3386
f 3386 3708 3385
f 3710 3386 3387
f 3710 3709 3386
f 3389 3703 3704
f 3710 3389 3704
f 3387 3389 3710
f 3703 3389 3380
f 3392 3711 3391
f 3711 3712 3391
f 3391 3712 3383
f 3712 3713 3383
f 3713 3706 3383
f 3706 3713 3707
f 3715 3714 3395
f 3395 3714 3394
f 3716 3395 3396
f 3716 3715 3395
f 3396 3385 3708
f 3396 3708 3716
f 3397 3717 3711
f 3397 3711 3392
f 3712 3711 3718
f 3718 3711 3717
f 3719 3398 3399
f 3719 3399 3720
f 3399 3721 3720
f 3399 3400 3721
f 3722 3400 3401
f 3722 3721 3400
f 3401 3394 3714
f 3401 3714 3722
f 3402 3717 3397
f 3724 3723 3404
f 3404 3723 3402
f 3723 3718 3402
f 3718 3717 3402
f 3724 3725 3723
f 3728 3727 3726
f 3405 3406 3726
f 3406 3728 3726
f 3406 3729 3728
f 3730 3406 3407
f 3730 3729 3406
f 3731 3407 3408
f 3731 3730 3407
f 3732 3408 3409
f 3732 3731 3408
f 3733 3409 3410
f 3733 3732 3409
f 3735 3733 3734
f 3733 3411 3734
f 3733 3410 3411
f 3413 3734 3411
f 3737 3736 3416
f 3416 3736 3415
f 3416 3398 3719
f 3738 3416 3719
f 3737 3416 3738
f 3738 3719 3720
f 3417 3724 3404
f 3739 3725 3724
f 3417 3739 3724
f 3418 3739 3417
f 3419 3726 3727
f 3739 3419 3727
f 3418 3419 3739
f 3726 3419 3405
f 3740 3735 3734
f 3740 3734 3413
f 3420 3740 3413
f 3741 3740 3420
f 3743 3741 3742
f 3741 3421 3742
f 3741 3420 3421
f 3422 3744 3421
f 3421 3744 3742
f 3423 3744 3422
f 3746 3745 3425
f 3425 3745 3424
f 3747 3425 3426
f 3747 3746 3425
f 3426 3415 3736
f 3426 3736 3747
f 3750 3749 3748
f 3752 3751 3748
f 3752 3748 3749
f 3754 3753 3751
f 3754 3751 3752
f 3755 3753 3754
f 3758 3757 3756
f 3428 3429 3756
f 3757 3428 3756
f 3759 3428 3757
f 3761 3760 3430
f 3428 3761 3430
f 3759 3761 3428
f 3763 3762 3760
f 3763 3760 3761
f 3764 3762 3763
f 3765 3743 3742
f 3765 3742 3744
f 3765 3744 3766
f 3768 3766 3767
f 3767 3766 3431
f 3766 3744 3431
f 3744 3423 3431
f 3433 3767 3431
f 3745 3435 3424
f 3769 3435 3745
f 3772 3771 3770
f 3437 3438 3770
f 3771 3437 3770
f 3773 3437 3771
f 3437 3774 3439
f 3773 3774 3437
f 3439 3775 3440
f 3774 3775 3439
f 3748 3441 3750
f 3441 3775 3750
f 3441 3440 3775
f 3441 3748 3442
f 3442 3748 3751
f 3442 3751 3443
f 3443 3751 3753
f 3755 3776 3753
f 3776 3443 3753
f 3776 3444 3443
f 3444 3777 3445
f 3776 3777 3444
f 3445 3778 3446
f 3777 3778 3445
f 3446 3779 3447
f 3778 3779 3446
f 3756 3448 3758
f 3448 3779 3758
f 3448 3447 3779
f 3448 3756 3429
f 3760 3449 3430
f 3449 3760 3450
f 3450 3760 3762
f 3764 3780 3762
f 3780 3450 3762
f 3780 3451 3450
f 3451 3781 3452
f 3780 3781 3451
f 3453 3452 3781
f 3453 3781 3782
f 3783 3768 3767
f 3783 3767 3433
f 3454 3783 3433
f 3784 3783 3454
f 3454 3456 3784
f 3784 3456 3785
f 3769 3458 3435
f 3786 3458 3769
f 3789 3788 3787
f 3460 3461 3787
f 3788 3460 3787
f 3790 3460 3788
f 3770 3462 3772
f 3462 3790 3772
f 3462 3460 3790
f 3462 3770 3438
f 3782 3791 3453
f 3453 3791 3463
f 3464 3463 3791
f 3464 3791 3792
f 3466 3785 3456
f 3466 3793 3785
f 3467 3458 3794
f 3458 3795 3794
f 3458 3786 3795
f 3794 3469 3467
f 3798 3797 3796
f 3471 3472 3796
f 3797 3471 3796
f 3799 3471 3797
f 3787 3474 3789
f 3474 3799 3789
f 3474 3471 3799
f 3474 3787 3461
f 3792 3800 3464
f 3464 3800 3475
f 3476 3475 3800
f 3476 3800 3801
f 3478 3803 3802
f 3793 3478 3802
f 3466 3478 3793
f 3803 3804 3802
f 3806 3805 3481
f 3481 3805 3480
f 3807 3481 3482
f 3807 3806 3481
f 3808 3482 3484
f 3808 3807 3482
f 3809 3484 3486
f 3809 3808 3484
f 3810 3486 3488
f 3810 3809 3486
f 3812 3811 3490
f 3811 3488 3490
f 3811 3810 3488
f 3811 3812 3795
f 3812 3794 3795
f 3812 3813 3794
f 3813 3492 3469
f 3813 3469 3794
f 3815 3814 3493
f 3815 3493 3494
f 3796 3495 3798
f 3495 3814 3798
f 3495 3493 3814
f 3495 3796 3472
f 3801 3816 3476
f 3476 3816 3496
f 3498 3496 3816
f 3498 3816 3817
f 3500 3818 3803
f 3500 3803 3478
f 3804 3803 3819
f 3803 3820 3819
f 3803 3818 3820
f 3820 3821 3819
f 3824 3823 3822
f 3501 3502 3822
f 3502 3824 3822
f 3502 3825 3824
f 3502 3480 3805
f 3502 3805 3825
f 3503 3812 3490
f 3812 3503 3504
f 3812 3504 3813
f 3813 3504 3492
f 3828 3827 3826
f 3506 3507 3826
f 3827 3506 3826
f 3829 3506 3827
f 3494 3506 3815
f 3815 3506 3829
f 3508 3498 3830
f 3498 3831 3830
f 3498 3817 3831
f 3830 3510 3508
f 3511 3832 3818
f 3511 3818 3500
f 3818 3833 3820
f 3818 3832 3833
f 3821 3820 3834
f 3834 3820 3833
f 3822 3823 3513
f 3823 3512 3513
f 3823 3835 3512
f 3822 3513 3501
f 3837 3836 3514
f 3837 3514 3515
f 3826 3516 3828
f 3516 3836 3828
f 3516 3514 3836
f 3516 3826 3507
f 3830 3831 3838
f 3838 3831 3839
f 3840 3517 3510
f 3830 3840 3510
f 3838 3840 3830
f 3840 3841 3517
f 3517 3841 3511
f 3841 3842 3511
f 3842 3832 3511
f 3832 3842 3833
f 3833 3842 3843
f 3833 3843 3834
f 3845 3844 3519
f 3519 3844 3518
f 3519 3512 3835
f 3519 3835 3845
f 3847 3846 3520
f 3847 3520 3521
f 3515 3520 3837
f 3837 3520 3846
f 3850 3849 3848
f 3850 3848 3839
f 3848 3838 3839
f 3848 3851 3838
f 3838 3852 3840
f 3838 3851 3852
f 3841 3840 3853
f 3853 3840 3852
f 3844 3522 3518
f 3854 3522 3844
f 3856 3855 3524
f 3856 3524 3525
f 3521 3524 3847
f 3847 3524 3855
f 3849 3857 3848
f 3859 3858 3857
f 3858 3848 3857
f 3858 3851 3848
f 3861 3852 3860
f 3852 3858 3860
f 3852 3851 3858
f 3852 3861 3853
f 3854 3862 3522
f 3522 3862 3526
f 3527 3526 3862
f 3527 3862 3863
f 3528 3856 3525
f 3528 3864 3856
f 3859 3865 3858
f 3858 3865 3860
f 3863 3866 3527
f 3527 3866 3529
f 3529 3867 3530
f 3866 3867 3529
f 3531 3530 3867
f 3531 3867 3868
f 3532 3864 3528
f 3532 3869 3864
f 3868 3870 3531
f 3531 3870 3533
f 3533 3871 3535
f 3870 3871 3533
f 3536 3535 3871
f 3536 3871 3872
f 3537 3869 3532
f 3537 3873 3869
f 3872 3874 3536
f 3536 3874 3539
f 3540 3539 3874
f 3540 3874 3875
f 3876 3873 3537
f 3876 3537 3541
f 3541 3542 3876
f 3876 3542 3877
f 3875 3878 3540
f 3540 3878 3544
f 3545 3544 3878
f 3545 3878 3879
f 3880 3877 3542
f 3880 3542 3546
f 3546 3547 3880
f 3880 3547 3881
f 3879 3882 3545
f 3545 3882 3549
f 3550 3549 3882
f 3550 3882 3883
f 3884 3881 3547
f 3884 3547 3551
f 3885 3551 3552
f 3885 3884 3551
f 3552 3553 3885
f 3885 3553 3886
f 3883 3887 3550
f 3550 3887 3554
f 3555 3554 3887
f 3555 3887 3888
f 3889 3886 3553
f 3889 3553 3556
f 3890 3556 3557
f 3890 3889 3556
f 3891 3557 3558
f 3891 3890 3557
f 3893 3891 3892
f 3891 3560 3892
f 3891 3558 3560
f 3895 3892 3894
f 3892 3560 3894
f 3562 3896 3894
f 3562 3894 3560
f 3896 3897 3894
f 3888 3898 3555
f 3555 3898 3563
f 3900 3899 3564
f 3563 3900 3564
f 3898 3900 3563
f 3901 3899 3900
f 3904 3903 3902
f 3902 3903 3893
f 3892 3902 3893
f 3905 3902 3892
f 3896 3562 3565
f 3895 3906 3892
f 3907 3892 3906
f 3892 3907 3905
f 3907 3567 3908
f 3567 3907 3565
f 3896 3565 3907
f 3906 3896 3907
f 3896 3906 3897
f 3909 3897 3906
f 3897 3909 3910
f 3908 3910 3909
f 3907 3908 3909
f 3908 3569 3910
f 3569 3570 3910
f 3912 3911 3910
f 3912 3910 3570
f 3571 3912 3570
f 3899 3572 3564
f 3901 3913 3899
f 3913 3572 3899
f 3913 3573 3572
f 3915 3914 3574
f 3573 3915 3574
f 3913 3915 3573
f 3917 3916 3914
f 3917 3914 3915
f 3919 3918 3916
f 3919 3916 3917
f 3918 3919 3904
f 3902 3918 3904
f 3920 3918 3902
f 3577 3920 3576
f 3920 3905 3576
f 3920 3902 3905
f 3576 3905 3579
f 3579 3905 3907
f 3907 3909 3579
f 3909 3921 3579
f 3908 3567 3579
f 3908 3579 3921
f 3912 3922 3911
f 3923 3908 3921
f 3908 3923 3569
f 3582 3569 3923
f 3571 3583 3912
f 3583 3924 3912
f 3924 3922 3912
f 3924 3583 3925
f 3925 3926 3924
f 3914 3585 3574
f 3585 3914 3586
f 3586 3914 3916
f 3586 3916 3587
f 3587 3916 3918
f 3587 3918 3589
f 3589 3918 3920
f 3589 3920 3577
f 3591 3582 3927
f 3582 3928 3927
f 3582 3923 3928
f 3925 3583 3591
f 3927 3925 3591
f 3929 3925 3927
f 3926 3925 3930
f 3925 3931 3930
f 3925 3929 3931
f 3931 3932 3930
f 3935 3934 3933
f 3937 3936 3933
f 3933 3936 3935
f 3939 3938 3937
f 3937 3938 3936
f 3941 3940 3939
f 3939 3940 3938
f 3941 3942 3940
f 3928 3943 3927
f 3927 3943 3929
f 3929 3943 3944
f 3946 3945 3944
f 3945 3929 3944
f 3945 3931 3929
f 3932 3931 3947
f 3947 3931 3945
f 3933 3934 3594
f 3934 3593 3594
f 3934 3948 3593
f 3933 3594 3595
f 3933 3595 3937
f 3937 3595 3596
f 3937 3596 3939
f 3939 3596 3597
f 3939 3597 3941
f 3949 3942 3941
f 3597 3949 3941
f 3598 3949 3597
f 3951 3950 3600
f 3950 3598 3600
f 3950 3949 3598
f 3953 3952 3951
f 3951 3952 3950
f 3955 3954 3953
f 3953 3954 3952
f 3957 3956 3955
f 3955 3956 3954
f 3957 3958 3956
f 3961 3960 3959
f 3959 3962 3961
f 3945 3946 3963
f 3963 3946 3964
f 3603 3965 3602
f 3965 3945 3602
f 3945 3963 3602
f 3945 3965 3947
f 3603 3604 3965
f 3965 3604 3966
f 3948 3967 3593
f 3593 3967 3605
f 3607 3605 3967
f 3607 3967 3968
f 3608 3951 3600
f 3951 3608 3609
f 3951 3609 3953
f 3953 3609 3611
f 3953 3611 3955
f 3955 3611 3613
f 3955 3613 3957
f 3969 3958 3957
f 3613 3969 3957
f 3615 3969 3613
f 3617 3959 3960
f 3969 3617 3960
f 3615 3617 3969
f 3970 3962 3959
f 3617 3970 3959
f 3619 3970 3617
f 3971 3619 3621
f 3971 3970 3619
f 3972 3621 3623
f 3972 3971 3621
f 3974 3973 3625
f 3973 3623 3625
f 3973 3972 3623
f 3976 3975 3974
f 3974 3975 3973
f 3975 3976 3964
f 3976 3963 3964
f 3976 3977 3963
f 3978 3626 3602
f 3963 3978 3602
f 3977 3978 3963
f 3978 3979 3626
f 3979 3604 3626
f 3979 3966 3604
f 3968 3980 3607
f 3607 3980 3627
f 3627 3981 3628
f 3980 3981 3627
f 3630 3628 3981
f 3630 3981 3982
f 3635 3974 3625
f 3974 3635 3637
f 3974 3637 3976
f 3976 3637 3639
f 3983 3976 3639
f 3977 3976 3983
f 3985 3978 3984
f 3978 3983 3984
f 3978 3977 3983
f 3978 3985 3979
f 3982 3986 3630
f 3630 3986 3640
f 3640 3987 3641
f 3986 3987 3640
f 3987 3989 3988
f 3642 3987 3988
f 3641 3987 3642
f 3990 3643 3642
f 3990 3642 3988
f 3643 3990 3991
f 3992 3643 3991
f 3644 3643 3992
f 3644 3993 3645
f 3992 3993 3644
f 3645 3994 3646
f 3993 3994 3645
f 3646 3995 3647
f 3994 3995 3646
f 3649 3647 3995
f 3649 3995 3996
f 3653 3997 3983
f 3653 3983 3639
f 3984 3983 3998
f 3998 3983 3997
f 3989 3999 3988
f 3988 3999 3990
f 3990 3999 4000
f 3990 4000 3991
f 3996 4001 3649
f 3649 4001 3654
f 3654 4002 3655
f 4001 4002 3654
f 3655 4003 3656
f 4002 4003 3655
f 4003 4005 4004
f 3657 4003 4004
f 3656 4003 3657
f 4006 3658 3657
f 4006 3657 4004
f 4006 4007 3658
f 3658 4007 3653
f 4007 4008 3653
f 4008 3997 3653
f 3997 4008 3998
f 4005 4009 4004
f 4004 4009 4006
f 4006 4009 4010
f 4006 4010 4007
f 4012 4011 3661
f 3661 4011 3660
f 4013 3661 3662
f 4013 4012 3661
f 4014 3662 3664
f 4014 4013 3662
f 4016 4015 3666
f 4015 3664 3666
f 4015 4014 3664
f 3668 3669 4016
f 3669 4015 4016
f 3669 4017 4015
f 3669 3670 4017
f 4017 3670 4018
f 3671 3660 4019
f 3660 4020 4019
f 3660 4011 4020
f 4021 3672 3671
f 4021 3671 4019
f 4021 3674 3672
f 3675 4016 3666
f 4016 3675 3668
f 3678 4023 4022
f 4018 3678 4022
f 3670 3678 4018
f 4023 4024 4022
f 4027 4026 4025
f 4027 4025 4020
f 4020 4025 4019
f 4025 3680 4019
f 3680 3681 4019
f 4019 3681 3682
f 4019 3682 4021
f 4021 3682 3674
f 3685 4023 3678
f 4028 4024 4023
f 3685 4028 4023
f 3687 4028 3685
f 4029 3687 3689
f 4029 4028 3687
f 4031 4030 3691
f 4030 3689 3691
f 4030 4029 3689
f 4031 4032 4030
f 4026 4033 4025
f 4033 4035 4034
f 4033 4034 3692
f 4025 4033 3692
f 3680 4025 3692
f 4034 3694 3692
f 3697 4031 3691
f 4037 4036 3699
f 3699 4036 3697
f 4036 4032 3697
f 4032 4031 3697
f 4037 4038 4036
f 4041 4040 4039
f 4041 4039 4035
f 4039 4034 4035
f 4039 4042 4034
f 4042 3701 3694
f 4042 3694 4034
f 3702 4043 4037
f 3702 4037 3699
f 4038 4037 4044
f 4044 4037 4043
f 4039 4040 4045
f 4045 4040 4046
f 4045 3704 3705
f 4042 4045 3705
f 4039 4045 4042
f 4042 3705 3701
f 4048 4047 4043
f 3702 4048 4043
f 3707 4048 3702
f 4043 4047 4044
f 4051 4050 4049
f 3708 3709 4049
f 3709 4051 4049
f 3709 4052 4051
f 3710 4045 4046
f 4052 3710 4046
f 3709 3710 4052
f 4045 3710 3704
f 4054 4053 3713
f 4054 3713 3712
f 3707 3713 4048
f 4048 3713 4053
f 4056 4055 3715
f 3715 4055 3714
f 3716 4049 4050
f 4056 3716 4050
f 3715 3716 4056
f 4049 3716 3708
f 3718 4058 4057
f 4054 3718 4057
f 3712 3718 4054
f 4058 4059 4057
f 4060 3720 3721
f 4060 3721 4061
f 3721 4062 4061
f 3721 3722 4062
f 3722 3714 4055
f 3722 4055 4062
f 3723 4058 3718
f 4064 4063 3725
f 3725 4063 3723
f 4063 4059 3723
f 4059 4058 3723
f 3727 3728 4064
f 3728 4063 4064
f 3728 4065 4063
f 4066 3728 3729
f 4066 4065 3728
f 4067 3729 3730
f 4067 4066 3729
f 4068 3730 3731
f 4068 4067 3730
f 4069 3731 3732
f 4069 4068 3731
f 4071 4069 4070
f 4069 3733 4070
f 4069 3732 3733
f 3735 4070 3733
f 4072 3736 3737
f 4072 3737 4073
f 3737 4074 4073
f 3737 3738 4074
f 3738 3720 4060
f 4075 3738 4060
f 4074 3738 4075
f 4075 4060 4061
f 3739 4064 3725
f 4064 3739 3727
f 4076 4071 4070
f 4076 4070 3735
f 3740 4076 3735
f 4077 4076 3740
f 4079 4077 4078
f 4077 3741 4078
f 4077 3740 3741
f 3743 4078 3741
f 4081 4080 3746
f 3746 4080 3745
f 4082 3746 3747
f 4082 4081 3746
f 3747 3736 4072
f 4083 3747 4072
f 4082 3747 4083
f 4083 4072 4073
f 4085 4084 3749
f 4085 3749 3750
f 3749 4086 3752
f 4084 4086 3749
f 3752 4087 3754
f 4086 4087 3752
f 4089 4088 3755
f 3754 4089 3755
f 4087 4089 3754
f 4091 4090 4088
f 4091 4088 4089
f 4093 4092 4090
f 4093 4090 4091
f 4095 4094 4092
f 4095 4092 4093
f 3757 3758 4094
f 4095 3757 4094
f 4096 3757 4095
f 3757 4097 3759
f 4096 4097 3757
f 3759 4098 3761
f 4097 4098 3759
f 4098 4100 4099
f 3763 4098 4099
f 3761 4098 3763
f 4099 3764 3763
f 4101 4079 4078
f 4103 4101 4102
f 4102 4101 3765
f 4101 4078 3765
f 4078 3743 3765
f 3766 4104 3765
f 3765 4104 4102
f 3768 4104 3766
f 4107 4106 4105
f 4080 4107 4105
f 3769 4080 4105
f 3745 4080 3769
f 4109 4108 3771
f 4109 3771 3772
f 3771 4110 3773
f 4108 4110 3771
f 3773 4111 3774
f 4110 4111 3773
f 3774 4112 3775
f 4111 4112 3774
f 3750 3775 4085
f 4085 3775 4112
f 4088 3776 3755
f 3776 4088 3777
f 3777 4088 4090
f 3777 4090 3778
f 3778 4090 4092
f 3778 4092 3779
f 3779 4092 4094
f 3779 4094 3758
f 4100 4113 4099
f 4099 4113 3764
f 4113 3780 3764
f 4113 4114 3780
f 3780 4115 3781
f 4114 4115 3780
f 3782 3781 4115
f 3782 4115 4116
f 4117 4103 4102
f 4117 4102 4104
f 4117 4104 4118
f 4120 4118 4119
f 4119 4118 3783
f 4118 4104 3783
f 4104 3768 3783
f 3784 4121 3783
f 3783 4121 4119
f 3785 4121 3784
f 4105 4106 4122
f 4122 4106 4123
f 4122 3786 3769
f 4122 3769 4105
f 4125 4124 3788
f 4125 3788 3789
f 3788 4126 3790
f 4124 4126 3788
f 3772 3790 4109
f 4109 3790 4126
f 4116 4127 3782
f 3782 4127 3791
f 3792 3791 4127
f 3792 4127 4128
f 4129 4120 4119
f 4131 4130 4129
f 4119 4131 4129
f 4121 4131 4119
f 3793 4131 3785
f 3785 4131 4121
f 4134 4133 4132
f 4136 4135 4132
f 4132 4135 4134
f 4138 4137 4136
f 4136 4137 4135
f 4140 4139 4138
f 4138 4139 4137
f 4139 4140 4123
f 4140 4122 4123
f 4140 4141 4122
f 4141 3795 3786
f 4141 3786 4122
f 4143 4142 3797
f 4143 3797 3798
f 3797 4144 3799
f 4142 4144 3797
f 3789 3799 4125
f 4125 3799 4144
f 4128 4145 3792
f 3792 4145 3800
f 3801 3800 4145
f 3801 4145 4146
f 4147 4130 4131
f 4147 4131 3793
f 3802 4147 3793
f 4148 4147 3802
f 3802 3804 4148
f 4148 3804 4149
f 4152 4151 4150
f 3805 3806 4150
f 3806 4152 4150
f 3806 4153 4152
f 3807 4132 4133
f 4153 3807 4133
f 3806 3807 4153
f 4132 3807 3808
f 4132 3808 4136
f 4136 3808 3809
f 4136 3809 4138
f 4138 3809 3810
f 4138 3810 4140
f 4140 3810 3811
f 4140 3811 4141
f 4141 3811 3795
f 4155 4154 3814
f 4155 3814 3815
f 3798 3814 4143
f 4143 3814 4154
f 3816 3801 4156
f 3801 4157 4156
f 3801 4146 4157
f 4156 3817 3816
f 4158 4149 3804
f 4158 3804 3819
f 3819 3821 4158
f 4158 3821 4159
f 4161 4160 3824
f 3824 4160 3823
f 3825 4150 4151
f 4161 3825 4151
f 3824 3825 4161
f 4150 3825 3805
f 4163 4162 3827
f 4163 3827 3828
f 3827 4164 3829
f 4162 4164 3827
f 3815 3829 4155
f 4155 3829 4164
f 4157 4165 4156
f 3817 4156 4165
f 4166 3817 4165
f 3831 3817 4166
f 3834 4159 3821
f 3834 4167 4159
f 4170 4169 4168
f 4160 4170 4168
f 3835 4160 4168
f 3823 4160 3835
f 4172 4171 3836
f 4172 3836 3837
f 3828 3836 4163
f 4163 3836 4171
f 4175 4174 4173
f 4166 4175 4173
f 3839 4166 4173
f 3831 4166 3839
f 3841 4176 3842
f 4177 3843 3842
f 4177 3842 4176
f 4177 4178 3843
f 4178 3834 3843
f 4178 4167 3834
f 4168 4169 3845
f 4169 3844 3845
f 4169 4179 3844
f 4168 3845 3835
f 4181 4180 3846
f 4181 3846 3847
f 3837 3846 4172
f 4172 3846 4180
f 4173 4174 3850
f 4174 3849 3850
f 4174 4182 3849
f 4173 3850 3839
f 4184 4183 4176
f 3841 4184 4176
f 3853 4184 3841
f 4176 4183 4177
f 4177 4183 4185
f 4177 4185 4178
f 4179 3854 3844
f 4186 3854 4179
f 4188 4187 3855
f 4188 3855 3856
f 3847 3855 4181
f 4181 3855 4187
f 4182 4189 3849
f 3849 4189 3857
f 4191 4190 3859
f 3857 4191 3859
f 4189 4191 3857
f 4192 3861 3860
f 4193 4190 4191
f 4192 4194 3861
f 4194 3853 3861
f 4194 4184 3853
f 3862 3854 4195
f 3854 4196 4195
f 3854 4186 4196
f 4195 3863 3862
f 3864 4188 3856
f 3864 4197 4188
f 4190 3865 3859
f 4190 4193 3865
f 4193 4198 3865
f 4192 3860 3865
f 4192 3865 4198
f 4192 4198 4194
f 4196 4199 4195
f 4199 4201 4200
f 4199 4200 3866
f 4195 4199 3866
f 3863 4195 3866
f 4202 3867 3866
f 4202 3866 4200
f 4202 3868 3867
f 3869 4197 3864
f 3869 4203 4197
f 4201 4204 4200
f 4200 4204 4202
f 4202 4204 4205
f 4205 4207 4206
f 4205 4206 3870
f 4202 4205 3870
f 3868 4202 3870
f 4208 3871 3870
f 4208 3870 4206
f 4208 3872 3871
f 3873 4203 3869
f 3873 4209 4203
f 4207 4210 4206
f 4206 4210 4208
f 4208 4210 4211
f 4211 4213 4212
f 4211 4212 3874
f 4208 4211 3874
f 3872 4208 3874
f 4212 3875 3874
f 4214 4209 3873
f 4214 3873 3876
f 3876 3877 4214
f 4214 3877 4215
f 4213 4216 4212
f 4216 4218 4217
f 4216 4217 3878
f 4212 4216 3878
f 3875 4212 3878
f 4217 3879 3878
f 4219 4215 3877
f 4219 3877 3880
f 3880 3881 4219
f 4219 3881 4220
f 4218 4221 4217
f 4217 4221 3879
f 4221 3882 3879
f 4221 4222 3882
f 3883 3882 4222
f 3883 4222 4223
f 4224 4220 3881
f 4224 3881 3884
f 4225 3884 3885
f 4225 4224 3884
f 3885 3886 4225
f 4225 3886 4226
f 4223 4227 3883
f 3883 4227 3887
f 3888 3887 4227
f 3888 4227 4228
f 4229 4226 3886
f 4229 3886 3889
f 4230 3889 3890
f 4230 4229 3889
f 4232 4230 4231
f 4230 3891 4231
f 4230 3890 3891
f 3893 4231 3891
f 4233 3895 3894
f 3897 4233 3894
f 4228 4234 3888
f 3888 4234 3898
f 4234 4236 4235
f 3900 4234 4235
f 3898 4234 3900
f 4235 3901 3900
f 3903 3904 4237
f 4231 4238 4232
f 4238 4231 4239
f 3893 4239 4231
f 4239 3893 4240
f 3903 4240 3893
f 4240 3903 4237
f 4239 4233 4241
f 4233 4239 3895
f 4240 3895 4239
f 3895 4240 3906
f 4242 3906 4240
f 4242 3909 3906
f 3910 4233 3897
f 4233 3910 4241
f 4243 4241 3910
f 4245 4244 3911
f 4244 3910 3911
f 4244 4243 3910
f 4245 4246 4244
f 4249 4248 4247
f 4247 4250 4249
f 4236 4251 4235
f 4235 4251 3901
f 4251 3913 3901
f 4251 4252 3913
f 3913 4253 3915
f 4252 4253 3913
f 3915 4254 3917
f 4253 4254 3915
f 3917 4255 3919
f 4254 4255 3917
f 3904 3919 4237
f 3919 4256 4237
f 3919 4255 4256
f 4237 4256 4240
f 4240 4256 4257
f 4259 4258 4257
f 4258 4240 4257
f 4258 4242 4240
f 4260 3921 3909
f 4242 4260 3909
f 4258 4260 4242
f 3922 4245 3911
f 3923 3921 4260
f 4261 4246 4245
f 3922 4261 4245
f 3924 4261 3922
f 3924 3926 4261
f 4261 3926 4262
f 4247 4248 4263
f 4263 4248 4264
f 4250 4247 4265
f 4247 4266 4265
f 4247 4263 4266
f 4268 4267 4266
f 4266 4267 4265
f 4270 4269 4268
f 4268 4269 4267
f 4270 4271 4269
f 4258 4259 4272
f 4272 4259 4273
f 4258 4274 4260
f 4258 4272 4274
f 4274 3928 3923
f 4274 3923 4260
f 4275 4262 3926
f 4275 3926 3930
f 3930 3932 4275
f 4275 3932 4276
f 4263 4264 4277
f 4277 4264 4278
f 4277 3934 3935
f 4266 4277 3935
f 4263 4277 4266
f 4266 3935 3936
f 4266 3936 4268
f 4268 3936 3938
f 4268 3938 4270
f 4279 4271 4270
f 3938 4279 4270
f 3940 4279 3938
f 4281 4280 3942
f 4280 3940 3942
f 4280 4279 3940
f 4283 4282 4281
f 4281 4282 4280
f 4285 4284 4283
f 4283 4284 4282
f 4287 4286 4285
f 4285 4286 4284
f 4287 4288 4286
f 4291 4290 4289
f 4293 4292 4289
f 4289 4292 4291
f 4295 4294 4293
f 4293 4294 4292
f 4294 4295 4273
f 4295 4272 4273
f 4295 4296 4272
f 4272 4297 4274
f 4272 4296 4297
f 4298 3943 3928
f 4274 4298 3928
f 4297 4298 4274
f 4299 3944 3943
f 4299 3943 4298
f 4299 3946 3944
f 3947 4276 3932
f 3947 4300 4276
f 4277 4278 4301
f 4301 4278 4302
f 4301 3948 3934
f 4301 3934 4277
f 3949 4281 3942
f 4281 3949 3950
f 4281 3950 4283
f 4283 3950 3952
f 4283 3952 4285
f 4285 3952 3954
f 4285 3954 4287
f 4303 4288 4287
f 3954 4303 4287
f 3956 4303 3954
f 4304 4289 3958
f 4289 4303 3958
f 4303 3956 3958
f 4289 4290 4303
f 4304 3960 3961
f 4293 4304 3961
f 4289 4304 4293
f 4293 3961 3962
f 4305 4293 3962
f 4295 4293 4305
f 4295 4306 4296
f 4295 4305 4306
f 4296 4307 4297
f 4296 4306 4307
f 4297 4308 4298
f 4297 4307 4308
f 4298 4309 4299
f 4298 4308 4309
f 4309 3964 3946
f 4309 3946 4299
f 4310 4300 3947
f 4310 3947 3965
f 3965 3966 4310
f 4310 3966 4311
f 4302 4312 4301
f 4301 4312 3948
f 4312 3967 3948
f 4312 4313 3967
f 3968 3967 4313
f 3968 4313 4314
f 3969 4304 3958
f 4304 3969 3960
f 3970 4305 3962
f 4305 3970 3971
f 4305 3971 4306
f 4306 3971 3972
f 4306 3972 4307
f 4307 3972 3973
f 4307 3973 4308
f 4308 3973 3975
f 4308 3975 4309
f 4309 3975 3964
f 3979 4311 3966
f 3979 4315 4311
f 4314 4316 3968
f 3968 4316 3980
f 3980 4317 3981
f 4316 4317 3980
f 3982 3981 4317
f 3982 4317 4318
f 3984 4319 3985
f 4319 4320 3985
f 4320 3979 3985
f 4320 4315 3979
f 4318 4321 3982
f 3982 4321 3986
f 3986 4322 3987
f 4321 4322 3986
f 3989 3987 4322
f 3989 4322 4323
f 3991 4324 3992
f 4325 3993 3992
f 4325 3992 4324
f 4326 3994 3993
f 4326 3993 4325
f 4327 3995 3994
f 4327 3994 4326
f 4327 3996 3995
f 3998 4328 4319
f 3998 4319 3984
f 4320 4319 4329
f 4329 4319 4328
f 4323 4330 3989
f 3989 4330 3999
f 3999 4331 4000
f 4330 4331 3999
f 3991 4000 4324
f 4000 4332 4324
f 4000 4331 4332
f 4324 4332 4325
f 4325 4332 4333
f 4325 4333 4326
f 4326 4333 4334
f 4326 4334 4327
f 4327 4334 4335
f 4327 4335 3996
f 4335 4001 3996
f 4335 4336 4001
f 4001 4337 4002
f 4336 4337 4001
f 4002 4338 4003
f 4337 4338 4002
f 4005 4003 4338
f 4005 4338 4339
f 4007 4340 4008
f 4340 4341 4008
f 4008 4341 3998
f 4341 4342 3998
f 4342 4328 3998
f 4328 4342 4329
f 4339 4343 4005
f 4005 4343 4009
f 4009 4344 4010
f 4343 4344 4009
f 4007 4010 4340
f 4010 4345 4340
f 4010 4344 4345
f 4340 4345 4341
f 4348 4347 4346
f 4350 4349 4346
f 4346 4349 4348
f 4350 4351 4349
f 4354 4353 4352
f 4011 4012 4352
f 4012 4354 4352
f 4012 4355 4354
f 4013 4346 4347
f 4355 4013 4347
f 4012 4013 4355
f 4346 4013 4014
f 4346 4014 4350
f 4356 4351 4350
f 4014 4356 4350
f 4015 4356 4014
f 4357 4015 4017
f 4357 4356 4015
f 4359 4358 4018
f 4358 4017 4018
f 4358 4357 4017
f 4361 4360 4359
f 4359 4360 4358
f 4361 4362 4360
f 4365 4364 4363
f 4365 4363 4353
f 4363 4352 4353
f 4363 4366 4352
f 4366 4020 4011
f 4366 4011 4352
f 4022 4359 4018
f 4359 4022 4024
f 4367 4359 4024
f 4361 4359 4367
f 4362 4361 4368
f 4368 4361 4367
f 4371 4370 4369
f 4371 4369 4364
f 4369 4363 4364
f 4369 4372 4363
f 4372 4026 4027
f 4366 4372 4027
f 4363 4372 4366
f 4366 4027 4020
f 4028 4367 4024
f 4373 4368 4367
f 4028 4373 4367
f 4029 4373 4028
f 4374 4029 4030
f 4374 4373 4029
f 4030 4032 4374
f 4374 4032 4375
f 4370 4376 4369
f 4378 4377 4376
f 4377 4369 4376
f 4377 4372 4369
f 4379 4033 4026
f 4372 4379 4026
f 4377 4379 4372
f 4379 4035 4033
f 4380 4375 4032
f 4380 4032 4036
f 4036 4038 4380
f 4380 4038 4381
f 4384 4383 4382
f 4384 4382 4378
f 4382 4377 4378
f 4382 4385 4377
f 4385 4040 4041
f 4379 4385 4041
f 4377 4385 4379
f 4379 4041 4035
f 4044 4381 4038
f 4044 4386 4381
f 4382 4383 4387
f 4387 4383 4388
f 4382 4389 4385
f 4382 4387 4389
f 4389 4046 4040
f 4389 4040 4385
f 4048 4390 4047
f 4390 4391 4047
f 4391 4044 4047
f 4391 4386 4044
f 4387 4388 4051
f 4388 4050 4051
f 4388 4392 4050
f 4387 4051 4052
f 4387 4052 4389
f 4389 4052 4046
f 4054 4393 4053
f 4393 4394 4053
f 4053 4394 4048
f 4394 4395 4048
f 4395 4390 4048
f 4390 4395 4391
f 4397 4396 4056
f 4056 4396 4055
f 4056 4050 4392
f 4056 4392 4397
f 4057 4393 4054
f 4399 4398 4059
f 4059 4398 4057
f 4398 4394 4057
f 4394 4393 4057
f 4399 4400 4398
f 4402 4401 4062
f 4062 4401 4061
f 4062 4055 4396
f 4062 4396 4402
f 4063 4399 4059
f 4403 4400 4399
f 4063 4403 4399
f 4065 4403 4063
f 4404 4065 4066
f 4404 4403 4065
f 4405 4066 4067
f 4405 4404 4066
f 4407 4405 4406
f 4405 4068 4406
f 4405 4067 4068
f 4069 4408 4068
f 4068 4408 4406
f 4071 4408 4069
f 4409 4073 4074
f 4409 4074 4410
f 4074 4411 4410
f 4074 4075 4411
f 4075 4061 4401
f 4075 4401 4411
f 4412 4407 4406
f 4412 4406 4408
f 4412 4408 4413
f 4415 4413 4414
f 4414 4413 4076
f 4413 4408 4076
f 4408 4071 4076
f 4077 4416 4076
f 4076 4416 4414
f 4079 4416 4077
f 4417 4080 4081
f 4417 4081 4418
f 4081 4419 4418
f 4081 4082 4419
f 4420 4082 4083
f 4420 4419 4082
f 4083 4073 4409
f 4421 4083 4409
f 4420 4083 4421
f 4421 4409 4410
f 4423 4422 4084
f 4423 4084 4085
f 4084 4424 4086
f 4422 4424 4084
f 4086 4425 4087
f 4424 4425 4086
f 4087 4426 4089
f 4425 4426 4087
f 4089 4427 4091
f 4426 4427 4089
f 4091 4428 4093
f 4427 4428 4091
f 4093 4429 4095
f 4428 4429 4093
f 4095 4430 4096
f 4429 4430 4095
f 4096 4431 4097
f 4430 4431 4096
f 4097 4432 4098
f 4431 4432 4097
f 4100 4098 4432
f 4100 4432 4433
f 4434 4415 4414
f 4436 4435 4434
f 4414 4436 4434
f 4416 4436 4414
f 4101 4437 4079
f 4437 4416 4079
f 4437 4436 4416
f 4103 4437 4101
f 4439 4438 4107
f 4107 4438 4106
f 4107 4080 4417
f 4440 4107 4417
f 4439 4107 4440
f 4440 4417 4418
f 4442 4441 4108
f 4442 4108 4109
f 4108 4443 4110
f 4441 4443 4108
f 4110 4444 4111
f 4443 4444 4110
f 4111 4445 4112
f 4444 4445 4111
f 4085 4112 4423
f 4423 4112 4445
f 4433 4446 4100
f 4100 4446 4113
f 4446 4448 4447
f 4114 4446 4447
f 4113 4446 4114
f 4449 4435 4436
f 4114 4449 4436
f 4115 4114 4436
f 4449 4114 4447
f 4115 4436 4116
f 4436 4450 4116
f 4436 4437 4450
f 4117 4451 4103
f 4451 4437 4103
f 4451 4450 4437
f 4118 4452 4117
f 4117 4452 4451
f 4120 4452 4118
f 4455 4454 4453
f 4457 4456 4453
f 4453 4456 4455
f 4438 4456 4457
f 4123 4438 4457
f 4106 4438 4123
f 4459 4458 4124
f 4459 4124 4125
f 4124 4460 4126
f 4458 4460 4124
f 4109 4126 4442
f 4442 4126 4460
f 4448 4461 4447
f 4447 4461 4449
f 4450 4127 4116
f 4127 4450 4128
f 4450 4462 4128
f 4450 4451 4462
f 4463 4451 4452
f 4462 4451 4463
f 4129 4464 4120
f 4464 4452 4120
f 4464 4463 4452
f 4130 4464 4129
f 4467 4466 4465
f 4469 4468 4465
f 4465 4468 4467
f 4133 4134 4469
f 4134 4468 4469
f 4134 4470 4468
f 4471 4134 4135
f 4471 4470 4134
f 4137 4453 4454
f 4471 4137 4454
f 4135 4137 4471
f 4453 4137 4139
f 4453 4139 4457
f 4457 4139 4123
f 4143 4472 4142
f 4142 4472 4473
f 4474 4142 4473
f 4144 4142 4474
f 4125 4144 4459
f 4459 4144 4474
f 4462 4145 4128
f 4462 4463 4475
f 4146 4462 4475
f 4476 4146 4475
f 4462 4146 4145
f 4475 4463 4464
f 4475 4464 4477
f 4477 4464 4130
f 4147 4477 4130
f 4478 4477 4147
f 4480 4478 4479
f 4478 4148 4479
f 4478 4147 4148
f 4149 4479 4148
f 4483 4482 4481
f 4483 4481 4466
f 4466 4481 4465
f 4481 4151 4465
f 4151 4152 4465
f 4465 4152 4153
f 4465 4153 4469
f 4469 4153 4133
f 4485 4484 4154
f 4485 4154 4155
f 4143 4154 4472
f 4154 4486 4472
f 4154 4484 4486
f 4472 4486 4473
f 4476 4157 4146
f 4487 4157 4476
f 4488 4480 4479
f 4488 4479 4149
f 4158 4488 4149
f 4489 4488 4158
f 4158 4159 4489
f 4489 4159 4490
f 4481 4482 4161
f 4482 4160 4161
f 4482 4491 4160
f 4481 4161 4151
f 4493 4492 4162
f 4493 4162 4163
f 4162 4494 4164
f 4492 4494 4162
f 4155 4164 4485
f 4485 4164 4494
f 4165 4157 4495
f 4157 4496 4495
f 4157 4487 4496
f 4495 4166 4165
f 4167 4490 4159
f 4167 4497 4490
f 4499 4498 4170
f 4170 4498 4169
f 4170 4160 4491
f 4170 4491 4499
f 4501 4500 4171
f 4501 4171 4172
f 4163 4171 4493
f 4493 4171 4500
f 4495 4496 4175
f 4496 4174 4175
f 4496 4502 4174
f 4495 4175 4166
f 4178 4497 4167
f 4178 4503 4497
f 4498 4179 4169
f 4504 4179 4498
f 4506 4505 4180
f 4506 4180 4181
f 4172 4180 4501
f 4501 4180 4505
f 4502 4182 4174
f 4507 4182 4502
f 4184 4508 4183
f 4509 4185 4183
f 4509 4183 4508
f 4509 4510 4185
f 4510 4178 4185
f 4510 4503 4178
f 4513 4512 4511
f 4504 4513 4511
f 4186 4504 4511
f 4179 4504 4186
f 4515 4514 4187
f 4515 4187 4188
f 4181 4187 4506
f 4506 4187 4514
f 4507 4516 4182
f 4182 4516 4189
f 4189 4517 4191
f 4516 4517 4189
f 4193 4191 4517
f 4193 4517 4518
f 4520 4519 4508
f 4184 4520 4508
f 4194 4520 4184
f 4508 4519 4509
f 4509 4519 4521
f 4509 4521 4510
f 4512 4522 4511
f 4186 4511 4522
f 4523 4186 4522
f 4196 4186 4523
f 4197 4515 4188
f 4197 4524 4515
f 4518 4525 4193
f 4193 4525 4198
f 4194 4198 4520
f 4520 4198 4525
f 4199 4196 4526
f 4196 4527 4526
f 4196 4523 4527
f 4526 4201 4199
f 4203 4524 4197
f 4203 4528 4524
f 4527 4529 4526
f 4529 4531 4530
f 4529 4530 4204
f 4526 4529 4204
f 4201 4526 4204
f 4532 4205 4204
f 4532 4204 4530
f 4532 4207 4205
f 4209 4534 4533
f 4528 4209 4533
f 4203 4209 4528
f 4534 4535 4533
f 4531 4536 4530
f 4538 4537 4536
f 4537 4530 4536
f 4537 4532 4530
f 4539 4210 4207
f 4532 4539 4207
f 4537 4539 4532
f 4540 4211 4210
f 4540 4210 4539
f 4540 4213 4211
f 4214 4534 4209
f 4214 4215 4534
f 4215 4535 4534
f 4215 4541 4535
f 4537 4538 4542
f 4542 4538 4543
f 4537 4544 4539
f 4537 4542 4544
f 4539 4545 4540
f 4539 4544 4545
f 4546 4216 4213
f 4540 4546 4213
f 4545 4546 4540
f 4546 4218 4216
f 4547 4541 4215
f 4547 4215 4219
f 4549 4548 4220
f 4548 4219 4220
f 4548 4547 4219
f 4549 4550 4548
f 4542 4543 4551
f 4551 4543 4552
f 4542 4553 4544
f 4542 4551 4553
f 4544 4554 4545
f 4544 4553 4554
f 4545 4555 4546
f 4545 4554 4555
f 4556 4221 4218
f 4546 4556 4218
f 4555 4556 4546
f 4557 4222 4221
f 4557 4221 4556
f 4557 4223 4222
f 4224 4549 4220
f 4558 4550 4549
f 4224 4558 4549
f 4225 4558 4224
f 4225 4226 4558
f 4558 4226 4559
f 4551 4552 4560
f 4560 4552 4561
f 4551 4562 4553
f 4551 4560 4562
f 4553 4563 4554
f 4553 4562 4563
f 4554 4564 4555
f 4554 4563 4564
f 4566 4556 4565
f 4556 4564 4565
f 4556 4555 4564
f 4568 4567 4566
f 4567 4556 4566
f 4567 4557 4556
f 4569 4227 4223
f 4557 4569 4223
f 4567 4569 4557
f 4569 4228 4227
f 4570 4559 4226
f 4570 4226 4229
f 4571 4229 4230
f 4571 4570 4229
f 4573 4572 4232
f 4572 4230 4232
f 4572 4571 4230
f 4573 4574 4572
f 4560 4561 4575
f 4575 4561 4576
f 4560 4577 4562
f 4560 4575 4577
f 4562 4578 4563
f 4562 4577 4578
f 4563 4579 4564
f 4563 4578 4579
f 4565 4564 4580
f 4564 4581 4580
f 4564 4579 4581
f 4580 4581 4568
f 4581 4567 4568
f 4581 4582 4567
f 4584 4569 4583
f 4569 4582 4583
f 4569 4567 4582
f 4584 4586 4585
f 4584 4585 4234
f 4569 4584 4234
f 4228 4569 4234
f 4585 4236 4234
f 4238 4573 4232
f 4587 4574 4573
f 4238 4587 4573
f 4239 4587 4238
f 4588 4239 4241
f 4588 4587 4239
f 4589 4241 4243
f 4589 4588 4241
f 4591 4589 4590
f 4589 4244 4590
f 4589 4243 4244
f 4246 4590 4244
f 4575 4576 4592
f 4592 4576 4593
f 4575 4594 4577
f 4575 4592 4594
f 4594 4248 4249
f 4578 4594 4249
f 4577 4594 4578
f 4578 4249 4250
f 4595 4578 4250
f 4579 4578 4595
f 4579 4596 4581
f 4579 4595 4596
f 4581 4597 4582
f 4581 4596 4597
f 4583 4582 4598
f 4582 4599 4598
f 4582 4597 4599
f 4598 4599 4586
f 4599 4585 4586
f 4599 4600 4585
f 4601 4251 4236
f 4585 4601 4236
f 4600 4601 4585
f 4602 4252 4251
f 4602 4251 4601
f 4603 4253 4252
f 4603 4252 4602
f 4604 4254 4253
f 4604 4253 4603
f 4605 4255 4254
f 4605 4254 4604
f 4606 4256 4255
f 4606 4255 4605
f 4607 4257 4256
f 4607 4256 4606
f 4607 4259 4257
f 4608 4591 4590
f 4610 4608 4609
f 4609 4608 4261
f 4608 4590 4261
f 4590 4246 4261
f 4262 4609 4261
f 4593 4611 4592
f 4613 4612 4611
f 4612 4592 4611
f 4612 4594 4592
f 4612 4264 4248
f 4612 4248 4594
f 4265 4595 4250
f 4595 4265 4267
f 4595 4267 4596
f 4596 4267 4269
f 4596 4269 4597
f 4597 4269 4271
f 4614 4597 4271
f 4599 4597 4614
f 4599 4615 4600
f 4599 4614 4615
f 4600 4616 4601
f 4600 4615 4616
f 4601 4617 4602
f 4601 4616 4617
f 4602 4618 4603
f 4602 4617 4618
f 4603 4619 4604
f 4603 4618 4619
f 4604 4620 4605
f 4604 4619 4620
f 4605 4621 4606
f 4605 4620 4621
f 4606 4622 4607
f 4606 4621 4622
f 4622 4273 4259
f 4622 4259 4607
f 4623 4610 4609
f 4625 4623 4624
f 4624 4623 4275
f 4623 4609 4275
f 4609 4262 4275
f 4276 4624 4275
f 4613 4626 4612
f 4264 4612 4626
f 4627 4264 4626
f 4278 4264 4627
f 4279 4614 4271
f 4614 4279 4280
f 4614 4280 4615
f 4615 4280 4282
f 4615 4282 4616
f 4616 4282 4284
f 4616 4284 4617
f 4617 4284 4286
f 4617 4286 4618
f 4618 4286 4288
f 4628 4618 4288
f 4619 4618 4628
f 4628 4290 4291
f 4620 4628 4291
f 4619 4628 4620
f 4620 4291 4292
f 4620 4292 4621
f 4621 4292 4294
f 4621 4294 4622
f 4622 4294 4273
f 4629 4625 4624
f 4624 4276 4629
f 4276 4630 4629
f 4276 4300 4630
f 4627 4302 4278
f 4631 4302 4627
f 4303 4628 4288
f 4628 4303 4290
f 4300 4310 4632
f 4633 4300 4632
f 4630 4300 4633
f 4311 4632 4310
f 4631 4634 4302
f 4302 4634 4312
f 4312 4635 4313
f 4634 4635 4312
f 4314 4313 4635
f 4314 4635 4636
f 4633 4632 4637
f 4633 4637 4638
f 4315 4637 4311
f 4311 4637 4632
f 4636 4639 4314
f 4314 4639 4316
f 4316 4640 4317
f 4639 4640 4316
f 4318 4317 4640
f 4318 4640 4641
f 4638 4637 4642
f 4638 4642 4643
f 4320 4642 4315
f 4315 4642 4637
f 4641 4644 4318
f 4318 4644 4321
f 4321 4645 4322
f 4644 4645 4321
f 4323 4322 4645
f 4323 4645 4646
f 4643 4642 4647
f 4643 4647 4648
f 4329 4647 4320
f 4320 4647 4642
f 4646 4649 4323
f 4323 4649 4330
f 4649 4651 4650
f 4331 4649 4650
f 4330 4649 4331
f 4652 4332 4331
f 4652 4331 4650
f 4653 4333 4332
f 4653 4332 4652
f 4333 4653 4654
f 4655 4333 4654
f 4334 4333 4655
f 4334 4656 4335
f 4655 4656 4334
f 4335 4657 4336
f 4656 4657 4335
f 4336 4658 4337
f 4657 4658 4336
f 4337 4659 4338
f 4658 4659 4337
f 4339 4338 4659
f 4339 4659 4660
f 4648 4647 4342
f 4341 4648 4342
f 4661 4648 4341
f 4342 4647 4329
f 4651 4662 4650
f 4650 4662 4652
f 4652 4662 4663
f 4652 4663 4653
f 4653 4663 4664
f 4653 4664 4654
f 4660 4665 4339
f 4339 4665 4343
f 4343 4666 4344
f 4665 4666 4343
f 4344 4667 4345
f 4666 4667 4344
f 4341 4345 4661
f 4661 4345 4667
f 4670 4669 4668
f 4347 4348 4668
f 4348 4670 4668
f 4348 4671 4670
f 4672 4348 4349
f 4672 4671 4348
f 4674 4673 4351
f 4673 4349 4351
f 4673 4672 4349
f 4674 4675 4673
f 4678 4677 4676
f 4353 4354 4676
f 4354 4678 4676
f 4354 4679 4678
f 4355 4668 4669
f 4679 4355 4669
f 4354 4355 4679
f 4668 4355 4347
f 4356 4674 4351
f 4680 4675 4674
f 4356 4680 4674
f 4357 4680 4356
f 4681 4357 4358
f 4681 4680 4357
f 4682 4358 4360
f 4682 4681 4358
f 4360 4362 4682
f 4682 4362 4683
f 4686 4685 4684
f 4686 4684 4677
f 4677 4684 4676
f 4684 4364 4676
f 4364 4365 4676
f 4676 4365 4353
f 4368 4688 4687
f 4683 4368 4687
f 4362 4368 4683
f 4688 4689 4687
f 4692 4691 4690
f 4692 4690 4685
f 4685 4690 4684
f 4690 4370 4684
f 4370 4371 4684
f 4684 4371 4364
f 4373 4688 4368
f 4693 4689 4688
f 4373 4693 4688
f 4374 4693 4373
f 4374 4375 4693
f 4693 4375 4694
f 4690 4691 4695
f 4695 4691 4696
f 4697 4376 4370
f 4690 4697 4370
f 4695 4697 4690
f 4697 4378 4376
f 4698 4694 4375
f 4698 4375 4380
f 4380 4381 4698
f 4698 4381 4699
f 4695 4696 4700
f 4700 4696 4701
f 4700 4383 4384
f 4697 4700 4384
f 4695 4700 4697
f 4697 4384 4378
f 4386 4703 4702
f 4699 4386 4702
f 4381 4386 4699
f 4703 4704 4702
f 4700 4701 4705
f 4705 4701 4706
f 4705 4388 4383
f 4705 4383 4700
f 4391 4707 4703
f 4391 4703 4386
f 4704 4703 4708
f 4708 4703 4707
f 4705 4706 4709
f 4709 4706 4710
f 4709 4392 4388
f 4709 4388 4705
f 4394 4711 4395
f 4711 4712 4395
f 4395 4712 4391
f 4712 4713 4391
f 4713 4707 4391
f 4707 4713 4708
f 4709 4710 4397
f 4710 4396 4397
f 4710 4714 4396
f 4709 4397 4392
f 4398 4711 4394
f 4716 4715 4400
f 4400 4715 4398
f 4715 4712 4398
f 4712 4711 4398
f 4716 4717 4715
f 4719 4718 4402
f 4402 4718 4401
f 4402 4396 4714
f 4402 4714 4719
f 4403 4716 4400
f 4720 4717 4716
f 4403 4720 4716
f 4404 4720 4403
f 4722 4720 4721
f 4720 4405 4721
f 4720 4404 4405
f 4407 4721 4405
f 4724 4723 4411
f 4411 4723 4410
f 4411 4401 4718
f 4411 4718 4724
f 4725 4722 4721
f 4727 4725 4726
f 4726 4725 4412
f 4725 4721 4412
f 4721 4407 4412
f 4413 4728 4412
f 4412 4728 4726
f 4415 4728 4413
f 4729 4418 4419
f 4420 4730 4419
f 4419 4730 4729
f 4730 4420 4731
f 4420 4732 4731
f 4420 4421 4732
f 4421 4410 4723
f 4421 4723 4732
f 4423 4733 4422
f 4422 4733 4734
f 4735 4422 4734
f 4424 4422 4735
f 4424 4736 4425
f 4735 4736 4424
f 4425 4737 4426
f 4736 4737 4425
f 4737 4739 4738
f 4427 4737 4738
f 4426 4737 4427
f 4427 4738 4740
f 4741 4427 4740
f 4428 4427 4741
f 4741 4743 4742
f 4429 4741 4742
f 4428 4741 4429
f 4429 4742 4744
f 4745 4429 4744
f 4430 4429 4745
f 4745 4747 4746
f 4431 4745 4746
f 4430 4745 4431
f 4431 4748 4432
f 4431 4726 4748
f 4726 4431 4727
f 4746 4727 4431
f 4727 4746 4749
f 4748 4749 4746
f 4746 4750 4748
f 4748 4750 4432
f 4726 4749 4748
f 4750 4433 4432
f 4752 4749 4751
f 4726 4751 4749
f 4751 4726 4728
f 4434 4753 4415
f 4753 4728 4415
f 4753 4751 4728
f 4435 4753 4434
f 4756 4755 4754
f 4438 4439 4754
f 4439 4756 4754
f 4439 4757 4756
f 4758 4439 4440
f 4758 4757 4439
f 4440 4418 4729
f 4759 4440 4729
f 4758 4440 4759
f 4759 4729 4730
f 4759 4730 4760
f 4760 4730 4731
f 4762 4761 4441
f 4762 4441 4442
f 4441 4763 4443
f 4761 4763 4441
f 4443 4764 4444
f 4763 4764 4443
f 4444 4765 4445
f 4764 4765 4444
f 4423 4445 4733
f 4445 4766 4733
f 4445 4765 4766
f 4733 4766 4734
f 4739 4767 4738
f 4738 4767 4740
f 4743 4768 4742
f 4742 4768 4744
f 4747 4769 4746
f 4746 4769 4750
f 4750 4769 4770
f 4751 4433 4750
f 4433 4751 4446
f 4771 4446 4751
f 4772 4771 4751
f 4771 4772 4773
f 4752 4773 4772
f 4773 4752 4770
f 4750 4770 4752
f 4751 4750 4752
f 4771 4448 4446
f 4775 4772 4774
f 4751 4774 4772
f 4774 4751 4753
f 4449 4774 4435
f 4435 4774 4753
f 4778 4777 4776
f 4780 4779 4776
f 4776 4779 4778
f 4454 4455 4780
f 4455 4779 4780
f 4455 4781 4779
f 4456 4754 4755
f 4781 4456 4755
f 4455 4456 4781
f 4754 4456 4438
f 4783 4782 4458
f 4783 4458 4459
f 4458 4784 4460
f 4782 4784 4458
f 4442 4460 4762
f 4762 4460 4784
f 4773 4785 4771
f 4775 4774 4785
f 4774 4461 4785
f 4448 4771 4785
f 4448 4785 4461
f 4461 4774 4449
f 4787 4786 4467
f 4467 4786 4466
f 4788 4467 4468
f 4788 4787 4467
f 4470 4776 4777
f 4788 4470 4777
f 4468 4470 4788
f 4776 4470 4471
f 4776 4471 4780
f 4780 4471 4454
f 4790 4789 4474
f 4790 4474 4473
f 4459 4474 4783
f 4783 4474 4789
f 4792 4791 4475
f 4475 4791 4476
f 4794 4792 4793
f 4792 4477 4793
f 4792 4475 4477
f 4478 4795 4477
f 4477 4795 4793
f 4480 4795 4478
f 4797 4796 4483
f 4483 4796 4482
f 4483 4466 4786
f 4483 4786 4797
f 4485 4798 4484
f 4484 4798 4799
f 4800 4484 4799
f 4486 4484 4800
f 4473 4486 4790
f 4790 4486 4800
f 4803 4802 4801
f 4791 4803 4801
f 4487 4791 4801
f 4476 4791 4487
f 4804 4794 4793
f 4804 4793 4795
f 4804 4795 4805
f 4805 4795 4480
f 4488 4805 4480
f 4806 4805 4488
f 4808 4806 4807
f 4806 4489 4807
f 4806 4488 4489
f 4490 4807 4489
f 4796 4491 4482
f 4809 4491 4796
f 4493 4810 4492
f 4492 4810 4811
f 4812 4492 4811
f 4494 4492 4812
f 4485 4494 4798
f 4494 4813 4798
f 4494 4812 4813
f 4798 4813 4799
f 4802 4814 4801
f 4487 4801 4814
f 4815 4487 4814
f 4496 4487 4815
f 4816 4808 4807
f 4807 4490 4816
f 4490 4817 4816
f 4490 4497 4817
f 4819 4818 4499
f 4499 4818 4498
f 4499 4491 4809
f 4499 4809 4819
f 4501 4820 4500
f 4820 4821 4500
f 4500 4821 4493
f 4821 4822 4493
f 4822 4810 4493
f 4810 4822 4811
f 4825 4824 4823
f 4815 4825 4823
f 4502 4815 4823
f 4496 4815 4502
f 4503 4827 4826
f 4817 4503 4826
f 4497 4503 4817
f 4827 4828 4826
f 4831 4830 4829
f 4818 4831 4829
f 4504 4818 4829
f 4498 4818 4504
f 4506 4832 4505
f 4832 4833 4505
f 4505 4833 4501
f 4833 4834 4501
f 4834 4820 4501
f 4820 4834 4821
f 4824 4835 4823
f 4502 4823 4835
f 4836 4502 4835
f 4507 4502 4836
f 4838 4837 4827
f 4503 4838 4827
f 4510 4838 4503
f 4827 4837 4828
f 4829 4830 4513
f 4830 4512 4513
f 4830 4839 4512
f 4829 4513 4504
f 4515 4840 4514
f 4840 4841 4514
f 4514 4841 4506
f 4841 4842 4506
f 4842 4832 4506
f 4832 4842 4833
f 4516 4507 4843
f 4507 4844 4843
f 4507 4836 4844
f 4845 4517 4516
f 4845 4516 4843
f 4845 4518 4517
f 4520 4846 4519
f 4519 4846 4847
f 4848 4519 4847
f 4521 4519 4848
f 4510 4521 4838
f 4838 4521 4848
f 4522 4512 4849
f 4512 4850 4849
f 4512 4839 4850
f 4849 4523 4522
f 4524 4851 4840
f 4524 4840 4515
f 4841 4840 4852
f 4852 4840 4851
f 4844 4853 4843
f 4843 4853 4845
f 4845 4853 4854
f 4845 4854 4518
f 4854 4525 4518
f 4854 4855 4525
f 4520 4525 4846
f 4525 4856 4846
f 4525 4855 4856
f 4846 4856 4847
f 4850 4857 4849
f 4523 4849 4857
f 4858 4523 4857
f 4527 4523 4858
f 4528 4859 4851
f 4528 4851 4524
f 4852 4851 4860
f 4860 4851 4859
f 4529 4527 4861
f 4527 4862 4861
f 4527 4858 4862
f 4861 4531 4529
f 4533 4859 4528
f 4533 4535 4859
f 4535 4860 4859
f 4535 4863 4860
f 4861 4862 4864
f 4864 4862 4865
f 4866 4536 4531
f 4861 4866 4531
f 4864 4866 4861
f 4866 4538 4536
f 4541 4868 4867
f 4863 4541 4867
f 4535 4541 4863
f 4868 4869 4867
f 4865 4870 4864
f 4872 4871 4870
f 4871 4864 4870
f 4871 4866 4864
f 4871 4543 4538
f 4871 4538 4866
f 4547 4868 4541
f 4547 4548 4868
f 4548 4873 4868
f 4873 4869 4868
f 4548 4874 4873
f 4550 4874 4548
f 4877 4876 4875
f 4877 4875 4872
f 4875 4871 4872
f 4875 4878 4871
f 4878 4552 4543
f 4878 4543 4871
f 4879 4873 4874
f 4879 4874 4550
f 4558 4879 4550
f 4880 4879 4558
f 4558 4559 4880
f 4880 4559 4881
f 4876 4882 4875
f 4884 4883 4882
f 4883 4875 4882
f 4883 4878 4875
f 4883 4561 4552
f 4883 4552 4878
f 4565 4885 4566
f 4885 4568 4566
f 4886 4881 4559
f 4886 4559 4570
f 4887 4570 4571
f 4887 4886 4570
f 4889 4887 4888
f 4887 4572 4888
f 4887 4571 4572
f 4574 4888 4572
f 4883 4884 4890
f 4890 4884 4891
f 4890 4576 4561
f 4890 4561 4883
f 4580 4885 4565
f 4885 4580 4568
f 4583 4892 4584
f 4892 4586 4584
f 4893 4889 4888
f 4893 4888 4574
f 4587 4893 4574
f 4894 4893 4587
f 4895 4587 4588
f 4895 4894 4587
f 4896 4588 4589
f 4896 4895 4588
f 4898 4897 4591
f 4897 4589 4591
f 4897 4896 4589
f 4898 4899 4897
f 4891 4900 4890
f 4576 4890 4900
f 4901 4576 4900
f 4593 4576 4901
f 4598 4892 4583
f 4892 4598 4586
f 4608 4898 4591
f 4608 4610 4898
f 4610 4899 4898
f 4610 4902 4899
f 4611 4593 4903
f 4593 4904 4903
f 4593 4901 4904
f 4903 4613 4611
f 4905 4902 4610
f 4905 4610 4623
f 4623 4625 4905
f 4905 4625 4906
f 4904 4907 4903
f 4903 4907 4613
f 4907 4626 4613
f 4907 4908 4626
f 4627 4626 4908
f 4627 4908 4909
f 4910 4906 4625
f 4910 4625 4629
f 4629 4630 4910
f 4910 4630 4911
f 4909 4631 4627
f 4912 4631 4909
f 4633 4911 4630
f 4633 4913 4911
f 4912 4914 4631
f 4631 4914 4634
f 4634 4915 4635
f 4914 4915 4634
f 4636 4635 4915
f 4636 4915 4916
f 4638 4913 4633
f 4638 4917 4913
f 4916 4918 4636
f 4636 4918 4639
f 4639 4919 4640
f 4918 4919 4639
f 4641 4640 4919
f 4641 4919 4920
f 4923 4922 4921
f 4922 4917 4921
f 4917 4643 4921
f 4917 4638 4643
f 4920 4924 4641
f 4641 4924 4644
f 4924 4926 4925
f 4645 4924 4925
f 4644 4924 4645
f 4925 4646 4645
f 4923 4921 4927
f 4923 4927 4928
f 4648 4927 4643
f 4643 4927 4921
f 4926 4929 4925
f 4925 4929 4646
f 4929 4649 4646
f 4929 4930 4649
f 4651 4649 4930
f 4651 4930 4931
f 4654 4932 4655
f 4933 4656 4655
f 4933 4655 4932
f 4934 4657 4656
f 4934 4656 4933
f 4657 4934 4935
f 4936 4657 4935
f 4658 4657 4936
f 4658 4937 4659
f 4936 4937 4658
f 4660 4659 4937
f 4660 4937 4938
f 4941 4940 4939
f 4939 4940 4928
f 4927 4939 4928
f 4942 4939 4927
f 4661 4942 4648
f 4648 4942 4927
f 4931 4943 4651
f 4651 4943 4662
f 4662 4944 4663
f 4943 4944 4662
f 4663 4945 4664
f 4944 4945 4663
f 4654 4664 4932
f 4664 4946 4932
f 4664 4945 4946
f 4932 4946 4933
f 4933 4946 4947
f 4933 4947 4934
f 4934 4947 4948
f 4934 4948 4935
f 4938 4949 4660
f 4660 4949 4665
f 4939 4666 4941
f 4666 4949 4941
f 4666 4665 4949
f 4666 4939 4667
f 4667 4939 4942
f 4667 4942 4661
f 4952 4951 4950
f 4669 4670 4950
f 4670 4952 4950
f 4670 4953 4952
f 4954 4670 4671
f 4954 4953 4670
f 4955 4671 4672
f 4955 4954 4671
f 4956 4672 4673
f 4956 4955 4672
f 4958 4957 4675
f 4957 4673 4675
f 4957 4956 4673
f 4958 4959 4957
f 4962 4961 4960
f 4677 4678 4960
f 4678 4962 4960
f 4678 4963 4962
f 4679 4950 4951
f 4963 4679 4951
f 4678 4679 4963
f 4950 4679 4669
f 4680 4958 4675
f 4964 4959 4958
f 4680 4964 4958
f 4681 4964 4680
f 4966 4964 4965
f 4964 4682 4965
f 4964 4681 4682
f 4683 4965 4682
f 4969 4968 4967
f 4969 4967 4961
f 4961 4967 4960
f 4967 4685 4960
f 4685 4686 4960
f 4960 4686 4677
f 4970 4966 4965
f 4972 4970 4971
f 4971 4970 4687
f 4970 4965 4687
f 4965 4683 4687
f 4689 4971 4687
f 4975 4974 4973
f 4975 4973 4968
f 4968 4973 4967
f 4973 4691 4967
f 4691 4692 4967
f 4967 4692 4685
f 4976 4972 4971
f 4976 4971 4689
f 4693 4976 4689
f 4977 4976 4693
f 4693 4694 4977
f 4977 4694 4978
f 4973 4974 4979
f 4979 4974 4980
f 4979 4696 4691
f 4979 4691 4973
f 4981 4978 4694
f 4981 4694 4698
f 4698 4699 4981
f 4981 4699 4982
f 4979 4980 4983
f 4983 4980 4984
f 4983 4701 4696
f 4983 4696 4979
f 4985 4982 4699
f 4985 4699 4702
f 4702 4704 4985
f 4985 4704 4986
f 4983 4984 4987
f 4987 4984 4988
f 4987 4706 4701
f 4987 4701 4983
f 4708 4986 4704
f 4708 4989 4986
f 4987 4988 4990
f 4990 4988 4991
f 4990 4710 4706
f 4990 4706 4987
f 4712 4992 4713
f 4992 4993 4713
f 4993 4708 4713
f 4993 4989 4708
f 4990 4991 4994
f 4994 4991 4995
f 4994 4714 4710
f 4994 4710 4990
f 4715 4992 4712
f 4715 4717 4992
f 4717 4993 4992
f 4717 4996 4993
f 4994 4995 4719
f 4995 4718 4719
f 4995 4997 4718
f 4994 4719 4714
f 4717 4720 4998
f 4999 4717 4998
f 4996 4717 4999
f 4722 4998 4720
f 5001 5000 4724
f 4724 5000 4723
f 4724 4718 4997
f 4724 4997 5001
f 5002 4999 4998
f 5004 5002 5003
f 5003 5002 4725
f 5002 4998 4725
f 4998 4722 4725
f 4727 5003 4725
f 5006 5005 4732
f 4732 5005 4731
f 4732 4723 5000
f 4732 5000 5006
f 4734 5007 4735
f 5008 4736 4735
f 5008 4735 5007
f 5009 4737 4736
f 5009 4736 5008
f 5009 4739 4737
f 4740 5010 4741
f 5010 4743 4741
f 4744 5011 4745
f 5003 5012 5004
f 4747 4745 5011
f 5014 5012 5013
f 5013 5012 4749
f 5012 5003 4749
f 5003 4727 4749
f 4752 5013 4749
f 5015 4755 4756
f 5015 4756 5016
f 4756 5017 5016
f 4756 4757 5017
f 5018 4757 4758
f 5018 5017 4757
f 5019 4758 4759
f 5019 5018 4758
f 5020 4759 4760
f 5020 5019 4759
f 4760 4731 5005
f 4760 5005 5020
f 4762 5021 4761
f 4761 5021 5022
f 5023 4761 5022
f 4763 4761 5023
f 4763 5024 4764
f 5023 5024 4763
f 4764 5025 4765
f 5024 5025 4764
f 4765 5026 4766
f 5025 5026 4765
f 4734 4766 5007
f 4766 5027 5007
f 4766 5026 5027
f 5007 5027 5008
f 5008 5027 5028
f 5008 5028 5009
f 5009 5028 5029
f 5009 5029 4739
f 5029 4767 4739
f 5029 5030 4767
f 4740 4767 5010
f 4767 5031 5010
f 4767 5030 5031
f 5031 5033 5032
f 5031 5032 4768
f 5010 5031 4768
f 4743 5010 4768
f 5011 4744 4768
f 5032 5011 4768
f 5034 5011 5032
f 5035 4769 4747
f 5011 5035 4747
f 5034 5035 5011
f 4769 5036 4770
f 4769 5013 5036
f 5013 4769 5014
f 5035 5014 4769
f 5014 5035 5037
f 5036 5037 5035
f 5035 5038 5036
f 5036 5038 4770
f 5013 5037 5036
f 5040 5039 5038
f 5037 5038 5039
f 5038 5037 5013
f 5038 5013 4770
f 4752 4770 5013
f 4770 4752 4773
f 4772 4773 4752
f 4773 4772 5040
f 4773 5040 5038
f 4775 5040 4772
f 5043 5042 5041
f 4777 4778 5041
f 4778 5043 5041
f 4778 5044 5043
f 5045 4778 4779
f 5045 5044 4778
f 5046 4779 4781
f 5046 5045 4779
f 4781 4755 5015
f 5047 4781 5015
f 5046 4781 5047
f 5047 5015 5016
f 4783 5048 4782
f 4782 5048 5049
f 5050 4782 5049
f 4784 4782 5050
f 4762 4784 5021
f 4784 5051 5021
f 4784 5050 5051
f 5021 5051 5022
f 5033 5052 5032
f 5032 5052 5034
f 5034 5052 5053
f 5034 5053 5035
f 5035 5053 5054
f 5035 5054 5038
f 5038 5054 5055
f 5039 5040 5055
f 5040 4785 5055
f 4773 5038 5055
f 4773 5055 4785
f 4785 5040 4775
f 5057 5056 4787
f 4787 5056 4786
f 4788 5041 5042
f 5057 4788 5042
f 4787 4788 5057
f 5041 4788 4777
f 5059 5058 4789
f 5059 4789 4790
f 4783 4789 5048
f 4789 5060 5048
f 4789 5058 5060
f 5048 5060 5049
f 5063 5062 5061
f 5061 5064 5063
f 5065 4791 4792
f 4794 5065 4792
f 5067 5066 4797
f 4797 5066 4796
f 4797 4786 5056
f 4797 5056 5067
f 5069 5068 4800
f 5069 4800 4799
f 4790 4800 5059
f 5059 4800 5068
f 5061 5062 5070
f 5070 5062 5071
f 4803 5072 4802
f 5072 5061 4802
f 5061 5070 4802
f 5061 5072 5064
f 4803 4791 5065
f 5073 4803 5065
f 5072 4803 5073
f 5073 5065 4794
f 4804 5073 4794
f 5074 5073 4804
f 5075 4804 4805
f 5075 5074 4804
f 5077 5075 5076
f 5075 4806 5076
f 5075 4805 4806
f 4808 5076 4806
f 5080 5079 5078
f 5066 5080 5078
f 4809 5066 5078
f 4796 5066 4809
f 5082 5081 4812
f 5082 4812 4811
f 4812 5083 4813
f 5081 5083 4812
f 4799 4813 5069
f 5069 4813 5083
f 5071 5084 5070
f 5084 5086 5085
f 5084 5085 4814
f 5070 5084 4814
f 4802 5070 4814
f 5085 4815 4814
f 5087 5077 5076
f 5089 5087 5088
f 5088 5087 4816
f 5087 5076 4816
f 5076 4808 4816
f 4817 5088 4816
f 5078 5079 4819
f 5079 4818 4819
f 5079 5090 4818
f 5078 4819 4809
f 5092 5091 4822
f 5092 4822 4821
f 4811 4822 5082
f 5082 4822 5091
f 5085 5086 4825
f 5086 4824 4825
f 5086 5093 4824
f 5085 4825 4815
f 5094 5089 5088
f 5096 5094 5095
f 5095 5094 4826
f 5094 5088 4826
f 5088 4817 4826
f 4828 5095 4826
f 5097 4830 4831
f 5098 5097 4831
f 4818 5098 4831
f 5090 5098 4818
f 5100 5099 4834
f 5100 4834 4833
f 4821 4834 5092
f 5092 4834 5099
f 4835 4824 5101
f 4824 5102 5101
f 4824 5093 5102
f 5101 4836 4835
f 5096 5095 4837
f 4838 5096 4837
f 5103 5096 4838
f 4837 5095 4828
f 5105 5104 5097
f 5104 4830 5097
f 5104 4839 4830
f 5105 5097 5098
f 4841 5106 4842
f 5106 5107 4842
f 5107 4833 4842
f 5107 5100 4833
f 5102 5108 5101
f 4836 5101 5108
f 5109 4836 5108
f 4844 4836 5109
f 4847 5110 4848
f 5110 5111 4848
f 5111 4838 4848
f 5111 5103 4838
f 5104 4850 4839
f 5112 4850 5104
f 5114 5113 5106
f 4841 5114 5106
f 4852 5114 4841
f 5106 5113 5107
f 4853 4844 5115
f 4844 5116 5115
f 4844 5109 5116
f 5117 4854 4853
f 5117 4853 5115
f 5118 4855 4854
f 5118 4854 5117
f 4855 5118 5119
f 5120 4855 5119
f 4856 4855 5120
f 4847 4856 5110
f 4856 5121 5110
f 4856 5120 5121
f 5110 5121 5111
f 4857 4850 5122
f 4850 5123 5122
f 4850 5112 5123
f 5122 4858 4857
f 4860 5114 4852
f 4860 5124 5114
f 5116 5125 5115
f 5115 5125 5117
f 5117 5125 5126
f 5117 5126 5118
f 5118 5126 5127
f 5118 5127 5119
f 5123 5128 5122
f 4858 5122 5128
f 5129 4858 5128
f 4862 4858 5129
f 4863 5131 5130
f 5124 4863 5130
f 4860 4863 5124
f 5131 5132 5130
f 5135 5134 5133
f 5129 5135 5133
f 4865 5129 5133
f 4862 5129 4865
f 4867 5131 4863
f 4867 4869 5131
f 4869 5132 5131
f 4869 5136 5132
f 5134 5137 5133
f 5137 5139 5138
f 5137 5138 4870
f 5133 5137 4870
f 4865 5133 4870
f 5138 4872 4870
f 4873 5141 5140
f 5136 4873 5140
f 4869 4873 5136
f 5141 5142 5140
f 5138 5139 4877
f 5139 4876 4877
f 5139 5143 4876
f 5138 4877 4872
f 4879 5141 4873
f 5144 5142 5141
f 4879 5144 5141
f 4880 5144 4879
f 4880 4881 5144
f 5144 4881 5145
f 4882 4876 5146
f 4876 5147 5146
f 4876 5143 5147
f 5146 4884 4882
f 5148 5145 4881
f 5148 4881 4886
f 5150 5148 5149
f 5148 4887 5149
f 5148 4886 4887
f 4889 5149 4887
f 5146 5147 5151
f 5151 5147 5152
f 5151 4891 4884
f 5151 4884 5146
f 5153 5150 5149
f 5153 5149 4889
f 4893 5153 4889
f 5154 5153 4893
f 5156 5154 5155
f 5154 4894 5155
f 5154 4893 4894
f 4895 5157 4894
f 4894 5157 5155
f 5157 4895 5158
f 4895 5159 5158
f 4895 4896 5159
f 5161 5159 5160
f 5159 4897 5160
f 5159 4896 4897
f 4899 5160 4897
f 5152 5162 5151
f 5162 5164 5163
f 5162 5163 4900
f 5151 5162 4900
f 4891 5151 4900
f 5163 4901 4900
f 5165 5156 5155
f 5165 5155 5157
f 5165 5157 5166
f 5166 5157 5158
f 5167 5161 5160
f 5160 4899 5167
f 4899 5168 5167
f 4899 4902 5168
f 5164 5169 5163
f 4901 5163 5169
f 5170 4901 5169
f 4904 4901 5170
f 5171 5168 4902
f 5171 4902 4905
f 4905 4906 5171
f 5171 4906 5172
f 5170 5173 4904
f 4904 5173 4907
f 4907 5174 4908
f 5173 5174 4907
f 4909 4908 5174
f 4909 5174 5175
f 5176 5172 4906
f 5176 4906 4910
f 4910 4911 5176
f 5176 4911 5177
f 5175 4912 4909
f 5178 4912 5175
f 5181 5180 5179
f 5180 5177 5179
f 5177 4913 5179
f 5177 4911 4913
f 5178 5182 4912
f 4912 5182 4914
f 4914 5183 4915
f 5182 5183 4914
f 4916 4915 5183
f 4916 5183 5184
f 5187 5186 5185
f 5185 5186 5181
f 5179 5185 5181
f 5188 5185 5179
f 4917 5188 4913
f 4913 5188 5179
f 5184 5189 4916
f 4916 5189 4918
f 5189 5191 5190
f 4919 5189 5190
f 4918 5189 4919
f 5190 4920 4919
f 5187 5185 5192
f 5187 5192 5193
f 4923 5192 4922
f 5192 5188 4922
f 5192 5185 5188
f 4922 5188 4917
f 5191 5194 5190
f 5190 5194 4920
f 5194 4924 4920
f 5194 5195 4924
f 4926 4924 5195
f 4926 5195 5196
f 5193 5192 5197
f 5193 5197 5198
f 4928 5197 4923
f 4923 5197 5192
f 5196 5199 4926
f 4926 5199 4929
f 5199 5201 5200
f 4930 5199 5200
f 4929 5199 4930
f 5200 4931 4930
f 4935 5202 4936
f 5203 4937 4936
f 5203 4936 5202
f 5203 4938 4937
f 4940 4941 5204
f 5197 5205 5198
f 5205 5197 5206
f 5197 4928 5206
f 4940 5204 5206
f 4940 5206 4928
f 5201 5207 5200
f 5200 5207 4931
f 5207 4943 4931
f 5207 5208 4943
f 5208 5210 5209
f 4944 5208 5209
f 4943 5208 4944
f 5211 4945 4944
f 5211 4944 5209
f 5212 4946 4945
f 5212 4945 5211
f 5213 4947 4946
f 5213 4946 5212
f 5214 4948 4947
f 5214 4947 5213
f 5214 5215 4948
f 4948 5215 4935
f 5215 5216 4935
f 5216 5202 4935
f 5202 5216 5203
f 5203 5216 5217
f 5203 5217 4938
f 5217 4949 4938
f 5217 5218 4949
f 4941 4949 5204
f 4949 5219 5204
f 4949 5218 5219
f 5204 5219 5206
f 5210 5220 5209
f 5209 5220 5211
f 5211 5220 5221
f 5211 5221 5212
f 5212 5221 5222
f 5224 5223 5222
f 5223 5212 5222
f 5223 5213 5212
f 5226 5214 5225
f 5214 5223 5225
f 5214 5213 5223
f 5214 5226 5215
f 5224 5227 5223
f 5223 5227 5225
f 5230 5229 5228
f 5232 5231 5228
f 5228 5231 5230
f 5234 5233 5232
f 5232 5233 5231
f 5234 5235 5233
f 5238 5237 5236
f 4951 4952 5236
f 4952 5238 5236
f 4952 5239 5238
f 4953 5228 5229
f 5239 4953 5229
f 4952 4953 5239
f 5228 4953 4954
f 5228 4954 5232
f 5232 4954 4955
f 5232 4955 5234
f 5240 5235 5234
f 4955 5240 5234
f 4956 5240 4955
f 5241 4956 4957
f 5241 5240 4956
f 4957 4959 5241
f 5241 4959 5242
f 5245 5244 5243
f 4961 4962 5243
f 4962 5245 5243
f 4962 5246 5245
f 4963 5236 5237
f 5246 4963 5237
f 4962 4963 5246
f 5236 4963 4951
f 5247 5242 4959
f 5247 4959 4964
f 5249 5248 4966
f 5248 4964 4966
f 5248 5247 4964
f 5249 5250 5248
f 5243 5244 4969
f 5244 4968 4969
f 5244 5251 4968
f 5243 4969 4961
f 4970 5249 4966
f 5253 5252 4972
f 4972 5252 4970
f 5252 5250 4970
f 5250 5249 4970
f 5253 5254 5252
f 5257 5256 5255
f 4974 4975 5255
f 4975 5257 5255
f 4975 5258 5257
f 4975 4968 5251
f 4975 5251 5258
f 4976 5253 4972
f 4976 4977 5253
f 4977 5259 5253
f 5259 5254 5253
f 4977 5260 5259
f 4978 5260 4977
f 5255 5256 5261
f 5261 5256 5262
f 5261 4980 4974
f 5261 4974 5255
f 5263 5259 5260
f 5263 5260 4978
f 4981 5263 4978
f 5264 5263 4981
f 4981 4982 5264
f 5264 4982 5265
f 5261 5262 5266
f 5266 5262 5267
f 5266 4984 4980
f 5266 4980 5261
f 5268 5265 4982
f 5268 4982 4985
f 4985 4986 5268
f 5268 4986 5269
f 5266 5267 5270
f 5270 5267 5271
f 5270 4988 4984
f 5270 4984 5266
f 4989 5273 5272
f 5269 4989 5272
f 4986 4989 5269
f 5273 5274 5272
f 5270 5271 5275
f 5275 5271 5276
f 5275 4991 4988
f 5275 4988 5270
f 4993 5277 5273
f 4993 5273 4989
f 5274 5273 5278
f 5278 5273 5277
f 5276 5279 5275
f 4991 5275 5279
f 5280 4991 5279
f 4995 4991 5280
f 4996 5281 5277
f 4996 5277 4993
f 5278 5277 5282
f 5282 5277 5281
f 5280 4997 4995
f 5283 4997 5280
f 5285 5284 5281
f 4996 5285 5281
f 4999 5285 4996
f 5281 5284 5282
f 5287 5286 5001
f 5001 5286 5000
f 5001 4997 5283
f 5001 5283 5287
f 4999 5002 5288
f 5289 4999 5288
f 5285 4999 5289
f 5004 5288 5002
f 5290 5005 5006
f 5291 5290 5006
f 5000 5291 5006
f 5286 5291 5000
f 5292 5289 5288
f 5294 5292 5293
f 5293 5292 5012
f 5292 5288 5012
f 5288 5004 5012
f 5014 5293 5012
f 5296 5295 5017
f 5017 5295 5016
f 5297 5017 5018
f 5297 5296 5017
f 5298 5018 5019
f 5298 5297 5018
f 5299 5019 5020
f 5299 5298 5019
f 5020 5005 5290
f 5300 5020 5290
f 5299 5020 5300
f 5300 5290 5291
f 5022 5301 5023
f 5023 5301 5302
f 5303 5023 5302
f 5024 5023 5303
f 5024 5304 5025
f 5303 5304 5024
f 5025 5305 5026
f 5304 5305 5025
f 5026 5306 5027
f 5305 5306 5026
f 5027 5307 5028
f 5306 5307 5027
f 5028 5308 5029
f 5307 5308 5028
f 5029 5309 5030
f 5308 5309 5029
f 5309 5311 5310
f 5031 5309 5310
f 5030 5309 5031
f 5310 5033 5031
f 5294 5293 5312
f 5294 5312 5313
f 5037 5314 5014
f 5314 5293 5014
f 5314 5312 5293
f 5039 5314 5037
f 5316 5315 5043
f 5043 5315 5042
f 5317 5043 5044
f 5317 5316 5043
f 5318 5044 5045
f 5318 5317 5044
f 5319 5045 5046
f 5319 5318 5045
f 5320 5046 5047
f 5320 5319 5046
f 5047 5016 5295
f 5047 5295 5320
f 5322 5321 5050
f 5322 5050 5049
f 5050 5323 5051
f 5321 5323 5050
f 5022 5051 5301
f 5051 5324 5301
f 5051 5323 5324
f 5301 5324 5302
f 5311 5325 5310
f 5310 5325 5033
f 5325 5052 5033
f 5325 5326 5052
f 5326 5328 5327
f 5053 5326 5327
f 5052 5326 5053
f 5053 5329 5054
f 5053 5312 5329
f 5312 5053 5313
f 5327 5313 5053
f 5313 5327 5330
f 5329 5330 5327
f 5327 5331 5329
f 5329 5331 5054
f 5312 5330 5329
f 5054 5331 5055
f 5332 5055 5331
f 5055 5332 5314
f 5330 5314 5332
f 5314 5330 5312
f 5055 5314 5039
f 5334 5333 5057
f 5057 5333 5056
f 5057 5042 5315
f 5057 5315 5334
f 5059 5335 5058
f 5058 5335 5336
f 5337 5058 5336
f 5060 5058 5337
f 5049 5060 5322
f 5322 5060 5337
f 5328 5338 5327
f 5327 5338 5331
f 5331 5338 5339
f 5331 5339 5332
f 5342 5341 5340
f 5344 5343 5340
f 5340 5343 5342
f 5344 5345 5343
f 5346 5062 5063
f 5064 5346 5063
f 5348 5347 5067
f 5067 5347 5066
f 5067 5056 5333
f 5067 5333 5348
f 5350 5349 5068
f 5350 5068 5069
f 5059 5068 5335
f 5068 5351 5335
f 5068 5349 5351
f 5335 5351 5336
f 5341 5352 5340
f 5340 5352 5344
f 5344 5352 5353
f 5353 5354 5344
f 5354 5355 5344
f 5356 5345 5344
f 5356 5344 5355
f 5357 5356 5346
f 5356 5071 5346
f 5071 5062 5346
f 5356 5355 5071
f 5357 5346 5064
f 5072 5357 5064
f 5358 5357 5072
f 5359 5072 5073
f 5359 5358 5072
f 5361 5359 5360
f 5359 5074 5360
f 5359 5073 5074
f 5075 5362 5074
f 5074 5362 5360
f 5077 5362 5075
f 5363 5079 5080
f 5364 5363 5080
f 5066 5364 5080
f 5347 5364 5066
f 5082 5365 5081
f 5081 5365 5366
f 5367 5081 5366
f 5083 5081 5367
f 5069 5083 5350
f 5350 5083 5367
f 5354 5368 5355
f 5368 5370 5369
f 5368 5369 5084
f 5355 5368 5084
f 5071 5355 5084
f 5369 5086 5084
f 5371 5361 5360
f 5371 5360 5362
f 5371 5362 5372
f 5374 5372 5373
f 5373 5372 5087
f 5372 5362 5087
f 5362 5077 5087
f 5089 5373 5087
f 5376 5375 5363
f 5375 5079 5363
f 5375 5090 5079
f 5376 5363 5364
f 5092 5377 5091
f 5377 5378 5091
f 5091 5378 5082
f 5378 5379 5082
f 5379 5365 5082
f 5365 5379 5366
f 5369 5370 5380
f 5380 5370 5381
f 5380 5093 5086
f 5380 5086 5369
f 5382 5374 5373
f 5384 5382 5383
f 5383 5382 5094
f 5382 5373 5094
f 5373 5089 5094
f 5096 5383 5094
f 5375 5098 5090
f 5385 5098 5375
f 5100 5386 5099
f 5386 5387 5099
f 5099 5387 5092
f 5387 5388 5092
f 5388 5377 5092
f 5377 5388 5378
f 5380 5381 5389
f 5389 5381 5390
f 5389 5102 5093
f 5389 5093 5380
f 5391 5384 5383
f 5383 5096 5391
f 5096 5392 5391
f 5096 5103 5392
f 5393 5104 5105
f 5394 5393 5105
f 5098 5394 5105
f 5385 5394 5098
f 5107 5395 5386
f 5107 5386 5100
f 5387 5386 5396
f 5396 5386 5395
f 5389 5390 5397
f 5397 5390 5398
f 5399 5108 5102
f 5389 5399 5102
f 5397 5399 5389
f 5399 5109 5108
f 5111 5392 5103
f 5111 5400 5392
f 5401 5112 5393
f 5393 5112 5104
f 5393 5394 5402
f 5393 5402 5401
f 5114 5403 5113
f 5403 5404 5113
f 5113 5404 5107
f 5404 5405 5107
f 5405 5395 5107
f 5395 5405 5396
f 5398 5406 5397
f 5408 5407 5406
f 5407 5397 5406
f 5407 5399 5397
f 5407 5116 5109
f 5407 5109 5399
f 5119 5409 5120
f 5120 5409 5410
f 5411 5120 5410
f 5121 5120 5411
f 5111 5121 5400
f 5400 5121 5411
f 5412 5123 5401
f 5401 5123 5112
f 5401 5402 5413
f 5401 5413 5412
f 5124 5414 5403
f 5124 5403 5114
f 5404 5403 5415
f 5415 5403 5414
f 5408 5416 5407
f 5416 5418 5417
f 5416 5417 5125
f 5407 5416 5125
f 5116 5407 5125
f 5419 5126 5125
f 5419 5125 5417
f 5420 5127 5126
f 5420 5126 5419
f 5420 5421 5127
f 5127 5421 5119
f 5421 5422 5119
f 5422 5409 5119
f 5409 5422 5410
f 5412 5128 5123
f 5129 5128 5412
f 5413 5129 5412
f 5423 5129 5413
f 5130 5414 5124
f 5130 5132 5414
f 5132 5415 5414
f 5132 5424 5415
f 5418 5425 5417
f 5417 5425 5419
f 5419 5425 5426
f 5419 5426 5420
f 5420 5426 5427
f 5420 5427 5421
f 5428 5134 5135
f 5429 5428 5135
f 5129 5429 5135
f 5423 5429 5129
f 5136 5424 5132
f 5136 5430 5424
f 5428 5137 5134
f 5139 5137 5428
f 5429 5139 5428
f 5431 5139 5429
f 5432 5430 5136
f 5432 5136 5140
f 5140 5142 5432
f 5432 5142 5433
f 5431 5143 5139
f 5434 5143 5431
f 5435 5433 5142
f 5435 5142 5144
f 5144 5145 5435
f 5435 5145 5436
f 5434 5147 5143
f 5437 5147 5434
f 5145 5148 5438
f 5439 5145 5438
f 5436 5145 5439
f 5150 5438 5148
f 5441 5152 5440
f 5152 5437 5440
f 5152 5147 5437
f 5442 5441 5440
f 5443 5439 5438
f 5443 5438 5150
f 5153 5443 5150
f 5444 5443 5153
f 5446 5444 5445
f 5444 5154 5445
f 5444 5153 5154
f 5156 5445 5154
f 5447 5158 5159
f 5161 5447 5159
f 5441 5162 5152
f 5164 5162 5441
f 5442 5164 5441
f 5448 5164 5442
f 5449 5446 5445
f 5449 5445 5156
f 5165 5449 5156
f 5450 5449 5165
f 5451 5165 5166
f 5451 5450 5165
f 5166 5158 5447
f 5452 5166 5447
f 5451 5166 5452
f 5452 5447 5161
f 5167 5452 5161
f 5453 5452 5167
f 5455 5454 5168
f 5454 5167 5168
f 5454 5453 5167
f 5455 5456 5454
f 5448 5457 5164
f 5164 5457 5169
f 5170 5169 5457
f 5170 5457 5458
f 5171 5455 5168
f 5171 5172 5455
f 5172 5456 5455
f 5172 5459 5456
f 5458 5460 5170
f 5170 5460 5173
f 5460 5462 5461
f 5174 5460 5461
f 5173 5460 5174
f 5461 5175 5174
f 5463 5459 5172
f 5463 5172 5176
f 5176 5177 5463
f 5463 5177 5464
f 5462 5465 5461
f 5175 5461 5465
f 5466 5175 5465
f 5178 5175 5466
f 5469 5468 5467
f 5180 5181 5467
f 5468 5180 5467
f 5470 5180 5468
f 5177 5180 5464
f 5464 5180 5470
f 5466 5471 5178
f 5178 5471 5182
f 5182 5472 5183
f 5471 5472 5182
f 5184 5183 5472
f 5184 5472 5473
f 5476 5475 5474
f 5474 5475 5469
f 5474 5469 5467
f 5187 5474 5467
f 5186 5187 5467
f 5186 5467 5181
f 5473 5477 5184
f 5184 5477 5189
f 5191 5189 5477
f 5191 5477 5478
f 5476 5474 5479
f 5476 5479 5480
f 5193 5479 5187
f 5187 5479 5474
f 5478 5481 5191
f 5191 5481 5194
f 5481 5483 5482
f 5195 5481 5482
f 5194 5481 5195
f 5482 5196 5195
f 5484 5480 5479
f 5479 5193 5484
f 5193 5485 5484
f 5193 5198 5485
f 5483 5486 5482
f 5486 5488 5487
f 5486 5487 5199
f 5482 5486 5199
f 5196 5482 5199
f 5487 5201 5199
f 5489 5485 5198
f 5489 5198 5205
f 5491 5490 5206
f 5490 5205 5206
f 5490 5489 5205
f 5491 5492 5490
f 5488 5493 5487
f 5487 5493 5201
f 5493 5207 5201
f 5493 5494 5207
f 5494 5496 5495
f 5208 5494 5495
f 5207 5494 5208
f 5495 5210 5208
f 5215 5497 5216
f 5216 5497 5498
f 5499 5216 5498
f 5217 5216 5499
f 5499 5501 5500
f 5218 5499 5500
f 5217 5499 5218
f 5502 5219 5218
f 5502 5218 5500
f 5502 5503 5219
f 5219 5503 5206
f 5503 5504 5206
f 5504 5491 5206
f 5491 5504 5492
f 5496 5505 5495
f 5495 5505 5210
f 5505 5220 5210
f 5505 5506 5220
f 5220 5507 5221
f 5506 5507 5220
f 5507 5509 5508
f 5222 5507 5508
f 5221 5507 5222
f 5508 5224 5222
f 5225 5510 5226
f 5510 5511 5226
f 5226 5511 5215
f 5511 5512 5215
f 5512 5497 5215
f 5497 5512 5498
f 5501 5513 5500
f 5500 5513 5502
f 5502 5513 5514
f 5502 5514 5503
f 5509 5515 5508
f 5508 5515 5224
f 5515 5227 5224
f 5515 5516 5227
f 5225 5227 5510
f 5227 5517 5510
f 5227 5516 5517
f 5510 5517 5511
f 5520 5519 5518
f 5229 5230 5518
f 5230 5520 5518
f 5230 5521 5520
f 5522 5230 5231
f 5522 5521 5230
f 5523 5231 5233
f 5523 5522 5231
f 5525 5524 5235
f 5524 5233 5235
f 5524 5523 5233
f 5525 5526 5524
f 5528 5527 5238
f 5238 5527 5237
f 5239 5518 5519
f 5528 5239 5519
f 5238 5239 5528
f 5518 5239 5229
f 5240 5525 5235
f 5529 5526 5525
f 5240 5529 5525
f 5241 5529 5240
f 5241 5242 5529
f 5529 5242 5530
f 5532 5531 5245
f 5245 5531 5244
f 5533 5245 5246
f 5533 5532 5245
f 5246 5237 5527
f 5246 5527 5533
f 5534 5530 5242
f 5534 5242 5247
f 5535 5247 5248
f 5535 5534 5247
f 5248 5250 5535
f 5535 5250 5536
f 5531 5251 5244
f 5537 5251 5531
f 5538 5536 5250
f 5538 5250 5252
f 5252 5254 5538
f 5538 5254 5539
f 5540 5256 5257
f 5540 5257 5541
f 5257 5542 5541
f 5257 5258 5542
f 5258 5251 5537
f 5258 5537 5542
f 5259 5544 5543
f 5539 5259 5543
f 5254 5259 5539
f 5544 5545 5543
f 5547 5546 5540
f 5546 5256 5540
f 5546 5262 5256
f 5547 5540 5541
f 5263 5544 5259
f 5548 5545 5544
f 5263 5548 5544
f 5264 5548 5263
f 5264 5265 5548
f 5548 5265 5549
f 5552 5551 5550
f 5546 5552 5550
f 5267 5546 5550
f 5262 5546 5267
f 5553 5549 5265
f 5553 5265 5268
f 5555 5554 5269
f 5554 5268 5269
f 5554 5553 5268
f 5555 5556 5554
f 5550 5551 5557
f 5557 5551 5558
f 5557 5271 5267
f 5557 5267 5550
f 5272 5555 5269
f 5272 5274 5555
f 5274 5556 5555
f 5274 5559 5556
f 5557 5558 5560
f 5560 5558 5561
f 5560 5276 5271
f 5560 5271 5557
f 5278 5563 5562
f 5559 5278 5562
f 5274 5278 5559
f 5563 5564 5562
f 5561 5565 5560
f 5565 5567 5566
f 5565 5566 5279
f 5560 5565 5279
f 5276 5560 5279
f 5566 5280 5279
f 5569 5568 5563
f 5278 5569 5563
f 5282 5569 5278
f 5563 5568 5564
f 5566 5567 5570
f 5570 5567 5571
f 5570 5283 5280
f 5570 5280 5566
f 5285 5572 5284
f 5572 5573 5284
f 5573 5282 5284
f 5573 5569 5282
f 5570 5571 5287
f 5571 5286 5287
f 5571 5574 5286
f 5570 5287 5283
f 5576 5575 5572
f 5285 5576 5572
f 5289 5576 5285
f 5572 5575 5573
f 5574 5291 5286
f 5577 5291 5574
f 5289 5292 5578
f 5579 5289 5578
f 5576 5289 5579
f 5294 5578 5292
f 5582 5581 5580
f 5584 5583 5580
f 5580 5583 5582
f 5586 5585 5584
f 5584 5585 5583
f 5588 5587 5586
f 5586 5587 5585
f 5295 5296 5588
f 5296 5587 5588
f 5296 5589 5587
f 5590 5296 5297
f 5590 5589 5296
f 5591 5297 5298
f 5591 5590 5297
f 5592 5298 5299
f 5592 5591 5298
f 5593 5299 5300
f 5593 5592 5299
f 5300 5291 5577
f 5300 5577 5593
f 5302 5594 5303
f 5303 5594 5595
f 5596 5303 5595
f 5304 5303 5596
f 5304 5597 5305
f 5596 5597 5304
f 5305 5598 5306
f 5597 5598 5305
f 5306 5599 5307
f 5598 5599 5306
f 5307 5600 5308
f 5599 5600 5307
f 5600 5602 5601
f 5309 5600 5601
f 5308 5600 5309
f 5601 5311 5309
f 5579 5578 5603
f 5579 5603 5604
f 5313 5603 5294
f 5294 5603 5578
f 5606 5605 5316
f 5316 5605 5315
f 5317 5580 5581
f 5606 5317 5581
f 5316 5317 5606
f 5580 5317 5318
f 5580 5318 5584
f 5584 5318 5319
f 5584 5319 5586
f 5586 5319 5320
f 5586 5320 5588
f 5588 5320 5295
f 5322 5607 5321
f 5321 5607 5608
f 5609 5321 5608
f 5323 5321 5609
f 5323 5610 5324
f 5609 5610 5323
f 5302 5324 5594
f 5324 5611 5594
f 5324 5610 5611
f 5594 5611 5595
f 5602 5612 5601
f 5601 5612 5311
f 5612 5325 5311
f 5612 5613 5325
f 5613 5615 5614
f 5326 5613 5614
f 5325 5613 5326
f 5603 5616 5604
f 5328 5326 5614
f 5618 5616 5617
f 5617 5616 5330
f 5616 5603 5330
f 5603 5313 5330
f 5332 5617 5330
f 5620 5619 5334
f 5334 5619 5333
f 5334 5315 5605
f 5334 5605 5620
f 5623 5622 5621
f 5337 5336 5621
f 5622 5337 5621
f 5624 5337 5622
f 5322 5337 5607
f 5337 5625 5607
f 5337 5624 5625
f 5607 5625 5608
f 5615 5626 5614
f 5614 5626 5328
f 5626 5338 5328
f 5626 5627 5338
f 5617 5339 5618
f 5339 5627 5618
f 5339 5338 5627
f 5339 5617 5332
f 5630 5629 5628
f 5341 5342 5629
f 5342 5628 5629
f 5342 5631 5628
f 5632 5342 5343
f 5632 5631 5342
f 5343 5345 5632
f 5632 5345 5633
f 5634 5347 5348
f 5635 5634 5348
f 5333 5635 5348
f 5619 5635 5333
f 5350 5636 5349
f 5637 5623 5621
f 5349 5637 5621
f 5351 5349 5621
f 5637 5349 5636
f 5351 5621 5336
f 5630 5638 5629
f 5638 5640 5639
f 5638 5639 5352
f 5629 5638 5352
f 5341 5629 5352
f 5641 5353 5352
f 5641 5352 5639
f 5643 5642 5356
f 5643 5354 5642
f 5354 5643 5641
f 5633 5641 5643
f 5641 5633 5353
f 5642 5353 5633
f 5633 5345 5642
f 5642 5345 5356
f 5354 5353 5642
f 5644 5356 5357
f 5644 5643 5356
f 5645 5357 5358
f 5645 5644 5357
f 5647 5645 5646
f 5645 5359 5646
f 5645 5358 5359
f 5361 5646 5359
f 5649 5648 5634
f 5648 5347 5634
f 5648 5364 5347
f 5649 5634 5635
f 5651 5650 5367
f 5651 5367 5366
f 5350 5367 5636
f 5367 5652 5636
f 5367 5650 5652
f 5636 5652 5637
f 5640 5653 5639
f 5655 5654 5653
f 5654 5639 5653
f 5654 5641 5639
f 5656 5368 5354
f 5641 5656 5354
f 5654 5656 5641
f 5656 5370 5368
f 5657 5647 5646
f 5659 5657 5658
f 5658 5657 5371
f 5657 5646 5371
f 5646 5361 5371
f 5372 5660 5371
f 5371 5660 5658
f 5374 5660 5372
f 5661 5375 5376
f 5662 5661 5376
f 5364 5662 5376
f 5648 5662 5364
f 5664 5663 5379
f 5664 5379 5378
f 5366 5379 5651
f 5651 5379 5663
f 5655 5665 5654
f 5667 5666 5665
f 5666 5654 5665
f 5666 5656 5654
f 5666 5381 5370
f 5666 5370 5656
f 5668 5659 5658
f 5668 5658 5660
f 5668 5660 5669
f 5671 5669 5670
f 5670 5669 5382
f 5669 5660 5382
f 5660 5374 5382
f 5384 5670 5382
f 5672 5385 5661
f 5661 5385 5375
f 5661 5662 5673
f 5661 5673 5672
f 5387 5674 5388
f 5674 5675 5388
f 5675 5378 5388
f 5675 5664 5378
f 5666 5667 5676
f 5676 5667 5677
f 5676 5390 5381
f 5676 5381 5666
f 5671 5670 5678
f 5671 5678 5679
f 5391 5680 5384
f 5680 5670 5384
f 5680 5678 5670
f 5392 5680 5391
f 5681 5394 5672
f 5672 5394 5385
f 5672 5673 5682
f 5672 5682 5681
f 5684 5683 5674
f 5387 5684 5674
f 5396 5684 5387
f 5674 5683 5675
f 5677 5685 5676
f 5390 5676 5685
f 5686 5390 5685
f 5398 5390 5686
f 5687 5679 5678
f 5689 5688 5687
f 5678 5689 5687
f 5680 5689 5678
f 5400 5689 5392
f 5392 5689 5680
f 5690 5402 5681
f 5681 5402 5394
f 5681 5682 5691
f 5681 5691 5690
f 5404 5692 5405
f 5692 5693 5405
f 5693 5396 5405
f 5693 5684 5396
f 5406 5398 5694
f 5398 5695 5694
f 5398 5686 5695
f 5694 5408 5406
f 5688 5689 5411
f 5410 5688 5411
f 5696 5688 5410
f 5411 5689 5400
f 5698 5697 5690
f 5697 5402 5690
f 5697 5413 5402
f 5698 5690 5691
f 5700 5699 5692
f 5404 5700 5692
f 5415 5700 5404
f 5692 5699 5693
f 5694 5695 5701
f 5701 5695 5702
f 5703 5416 5408
f 5694 5703 5408
f 5701 5703 5694
f 5703 5418 5416
f 5705 5704 5422
f 5705 5422 5421
f 5410 5422 5696
f 5696 5422 5704
f 5697 5423 5413
f 5706 5423 5697
f 5424 5700 5415
f 5424 5707 5700
f 5701 5702 5708
f 5708 5702 5709
f 5701 5710 5703
f 5701 5708 5710
f 5711 5425 5418
f 5703 5711 5418
f 5710 5711 5703
f 5425 5711 5712
f 5713 5425 5712
f 5426 5425 5713
f 5426 5714 5427
f 5713 5714 5426
f 5421 5427 5705
f 5705 5427 5714
f 5706 5429 5423
f 5715 5429 5706
f 5430 5707 5424
f 5430 5716 5707
f 5709 5717 5708
f 5708 5717 5710
f 5710 5717 5718
f 5710 5718 5711
f 5711 5718 5719
f 5711 5719 5712
f 5715 5431 5429
f 5720 5431 5715
f 5721 5716 5430
f 5721 5430 5432
f 5432 5433 5721
f 5721 5433 5722
f 5720 5434 5431
f 5723 5434 5720
f 5433 5435 5724
f 5725 5433 5724
f 5722 5433 5725
f 5436 5724 5435
f 5727 5437 5726
f 5437 5723 5726
f 5437 5434 5723
f 5728 5727 5726
f 5729 5725 5724
f 5724 5436 5729
f 5436 5730 5729
f 5436 5439 5730
f 5727 5440 5437
f 5442 5440 5727
f 5728 5442 5727
f 5731 5442 5728
f 5732 5730 5439
f 5732 5439 5443
f 5733 5443 5444
f 5733 5732 5443
f 5444 5446 5733
f 5733 5446 5734
f 5731 5448 5442
f 5735 5448 5731
f 5736 5734 5446
f 5736 5446 5449
f 5737 5449 5450
f 5737 5736 5449
f 5738 5450 5451
f 5738 5737 5450
f 5739 5451 5452
f 5739 5738 5451
f 5740 5452 5453
f 5740 5739 5452
f 5741 5453 5454
f 5741 5740 5453
f 5454 5456 5741
f 5741 5456 5742
f 5735 5743 5448
f 5448 5743 5457
f 5458 5457 5743
f 5458 5743 5744
f 5459 5742 5456
f 5459 5745 5742
f 5744 5746 5458
f 5458 5746 5460
f 5462 5460 5746
f 5462 5746 5747
f 5748 5745 5459
f 5748 5459 5463
f 5750 5749 5464
f 5749 5463 5464
f 5749 5748 5463
f 5750 5751 5749
f 5747 5752 5462
f 5462 5752 5465
f 5466 5465 5752
f 5466 5752 5753
f 5756 5755 5754
f 5468 5469 5754
f 5755 5468 5754
f 5757 5468 5755
f 5468 5758 5470
f 5757 5758 5468
f 5464 5470 5750
f 5470 5759 5750
f 5470 5758 5759
f 5750 5759 5751
f 5753 5760 5466
f 5466 5760 5471
f 5760 5762 5761
f 5472 5760 5761
f 5471 5760 5472
f 5761 5473 5472
f 5756 5754 5475
f 5476 5756 5475
f 5763 5756 5476
f 5475 5754 5469
f 5762 5764 5761
f 5764 5766 5765
f 5764 5765 5477
f 5761 5764 5477
f 5473 5761 5477
f 5765 5478 5477
f 5480 5763 5476
f 5480 5767 5763
f 5766 5768 5765
f 5768 5770 5769
f 5768 5769 5481
f 5765 5768 5481
f 5478 5765 5481
f 5769 5483 5481
f 5771 5767 5480
f 5771 5480 5484
f 5773 5772 5485
f 5772 5484 5485
f 5772 5771 5484
f 5773 5774 5772
f 5770 5775 5769
f 5775 5777 5776
f 5775 5776 5486
f 5769 5775 5486
f 5483 5769 5486
f 5776 5488 5486
f 5489 5773 5485
f 5778 5774 5773
f 5489 5778 5773
f 5490 5778 5489
f 5780 5779 5492
f 5779 5490 5492
f 5779 5778 5490
f 5782 5781 5780
f 5780 5781 5779
f 5782 5783 5781
f 5777 5784 5776
f 5776 5784 5488
f 5784 5493 5488
f 5784 5785 5493
f 5785 5787 5786
f 5494 5785 5786
f 5493 5785 5494
f 5786 5496 5494
f 5498 5788 5499
f 5788 5501 5499
f 5791 5790 5789
f 5504 5503 5789
f 5790 5504 5789
f 5792 5504 5790
f 5492 5504 5780
f 5504 5793 5780
f 5504 5792 5793
f 5780 5793 5782
f 5782 5793 5794
f 5782 5794 5783
f 5787 5795 5786
f 5786 5795 5496
f 5795 5505 5496
f 5795 5796 5505
f 5505 5797 5506
f 5796 5797 5505
f 5797 5799 5798
f 5507 5797 5798
f 5506 5797 5507
f 5798 5509 5507
f 5511 5800 5512
f 5800 5801 5512
f 5512 5801 5498
f 5801 5802 5498
f 5802 5788 5498
f 5788 5802 5501
f 5802 5513 5501
f 5802 5803 5513
f 5789 5514 5791
f 5514 5803 5791
f 5514 5513 5803
f 5514 5789 5503
f 5799 5804 5798
f 5798 5804 5509
f 5804 5515 5509
f 5804 5805 5515
f 5515 5806 5516
f 5805 5806 5515
f 5516 5807 5517
f 5806 5807 5516
f 5511 5517 5800
f 5517 5808 5800
f 5517 5807 5808
f 5800 5808 5801
f 5809 5519 5520
f 5809 5520 5810
f 5520 5811 5810
f 5520 5521 5811
f 5812 5521 5522
f 5812 5811 5521
f 5813 5522 5523
f 5813 5812 5522
f 5814 5523 5524
f 5814 5813 5523
f 5816 5815 5526
f 5815 5524 5526
f 5815 5814 5524
f 5816 5817 5815
f 5819 5818 5528
f 5528 5818 5527
f 5528 5519 5809
f 5820 5528 5809
f 5819 5528 5820
f 5820 5809 5810
f 5529 5816 5526
f 5822 5821 5530
f 5530 5821 5529
f 5821 5817 5529
f 5817 5816 5529
f 5822 5823 5821
f 5824 5531 5532
f 5824 5532 5825
f 5532 5826 5825
f 5532 5533 5826
f 5533 5527 5818
f 5533 5818 5826
f 5534 5822 5530
f 5827 5823 5822
f 5534 5827 5822
f 5535 5827 5534
f 5829 5828 5536
f 5828 5535 5536
f 5828 5827 5535
f 5829 5830 5828
f 5832 5831 5824
f 5831 5531 5824
f 5831 5537 5531
f 5832 5824 5825
f 5538 5829 5536
f 5538 5539 5829
f 5539 5830 5829
f 5539 5833 5830
f 5835 5834 5542
f 5542 5834 5541
f 5542 5537 5831
f 5542 5831 5835
f 5836 5833 5539
f 5836 5539 5543
f 5543 5545 5836
f 5836 5545 5837
f 5839 5838 5547
f 5547 5838 5546
f 5547 5541 5834
f 5547 5834 5839
f 5840 5837 5545
f 5840 5545 5548
f 5548 5549 5840
f 5840 5549 5841
f 5843 5842 5552
f 5552 5842 5551
f 5552 5546 5838
f 5552 5838 5843
f 5844 5841 5549
f 5844 5549 5553
f 5846 5844 5845
f 5844 5554 5845
f 5844 5553 5554
f 5556 5845 5554
f 5842 5558 5551
f 5847 5558 5842
f 5848 5846 5845
f 5845 5556 5848
f 5556 5849 5848
f 5556 5559 5849
f 5847 5561 5558
f 5850 5561 5847
f 5851 5849 5559
f 5851 5559 5562
f 5562 5564 5851
f 5851 5564 5852
f 5850 5853 5561
f 5561 5853 5565
f 5567 5565 5853
f 5567 5853 5854
f 5569 5855 5568
f 5852 5564 5856
f 5564 5855 5856
f 5855 5857 5856
f 5564 5568 5855
f 5857 5858 5856
f 5854 5571 5567
f 5859 5571 5854
f 5573 5860 5855
f 5573 5855 5569
f 5862 5857 5861
f 5857 5860 5861
f 5857 5855 5860
f 5857 5862 5858
f 5859 5574 5571
f 5863 5574 5859
f 5576 5864 5575
f 5864 5865 5575
f 5575 5865 5573
f 5865 5866 5573
f 5866 5860 5573
f 5860 5866 5861
f 5869 5868 5867
f 5863 5869 5867
f 5577 5863 5867
f 5574 5863 5577
f 5871 5870 5864
f 5576 5871 5864
f 5579 5871 5576
f 5864 5870 5865
f 5873 5872 5582
f 5582 5872 5581
f 5874 5582 5583
f 5874 5873 5582
f 5875 5583 5585
f 5875 5874 5583
f 5876 5585 5587
f 5876 5875 5585
f 5877 5587 5589
f 5877 5876 5587
f 5878 5589 5590
f 5878 5877 5589
f 5879 5590 5591
f 5879 5878 5590
f 5880 5591 5592
f 5880 5879 5591
f 5593 5867 5868
f 5880 5593 5868
f 5592 5593 5880
f 5867 5593 5577
f 5595 5881 5596
f 5882 5597 5596
f 5882 5596 5881
f 5883 5598 5597
f 5883 5597 5882
f 5884 5599 5598
f 5884 5598 5883
f 5885 5600 5599
f 5885 5599 5884
f 5885 5602 5600
f 5604 5871 5579
f 5604 5886 5871
f 5887 5605 5606
f 5888 5887 5606
f 5581 5888 5606
f 5872 5888 5581
f 5608 5889 5609
f 5609 5889 5890
f 5891 5609 5890
f 5610 5609 5891
f 5610 5892 5611
f 5891 5892 5610
f 5595 5611 5881
f 5611 5893 5881
f 5611 5892 5893
f 5881 5893 5882
f 5882 5893 5894
f 5882 5894 5883
f 5883 5894 5895
f 5883 5895 5884
f 5884 5895 5896
f 5884 5896 5885
f 5885 5896 5897
f 5897 5899 5898
f 5897 5898 5612
f 5885 5897 5612
f 5602 5885 5612
f 5900 5613 5612
f 5900 5612 5898
f 5900 5615 5613
f 5604 5616 5901
f 5902 5604 5901
f 5886 5604 5902
f 5618 5901 5616
f 5903 5619 5620
f 5904 5903 5620
f 5904 5620 5605
f 5905 5904 5605
f 5887 5905 5605
f 5905 5887 5888
f 5623 5906 5622
f 5907 5624 5622
f 5907 5622 5906
f 5624 5907 5908
f 5909 5624 5908
f 5625 5624 5909
f 5608 5625 5889
f 5625 5910 5889
f 5625 5909 5910
f 5889 5910 5890
f 5899 5911 5898
f 5898 5911 5900
f 5900 5911 5912
f 5900 5912 5615
f 5912 5626 5615
f 5912 5913 5626
f 5914 5902 5901
f 5916 5915 5913
f 5627 5913 5915
f 5913 5627 5626
f 5914 5901 5917
f 5618 5917 5901
f 5917 5618 5918
f 5627 5918 5618
f 5918 5627 5915
f 5918 5630 5917
f 5630 5628 5917
f 5920 5919 5917
f 5920 5917 5628
f 5631 5921 5628
f 5628 5921 5920
f 5632 5922 5631
f 5631 5922 5921
f 5633 5922 5632
f 5924 5923 5903
f 5923 5619 5903
f 5923 5635 5619
f 5924 5903 5904
f 5926 5925 5906
f 5623 5926 5906
f 5637 5926 5623
f 5906 5925 5907
f 5907 5925 5927
f 5907 5927 5908
f 5915 5916 5928
f 5928 5916 5929
f 5915 5930 5918
f 5915 5928 5930
f 5931 5919 5920
f 5918 5638 5630
f 5638 5918 5932
f 5930 5932 5918
f 5931 5934 5933
f 5934 5932 5933
f 5640 5933 5932
f 5933 5640 5921
f 5638 5921 5640
f 5921 5638 5934
f 5934 5920 5921
f 5931 5920 5934
f 5934 5638 5932
f 5933 5921 5922
f 5933 5922 5935
f 5935 5922 5633
f 5643 5935 5633
f 5936 5935 5643
f 5938 5936 5937
f 5936 5644 5937
f 5936 5643 5644
f 5645 5939 5644
f 5644 5939 5937
f 5647 5939 5645
f 5940 5648 5649
f 5941 5940 5649
f 5635 5941 5649
f 5923 5941 5635
f 5651 5942 5650
f 5650 5942 5943
f 5944 5650 5943
f 5652 5650 5944
f 5637 5652 5926
f 5926 5652 5944
f 5929 5945 5928
f 5928 5945 5930
f 5930 5945 5946
f 5930 5946 5932
f 5932 5946 5947
f 5947 5949 5948
f 5947 5948 5653
f 5932 5947 5653
f 5640 5932 5653
f 5948 5655 5653
f 5950 5938 5937
f 5950 5937 5939
f 5950 5939 5951
f 5953 5951 5952
f 5952 5951 5657
f 5951 5939 5657
f 5939 5647 5657
f 5659 5952 5657
f 5954 5662 5940
f 5940 5662 5648
f 5940 5941 5955
f 5940 5955 5954
f 5664 5956 5663
f 5956 5957 5663
f 5663 5957 5651
f 5957 5958 5651
f 5958 5942 5651
f 5942 5958 5943
f 5949 5959 5948
f 5959 5961 5960
f 5959 5960 5665
f 5948 5959 5665
f 5655 5948 5665
f 5960 5667 5665
f 5962 5953 5952
f 5964 5962 5963
f 5963 5962 5668
f 5962 5952 5668
f 5952 5659 5668
f 5669 5965 5668
f 5668 5965 5963
f 5671 5965 5669
f 5966 5673 5954
f 5954 5673 5662
f 5954 5955 5967
f 5954 5967 5966
f 5969 5968 5956
f 5664 5969 5956
f 5675 5969 5664
f 5956 5968 5957
f 5960 5961 5970
f 5970 5961 5971
f 5970 5677 5667
f 5970 5667 5960
f 5972 5964 5963
f 5974 5973 5972
f 5963 5974 5972
f 5965 5974 5963
f 5679 5974 5671
f 5671 5974 5965
f 5976 5975 5966
f 5975 5673 5966
f 5975 5682 5673
f 5976 5966 5967
f 5684 5977 5683
f 5977 5978 5683
f 5978 5675 5683
f 5978 5969 5675
f 5971 5979 5970
f 5979 5981 5980
f 5979 5980 5685
f 5970 5979 5685
f 5677 5970 5685
f 5980 5686 5685
f 5973 5974 5982
f 5973 5982 5983
f 5687 5984 5679
f 5984 5974 5679
f 5984 5982 5974
f 5688 5984 5687
f 5975 5691 5682
f 5985 5691 5975
f 5987 5986 5977
f 5684 5987 5977
f 5693 5987 5684
f 5977 5986 5978
f 5980 5981 5988
f 5988 5981 5989
f 5988 5695 5686
f 5988 5686 5980
f 5990 5983 5982
f 5992 5991 5990
f 5982 5992 5990
f 5984 5992 5982
f 5696 5992 5688
f 5688 5992 5984
f 5993 5697 5698
f 5994 5993 5698
f 5691 5994 5698
f 5985 5994 5691
f 5700 5995 5699
f 5995 5996 5699
f 5996 5693 5699
f 5996 5987 5693
f 5988 5989 5997
f 5997 5989 5998
f 5997 5702 5695
f 5997 5695 5988
f 6001 6000 5999
f 5999 6000 5991
f 5999 5991 5992
f 5705 5999 5992
f 5704 5705 5992
f 5704 5992 5696
f 6002 5706 5993
f 5993 5706 5697
f 5993 5994 6003
f 5993 6003 6002
f 6005 6004 5995
f 5700 6005 5995
f 5707 6005 5700
f 5995 6004 5996
f 6008 6007 6006
f 6008 6006 5998
f 6006 5997 5998
f 6006 6009 5997
f 6009 5709 5702
f 6009 5702 5997
f 6011 6010 5713
f 6011 5713 5712
f 5999 5714 6001
f 5714 6010 6001
f 5714 5713 6010
f 5714 5999 5705
f 6013 6012 6002
f 6012 5706 6002
f 6012 5715 5706
f 6013 6002 6003
f 5716 6015 6014
f 6005 5716 6014
f 5707 5716 6005
f 6015 6016 6014
f 6007 6017 6006
f 6019 6018 6017
f 6018 6006 6017
f 6018 6009 6006
f 6020 5717 5709
f 6009 6020 5709
f 6018 6020 6009
f 5717 6020 6021
f 6022 5717 6021
f 5718 5717 6022
f 5718 6023 5719
f 6022 6023 5718
f 5712 5719 6011
f 6011 5719 6023
f 6012 5720 5715
f 6024 5720 6012
f 5721 6015 5716
f 5721 5722 6015
f 5722 6016 6015
f 5722 6025 6016
f 6019 6026 6018
f 6018 6026 6020
f 6020 6026 6027
f 6020 6027 6021
f 6024 5723 5720
f 6028 5723 6024
f 5725 6025 5722
f 5725 6029 6025
f 6028 6030 5723
f 5723 6030 5726
f 5728 5726 6030
f 5728 6030 6031
f 6032 6029 5725
f 6032 5725 5729
f 5729 5730 6032
f 6032 5730 6033
f 6031 5731 5728
f 6034 5731 6031
f 6035 6033 5730
f 6035 5730 5732
f 6036 5732 5733
f 6036 6035 5732
f 5733 5734 6036
f 6036 5734 6037
f 6034 5735 5731
f 6038 5735 6034
f 6039 6037 5734
f 6039 5734 5736
f 6040 5736 5737
f 6040 6039 5736
f 6041 5737 5738
f 6041 6040 5737
f 6042 5738 5739
f 6042 6041 5738
f 6043 5739 5740
f 6043 6042 5739
f 6044 5740 5741
f 6044 6043 5740
f 5741 5742 6044
f 6044 5742 6045
f 6038 6046 5735
f 5735 6046 5743
f 5744 5743 6046
f 5744 6046 6047
f 5745 6049 6048
f 6045 5745 6048
f 5742 5745 6045
f 6049 6050 6048
f 6053 6052 6051
f 6051 6054 6053
f 6047 6055 5744
f 5744 6055 5746
f 5747 5746 6055
f 5747 6055 6056
f 6059 6058 6057
f 6061 6060 6057
f 6061 6057 6058
f 5745 5748 6049
f 6060 6061 6062
f 6063 6050 6049
f 5748 6063 6049
f 5749 6063 5748
f 6065 6064 5751
f 6064 5749 5751
f 6064 6063 5749
f 6065 6066 6064
f 6052 6067 6051
f 6051 6067 6054
f 6056 6068 5747
f 5747 6068 5752
f 5753 5752 6068
f 5753 6068 6069
f 6072 6071 6070
f 6070 6071 6059
f 6070 6059 6057
f 5756 6070 6057
f 5755 5756 6057
f 5755 6057 5757
f 5757 6057 6060
f 6062 6073 6060
f 6073 5757 6060
f 6073 5758 5757
f 5758 6074 5759
f 6073 6074 5758
f 5751 5759 6065
f 5759 6075 6065
f 5759 6074 6075
f 6065 6075 6066
f 6078 6077 6076
f 6076 6079 6078
f 6069 6080 5753
f 5753 6080 5760
f 5762 5760 6080
f 5762 6080 6081
f 6082 6072 6070
f 6070 5756 6082
f 5756 6083 6082
f 5756 5763 6083
f 6077 6084 6076
f 6076 6084 6079
f 5764 5762 6085
f 5762 6086 6085
f 5762 6081 6086
f 6085 5766 5764
f 5767 6088 6087
f 6083 5767 6087
f 5763 5767 6083
f 6088 6089 6087
f 6086 6090 6085
f 6090 6092 6091
f 6090 6091 5768
f 6085 6090 5768
f 5766 6085 5768
f 6091 5770 5768
f 5771 6088 5767
f 6093 6089 6088
f 5771 6093 6088
f 5772 6093 5771
f 6095 6094 5774
f 6094 5772 5774
f 6094 6093 5772
f 6095 6096 6094
f 6092 6097 6091
f 6091 6097 5770
f 6097 5775 5770
f 6097 6098 5775
f 5777 5775 6098
f 5777 6098 6099
f 5778 6095 5774
f 5778 5779 6095
f 5779 6100 6095
f 6100 6096 6095
f 5779 6101 6100
f 5781 6102 5779
f 5779 6102 6101
f 5783 6102 5781
f 6099 6103 5777
f 5777 6103 5784
f 5784 6104 5785
f 6103 6104 5784
f 6106 6105 5787
f 5785 6106 5787
f 6104 6106 5785
f 6107 6105 6106
f 6110 6109 6108
f 6112 6111 6108
f 6112 6108 6109
f 6114 6113 6111
f 6114 6111 6112
f 6116 6115 6113
f 6116 6113 6114
f 5790 5791 6115
f 6116 5790 6115
f 6117 5790 6116
f 5790 6118 5792
f 6117 6118 5790
f 6101 5793 6100
f 5793 6118 6100
f 5793 5792 6118
f 5793 6101 5794
f 5794 6101 6102
f 5794 6102 5783
f 6105 5795 5787
f 6107 6119 6105
f 6119 5795 6105
f 6119 5796 5795
f 5796 6120 5797
f 6119 6120 5796
f 6122 6121 5799
f 5797 6122 5799
f 6120 6122 5797
f 6124 6123 6121
f 6124 6121 6122
f 6126 6125 6123
f 6126 6123 6124
f 6125 6126 6110
f 6108 6125 6110
f 6127 6125 6108
f 6128 6108 6111
f 6127 6108 6128
f 5801 6128 5802
f 6128 6113 5802
f 6128 6111 6113
f 5802 6113 5803
f 5803 6113 6115
f 5803 6115 5791
f 6121 5804 5799
f 5804 6121 5805
f 5805 6121 6123
f 5805 6123 5806
f 5806 6123 6125
f 5806 6125 5807
f 5807 6125 6127
f 5807 6127 5808
f 5808 6127 6128
f 5808 6128 5801
f 6129 5810 5811
f 5812 6130 5811
f 5811 6130 6129
f 5813 6131 5812
f 5812 6131 6130
f 5814 6132 5813
f 5813 6132 6131
f 5815 6133 5814
f 5814 6133 6132
f 5817 6133 5815
f 6134 5818 5819
f 6134 5819 6135
f 5819 6136 6135
f 5819 5820 6136
f 5820 5810 6129
f 6137 5820 6129
f 6136 5820 6137
f 6137 6129 6130
f 6137 6130 6138
f 6138 6130 6131
f 6138 6131 6139
f 6139 6131 6132
f 6139 6132 6140
f 6140 6132 6133
f 6140 6133 6141
f 6141 6133 5817
f 5821 6141 5817
f 6142 6141 5821
f 5821 5823 6142
f 6142 5823 6143
f 6145 6144 5826
f 5826 6144 5825
f 5826 5818 6134
f 6146 5826 6134
f 6145 5826 6146
f 6146 6134 6135
f 6147 6143 5823
f 6147 5823 5827
f 6148 5827 5828
f 6148 6147 5827
f 6150 6149 5830
f 6149 5828 5830
f 6149 6148 5828
f 6150 6151 6149
f 6153 6152 5832
f 5832 6152 5831
f 5832 5825 6144
f 5832 6144 6153
f 5833 6154 6150
f 5833 6150 5830
f 6151 6150 6155
f 6155 6150 6154
f 6157 6156 5835
f 5835 6156 5834
f 5835 5831 6152
f 5835 6152 6157
f 5836 6154 5833
f 5836 5837 6154
f 5837 6155 6154
f 5837 6158 6155
f 6160 6159 5839
f 5839 6159 5838
f 5839 5834 6156
f 5839 6156 6160
f 6161 6158 5837
f 6161 5837 5840
f 5840 5841 6161
f 6161 5841 6162
f 6164 6163 5843
f 5843 6163 5842
f 5843 5838 6159
f 5843 6159 6164
f 6165 6162 5841
f 6165 5841 5844
f 5844 5846 6165
f 6165 5846 6166
f 6163 5847 5842
f 6167 5847 6163
f 6168 6166 5846
f 6168 5846 5848
f 6170 6169 5849
f 6169 5848 5849
f 6169 6168 5848
f 6170 6171 6169
f 6167 5850 5847
f 6172 5850 6167
f 5851 6170 5849
f 5851 5852 6170
f 5852 6171 6170
f 5852 6173 6171
f 5853 5850 6174
f 5850 6175 6174
f 5850 6172 6175
f 6174 5854 5853
f 6176 6173 5852
f 6176 5852 5856
f 5856 5858 6176
f 6176 5858 6177
f 6174 6175 6178
f 6178 6175 6179
f 6178 5859 5854
f 6178 5854 6174
f 5861 6180 5862
f 6180 6181 5862
f 6181 5858 5862
f 6181 6177 5858
f 6178 6179 6182
f 6182 6179 6183
f 6182 5863 5859
f 6182 5859 6178
f 5865 6184 5866
f 6180 5861 5866
f 6184 6180 5866
f 6185 6180 6184
f 6181 6180 6186
f 6186 6180 6185
f 6189 6188 6187
f 6189 6187 6183
f 6183 6187 6182
f 6187 5868 6182
f 5868 5869 6182
f 6182 5869 5863
f 5871 6190 5870
f 6190 6191 5870
f 5870 6191 5865
f 6191 6192 5865
f 6192 6184 5865
f 6184 6192 6185
f 6185 6192 6193
f 6185 6193 6186
f 6194 5872 5873
f 6194 5873 6195
f 5873 6196 6195
f 5873 5874 6196
f 6197 5874 5875
f 6197 6196 5874
f 6198 5875 5876
f 6198 6197 5875
f 6199 5876 5877
f 6199 6198 5876
f 6200 5877 5878
f 6200 6199 5877
f 6201 5878 5879
f 6201 6200 5878
f 5880 6187 6188
f 6201 5880 6188
f 5879 5880 6201
f 6187 5880 5868
f 6203 6202 6190
f 5871 6203 6190
f 5886 6203 5871
f 6190 6202 6191
f 6205 6204 6194
f 6204 5872 6194
f 6204 5888 5872
f 6205 6194 6195
f 5890 6206 5891
f 6207 5892 5891
f 6207 5891 6206
f 5892 6207 6208
f 6209 5892 6208
f 5893 5892 6209
f 6209 6211 6210
f 5894 6209 6210
f 5893 6209 5894
f 6212 5895 5894
f 6212 5894 6210
f 6213 5896 5895
f 6213 5895 6212
f 6214 5897 5896
f 6214 5896 6213
f 6214 5899 5897
f 5902 6203 5886
f 5902 6215 6203
f 6217 6216 5905
f 5905 6216 5904
f 5905 5888 6204
f 5905 6204 6217
f 6219 6218 5909
f 6219 5909 5908
f 5909 6220 5910
f 6218 6220 5909
f 5890 5910 6206
f 5910 6221 6206
f 5910 6220 6221
f 6206 6221 6207
f 6207 6221 6222
f 6207 6222 6208
f 6211 6223 6210
f 6210 6223 6212
f 6212 6223 6224
f 6212 6224 6213
f 6213 6224 6225
f 6213 6225 6214
f 6214 6225 6226
f 6214 6226 5899
f 6226 5911 5899
f 6226 6227 5911
f 6227 6229 6228
f 5912 6227 6228
f 5911 6227 5912
f 6230 5913 5912
f 6230 5912 6228
f 6232 6231 5914
f 6232 5916 6231
f 5916 6232 6230
f 6215 6230 6232
f 6230 6215 5913
f 6231 5913 6215
f 6215 5902 6231
f 6231 5902 5914
f 5916 5913 6231
f 6233 5914 5917
f 6233 6232 5914
f 5917 5919 6233
f 6233 5919 6234
f 6235 5923 5924
f 6236 6235 5924
f 5904 6236 5924
f 6216 6236 5904
f 5926 6237 5925
f 5925 6237 6238
f 6239 5925 6238
f 5927 5925 6239
f 5908 5927 6219
f 6219 5927 6239
f 6229 6240 6228
f 6228 6240 6230
f 6230 6240 6241
f 5916 6230 6241
f 6242 5916 6241
f 5929 5916 6242
f 6243 6234 5919
f 6243 5919 5931
f 6244 5931 5933
f 6244 6243 5931
f 6246 6244 6245
f 6244 5935 6245
f 6244 5933 5935
f 5936 6247 5935
f 5935 6247 6245
f 5938 6247 5936
f 6248 5941 6235
f 6235 5941 5923
f 6235 6236 6249
f 6235 6249 6248
f 5943 6250 5944
f 6250 6251 5944
f 5944 6251 5926
f 6251 6252 5926
f 6252 6237 5926
f 6237 6252 6238
f 6242 6253 5929
f 5929 6253 5945
f 5945 6254 5946
f 6253 6254 5945
f 6254 6256 6255
f 5947 6254 6255
f 5946 6254 5947
f 6255 5949 5947
f 6257 6246 6245
f 6257 6245 6247
f 6257 6247 6258
f 6260 6258 6259
f 6259 6258 5950
f 6258 6247 5950
f 6247 5938 5950
f 5951 6261 5950
f 5950 6261 6259
f 5953 6261 5951
f 6263 6262 6248
f 6262 5941 6248
f 6262 5955 5941
f 6263 6248 6249
f 5957 6264 5958
f 6264 6265 5958
f 5958 6265 5943
f 6265 6266 5943
f 6266 6250 5943
f 6250 6266 6251
f 6256 6267 6255
f 6267 6269 6268
f 6267 6268 5959
f 6255 6267 5959
f 5949 6255 5959
f 6268 5961 5959
f 6270 6260 6259
f 6272 6271 6270
f 6259 6272 6270
f 6261 6272 6259
f 5962 6273 5953
f 6273 6261 5953
f 6273 6272 6261
f 5964 6273 5962
f 6262 5967 5955
f 6274 5967 6262
f 5969 6275 5968
f 6275 6276 5968
f 5968 6276 5957
f 6276 6277 5957
f 6277 6264 5957
f 6264 6277 6265
f 6269 6278 6268
f 5961 6268 6278
f 6279 5961 6278
f 5971 5961 6279
f 6280 6271 6272
f 6282 6281 6280
f 6272 6282 6280
f 6273 6282 6272
f 5972 6283 5964
f 6283 6273 5964
f 6283 6282 6273
f 5973 6283 5972
f 6284 5975 5976
f 6285 6284 5976
f 5967 6285 5976
f 6274 6285 5967
f 6287 6286 6275
f 5969 6287 6275
f 5978 6287 5969
f 6275 6286 6276
f 6279 6288 5971
f 5971 6288 5979
f 5981 5979 6288
f 5981 6288 6289
f 6290 6281 6282
f 6292 6291 6290
f 6282 6292 6290
f 6283 6292 6282
f 5983 6292 5973
f 5973 6292 6283
f 6294 6293 6284
f 6293 5975 6284
f 6293 5985 5975
f 6294 6284 6285
f 5987 6295 5986
f 6295 6296 5986
f 6296 5978 5986
f 6296 6287 5978
f 6289 5989 5981
f 6297 5989 6289
f 6291 6292 6298
f 6291 6298 6299
f 5990 6300 5983
f 6300 6292 5983
f 6300 6298 6292
f 5991 6300 5990
f 6293 5994 5985
f 6301 5994 6293
f 6303 6302 6295
f 5987 6303 6295
f 5996 6303 5987
f 6295 6302 6296
f 6306 6305 6304
f 6297 6306 6304
f 5998 6297 6304
f 5989 6297 5998
f 6299 6298 6307
f 6299 6307 6308
f 6001 6307 6000
f 6307 6300 6000
f 6307 6298 6300
f 6000 6300 5991
f 6311 6310 6309
f 6301 6311 6309
f 6003 6301 6309
f 5994 6301 6003
f 6005 6312 6004
f 6312 6313 6004
f 6313 5996 6004
f 6313 6303 5996
f 6316 6315 6314
f 6316 6314 6305
f 6305 6314 6304
f 6314 6007 6304
f 6007 6008 6304
f 6304 6008 5998
f 6308 6307 6010
f 6011 6308 6010
f 6317 6308 6011
f 6010 6307 6001
f 6309 6310 6013
f 6310 6012 6013
f 6310 6318 6012
f 6309 6013 6003
f 6014 6312 6005
f 6014 6016 6312
f 6016 6313 6312
f 6016 6319 6313
f 6322 6321 6320
f 6322 6320 6315
f 6320 6314 6315
f 6320 6323 6314
f 6324 6017 6007
f 6314 6324 6007
f 6323 6324 6314
f 6324 6019 6017
f 6021 6325 6022
f 6022 6325 6326
f 6327 6022 6326
f 6023 6022 6327
f 6011 6023 6317
f 6317 6023 6327
f 6318 6024 6012
f 6328 6024 6318
f 6025 6319 6016
f 6025 6329 6319
f 6320 6321 6330
f 6330 6321 6331
f 6320 6332 6323
f 6320 6330 6332
f 6323 6333 6324
f 6323 6332 6333
f 6334 6026 6019
f 6324 6334 6019
f 6333 6334 6324
f 6335 6027 6026
f 6335 6026 6334
f 6335 6336 6027
f 6027 6336 6021
f 6336 6337 6021
f 6337 6325 6021
f 6325 6337 6326
f 6340 6339 6338
f 6328 6340 6338
f 6028 6328 6338
f 6024 6328 6028
f 6029 6342 6341
f 6329 6029 6341
f 6025 6029 6329
f 6342 6343 6341
f 6331 6344 6330
f 6346 6345 6344
f 6345 6330 6344
f 6345 6332 6330
f 6332 6347 6333
f 6332 6345 6347
f 6333 6348 6334
f 6333 6347 6348
f 6334 6349 6335
f 6334 6348 6349
f 6336 6335 6350
f 6350 6335 6349
f 6339 6351 6338
f 6351 6353 6352
f 6351 6352 6030
f 6338 6351 6030
f 6028 6338 6030
f 6352 6031 6030
f 6032 6342 6029
f 6355 6354 6033
f 6033 6354 6032
f 6354 6343 6032
f 6343 6342 6032
f 6355 6356 6354
f 6345 6346 6357
f 6357 6346 6358
f 6345 6359 6347
f 6345 6357 6359
f 6347 6360 6348
f 6347 6359 6360
f 6348 6361 6349
f 6348 6360 6361
f 6350 6349 6362
f 6362 6349 6361
f 6353 6363 6352
f 6031 6352 6363
f 6364 6031 6363
f 6034 6031 6364
f 6035 6355 6033
f 6365 6356 6355
f 6035 6365 6355
f 6036 6365 6035
f 6036 6037 6365
f 6365 6037 6366
f 6369 6368 6367
f 6367 6370 6369
f 6357 6358 6371
f 6371 6358 6372
f 6357 6373 6359
f 6357 6371 6373
f 6359 6374 6360
f 6359 6373 6374
f 6376 6361 6375
f 6361 6374 6375
f 6361 6360 6374
f 6361 6376 6362
f 6378 6038 6377
f 6038 6364 6377
f 6038 6034 6364
f 6379 6378 6377
f 6380 6366 6037
f 6380 6037 6039
f 6040 6367 6368
f 6380 6040 6368
f 6039 6040 6380
f 6381 6370 6367
f 6040 6381 6367
f 6041 6381 6040
f 6382 6041 6042
f 6382 6381 6041
f 6383 6042 6043
f 6383 6382 6042
f 6384 6043 6044
f 6384 6383 6043
f 6386 6385 6045
f 6385 6044 6045
f 6385 6384 6044
f 6386 6387 6385
f 6390 6389 6388
f 6390 6388 6372
f 6388 6371 6372
f 6388 6391 6371
f 6371 6392 6373
f 6371 6391 6392
f 6373 6393 6374
f 6373 6392 6393
f 6375 6374 6394
f 6394 6374 6393
f 6378 6046 6038
f 6047 6046 6378
f 6379 6047 6378
f 6395 6047 6379
f 6398 6397 6396
f 6400 6399 6396
f 6400 6396 6397
f 6402 6401 6399
f 6402 6399 6400
f 6045 6048 6386
f 6401 6402 6403
f 6405 6404 6050
f 6050 6404 6048
f 6404 6387 6048
f 6387 6386 6048
f 6405 6406 6404
f 6409 6408 6407
f 6407 6410 6409
f 6389 6411 6388
f 6413 6412 6411
f 6412 6388 6411
f 6412 6391 6388
f 6412 6052 6053
f 6392 6412 6053
f 6391 6412 6392
f 6392 6053 6054
f 6414 6392 6054
f 6393 6392 6414
f 6394 6393 6415
f 6415 6393 6414
f 6395 6416 6047
f 6047 6416 6055
f 6056 6055 6416
f 6056 6416 6417
f 6398 6396 6418
f 6398 6418 6419
f 6059 6418 6058
f 6418 6399 6058
f 6418 6396 6399
f 6058 6399 6061
f 6061 6399 6401
f 6421 6420 6062
f 6421 6062 6061
f 6403 6421 6061
f 6401 6403 6061
f 6423 6422 6421
f 6422 6405 6421
f 6050 6421 6405
f 6421 6050 6420
f 6063 6420 6050
f 6420 6063 6422
f 6422 6424 6420
f 6423 6424 6422
f 6422 6063 6405
f 6064 6405 6063
f 6405 6064 6406
f 6425 6406 6064
f 6406 6425 6423
f 6424 6423 6425
f 6427 6425 6426
f 6425 6064 6426
f 6066 6428 6426
f 6066 6426 6064
f 6428 6429 6426
f 6408 6430 6407
f 6407 6430 6410
f 6412 6413 6431
f 6431 6413 6432
f 6433 6067 6052
f 6412 6433 6052
f 6431 6433 6412
f 6414 6054 6067
f 6433 6414 6067
f 6434 6414 6433
f 6415 6414 6435
f 6435 6414 6434
f 6417 6436 6056
f 6056 6436 6068
f 6069 6068 6436
f 6069 6436 6437
f 6419 6418 6071
f 6072 6419 6071
f 6438 6419 6072
f 6071 6418 6059
f 6420 6073 6062
f 6073 6420 6074
f 6074 6420 6424
f 6074 6424 6075
f 6075 6424 6425
f 6425 6427 6075
f 6427 6439 6075
f 6428 6066 6075
f 6428 6075 6439
f 6428 6439 6429
f 6432 6440 6431
f 6442 6441 6440
f 6441 6431 6440
f 6441 6433 6431
f 6441 6077 6078
f 6434 6441 6078
f 6433 6441 6434
f 6078 6079 6434
f 6079 6435 6434
f 6079 6443 6435
f 6437 6444 6069
f 6069 6444 6080
f 6081 6080 6444
f 6081 6444 6445
f 6072 6082 6446
f 6447 6072 6446
f 6438 6072 6447
f 6083 6446 6082
f 6442 6448 6441
f 6441 6448 6077
f 6448 6084 6077
f 6448 6449 6084
f 6079 6084 6443
f 6443 6084 6449
f 6451 6086 6450
f 6086 6445 6450
f 6086 6081 6445
f 6452 6451 6450
f 6453 6447 6446
f 6455 6453 6454
f 6454 6453 6087
f 6453 6446 6087
f 6446 6083 6087
f 6089 6454 6087
f 6451 6090 6086
f 6457 6456 6092
f 6457 6092 6090
f 6452 6457 6090
f 6451 6452 6090
f 6458 6456 6457
f 6455 6454 6459
f 6455 6459 6460
f 6093 6461 6089
f 6461 6454 6089
f 6461 6459 6454
f 6094 6462 6093
f 6093 6462 6461
f 6096 6462 6094
f 6456 6097 6092
f 6458 6463 6456
f 6463 6097 6456
f 6463 6098 6097
f 6099 6098 6463
f 6099 6463 6464
f 6467 6466 6465
f 6469 6468 6465
f 6469 6465 6466
f 6468 6469 6460
f 6459 6468 6460
f 6470 6468 6459
f 6471 6459 6461
f 6470 6459 6471
f 6472 6461 6462
f 6471 6461 6472
f 6100 6472 6096
f 6096 6472 6462
f 6464 6473 6099
f 6099 6473 6103
f 6103 6474 6104
f 6473 6474 6103
f 6104 6475 6106
f 6474 6475 6104
f 6477 6476 6107
f 6106 6477 6107
f 6475 6477 6106
f 6479 6478 6476
f 6479 6476 6477
f 6481 6480 6478
f 6481 6478 6479
f 6483 6482 6480
f 6483 6480 6481
f 6485 6484 6482
f 6485 6482 6483
f 6109 6110 6484
f 6485 6109 6484
f 6486 6109 6485
f 6465 6112 6467
f 6112 6486 6467
f 6112 6109 6486
f 6112 6465 6114
f 6114 6465 6468
f 6114 6468 6116
f 6116 6468 6470
f 6116 6470 6117
f 6117 6470 6471
f 6117 6471 6118
f 6118 6471 6472
f 6118 6472 6100
f 6476 6119 6107
f 6119 6476 6120
f 6120 6476 6478
f 6120 6478 6122
f 6122 6478 6480
f 6122 6480 6124
f 6124 6480 6482
f 6124 6482 6126
f 6126 6482 6484
f 6126 6484 6110
f 6487 6135 6136
f 6137 6488 6136
f 6136 6488 6487
f 6488 6137 6489
f 6137 6490 6489
f 6137 6138 6490
f 6491 6138 6139
f 6491 6490 6138
f 6492 6139 6140
f 6492 6491 6139
f 6493 6140 6141
f 6493 6492 6140
f 6494 6141 6142
f 6494 6493 6141
f 6496 6495 6143
f 6495 6142 6143
f 6495 6494 6142
f 6496 6497 6495
f 6498 6144 6145
f 6498 6145 6499
f 6145 6500 6499
f 6145 6146 6500
f 6146 6135 6487
f 6501 6146 6487
f 6500 6146 6501
f 6501 6487 6488
f 6501 6488 6502
f 6502 6488 6489
f 6147 6496 6143
f 6503 6497 6496
f 6147 6503 6496
f 6148 6503 6147
f 6504 6148 6149
f 6504 6503 6148
f 6149 6151 6504
f 6504 6151 6505
f 6507 6506 6153
f 6153 6506 6152
f 6153 6144 6498
f 6508 6153 6498
f 6507 6153 6508
f 6508 6498 6499
f 6155 6505 6151
f 6155 6509 6505
f 6511 6510 6157
f 6157 6510 6156
f 6157 6152 6506
f 6157 6506 6511
f 6158 6513 6512
f 6509 6158 6512
f 6155 6158 6509
f 6513 6514 6512
f 6516 6515 6160
f 6160 6515 6159
f 6160 6156 6510
f 6160 6510 6516
f 6161 6513 6158
f 6518 6517 6162
f 6162 6517 6161
f 6517 6514 6161
f 6514 6513 6161
f 6518 6519 6517
f 6521 6520 6164
f 6164 6520 6163
f 6164 6159 6515
f 6164 6515 6521
f 6165 6518 6162
f 6523 6522 6166
f 6166 6522 6165
f 6522 6519 6165
f 6519 6518 6165
f 6523 6524 6522
f 6527 6526 6525
f 6520 6527 6525
f 6167 6520 6525
f 6163 6520 6167
f 6168 6523 6166
f 6528 6524 6523
f 6168 6528 6523
f 6169 6528 6168
f 6169 6171 6528
f 6528 6171 6529
f 6525 6526 6530
f 6530 6526 6531
f 6530 6172 6167
f 6530 6167 6525
f 6173 6533 6532
f 6529 6173 6532
f 6171 6173 6529
f 6533 6534 6532
f 6531 6535 6530
f 6172 6530 6535
f 6536 6172 6535
f 6175 6172 6536
f 6176 6533 6173
f 6538 6537 6177
f 6177 6537 6176
f 6537 6534 6176
f 6534 6533 6176
f 6538 6539 6537
f 6542 6541 6540
f 6536 6542 6540
f 6179 6536 6540
f 6175 6536 6179
f 6181 6543 6538
f 6181 6538 6177
f 6539 6538 6544
f 6544 6538 6543
f 6540 6541 6545
f 6545 6541 6546
f 6545 6183 6179
f 6545 6179 6540
f 6186 6547 6543
f 6186 6543 6181
f 6544 6543 6548
f 6548 6543 6547
f 6551 6550 6549
f 6553 6552 6549
f 6549 6552 6551
f 6555 6554 6553
f 6553 6554 6552
f 6557 6556 6555
f 6555 6556 6554
f 6559 6558 6557
f 6557 6558 6556
f 6561 6560 6559
f 6559 6560 6558
f 6560 6561 6546
f 6546 6561 6545
f 6561 6188 6545
f 6188 6189 6545
f 6545 6189 6183
f 6191 6562 6192
f 6563 6193 6192
f 6563 6192 6562
f 6563 6564 6193
f 6193 6564 6186
f 6564 6565 6186
f 6565 6547 6186
f 6547 6565 6548
f 6549 6550 6196
f 6550 6195 6196
f 6550 6566 6195
f 6549 6196 6197
f 6549 6197 6553
f 6553 6197 6198
f 6553 6198 6555
f 6555 6198 6199
f 6555 6199 6557
f 6557 6199 6200
f 6557 6200 6559
f 6559 6200 6201
f 6559 6201 6561
f 6561 6201 6188
f 6203 6567 6202
f 6567 6568 6202
f 6202 6568 6191
f 6568 6569 6191
f 6569 6562 6191
f 6562 6569 6563
f 6563 6569 6570
f 6563 6570 6564
f 6572 6571 6205
f 6205 6571 6204
f 6205 6195 6566
f 6205 6566 6572
f 6208 6573 6209
f 6573 6211 6209
f 6575 6574 6567
f 6203 6575 6567
f 6215 6575 6203
f 6567 6574 6568
f 6576 6216 6217
f 6577 6576 6217
f 6204 6577 6217
f 6571 6577 6204
f 6219 6578 6218
f 6579 6220 6218
f 6579 6218 6578
f 6220 6579 6580
f 6581 6220 6580
f 6221 6220 6581
f 6221 6582 6222
f 6581 6582 6221
f 6208 6222 6573
f 6222 6583 6573
f 6222 6582 6583
f 6573 6583 6211
f 6583 6223 6211
f 6583 6584 6223
f 6223 6585 6224
f 6584 6585 6223
f 6224 6586 6225
f 6585 6586 6224
f 6586 6588 6587
f 6226 6586 6587
f 6225 6586 6226
f 6589 6227 6226
f 6589 6226 6587
f 6589 6229 6227
f 6590 6575 6215
f 6590 6215 6232
f 6592 6590 6591
f 6590 6233 6591
f 6590 6232 6233
f 6234 6591 6233
f 6593 6236 6576
f 6576 6236 6216
f 6576 6577 6594
f 6576 6594 6593
f 6596 6595 6239
f 6596 6239 6238
f 6219 6239 6578
f 6239 6597 6578
f 6239 6595 6597
f 6578 6597 6579
f 6579 6597 6598
f 6579 6598 6580
f 6588 6599 6587
f 6587 6599 6589
f 6589 6599 6600
f 6600 6602 6601
f 6600 6601 6240
f 6589 6600 6240
f 6229 6589 6240
f 6603 6241 6240
f 6603 6240 6601
f 6603 6242 6241
f 6604 6592 6591
f 6606 6604 6605
f 6605 6604 6243
f 6604 6591 6243
f 6591 6234 6243
f 6244 6607 6243
f 6243 6607 6605
f 6246 6607 6244
f 6609 6608 6593
f 6608 6236 6593
f 6608 6249 6236
f 6609 6593 6594
f 6611 6610 6252
f 6611 6252 6251
f 6238 6252 6596
f 6596 6252 6610
f 6602 6612 6601
f 6601 6612 6603
f 6603 6612 6613
f 6613 6615 6614
f 6613 6614 6253
f 6603 6613 6253
f 6242 6603 6253
f 6616 6254 6253
f 6616 6253 6614
f 6605 6617 6606
f 6256 6254 6616
f 6617 6605 6607
f 6617 6607 6618
f 6620 6618 6619
f 6619 6618 6257
f 6618 6607 6257
f 6607 6246 6257
f 6258 6621 6257
f 6257 6621 6619
f 6260 6621 6258
f 6622 6262 6263
f 6623 6622 6263
f 6249 6623 6263
f 6608 6623 6249
f 6265 6624 6266
f 6624 6625 6266
f 6625 6251 6266
f 6625 6611 6251
f 6615 6626 6614
f 6614 6626 6616
f 6616 6626 6627
f 6627 6629 6628
f 6627 6628 6267
f 6616 6627 6267
f 6256 6616 6267
f 6628 6269 6267
f 6630 6620 6619
f 6632 6631 6630
f 6619 6632 6630
f 6621 6632 6619
f 6270 6633 6260
f 6633 6621 6260
f 6633 6632 6621
f 6271 6633 6270
f 6635 6634 6622
f 6634 6262 6622
f 6634 6274 6262
f 6635 6622 6623
f 6276 6636 6277
f 6636 6637 6277
f 6277 6637 6265
f 6637 6638 6265
f 6638 6624 6265
f 6624 6638 6625
f 6629 6639 6628
f 6628 6639 6269
f 6639 6278 6269
f 6639 6640 6278
f 6279 6278 6640
f 6279 6640 6641
f 6642 6631 6632
f 6644 6643 6642
f 6632 6644 6642
f 6633 6644 6632
f 6280 6645 6271
f 6645 6633 6271
f 6645 6644 6633
f 6281 6645 6280
f 6634 6285 6274
f 6646 6285 6634
f 6287 6647 6286
f 6636 6276 6286
f 6647 6636 6286
f 6648 6636 6647
f 6637 6636 6649
f 6649 6636 6648
f 6288 6279 6650
f 6279 6651 6650
f 6279 6641 6651
f 6650 6289 6288
f 6652 6643 6644
f 6654 6653 6652
f 6644 6654 6652
f 6645 6654 6644
f 6290 6655 6281
f 6655 6645 6281
f 6655 6654 6645
f 6291 6655 6290
f 6657 6656 6294
f 6294 6656 6293
f 6294 6285 6646
f 6294 6646 6657
f 6296 6658 6647
f 6296 6647 6287
f 6660 6648 6659
f 6648 6658 6659
f 6648 6647 6658
f 6648 6660 6649
f 6650 6651 6661
f 6661 6651 6662
f 6661 6297 6289
f 6661 6289 6650
f 6653 6654 6663
f 6653 6663 6664
f 6665 6654 6655
f 6663 6654 6665
f 6299 6665 6291
f 6291 6665 6655
f 6656 6301 6293
f 6666 6301 6656
f 6303 6667 6302
f 6667 6668 6302
f 6302 6668 6296
f 6668 6669 6296
f 6669 6658 6296
f 6658 6669 6659
f 6661 6662 6306
f 6662 6305 6306
f 6662 6670 6305
f 6661 6306 6297
f 6671 6664 6663
f 6673 6672 6671
f 6663 6673 6671
f 6665 6673 6663
f 6308 6673 6299
f 6299 6673 6665
f 6674 6310 6311
f 6675 6674 6311
f 6301 6675 6311
f 6666 6675 6301
f 6313 6676 6667
f 6313 6667 6303
f 6668 6667 6677
f 6677 6667 6676
f 6680 6679 6678
f 6315 6316 6678
f 6316 6680 6678
f 6316 6681 6680
f 6316 6305 6670
f 6316 6670 6681
f 6672 6673 6682
f 6672 6682 6683
f 6317 6682 6308
f 6308 6682 6673
f 6685 6684 6674
f 6684 6310 6674
f 6684 6318 6310
f 6685 6674 6675
f 6687 6686 6676
f 6313 6687 6676
f 6319 6687 6313
f 6676 6686 6677
f 6690 6689 6688
f 6690 6688 6679
f 6679 6688 6678
f 6688 6321 6678
f 6321 6322 6678
f 6678 6322 6315
f 6683 6682 6327
f 6326 6683 6327
f 6691 6683 6326
f 6327 6682 6317
f 6684 6328 6318
f 6692 6328 6684
f 6329 6694 6693
f 6687 6329 6693
f 6319 6329 6687
f 6694 6695 6693
f 6698 6697 6696
f 6700 6699 6696
f 6696 6699 6698
f 6699 6700 6689
f 6700 6688 6689
f 6700 6701 6688
f 6701 6331 6321
f 6701 6321 6688
f 6336 6702 6337
f 6702 6703 6337
f 6703 6326 6337
f 6703 6691 6326
f 6704 6339 6340
f 6328 6692 6705
f 6704 6328 6705
f 6706 6704 6705
f 6340 6328 6704
f 6707 6706 6705
f 6341 6694 6329
f 6709 6708 6343
f 6343 6708 6341
f 6708 6695 6341
f 6695 6694 6341
f 6709 6710 6708
f 6696 6697 6711
f 6711 6697 6712
f 6696 6713 6700
f 6696 6711 6713
f 6700 6714 6701
f 6700 6713 6714
f 6715 6344 6331
f 6701 6715 6331
f 6714 6715 6701
f 6715 6346 6344
f 6350 6716 6702
f 6350 6702 6336
f 6703 6702 6717
f 6717 6702 6716
f 6704 6351 6339
f 6351 6704 6353
f 6704 6718 6353
f 6704 6706 6718
f 6706 6707 6719
f 6706 6719 6718
f 6354 6709 6343
f 6721 6720 6356
f 6356 6720 6354
f 6720 6710 6354
f 6710 6709 6354
f 6721 6722 6720
f 6725 6724 6723
f 6725 6723 6712
f 6723 6711 6712
f 6723 6726 6711
f 6711 6727 6713
f 6711 6726 6727
f 6713 6728 6714
f 6713 6727 6728
f 6714 6729 6715
f 6714 6728 6729
f 6729 6358 6346
f 6729 6346 6715
f 6731 6730 6716
f 6350 6731 6716
f 6362 6731 6350
f 6716 6730 6717
f 6718 6363 6353
f 6733 6732 6364
f 6733 6364 6363
f 6719 6733 6363
f 6718 6719 6363
f 6734 6732 6733
f 6365 6721 6356
f 6736 6735 6366
f 6366 6735 6365
f 6735 6722 6365
f 6722 6721 6365
f 6368 6369 6736
f 6369 6735 6736
f 6369 6737 6735
f 6739 6738 6370
f 6738 6369 6370
f 6738 6737 6369
f 6741 6740 6739
f 6739 6740 6738
f 6743 6742 6741
f 6741 6742 6740
f 6745 6744 6743
f 6743 6744 6742
f 6747 6746 6745
f 6745 6746 6744
f 6749 6748 6747
f 6747 6748 6746
f 6751 6750 6749
f 6749 6750 6748
f 6751 6752 6750
f 6755 6754 6753
f 6755 6753 6724
f 6753 6723 6724
f 6753 6756 6723
f 6723 6757 6726
f 6723 6756 6757
f 6726 6758 6727
f 6726 6757 6758
f 6727 6759 6728
f 6727 6758 6759
f 6728 6760 6729
f 6728 6759 6760
f 6760 6372 6358
f 6760 6358 6729
f 6375 6761 6376
f 6761 6762 6376
f 6762 6362 6376
f 6762 6731 6362
f 6732 6377 6364
f 6379 6377 6732
f 6734 6379 6732
f 6763 6379 6734
f 6380 6736 6366
f 6736 6380 6368
f 6381 6739 6370
f 6739 6381 6382
f 6739 6382 6741
f 6383 6764 6382
f 6764 6765 6382
f 6766 6382 6765
f 6382 6766 6741
f 6767 6741 6766
f 6741 6767 6764
f 6764 6743 6741
f 6383 6743 6764
f 6764 6767 6765
f 6384 6768 6383
f 6384 6765 6768
f 6765 6384 6769
f 6745 6769 6384
f 6769 6745 6767
f 6768 6767 6745
f 6745 6743 6768
f 6768 6743 6383
f 6765 6767 6768
f 6745 6384 6385
f 6745 6385 6747
f 6747 6385 6387
f 6770 6747 6387
f 6749 6747 6770
f 6749 6771 6751
f 6749 6770 6771
f 6752 6751 6772
f 6751 6773 6772
f 6751 6771 6773
f 6775 6774 6773
f 6773 6774 6772
f 6777 6776 6775
f 6775 6776 6774
f 6776 6777 6754
f 6777 6753 6754
f 6777 6778 6753
f 6780 6756 6779
f 6756 6778 6779
f 6756 6753 6778
f 6756 6780 6757
f 6757 6780 6781
f 6757 6781 6758
f 6758 6781 6782
f 6784 6783 6782
f 6783 6758 6782
f 6783 6759 6758
f 6783 6389 6390
f 6760 6783 6390
f 6759 6783 6760
f 6760 6390 6372
f 6394 6785 6761
f 6394 6761 6375
f 6762 6761 6786
f 6786 6761 6785
f 6788 6395 6787
f 6395 6763 6787
f 6395 6379 6763
f 6789 6788 6787
f 6792 6791 6790
f 6397 6398 6790
f 6791 6397 6790
f 6793 6397 6791
f 6765 6400 6766
f 6400 6793 6766
f 6400 6397 6793
f 6769 6794 6765
f 6794 6400 6765
f 6794 6402 6400
f 6796 6795 6403
f 6402 6796 6403
f 6794 6796 6402
f 6798 6797 6796
f 6797 6770 6796
f 6387 6796 6770
f 6796 6387 6795
f 6404 6795 6387
f 6795 6404 6797
f 6797 6799 6795
f 6798 6799 6797
f 6797 6404 6770
f 6800 6799 6798
f 6799 6800 6406
f 6771 6406 6800
f 6406 6771 6404
f 6770 6404 6771
f 6802 6801 6800
f 6801 6771 6800
f 6801 6773 6771
f 6804 6775 6803
f 6775 6801 6803
f 6775 6773 6801
f 6775 6804 6777
f 6777 6804 6805
f 6777 6805 6778
f 6778 6805 6806
f 6778 6806 6779
f 6807 6408 6409
f 6410 6807 6409
f 6784 6808 6783
f 6808 6810 6809
f 6808 6809 6411
f 6783 6808 6411
f 6389 6783 6411
f 6809 6413 6411
f 6415 6811 6785
f 6415 6785 6394
f 6786 6785 6812
f 6812 6785 6811
f 6788 6416 6395
f 6814 6813 6417
f 6814 6417 6416
f 6789 6814 6416
f 6788 6789 6416
f 6815 6813 6814
f 6816 6792 6790
f 6790 6398 6816
f 6398 6817 6816
f 6398 6419 6817
f 6795 6421 6403
f 6421 6795 6423
f 6423 6795 6799
f 6423 6799 6406
f 6819 6818 6802
f 6818 6427 6802
f 6426 6801 6802
f 6426 6802 6427
f 6818 6819 6429
f 6819 6803 6429
f 6801 6426 6429
f 6801 6429 6803
f 6807 6430 6408
f 6430 6807 6410
f 6810 6820 6809
f 6413 6809 6820
f 6821 6413 6820
f 6432 6413 6821
f 6435 6822 6811
f 6435 6811 6415
f 6812 6811 6823
f 6823 6811 6822
f 6813 6436 6417
f 6825 6824 6437
f 6825 6437 6436
f 6815 6825 6436
f 6813 6815 6436
f 6826 6824 6825
f 6438 6817 6419
f 6438 6827 6817
f 6818 6439 6427
f 6439 6818 6429
f 6821 6828 6432
f 6432 6828 6440
f 6442 6440 6828
f 6442 6828 6829
f 6443 6830 6822
f 6443 6822 6435
f 6823 6822 6831
f 6831 6822 6830
f 6824 6444 6437
f 6833 6832 6445
f 6833 6445 6444
f 6826 6833 6444
f 6824 6826 6444
f 6834 6832 6833
f 6447 6836 6835
f 6827 6447 6835
f 6438 6447 6827
f 6836 6837 6835
f 6829 6838 6442
f 6442 6838 6448
f 6448 6839 6449
f 6838 6839 6448
f 6443 6449 6830
f 6449 6840 6830
f 6449 6839 6840
f 6830 6840 6831
f 6832 6450 6445
f 6842 6841 6452
f 6842 6452 6450
f 6834 6842 6450
f 6832 6834 6450
f 6843 6841 6842
f 6836 6447 6453
f 6846 6845 6844
f 6845 6846 6455
f 6846 6837 6455
f 6836 6453 6455
f 6836 6455 6837
f 6841 6457 6452
f 6848 6847 6458
f 6848 6458 6457
f 6843 6848 6457
f 6841 6843 6457
f 6850 6849 6847
f 6850 6847 6848
f 6851 6849 6850
f 6854 6853 6852
f 6856 6855 6852
f 6856 6852 6853
f 6855 6856 6844
f 6845 6855 6844
f 6857 6855 6845
f 6460 6857 6455
f 6455 6857 6845
f 6847 6463 6458
f 6463 6847 6464
f 6847 6858 6464
f 6847 6849 6858
f 6849 6851 6859
f 6860 6849 6859
f 6858 6849 6860
f 6861 6860 6859
f 6864 6863 6862
f 6866 6865 6862
f 6866 6862 6863
f 6868 6867 6865
f 6868 6865 6866
f 6867 6868 6854
f 6852 6867 6854
f 6869 6867 6852
f 6467 6869 6466
f 6869 6855 6466
f 6869 6852 6855
f 6466 6855 6469
f 6469 6855 6857
f 6469 6857 6460
f 6858 6473 6464
f 6473 6858 6474
f 6474 6858 6860
f 6861 6870 6860
f 6870 6474 6860
f 6870 6475 6474
f 6475 6871 6477
f 6870 6871 6475
f 6477 6872 6479
f 6871 6872 6477
f 6862 6481 6864
f 6481 6872 6864
f 6481 6479 6872
f 6481 6862 6483
f 6483 6862 6865
f 6483 6865 6485
f 6485 6865 6867
f 6485 6867 6486
f 6486 6867 6869
f 6486 6869 6467
f 6873 6489 6490
f 6491 6874 6490
f 6490 6874 6873
f 6492 6875 6491
f 6491 6875 6874
f 6493 6876 6492
f 6492 6876 6875
f 6494 6877 6493
f 6493 6877 6876
f 6495 6878 6494
f 6494 6878 6877
f 6497 6878 6495
f 6879 6499 6500
f 6501 6880 6500
f 6500 6880 6879
f 6880 6501 6881
f 6501 6882 6881
f 6501 6502 6882
f 6502 6489 6873
f 6883 6502 6873
f 6882 6502 6883
f 6883 6873 6874
f 6883 6874 6884
f 6884 6874 6875
f 6884 6875 6885
f 6885 6875 6876
f 6885 6876 6886
f 6886 6876 6877
f 6886 6877 6887
f 6887 6877 6878
f 6887 6878 6888
f 6888 6878 6497
f 6503 6888 6497
f 6889 6888 6503
f 6890 6503 6504
f 6890 6889 6503
f 6504 6505 6890
f 6890 6505 6891
f 6892 6506 6507
f 6892 6507 6893
f 6507 6894 6893
f 6507 6508 6894
f 6508 6499 6879
f 6895 6508 6879
f 6894 6508 6895
f 6895 6879 6880
f 6895 6880 6896
f 6896 6880 6881
f 6509 6898 6897
f 6891 6509 6897
f 6505 6509 6891
f 6898 6899 6897
f 6901 6900 6511
f 6511 6900 6510
f 6511 6506 6892
f 6902 6511 6892
f 6901 6511 6902
f 6902 6892 6893
f 6512 6898 6509
f 6904 6903 6514
f 6514 6903 6512
f 6903 6899 6512
f 6899 6898 6512
f 6904 6905 6903
f 6908 6907 6906
f 6515 6516 6906
f 6516 6908 6906
f 6516 6909 6908
f 6516 6510 6900
f 6516 6900 6909
f 6517 6904 6514
f 6517 6519 6904
f 6519 6905 6904
f 6519 6910 6905
f 6913 6912 6911
f 6913 6911 6907
f 6907 6911 6906
f 6911 6520 6906
f 6520 6521 6906
f 6906 6521 6515
f 6914 6910 6519
f 6914 6519 6522
f 6916 6915 6524
f 6915 6522 6524
f 6915 6914 6522
f 6916 6917 6915
f 6911 6912 6527
f 6912 6526 6527
f 6912 6918 6526
f 6911 6527 6520
f 6528 6916 6524
f 6528 6529 6916
f 6529 6917 6916
f 6529 6919 6917
f 6922 6921 6920
f 6918 6922 6920
f 6531 6918 6920
f 6526 6918 6531
f 6923 6919 6529
f 6923 6529 6532
f 6925 6924 6534
f 6924 6532 6534
f 6924 6923 6532
f 6925 6926 6924
f 6921 6927 6920
f 6927 6929 6928
f 6927 6928 6535
f 6920 6927 6535
f 6531 6920 6535
f 6928 6536 6535
f 6537 6925 6534
f 6537 6539 6925
f 6539 6926 6925
f 6539 6930 6926
f 6933 6932 6931
f 6935 6934 6931
f 6931 6934 6933
f 6935 6936 6934
f 6939 6938 6937
f 6939 6937 6929
f 6929 6937 6928
f 6937 6541 6928
f 6541 6542 6928
f 6928 6542 6536
f 6544 6930 6539
f 6544 6940 6930
f 6932 6941 6931
f 6943 6942 6941
f 6942 6931 6941
f 6942 6935 6931
f 6936 6935 6944
f 6935 6945 6944
f 6935 6942 6945
f 6947 6946 6945
f 6945 6946 6944
f 6949 6948 6947
f 6947 6948 6946
f 6951 6950 6949
f 6949 6950 6948
f 6953 6952 6951
f 6951 6952 6950
f 6955 6954 6953
f 6953 6954 6952
f 6954 6955 6938
f 6955 6937 6938
f 6955 6956 6937
f 6956 6546 6541
f 6956 6541 6937
f 6548 6940 6544
f 6548 6957 6940
f 6942 6943 6958
f 6958 6943 6959
f 6942 6960 6945
f 6942 6958 6960
f 6960 6550 6551
f 6947 6960 6551
f 6945 6960 6947
f 6947 6551 6552
f 6947 6552 6949
f 6949 6552 6554
f 6949 6554 6951
f 6951 6554 6556
f 6951 6556 6953
f 6953 6556 6558
f 6953 6558 6955
f 6955 6558 6560
f 6955 6560 6956
f 6956 6560 6546
f 6962 6961 6565
f 6962 6565 6564
f 6548 6565 6957
f 6957 6565 6961
f 6959 6963 6958
f 6958 6963 6960
f 6960 6963 6964
f 6550 6960 6964
f 6965 6550 6964
f 6566 6550 6965
f 6568 6966 6569
f 6569 6966 6967
f 6968 6569 6967
f 6570 6569 6968
f 6564 6570 6962
f 6962 6570 6968
f 6969 6571 6572
f 6970 6969 6572
f 6566 6970 6572
f 6965 6970 6566
f 6575 6971 6574
f 6971 6972 6574
f 6574 6972 6568
f 6972 6973 6568
f 6973 6966 6568
f 6966 6973 6967
f 6974 6577 6969
f 6969 6577 6571
f 6969 6970 6975
f 6969 6975 6974
f 6580 6976 6581
f 6977 6582 6581
f 6977 6581 6976
f 6978 6583 6582
f 6978 6582 6977
f 6583 6978 6979
f 6980 6583 6979
f 6584 6583 6980
f 6980 6982 6981
f 6585 6980 6981
f 6584 6980 6585
f 6983 6586 6585
f 6983 6585 6981
f 6983 6588 6586
f 6590 6971 6575
f 6590 6592 6971
f 6592 6972 6971
f 6592 6984 6972
f 6986 6985 6974
f 6985 6577 6974
f 6985 6594 6577
f 6986 6974 6975
f 6596 6987 6595
f 6988 6597 6595
f 6988 6595 6987
f 6597 6988 6989
f 6990 6597 6989
f 6598 6597 6990
f 6580 6598 6976
f 6598 6991 6976
f 6598 6990 6991
f 6976 6991 6977
f 6977 6991 6992
f 6977 6992 6978
f 6978 6992 6993
f 6978 6993 6979
f 6982 6994 6981
f 6981 6994 6983
f 6983 6994 6995
f 6983 6995 6588
f 6995 6599 6588
f 6995 6996 6599
f 6996 6998 6997
f 6600 6996 6997
f 6599 6996 6600
f 6997 6602 6600
f 6999 6984 6592
f 6999 6592 6604
f 6604 6606 6999
f 6999 6606 7000
f 7001 6608 6609
f 7002 7001 6609
f 6594 7002 6609
f 6985 7002 6594
f 6611 7003 6610
f 7003 7004 6610
f 6610 7004 6596
f 7004 7005 6596
f 7005 6987 6596
f 6987 7005 6988
f 6988 7005 7006
f 6988 7006 6989
f 6998 7007 6997
f 7007 7009 7008
f 7007 7008 6612
f 6997 7007 6612
f 6602 6997 6612
f 7010 6613 6612
f 7010 6612 7008
f 7010 6615 6613
f 7011 7000 6606
f 7011 6606 6617
f 7013 7011 7012
f 7011 6618 7012
f 7011 6617 6618
f 6620 7012 6618
f 7015 7014 7001
f 7014 6608 7001
f 7014 6623 6608
f 7015 7001 7002
f 7017 7016 7003
f 6611 7017 7003
f 6625 7017 6611
f 7003 7016 7004
f 7009 7018 7008
f 7008 7018 7010
f 7010 7018 7019
f 7019 7021 7020
f 7019 7020 6626
f 7010 7019 6626
f 6615 7010 6626
f 7022 6627 6626
f 7022 6626 7020
f 7022 6629 6627
f 7023 7013 7012
f 7025 7023 7024
f 7024 7023 6630
f 7023 7012 6630
f 7012 6620 6630
f 6631 7024 6630
f 7026 6634 6635
f 7027 7026 6635
f 6623 7027 6635
f 7014 7027 6623
f 7029 7028 6638
f 7029 6638 6637
f 6625 6638 7017
f 7017 6638 7028
f 7021 7030 7020
f 7020 7030 7022
f 7022 7030 7031
f 7031 7033 7032
f 7031 7032 6639
f 7022 7031 6639
f 6629 7022 6639
f 7034 6640 6639
f 7034 6639 7032
f 7024 7035 7025
f 6641 6640 7034
f 7037 7035 7036
f 7036 7035 6642
f 7035 7024 6642
f 7024 6631 6642
f 6643 7036 6642
f 7039 7038 7026
f 7038 6634 7026
f 7038 6646 6634
f 7039 7026 7027
f 6649 7029 6637
f 6649 7040 7029
f 7033 7041 7032
f 7043 7042 7041
f 7042 7032 7041
f 7042 7034 7032
f 7042 6651 6641
f 7042 6641 7034
f 7044 7037 7036
f 7046 7044 7045
f 7045 7044 6652
f 7044 7036 6652
f 7036 6643 6652
f 6653 7045 6652
f 7048 7047 6657
f 6657 7047 6656
f 6657 6646 7038
f 6657 7038 7048
f 6659 7049 6660
f 7049 7050 6660
f 7050 6649 6660
f 7050 7040 6649
f 7042 7043 7051
f 7051 7043 7052
f 7051 6662 6651
f 7051 6651 7042
f 7053 7046 7045
f 7045 6653 7053
f 6653 7054 7053
f 6653 6664 7054
f 7047 6666 6656
f 7055 6666 7047
f 6668 7056 6669
f 7056 7057 6669
f 6669 7057 6659
f 7057 7058 6659
f 7058 7049 6659
f 7049 7058 7050
f 7051 7052 7059
f 7059 7052 7060
f 7059 6670 6662
f 7059 6662 7051
f 7061 7054 6664
f 7061 6664 6671
f 6671 6672 7061
f 7061 6672 7062
f 7055 6675 6666
f 7063 6675 7055
f 6677 7064 7056
f 6677 7056 6668
f 7057 7056 7065
f 7065 7056 7064
f 7067 7066 6680
f 6680 7066 6679
f 6681 7059 7060
f 7067 6681 7060
f 6680 6681 7067
f 7059 6681 6670
f 6683 7062 6672
f 6683 7068 7062
f 7069 6684 6685
f 7070 7069 6685
f 6675 7070 6685
f 7063 7070 6675
f 6687 7071 6686
f 7064 6677 6686
f 7071 7064 6686
f 7072 7064 7071
f 7065 7064 7073
f 7073 7064 7072
f 7076 7075 7074
f 6689 6690 7074
f 6690 7076 7074
f 6690 7077 7076
f 6690 6679 7066
f 6690 7066 7077
f 6691 7068 6683
f 6691 7078 7068
f 7079 6692 7069
f 7069 6692 6684
f 7069 7070 7080
f 7069 7080 7079
f 6693 7071 6687
f 7071 6693 6695
f 7081 7071 6695
f 7072 7071 7081
f 7073 7072 7082
f 7082 7072 7081
f 7084 7083 6698
f 6698 7083 6697
f 6699 7074 7075
f 7084 6699 7075
f 6698 6699 7084
f 7074 6699 6689
f 6703 7086 7085
f 7078 6703 7085
f 6691 6703 7078
f 7086 7087 7085
f 7079 6705 6692
f 6707 6705 7079
f 7080 6707 7079
f 7088 6707 7080
f 6708 7081 6695
f 7090 7089 6710
f 6710 7089 6708
f 7089 7082 6708
f 7082 7081 6708
f 7090 7091 7089
f 7094 7093 7092
f 7096 7095 7092
f 7092 7095 7094
f 7098 7097 7096
f 7096 7097 7095
f 7100 7099 7098
f 7098 7099 7097
f 7102 7101 7100
f 7100 7101 7099
f 7083 7101 7102
f 6712 7083 7102
f 6697 7083 6712
f 7104 7103 7086
f 6703 7104 7086
f 6717 7104 6703
f 7086 7103 7087
f 7106 6719 7105
f 6719 7088 7105
f 6719 6707 7088
f 7107 7106 7105
f 6720 7090 6710
f 7109 7108 6722
f 6722 7108 6720
f 7108 7091 6720
f 7091 7090 6720
f 7111 7110 7109
f 7109 7110 7108
f 7113 7112 7111
f 7111 7112 7110
f 7115 7114 7113
f 7113 7114 7112
f 7117 7116 7115
f 7115 7116 7114
f 7119 7118 7117
f 7117 7118 7116
f 7121 7120 7119
f 7119 7120 7118
f 7123 7122 7121
f 7121 7122 7120
f 7125 7124 7123
f 7123 7124 7122
f 7124 7125 7093
f 7125 7092 7093
f 7125 7126 7092
f 7092 7127 7096
f 7092 7126 7127
f 7096 7128 7098
f 7096 7127 7128
f 7098 7129 7100
f 7098 7128 7129
f 7129 6724 6725
f 7102 7129 6725
f 7100 7129 7102
f 7102 6725 6712
f 6731 7130 6730
f 7130 7131 6730
f 7131 6717 6730
f 7131 7104 6717
f 7106 6733 6719
f 7133 7132 6734
f 7133 6734 6733
f 7107 7133 6733
f 7106 7107 6733
f 7134 7132 7133
f 6735 7109 6722
f 7109 6735 6737
f 7109 6737 7111
f 7111 6737 6738
f 7111 6738 7113
f 6740 7135 6738
f 7135 7136 6738
f 7137 6738 7136
f 6738 7137 7113
f 7138 7113 7137
f 7113 7138 7135
f 7135 7115 7113
f 6740 7115 7135
f 7135 7138 7136
f 7140 7139 7138
f 7136 7138 7139
f 7115 6742 7117
f 6742 7115 6740
f 7142 7141 7140
f 7139 7140 7141
f 7117 6744 7119
f 6744 7117 6742
f 6746 7143 6744
f 6746 7141 7143
f 7141 6746 7144
f 7121 7144 6746
f 7144 7121 7142
f 7143 7142 7121
f 7121 7119 7143
f 7143 7119 6744
f 7141 7142 7143
f 7121 6746 6748
f 7121 6748 7123
f 7123 6748 6750
f 7123 6750 7125
f 7125 6750 6752
f 7145 7125 6752
f 7126 7125 7145
f 7126 7146 7127
f 7126 7145 7146
f 7127 7147 7128
f 7127 7146 7147
f 7147 6754 6755
f 7129 7147 6755
f 7128 7147 7129
f 6724 7129 6755
f 7150 7149 7148
f 7152 7151 7149
f 7152 7149 7150
f 7153 7151 7152
f 7155 7154 7130
f 6731 7155 7130
f 6762 7155 6731
f 7130 7154 7131
f 7156 6763 7132
f 7132 6763 6734
f 7132 7134 7157
f 7158 7132 7157
f 7156 7132 7158
f 7159 7158 7157
f 7162 7161 7160
f 7160 7161 7137
f 7136 7160 7137
f 7163 7160 7136
f 6766 7163 6767
f 7163 7139 6767
f 7163 7136 7139
f 6767 7139 6769
f 7139 7164 6769
f 7139 7141 7164
f 7141 7144 7165
f 7166 7141 7165
f 7164 7141 7166
f 7168 7167 7166
f 7168 7166 7165
f 7170 7169 7167
f 7170 7167 7168
f 7172 7171 7170
f 7171 7145 7170
f 6752 7170 7145
f 7170 6752 7169
f 6772 7169 6752
f 7169 6772 7171
f 7171 7173 7169
f 7172 7173 7171
f 7171 6772 7145
f 7175 7174 7172
f 7173 7172 7174
f 7145 6774 7146
f 6774 7145 6772
f 7177 7176 7175
f 7174 7175 7176
f 7146 6776 7147
f 6776 7146 6774
f 7179 7178 7177
f 7179 7147 7178
f 7147 7179 6754
f 7180 6754 7179
f 6754 7180 6776
f 7178 6776 7180
f 7180 7176 7178
f 7178 7176 7177
f 7147 6776 7178
f 7180 7179 7148
f 7180 7148 7149
f 6779 7180 7149
f 6780 6779 7149
f 6780 7149 6781
f 6781 7149 7151
f 7153 7181 7151
f 7181 6781 7151
f 7181 6782 6781
f 6784 6782 7181
f 6784 7181 7182
f 6786 7155 6762
f 6786 7183 7155
f 7156 6787 6763
f 6787 7156 6789
f 7156 7184 6789
f 7156 7158 7184
f 7158 7159 7185
f 7158 7185 7184
f 7162 7160 6791
f 6792 7162 6791
f 7186 7162 6792
f 6791 7160 6793
f 6793 7160 7163
f 6793 7163 6766
f 7164 6794 6769
f 6794 7164 6796
f 6796 7164 7166
f 6796 7166 6798
f 6798 7166 7167
f 6798 7167 6800
f 6800 7167 7169
f 6800 7169 6802
f 7169 7187 6802
f 7169 7173 7187
f 6803 7187 6804
f 7187 7174 6804
f 7187 7173 7174
f 6804 7174 6805
f 6805 7174 7176
f 6805 7176 6806
f 6806 7176 7180
f 6806 7180 6779
f 7182 7188 6784
f 6784 7188 6808
f 7190 7189 6810
f 6808 7190 6810
f 7188 7190 6808
f 7191 7189 7190
f 7194 7193 7192
f 7193 7183 7192
f 7183 6812 7192
f 7183 6786 6812
f 7184 6814 6789
f 7196 7195 6815
f 7196 6815 6814
f 7185 7196 6814
f 7184 7185 6814
f 7197 7195 7196
f 7198 7186 6792
f 7198 6792 6816
f 6816 6817 7198
f 7198 6817 7199
f 7187 6819 6802
f 6819 7187 6803
f 7189 6820 6810
f 7201 7200 6821
f 7201 6821 6820
f 7191 7201 6820
f 7189 7191 6820
f 7202 7200 7201
f 7194 7192 7203
f 7194 7203 7204
f 6823 7203 6812
f 6812 7203 7192
f 7195 6825 6815
f 7206 7205 6826
f 7206 6826 6825
f 7197 7206 6825
f 7195 7197 6825
f 7207 7205 7206
f 6827 7199 6817
f 6827 7208 7199
f 7200 6828 6821
f 7210 7209 6829
f 7210 6829 6828
f 7202 7210 6828
f 7200 7202 6828
f 7212 7211 7209
f 7212 7209 7210
f 7211 7212 7204
f 7203 7211 7204
f 7213 7211 7203
f 6831 7213 6823
f 6823 7213 7203
f 7205 6833 6826
f 7215 7214 6834
f 7215 6834 6833
f 7207 7215 6833
f 7205 7207 6833
f 7217 7216 7214
f 7217 7214 7215
f 7218 7216 7217
f 6827 6835 7219
f 7220 6827 7219
f 7208 6827 7220
f 6837 7219 6835
f 7209 6838 6829
f 6838 7209 6839
f 6839 7209 7211
f 6839 7211 6840
f 6840 7211 7213
f 6840 7213 6831
f 7214 6842 6834
f 6842 7214 6843
f 7214 7221 6843
f 7214 7216 7221
f 7216 7218 7222
f 7223 7216 7222
f 7221 7216 7223
f 7224 7223 7222
f 7227 7226 7225
f 7225 7226 7220
f 7225 7220 7219
f 6844 7225 7219
f 6846 6844 7219
f 6846 7219 6837
f 7221 6848 6843
f 6848 7221 6850
f 6850 7221 7223
f 7229 7228 6851
f 7229 6851 6850
f 7224 7229 6850
f 7223 7224 6850
f 7231 7230 7228
f 7231 7228 7229
f 7233 7232 7230
f 7233 7230 7231
f 7234 7232 7233
f 7237 7236 7235
f 7239 7238 7235
f 7239 7235 7236
f 7241 7240 7238
f 7241 7238 7239
f 6853 6854 7240
f 7241 6853 7240
f 7242 6853 7241
f 7225 6856 7227
f 6856 7242 7227
f 6856 6853 7242
f 6856 7225 6844
f 7228 6859 6851
f 6859 7228 6861
f 7228 7243 6861
f 7228 7230 7243
f 7244 7230 7232
f 7243 7230 7244
f 7232 7234 7245
f 7246 7232 7245
f 7244 7232 7246
f 7246 7245 7237
f 7246 7237 7235
f 6864 7246 7235
f 6863 6864 7235
f 6863 7235 6866
f 6866 7235 7238
f 6866 7238 6868
f 6868 7238 7240
f 6868 7240 6854
f 7243 6870 6861
f 6870 7243 6871
f 6871 7243 7244
f 6871 7244 6872
f 6872 7244 7246
f 6872 7246 6864
f 7247 6881 6882
f 6883 7248 6882
f 6882 7248 7247
f 6884 7249 6883
f 6883 7249 7248
f 6885 7250 6884
f 6884 7250 7249
f 6886 7251 6885
f 6885 7251 7250
f 6887 7252 6886
f 6886 7252 7251
f 6888 7253 6887
f 6887 7253 7252
f 6889 7254 6888
f 6888 7254 7253
f 6890 7255 6889
f 6889 7255 7254
f 6891 7255 6890
f 7256 6893 6894
f 6895 7257 6894
f 6894 7257 7256
f 7257 6895 7258
f 6895 7259 7258
f 6895 6896 7259
f 6896 6881 7247
f 7260 6896 7247
f 7259 6896 7260
f 7260 7247 7248
f 7260 7248 7261
f 7261 7248 7249
f 7261 7249 7262
f 7262 7249 7250
f 7262 7250 7263
f 7263 7250 7251
f 7263 7251 7264
f 7264 7251 7252
f 7264 7252 7265
f 7265 7252 7253
f 7265 7253 7266
f 7266 7253 7254
f 7266 7254 7267
f 7267 7254 7255
f 7267 7255 7268
f 7268 7255 6891
f 6897 7268 6891
f 7269 7268 6897
f 6897 6899 7269
f 7269 6899 7270
f 7271 6900 6901
f 6902 7272 6901
f 6901 7272 7271
f 7273 7272 6902
f 7273 6902 6893
f 7274 7273 6893
f 7256 7274 6893
f 7274 7256 7257
f 7274 7257 7275
f 7275 7257 7258
f 7276 7270 6899
f 7276 6899 6903
f 7278 7277 6905
f 7277 6903 6905
f 7277 7276 6903
f 7278 7279 7277
f 7280 6907 6908
f 6909 7281 6908
f 6908 7281 7280
f 7282 7281 6909
f 7282 6909 6900
f 7283 7282 6900
f 7271 7283 6900
f 7283 7271 7272
f 7283 7272 7284
f 7284 7272 7273
f 6910 7285 7278
f 6910 7278 6905
f 7279 7278 7286
f 7286 7278 7285
f 7287 6912 6913
f 7288 7287 6913
f 7288 6913 6907
f 7289 7288 6907
f 7280 7289 6907
f 7289 7280 7281
f 7289 7281 7290
f 7290 7281 7282
f 6914 7285 6910
f 7291 7286 7285
f 6914 7291 7285
f 6915 7291 6914
f 6915 6917 7291
f 7291 6917 7292
f 7294 7293 7287
f 7293 6912 7287
f 7293 6918 6912
f 7294 7287 7288
f 6919 7296 7295
f 7292 6919 7295
f 6917 6919 7292
f 7296 7297 7295
f 7299 7298 6922
f 6922 7298 6921
f 6922 6918 7293
f 6922 7293 7299
f 6923 7296 6919
f 7300 7297 7296
f 6923 7300 7296
f 6924 7300 6923
f 6924 6926 7300
f 7300 6926 7301
f 7304 7303 7302
f 7302 7305 6927
f 7298 7302 6927
f 6921 7298 6927
f 7302 7298 7304
f 7305 6929 6927
f 6930 7301 6926
f 6930 7306 7301
f 7307 6932 6933
f 7307 6933 7308
f 6933 7309 7308
f 6933 6934 7309
f 7311 7310 6936
f 7310 6934 6936
f 7310 7309 6934
f 7313 7312 7311
f 7311 7312 7310
f 7315 7314 7313
f 7313 7314 7312
f 7317 7316 7315
f 7315 7316 7314
f 7319 7318 7317
f 7317 7318 7316
f 7318 7319 7303
f 7319 7302 7303
f 7319 7320 7302
f 7320 6938 6939
f 7305 7320 6939
f 7302 7320 7305
f 7305 6939 6929
f 6940 7306 6930
f 6940 7321 7306
f 7307 6941 6932
f 6943 6941 7307
f 7308 6943 7307
f 7322 6943 7308
f 6944 7311 6936
f 7311 6944 6946
f 7311 6946 7313
f 7313 6946 6948
f 7313 6948 7315
f 7315 6948 6950
f 7315 6950 7317
f 7317 6950 6952
f 7317 6952 7319
f 7319 6952 6954
f 7319 6954 7320
f 7320 6954 6938
f 6957 7321 6940
f 6957 7323 7321
f 7325 6959 7324
f 6959 7322 7324
f 6959 6943 7322
f 7326 7325 7324
f 6962 7327 6961
f 7327 7328 6961
f 7328 6957 6961
f 7328 7323 6957
f 7325 6963 6959
f 7326 7329 7325
f 7329 6963 7325
f 7329 6964 6963
f 6965 6964 7329
f 6965 7329 7330
f 6967 7331 6968
f 7331 7332 6968
f 6968 7332 6962
f 7332 7333 6962
f 7333 7327 6962
f 7327 7333 7328
f 7335 6970 7334
f 6970 7330 7334
f 6970 6965 7330
f 7336 7335 7334
f 6972 7337 6973
f 7337 7338 6973
f 6973 7338 6967
f 7338 7339 6967
f 7339 7331 6967
f 7331 7339 7332
f 7341 7340 7335
f 7340 6970 7335
f 7340 6975 6970
f 7341 7335 7336
f 6979 7342 6980
f 7342 6982 6980
f 7344 7343 7337
f 6972 7344 7337
f 6984 7344 6972
f 7337 7343 7338
f 7345 6985 6986
f 7346 7345 6986
f 6975 7346 6986
f 7340 7346 6975
f 6989 7347 6990
f 6990 7347 7348
f 7349 6990 7348
f 6991 6990 7349
f 6991 7350 6992
f 7349 7350 6991
f 6992 7351 6993
f 7350 7351 6992
f 6979 6993 7342
f 6993 7352 7342
f 6993 7351 7352
f 7342 7352 6982
f 7352 6994 6982
f 7352 7353 6994
f 6994 7354 6995
f 7353 7354 6994
f 7354 7356 7355
f 6996 7354 7355
f 6995 7354 6996
f 7355 6998 6996
f 6984 6999 7357
f 7358 6984 7357
f 7344 6984 7358
f 7000 7357 6999
f 7359 7002 7345
f 7345 7002 6985
f 7345 7346 7360
f 7345 7360 7359
f 7004 7361 7005
f 7005 7361 7362
f 7363 7005 7362
f 7006 7005 7363
f 6989 7006 7347
f 7006 7364 7347
f 7006 7363 7364
f 7347 7364 7348
f 7356 7365 7355
f 7355 7365 6998
f 7365 7007 6998
f 7365 7366 7007
f 7009 7007 7366
f 7009 7366 7367
f 7368 7358 7357
f 7370 7368 7369
f 7369 7368 7011
f 7368 7357 7011
f 7357 7000 7011
f 7013 7369 7011
f 7371 7014 7015
f 7372 7371 7015
f 7372 7015 7002
f 7373 7372 7002
f 7359 7373 7002
f 7373 7359 7360
f 7017 7374 7016
f 7374 7375 7016
f 7016 7375 7004
f 7375 7376 7004
f 7376 7361 7004
f 7361 7376 7362
f 7367 7377 7009
f 7009 7377 7018
f 7377 7379 7378
f 7019 7377 7378
f 7018 7377 7019
f 7378 7021 7019
f 7380 7370 7369
f 7382 7380 7381
f 7381 7380 7023
f 7380 7369 7023
f 7369 7013 7023
f 7025 7381 7023
f 7384 7383 7371
f 7383 7014 7371
f 7383 7027 7014
f 7384 7371 7372
f 7029 7385 7028
f 7385 7386 7028
f 7028 7386 7017
f 7386 7387 7017
f 7387 7374 7017
f 7374 7387 7375
f 7379 7388 7378
f 7388 7390 7389
f 7388 7389 7030
f 7378 7388 7030
f 7021 7378 7030
f 7391 7031 7030
f 7391 7030 7389
f 7391 7033 7031
f 7392 7382 7381
f 7394 7392 7393
f 7393 7392 7035
f 7392 7381 7035
f 7381 7025 7035
f 7037 7393 7035
f 7395 7038 7039
f 7396 7395 7039
f 7027 7396 7039
f 7383 7396 7027
f 7040 7397 7385
f 7040 7385 7029
f 7386 7385 7398
f 7398 7385 7397
f 7390 7399 7389
f 7401 7400 7399
f 7400 7389 7399
f 7400 7391 7389
f 7402 7041 7033
f 7391 7402 7033
f 7400 7402 7391
f 7402 7043 7041
f 7403 7394 7393
f 7405 7403 7404
f 7404 7403 7044
f 7403 7393 7044
f 7393 7037 7044
f 7046 7404 7044
f 7406 7047 7048
f 7038 7395 7048
f 7395 7406 7048
f 7395 7407 7406
f 7395 7396 7408
f 7395 7408 7407
f 7410 7409 7397
f 7040 7410 7397
f 7050 7410 7040
f 7397 7409 7398
f 7401 7411 7400
f 7413 7412 7411
f 7412 7400 7411
f 7412 7402 7400
f 7412 7052 7043
f 7412 7043 7402
f 7414 7405 7404
f 7414 7404 7046
f 7053 7414 7046
f 7415 7414 7053
f 7053 7054 7415
f 7415 7054 7416
f 7417 7055 7406
f 7406 7055 7047
f 7418 7406 7407
f 7417 7406 7418
f 7407 7408 7419
f 7407 7419 7418
f 7057 7420 7058
f 7420 7421 7058
f 7421 7050 7058
f 7421 7410 7050
f 7412 7413 7422
f 7422 7413 7423
f 7422 7060 7052
f 7422 7052 7412
f 7424 7416 7054
f 7424 7054 7061
f 7061 7062 7424
f 7424 7062 7425
f 7426 7063 7417
f 7417 7063 7055
f 7418 7428 7427
f 7426 7418 7427
f 7417 7418 7426
f 7428 7418 7419
f 7065 7429 7420
f 7065 7420 7057
f 7421 7420 7430
f 7430 7420 7429
f 7422 7423 7067
f 7423 7066 7067
f 7423 7431 7066
f 7422 7067 7060
f 7068 7433 7432
f 7425 7068 7432
f 7062 7068 7425
f 7433 7434 7432
f 7435 7070 7426
f 7426 7070 7063
f 7426 7427 7436
f 7437 7426 7436
f 7435 7426 7437
f 7438 7437 7436
f 7073 7439 7429
f 7073 7429 7065
f 7430 7429 7440
f 7440 7429 7439
f 7441 7075 7076
f 7441 7076 7442
f 7076 7443 7442
f 7076 7077 7443
f 7077 7066 7431
f 7077 7431 7443
f 7078 7444 7433
f 7078 7433 7068
f 7434 7433 7445
f 7445 7433 7444
f 7446 7080 7435
f 7435 7080 7070
f 7447 7435 7437
f 7446 7435 7447
f 7437 7438 7448
f 7437 7448 7447
f 7082 7449 7439
f 7082 7439 7073
f 7440 7439 7450
f 7450 7439 7449
f 7452 7451 7084
f 7084 7451 7083
f 7084 7075 7441
f 7453 7084 7441
f 7452 7084 7453
f 7453 7441 7442
f 7085 7444 7078
f 7085 7087 7444
f 7087 7445 7444
f 7087 7454 7445
f 7455 7088 7446
f 7446 7088 7080
f 7456 7446 7447
f 7455 7446 7456
f 7447 7448 7457
f 7458 7447 7457
f 7456 7447 7458
f 7459 7458 7457
f 7089 7449 7082
f 7461 7460 7091
f 7091 7460 7089
f 7460 7450 7089
f 7450 7449 7089
f 7463 7462 7461
f 7461 7462 7460
f 7465 7464 7463
f 7463 7464 7462
f 7467 7466 7465
f 7465 7466 7464
f 7469 7468 7467
f 7467 7468 7466
f 7471 7470 7469
f 7469 7470 7468
f 7473 7472 7471
f 7471 7472 7470
f 7475 7474 7473
f 7473 7474 7472
f 7477 7476 7475
f 7475 7476 7474
f 7093 7094 7477
f 7094 7476 7477
f 7094 7478 7476
f 7479 7094 7095
f 7479 7478 7094
f 7480 7095 7097
f 7480 7479 7095
f 7481 7097 7099
f 7481 7480 7097
f 7482 7099 7101
f 7482 7481 7099
f 7101 7083 7451
f 7101 7451 7482
f 7484 7483 7103
f 7484 7103 7104
f 7087 7103 7454
f 7454 7103 7483
f 7455 7105 7088
f 7105 7455 7107
f 7455 7485 7107
f 7455 7456 7485
f 7486 7456 7458
f 7485 7456 7486
f 7458 7459 7487
f 7458 7487 7486
f 7108 7461 7091
f 7461 7108 7110
f 7461 7110 7463
f 7463 7110 7112
f 7463 7112 7465
f 7465 7112 7114
f 7465 7114 7467
f 7467 7114 7116
f 7467 7116 7469
f 7469 7116 7118
f 7469 7118 7471
f 7471 7118 7120
f 7471 7120 7473
f 7473 7120 7122
f 7473 7122 7475
f 7475 7122 7124
f 7475 7124 7477
f 7477 7124 7093
f 7131 7484 7104
f 7131 7488 7484
f 7485 7133 7107
f 7133 7485 7134
f 7485 7489 7134
f 7485 7486 7489
f 7486 7487 7490
f 7491 7486 7490
f 7489 7486 7491
f 7492 7491 7490
f 7494 7493 7138
f 7494 7138 7137
f 7138 7495 7140
f 7493 7495 7138
f 7140 7496 7142
f 7495 7496 7140
f 7498 7497 7144
f 7142 7498 7144
f 7496 7498 7142
f 7500 7499 7497
f 7500 7497 7498
f 7502 7501 7499
f 7502 7499 7500
f 7504 7503 7501
f 7504 7501 7502
f 7506 7505 7503
f 7506 7503 7504
f 7508 7507 7505
f 7508 7505 7506
f 7510 7509 7507
f 7510 7507 7508
f 7150 7148 7509
f 7510 7150 7509
f 7511 7150 7510
f 7511 7513 7512
f 7152 7511 7512
f 7150 7511 7152
f 7512 7153 7152
f 7515 7514 7154
f 7515 7154 7155
f 7131 7154 7488
f 7488 7154 7514
f 7489 7157 7134
f 7157 7489 7159
f 7489 7516 7159
f 7489 7491 7516
f 7491 7492 7517
f 7491 7517 7516
f 7162 7518 7161
f 7518 7519 7161
f 7519 7137 7161
f 7519 7494 7137
f 7497 7165 7144
f 7165 7497 7168
f 7168 7497 7499
f 7168 7499 7170
f 7170 7499 7501
f 7170 7501 7172
f 7172 7501 7503
f 7172 7503 7175
f 7175 7503 7505
f 7175 7505 7177
f 7177 7505 7507
f 7177 7507 7179
f 7179 7507 7509
f 7179 7509 7148
f 7513 7520 7512
f 7512 7520 7153
f 7520 7181 7153
f 7520 7521 7181
f 7182 7181 7521
f 7182 7521 7522
f 7525 7524 7523
f 7524 7515 7523
f 7515 7183 7523
f 7515 7155 7183
f 7526 7185 7516
f 7516 7185 7159
f 7516 7517 7527
f 7528 7516 7527
f 7526 7516 7528
f 7529 7528 7527
f 7186 7530 7518
f 7186 7518 7162
f 7519 7518 7531
f 7531 7518 7530
f 7522 7532 7182
f 7182 7532 7188
f 7532 7534 7533
f 7190 7532 7533
f 7188 7532 7190
f 7533 7191 7190
f 7537 7536 7535
f 7535 7536 7525
f 7535 7525 7523
f 7194 7535 7523
f 7193 7194 7523
f 7193 7523 7183
f 7526 7196 7185
f 7196 7526 7197
f 7526 7538 7197
f 7526 7528 7538
f 7528 7529 7539
f 7540 7528 7539
f 7538 7528 7540
f 7541 7540 7539
f 7198 7530 7186
f 7198 7199 7530
f 7199 7531 7530
f 7199 7542 7531
f 7534 7543 7533
f 7533 7543 7191
f 7543 7201 7191
f 7543 7544 7201
f 7546 7545 7202
f 7201 7546 7202
f 7544 7546 7201
f 7545 7546 7537
f 7535 7545 7537
f 7547 7545 7535
f 7204 7547 7194
f 7194 7547 7535
f 7538 7206 7197
f 7206 7538 7207
f 7538 7548 7207
f 7538 7540 7548
f 7540 7541 7549
f 7550 7540 7549
f 7548 7540 7550
f 7552 7551 7550
f 7552 7550 7549
f 7553 7551 7552
f 7208 7542 7199
f 7208 7554 7542
f 7545 7210 7202
f 7210 7545 7212
f 7212 7545 7547
f 7212 7547 7204
f 7548 7215 7207
f 7215 7548 7217
f 7217 7548 7550
f 7217 7550 7218
f 7550 7555 7218
f 7550 7551 7555
f 7551 7553 7556
f 7557 7551 7556
f 7555 7551 7557
f 7559 7558 7557
f 7559 7557 7556
f 7560 7558 7559
f 7220 7554 7208
f 7220 7561 7554
f 7555 7222 7218
f 7222 7555 7224
f 7555 7562 7224
f 7555 7557 7562
f 7563 7557 7558
f 7562 7557 7563
f 7558 7560 7564
f 7565 7558 7564
f 7563 7558 7565
f 7567 7566 7565
f 7567 7565 7564
f 7568 7566 7567
f 7571 7570 7569
f 7226 7227 7569
f 7570 7226 7569
f 7572 7226 7570
f 7220 7226 7561
f 7561 7226 7572
f 7562 7229 7224
f 7229 7562 7231
f 7231 7562 7563
f 7231 7563 7233
f 7233 7563 7565
f 7233 7565 7234
f 7565 7573 7234
f 7565 7566 7573
f 7574 7236 7237
f 7566 7574 7237
f 7573 7566 7237
f 7574 7566 7568
f 7236 7575 7239
f 7574 7575 7236
f 7239 7576 7241
f 7575 7576 7239
f 7569 7242 7571
f 7242 7576 7571
f 7242 7241 7576
f 7242 7569 7227
f 7573 7245 7234
f 7245 7573 7237
f 7577 7258 7259
f 7260 7578 7259
f 7259 7578 7577
f 7261 7579 7260
f 7260 7579 7578
f 7262 7580 7261
f 7261 7580 7579
f 7263 7581 7262
f 7262 7581 7580
f 7264 7582 7263
f 7263 7582 7581
f 7265 7583 7264
f 7264 7583 7582
f 7266 7584 7265
f 7265 7584 7583
f 7267 7585 7266
f 7266 7585 7584
f 7268 7586 7267
f 7267 7586 7585
f 7269 7587 7268
f 7268 7587 7586
f 7270 7587 7269
f 7588 7273 7274
f 7275 7589 7274
f 7274 7589 7588
f 7258 7577 7275
f 7577 7589 7275
f 7577 7590 7589
f 7578 7592 7591
f 7590 7578 7591
f 7577 7578 7590
f 7592 7578 7579
f 7592 7579 7593
f 7593 7579 7580
f 7593 7580 7594
f 7594 7580 7581
f 7594 7581 7595
f 7595 7581 7582
f 7595 7582 7596
f 7596 7582 7583
f 7596 7583 7597
f 7597 7583 7584
f 7597 7584 7598
f 7598 7584 7585
f 7598 7585 7599
f 7599 7585 7586
f 7599 7586 7600
f 7600 7586 7587
f 7600 7587 7601
f 7601 7587 7270
f 7276 7601 7270
f 7602 7601 7276
f 7604 7602 7603
f 7602 7277 7603
f 7602 7276 7277
f 7279 7603 7277
f 7605 7282 7283
f 7284 7606 7283
f 7283 7606 7605
f 7607 7606 7284
f 7607 7284 7273
f 7608 7607 7273
f 7588 7608 7273
f 7608 7588 7589
f 7608 7589 7609
f 7609 7589 7590
f 7609 7590 7610
f 7610 7590 7591
f 7611 7604 7603
f 7603 7279 7611
f 7279 7612 7611
f 7279 7286 7612
f 7613 7288 7289
f 7290 7614 7289
f 7289 7614 7613
f 7615 7614 7290
f 7615 7290 7282
f 7616 7615 7282
f 7605 7616 7282
f 7616 7605 7606
f 7616 7606 7617
f 7617 7606 7607
f 7618 7612 7286
f 7618 7286 7291
f 7291 7292 7618
f 7618 7292 7619
f 7621 7620 7294
f 7294 7620 7293
f 7294 7288 7613
f 7622 7294 7613
f 7621 7294 7622
f 7622 7613 7614
f 7622 7614 7623
f 7623 7614 7615
f 7624 7619 7292
f 7624 7292 7295
f 7295 7297 7624
f 7624 7297 7625
f 7627 7626 7299
f 7299 7626 7298
f 7299 7293 7620
f 7299 7620 7627
f 7628 7625 7297
f 7628 7297 7300
f 7300 7301 7628
f 7628 7301 7629
f 7632 7631 7630
f 7634 7633 7630
f 7630 7633 7632
f 7303 7304 7634
f 7304 7633 7634
f 7304 7635 7633
f 7304 7298 7626
f 7304 7626 7635
f 7306 7637 7636
f 7629 7306 7636
f 7301 7306 7629
f 7637 7638 7636
f 7639 7308 7309
f 7639 7309 7640
f 7309 7641 7640
f 7309 7310 7641
f 7642 7310 7312
f 7642 7641 7310
f 7643 7312 7314
f 7643 7642 7312
f 7316 7630 7631
f 7643 7316 7631
f 7314 7316 7643
f 7630 7316 7318
f 7630 7318 7634
f 7634 7318 7303
f 7645 7644 7637
f 7306 7645 7637
f 7321 7645 7306
f 7637 7644 7638
f 7646 7322 7639
f 7639 7322 7308
f 7639 7640 7647
f 7639 7647 7646
f 7323 7645 7321
f 7323 7648 7645
f 7646 7324 7322
f 7650 7649 7326
f 7650 7326 7324
f 7647 7650 7324
f 7646 7647 7324
f 7651 7649 7650
f 7328 7653 7652
f 7648 7328 7652
f 7323 7328 7648
f 7653 7654 7652
f 7649 7329 7326
f 7656 7655 7330
f 7656 7330 7329
f 7651 7656 7329
f 7649 7651 7329
f 7657 7655 7656
f 7332 7658 7333
f 7653 7328 7333
f 7658 7653 7333
f 7659 7653 7658
f 7654 7653 7660
f 7660 7653 7659
f 7655 7334 7330
f 7336 7334 7655
f 7657 7336 7655
f 7661 7336 7657
f 7338 7662 7339
f 7658 7332 7339
f 7662 7658 7339
f 7663 7658 7662
f 7665 7659 7664
f 7659 7663 7664
f 7659 7658 7663
f 7659 7665 7660
f 7666 7340 7341
f 7667 7666 7341
f 7336 7667 7341
f 7661 7667 7336
f 7344 7668 7343
f 7668 7669 7343
f 7343 7669 7338
f 7669 7670 7338
f 7670 7662 7338
f 7662 7670 7663
f 7663 7670 7671
f 7663 7671 7664
f 7673 7672 7666
f 7672 7340 7666
f 7672 7346 7340
f 7673 7666 7667
f 7348 7674 7349
f 7675 7350 7349
f 7675 7349 7674
f 7676 7351 7350
f 7676 7350 7675
f 7677 7352 7351
f 7677 7351 7676
f 7678 7353 7352
f 7678 7352 7677
f 7679 7354 7353
f 7679 7353 7678
f 7679 7356 7354
f 7358 7680 7668
f 7358 7668 7344
f 7669 7668 7681
f 7681 7668 7680
f 7672 7360 7346
f 7682 7360 7672
f 7362 7683 7363
f 7363 7683 7684
f 7685 7363 7684
f 7364 7363 7685
f 7348 7364 7674
f 7364 7686 7674
f 7364 7685 7686
f 7674 7686 7675
f 7675 7686 7687
f 7675 7687 7676
f 7676 7687 7688
f 7676 7688 7677
f 7677 7688 7689
f 7677 7689 7678
f 7678 7689 7690
f 7678 7690 7679
f 7679 7690 7691
f 7679 7691 7356
f 7691 7365 7356
f 7691 7692 7365
f 7692 7694 7693
f 7366 7692 7693
f 7365 7692 7366
f 7693 7367 7366
f 7368 7680 7358
f 7368 7370 7680
f 7370 7681 7680
f 7370 7695 7681
f 7696 7372 7373
f 7697 7696 7373
f 7360 7697 7373
f 7682 7697 7360
f 7375 7698 7376
f 7698 7699 7376
f 7376 7699 7362
f 7699 7700 7362
f 7700 7683 7362
f 7683 7700 7684
f 7694 7701 7693
f 7701 7703 7702
f 7701 7702 7377
f 7693 7701 7377
f 7367 7693 7377
f 7702 7379 7377
f 7370 7380 7704
f 7705 7370 7704
f 7695 7370 7705
f 7382 7704 7380
f 7706 7383 7384
f 7707 7706 7384
f 7707 7384 7372
f 7708 7707 7372
f 7696 7708 7372
f 7708 7696 7697
f 7386 7709 7387
f 7709 7710 7387
f 7387 7710 7375
f 7710 7711 7375
f 7711 7698 7375
f 7698 7711 7699
f 7703 7712 7702
f 7712 7714 7713
f 7712 7713 7388
f 7702 7712 7388
f 7379 7702 7388
f 7713 7390 7388
f 7715 7705 7704
f 7715 7704 7382
f 7392 7715 7382
f 7716 7715 7392
f 7392 7394 7716
f 7716 7394 7717
f 7718 7396 7706
f 7706 7396 7383
f 7706 7707 7719
f 7706 7719 7718
f 7398 7720 7709
f 7398 7709 7386
f 7710 7709 7721
f 7721 7709 7720
f 7714 7722 7713
f 7722 7724 7723
f 7722 7723 7399
f 7713 7722 7399
f 7390 7713 7399
f 7723 7401 7399
f 7725 7717 7394
f 7725 7394 7403
f 7403 7405 7725
f 7725 7405 7726
f 7727 7408 7718
f 7718 7408 7396
f 7718 7719 7728
f 7718 7728 7727
f 7410 7729 7409
f 7729 7730 7409
f 7409 7730 7398
f 7730 7731 7398
f 7731 7720 7398
f 7720 7731 7721
f 7724 7732 7723
f 7732 7734 7733
f 7732 7733 7411
f 7723 7732 7411
f 7401 7723 7411
f 7733 7413 7411
f 7735 7726 7405
f 7735 7405 7414
f 7736 7414 7415
f 7736 7735 7414
f 7415 7416 7736
f 7736 7416 7737
f 7738 7419 7727
f 7727 7419 7408
f 7727 7728 7739
f 7727 7739 7738
f 7421 7740 7729
f 7421 7729 7410
f 7730 7729 7741
f 7741 7729 7740
f 7733 7734 7742
f 7742 7734 7743
f 7742 7423 7413
f 7742 7413 7733
f 7744 7737 7416
f 7744 7416 7424
f 7424 7425 7744
f 7744 7425 7745
f 7746 7427 7428
f 7747 7746 7428
f 7747 7428 7419
f 7748 7747 7419
f 7738 7748 7419
f 7748 7738 7739
f 7430 7749 7740
f 7430 7740 7421
f 7741 7740 7750
f 7750 7740 7749
f 7742 7743 7751
f 7751 7743 7752
f 7751 7431 7423
f 7751 7423 7742
f 7753 7745 7425
f 7753 7425 7432
f 7755 7754 7434
f 7754 7432 7434
f 7754 7753 7432
f 7755 7756 7754
f 7746 7436 7427
f 7758 7757 7438
f 7758 7438 7436
f 7747 7758 7436
f 7746 7747 7436
f 7759 7757 7758
f 7440 7760 7749
f 7440 7749 7430
f 7750 7749 7761
f 7761 7749 7760
f 7764 7763 7762
f 7764 7762 7752
f 7752 7762 7751
f 7762 7442 7751
f 7442 7443 7751
f 7751 7443 7431
f 7445 7765 7755
f 7445 7755 7434
f 7756 7755 7766
f 7766 7755 7765
f 7767 7448 7757
f 7757 7448 7438
f 7757 7759 7768
f 7769 7757 7768
f 7767 7757 7769
f 7770 7769 7768
f 7450 7771 7760
f 7450 7760 7440
f 7761 7760 7772
f 7760 7773 7772
f 7760 7771 7773
f 7773 7774 7772
f 7777 7776 7775
f 7451 7452 7775
f 7452 7777 7775
f 7452 7778 7777
f 7453 7762 7763
f 7778 7453 7763
f 7452 7453 7778
f 7762 7453 7442
f 7780 7779 7765
f 7445 7780 7765
f 7454 7780 7445
f 7765 7779 7766
f 7767 7457 7448
f 7457 7767 7459
f 7767 7781 7459
f 7767 7769 7781
f 7769 7770 7782
f 7783 7769 7782
f 7781 7769 7783
f 7784 7783 7782
f 7460 7771 7450
f 7771 7460 7462
f 7771 7462 7773
f 7785 7774 7773
f 7462 7785 7773
f 7464 7785 7462
f 7786 7464 7466
f 7786 7785 7464
f 7787 7466 7468
f 7787 7786 7466
f 7788 7468 7470
f 7788 7787 7468
f 7789 7470 7472
f 7789 7788 7470
f 7790 7472 7474
f 7790 7789 7472
f 7791 7474 7476
f 7791 7790 7474
f 7792 7476 7478
f 7792 7791 7476
f 7793 7478 7479
f 7793 7792 7478
f 7794 7479 7480
f 7794 7793 7479
f 7795 7480 7481
f 7795 7794 7480
f 7482 7775 7776
f 7795 7482 7776
f 7481 7482 7795
f 7775 7482 7451
f 7797 7796 7483
f 7797 7483 7484
f 7454 7483 7780
f 7780 7483 7796
f 7798 7487 7781
f 7781 7487 7459
f 7799 7781 7783
f 7798 7781 7799
f 7783 7784 7800
f 7783 7800 7799
f 7803 7802 7801
f 7802 7797 7801
f 7797 7488 7801
f 7797 7484 7488
f 7798 7490 7487
f 7490 7798 7492
f 7798 7804 7492
f 7798 7799 7804
f 7799 7800 7805
f 7799 7805 7804
f 7494 7806 7493
f 7493 7806 7807
f 7808 7493 7807
f 7495 7493 7808
f 7495 7809 7496
f 7808 7809 7495
f 7496 7810 7498
f 7809 7810 7496
f 7498 7811 7500
f 7810 7811 7498
f 7500 7812 7502
f 7811 7812 7500
f 7502 7813 7504
f 7812 7813 7502
f 7504 7814 7506
f 7813 7814 7504
f 7506 7815 7508
f 7814 7815 7506
f 7815 7817 7816
f 7510 7815 7816
f 7508 7815 7510
f 7818 7511 7510
f 7818 7510 7816
f 7818 7513 7511
f 7821 7820 7819
f 7819 7820 7803
f 7819 7803 7801
f 7515 7819 7801
f 7514 7515 7801
f 7514 7801 7488
f 7822 7517 7804
f 7804 7517 7492
f 7804 7805 7823
f 7824 7804 7823
f 7822 7804 7824
f 7825 7824 7823
f 7827 7826 7806
f 7494 7827 7806
f 7519 7827 7494
f 7806 7826 7807
f 7817 7828 7816
f 7816 7828 7818
f 7818 7828 7829
f 7818 7829 7513
f 7829 7520 7513
f 7829 7830 7520
f 7830 7832 7831
f 7521 7830 7831
f 7520 7830 7521
f 7831 7522 7521
f 7835 7834 7833
f 7833 7834 7821
f 7833 7821 7819
f 7525 7833 7819
f 7524 7525 7819
f 7524 7819 7515
f 7822 7527 7517
f 7527 7822 7529
f 7822 7836 7529
f 7822 7824 7836
f 7824 7825 7837
f 7838 7824 7837
f 7836 7824 7838
f 7839 7838 7837
f 7531 7827 7519
f 7531 7840 7827
f 7832 7841 7831
f 7831 7841 7522
f 7841 7532 7522
f 7841 7842 7532
f 7844 7843 7534
f 7532 7844 7534
f 7842 7844 7532
f 7845 7843 7844
f 7848 7847 7846
f 7846 7847 7835
f 7846 7835 7833
f 7537 7846 7833
f 7536 7537 7833
f 7536 7833 7525
f 7836 7539 7529
f 7539 7836 7541
f 7836 7849 7541
f 7836 7838 7849
f 7838 7839 7850
f 7851 7838 7850
f 7849 7838 7851
f 7853 7852 7851
f 7853 7851 7850
f 7854 7852 7853
f 7542 7856 7855
f 7840 7542 7855
f 7531 7542 7840
f 7856 7857 7855
f 7843 7543 7534
f 7845 7858 7843
f 7858 7543 7843
f 7858 7544 7543
f 7846 7546 7848
f 7546 7858 7848
f 7546 7544 7858
f 7546 7846 7537
f 7849 7549 7541
f 7549 7849 7552
f 7552 7849 7851
f 7552 7851 7553
f 7851 7859 7553
f 7851 7852 7859
f 7852 7854 7860
f 7861 7852 7860
f 7859 7852 7861
f 7863 7862 7861
f 7863 7861 7860
f 7864 7862 7863
f 7554 7865 7856
f 7554 7856 7542
f 7857 7856 7866
f 7866 7856 7865
f 7859 7556 7553
f 7556 7859 7559
f 7559 7859 7861
f 7559 7861 7560
f 7861 7867 7560
f 7861 7862 7867
f 7862 7864 7868
f 7869 7862 7868
f 7867 7862 7869
f 7871 7870 7869
f 7871 7869 7868
f 7872 7870 7871
f 7874 7873 7865
f 7554 7874 7865
f 7561 7874 7554
f 7865 7873 7866
f 7867 7564 7560
f 7564 7867 7567
f 7567 7867 7869
f 7567 7869 7568
f 7869 7875 7568
f 7869 7870 7875
f 7870 7872 7876
f 7877 7870 7876
f 7875 7870 7877
f 7879 7878 7877
f 7879 7877 7876
f 7570 7571 7878
f 7879 7570 7878
f 7880 7570 7879
f 7570 7881 7572
f 7880 7881 7570
f 7561 7572 7874
f 7874 7572 7881
f 7875 7574 7568
f 7574 7875 7575
f 7575 7875 7877
f 7575 7877 7576
f 7576 7877 7878
f 7576 7878 7571
f 7882 7591 7592
f 7593 7883 7592
f 7592 7883 7882
f 7594 7884 7593
f 7593 7884 7883
f 7595 7885 7594
f 7594 7885 7884
f 7596 7886 7595
f 7595 7886 7885
f 7597 7887 7596
f 7596 7887 7886
f 7598 7888 7597
f 7597 7888 7887
f 7599 7889 7598
f 7598 7889 7888
f 7600 7890 7599
f 7599 7890 7889
f 7601 7891 7600
f 7600 7891 7890
f 7602 7892 7601
f 7601 7892 7891
f 7604 7892 7602
f 7893 7607 7608
f 7609 7894 7608
f 7608 7894 7893
f 7610 7895 7609
f 7609 7895 7894
f 7591 7882 7610
f 7882 7895 7610
f 7882 7896 7895
f 7883 7898 7897
f 7896 7883 7897
f 7882 7883 7896
f 7898 7883 7884
f 7898 7884 7899
f 7899 7884 7885
f 7899 7885 7900
f 7900 7885 7886
f 7900 7886 7901
f 7901 7886 7887
f 7901 7887 7902
f 7902 7887 7888
f 7902 7888 7903
f 7903 7888 7889
f 7903 7889 7904
f 7904 7889 7890
f 7904 7890 7905
f 7905 7890 7891
f 7905 7891 7906
f 7906 7891 7892
f 7906 7892 7907
f 7909 7907 7908
f 7908 7907 7611
f 7907 7892 7611
f 7892 7604 7611
f 7612 7908 7611
f 7910 7615 7616
f 7617 7911 7616
f 7616 7911 7910
f 7607 7893 7617
f 7893 7911 7617
f 7893 7912 7911
f 7894 7914 7913
f 7912 7894 7913
f 7893 7894 7912
f 7914 7894 7895
f 7914 7895 7915
f 7915 7895 7896
f 7915 7896 7916
f 7916 7896 7897
f 7917 7909 7908
f 7917 7908 7612
f 7618 7917 7612
f 7918 7917 7618
f 7618 7619 7918
f 7918 7619 7919
f 7920 7620 7621
f 7622 7921 7621
f 7621 7921 7920
f 7623 7922 7622
f 7622 7922 7921
f 7923 7922 7623
f 7923 7623 7615
f 7924 7923 7615
f 7910 7924 7615
f 7924 7910 7911
f 7924 7911 7925
f 7925 7911 7912
f 7925 7912 7926
f 7926 7912 7913
f 7927 7919 7619
f 7927 7619 7624
f 7624 7625 7927
f 7927 7625 7928
f 7929 7626 7627
f 7930 7929 7627
f 7930 7627 7620
f 7931 7930 7620
f 7920 7931 7620
f 7931 7920 7921
f 7931 7921 7932
f 7932 7921 7922
f 7932 7922 7933
f 7933 7922 7923
f 7934 7928 7625
f 7934 7625 7628
f 7628 7629 7934
f 7934 7629 7935
f 7936 7631 7632
f 7633 7937 7632
f 7632 7937 7936
f 7937 7633 7938
f 7633 7939 7938
f 7633 7635 7939
f 7635 7626 7929
f 7940 7635 7929
f 7939 7635 7940
f 7940 7929 7930
f 7629 7636 7941
f 7942 7629 7941
f 7935 7629 7942
f 7638 7941 7636
f 7943 7640 7641
f 7642 7944 7641
f 7641 7944 7943
f 7643 7945 7642
f 7642 7945 7944
f 7631 7936 7643
f 7936 7945 7643
f 7936 7946 7945
f 7937 7948 7947
f 7946 7937 7947
f 7936 7937 7946
f 7948 7937 7938
f 7644 7645 7949
f 7941 7950 7942
f 7950 7941 7951
f 7941 7638 7951
f 7644 7949 7951
f 7644 7951 7638
f 7952 7647 7943
f 7943 7647 7640
f 7953 7943 7944
f 7952 7943 7953
f 7954 7944 7945
f 7953 7944 7954
f 7946 7956 7955
f 7954 7946 7955
f 7945 7946 7954
f 7956 7946 7947
f 7648 7957 7949
f 7648 7949 7645
f 7951 7949 7958
f 7958 7949 7957
f 7952 7650 7647
f 7650 7952 7651
f 7952 7959 7651
f 7952 7953 7959
f 7960 7953 7954
f 7959 7953 7960
f 7954 7955 7961
f 7954 7961 7960
f 7652 7957 7648
f 7652 7654 7957
f 7654 7958 7957
f 7654 7962 7958
f 7959 7656 7651
f 7656 7959 7657
f 7959 7963 7657
f 7959 7960 7963
f 7960 7961 7964
f 7960 7964 7963
f 7660 7966 7965
f 7962 7660 7965
f 7654 7660 7962
f 7966 7967 7965
f 7969 7968 7963
f 7968 7657 7963
f 7968 7661 7657
f 7969 7963 7964
f 7664 7970 7665
f 7966 7660 7665
f 7970 7966 7665
f 7971 7966 7970
f 7967 7966 7972
f 7972 7966 7971
f 7968 7667 7661
f 7973 7667 7968
f 7669 7974 7670
f 7975 7671 7670
f 7975 7670 7974
f 7970 7664 7671
f 7975 7970 7671
f 7976 7970 7975
f 7978 7971 7977
f 7971 7976 7977
f 7971 7970 7976
f 7971 7978 7972
f 7979 7672 7673
f 7980 7979 7673
f 7667 7980 7673
f 7973 7980 7667
f 7681 7981 7974
f 7681 7974 7669
f 7983 7975 7982
f 7975 7981 7982
f 7975 7974 7981
f 7975 7983 7976
f 7976 7983 7984
f 7976 7984 7977
f 7986 7985 7979
f 7985 7672 7979
f 7985 7682 7672
f 7986 7979 7980
f 7684 7987 7685
f 7988 7686 7685
f 7988 7685 7987
f 7989 7687 7686
f 7989 7686 7988
f 7990 7688 7687
f 7990 7687 7989
f 7991 7689 7688
f 7991 7688 7990
f 7992 7690 7689
f 7992 7689 7991
f 7993 7691 7690
f 7993 7690 7992
f 7994 7692 7691
f 7994 7691 7993
f 7994 7694 7692
f 7695 7995 7981
f 7695 7981 7681
f 7982 7981 7996
f 7996 7981 7995
f 7985 7697 7682
f 7997 7697 7985
f 7699 7998 7700
f 7987 7684 7700
f 7998 7987 7700
f 7999 7987 7998
f 8001 7988 8000
f 7988 7999 8000
f 7988 7987 7999
f 7988 8001 7989
f 7989 8001 8002
f 7989 8002 7990
f 7990 8002 8003
f 7990 8003 7991
f 7991 8003 8004
f 7991 8004 7992
f 7992 8004 8005
f 7992 8005 7993
f 7993 8005 8006
f 8008 8007 8006
f 8007 7993 8006
f 8007 7994 7993
f 8009 7701 7694
f 7994 8009 7694
f 8007 8009 7994
f 8009 7703 7701
f 7705 8010 7995
f 7705 7995 7695
f 7996 7995 8011
f 8011 7995 8010
f 8012 7707 7708
f 8013 8012 7708
f 7697 8013 7708
f 7997 8013 7697
f 7710 8014 7711
f 7998 7699 7711
f 8014 7998 7711
f 8015 7998 8014
f 8017 7999 8016
f 7999 8015 8016
f 7999 7998 8015
f 7999 8017 8000
f 8008 8018 8007
f 8007 8018 8009
f 8009 8018 8019
f 8019 8021 8020
f 8019 8020 7712
f 8009 8019 7712
f 7703 8009 7712
f 8020 7714 7712
f 7715 8010 7705
f 8022 8011 8010
f 7715 8022 8010
f 7716 8022 7715
f 7716 7717 8022
f 8022 7717 8023
f 8024 7719 8012
f 8012 7719 7707
f 8012 8013 8025
f 8012 8025 8024
f 7721 8026 8014
f 7721 8014 7710
f 8028 8015 8027
f 8015 8026 8027
f 8015 8014 8026
f 8015 8028 8016
f 8021 8029 8020
f 8029 8031 8030
f 8029 8030 7722
f 8020 8029 7722
f 7714 8020 7722
f 8030 7724 7722
f 8032 8023 7717
f 8032 7717 7725
f 7725 7726 8032
f 8032 7726 8033
f 8034 7728 8024
f 8024 7728 7719
f 8024 8025 8035
f 8024 8035 8034
f 7730 8036 7731
f 8026 7721 7731
f 8036 8026 7731
f 8037 8026 8036
f 8027 8026 8038
f 8038 8026 8037
f 8031 8039 8030
f 8039 8041 8040
f 8039 8040 7732
f 8030 8039 7732
f 7724 8030 7732
f 8040 7734 7732
f 8042 8033 7726
f 8042 7726 7735
f 8043 7735 7736
f 8043 8042 7735
f 7736 7737 8043
f 8043 7737 8044
f 8045 7739 8034
f 8034 7739 7728
f 8034 8035 8046
f 8034 8046 8045
f 7741 8047 8036
f 7741 8036 7730
f 8036 8048 8037
f 8036 8047 8048
f 8038 8037 8049
f 8049 8037 8048
f 8040 8041 8050
f 8050 8041 8051
f 8050 7743 7734
f 8050 7734 8040
f 8052 8044 7737
f 8052 7737 7744
f 7744 7745 8052
f 8052 7745 8053
f 8054 7747 7748
f 7739 8045 7748
f 8045 8054 7748
f 8045 8055 8054
f 8045 8046 8056
f 8045 8056 8055
f 7750 8057 8047
f 7750 8047 7741
f 8047 8058 8048
f 8047 8057 8058
f 8049 8048 8059
f 8059 8048 8058
f 8050 8051 8060
f 8060 8051 8061
f 8060 7752 7743
f 8060 7743 8050
f 8062 8053 7745
f 8062 7745 7753
f 8064 8062 8063
f 8062 7754 8063
f 8062 7753 7754
f 7756 8063 7754
f 8054 7758 7747
f 7758 8054 7759
f 8054 8065 7759
f 8054 8055 8065
f 8055 8056 8066
f 8067 8055 8066
f 8065 8055 8067
f 8068 8067 8066
f 7761 8069 8057
f 7761 8057 7750
f 8057 8070 8058
f 8057 8069 8070
f 8059 8058 8071
f 8058 8072 8071
f 8058 8070 8072
f 8074 8073 8072
f 8072 8073 8071
f 8074 8075 8073
f 8078 8077 8076
f 8080 8079 8076
f 8076 8079 8078
f 8079 8080 8061
f 8061 8080 8060
f 8080 7763 8060
f 7763 7764 8060
f 8060 7764 7752
f 8064 8063 8081
f 8064 8081 8082
f 7766 8081 7756
f 7756 8081 8063
f 8065 7768 7759
f 7768 8065 7770
f 8065 8083 7770
f 8065 8067 8083
f 8067 8068 8084
f 8085 8067 8084
f 8083 8067 8085
f 8086 8085 8084
f 7772 8069 7761
f 8069 7772 7774
f 8087 8069 7774
f 8070 8069 8087
f 8070 8088 8072
f 8070 8087 8088
f 8072 8089 8074
f 8072 8088 8089
f 8075 8074 8090
f 8074 8091 8090
f 8074 8089 8091
f 8093 8092 8091
f 8091 8092 8090
f 8095 8094 8093
f 8093 8094 8092
f 8097 8096 8095
f 8095 8096 8094
f 8099 8098 8097
f 8097 8098 8096
f 8101 8100 8099
f 8099 8100 8098
f 8103 8102 8101
f 8101 8102 8100
f 8105 8104 8103
f 8103 8104 8102
f 8104 8105 8077
f 8077 8105 8076
f 8105 7776 8076
f 7776 7777 8076
f 8076 7777 7778
f 8076 7778 8080
f 8080 7778 7763
f 8082 8081 7779
f 7780 8082 7779
f 8106 8082 7780
f 7779 8081 7766
f 8083 7782 7770
f 7782 8083 7784
f 8083 8107 7784
f 8083 8085 8107
f 8085 8086 8108
f 8085 8108 8107
f 7785 8087 7774
f 8087 7785 7786
f 8087 7786 8088
f 8088 7786 7787
f 8088 7787 8089
f 8089 7787 7788
f 8089 7788 8091
f 8091 7788 7789
f 8091 7789 8093
f 8093 7789 7790
f 8093 7790 8095
f 8095 7790 7791
f 8095 7791 8097
f 8097 7791 7792
f 8097 7792 8099
f 8099 7792 7793
f 8099 7793 8101
f 8101 7793 7794
f 8101 7794 8103
f 8103 7794 7795
f 8103 7795 8105
f 8105 7795 7776
f 8111 8110 8109
f 7796 7797 8109
f 8110 7796 8109
f 8112 7796 8110
f 7780 7796 8106
f 8106 7796 8112
f 8113 7800 8107
f 8107 7800 7784
f 8107 8108 8114
f 8115 8107 8114
f 8113 8107 8115
f 8116 8115 8114
f 8119 8118 8117
f 8117 8118 8111
f 8117 8111 8109
f 7803 8117 8109
f 7802 7803 8109
f 7802 8109 7797
f 8120 7805 8113
f 8113 7805 7800
f 8121 8113 8115
f 8120 8113 8121
f 8115 8116 8122
f 8115 8122 8121
f 7807 8123 7808
f 8124 7809 7808
f 8124 7808 8123
f 7809 8124 8125
f 8126 7809 8125
f 7810 7809 8126
f 7810 8127 7811
f 8126 8127 7810
f 7811 8128 7812
f 8127 8128 7811
f 7812 8129 7813
f 8128 8129 7812
f 8129 8131 8130
f 7814 8129 8130
f 7813 8129 7814
f 8132 7815 7814
f 8132 7814 8130
f 8132 7817 7815
f 8135 8134 8133
f 8133 8134 8119
f 8133 8119 8117
f 7821 8133 8117
f 7820 7821 8117
f 7820 8117 7803
f 8120 7823 7805
f 7823 8120 7825
f 8120 8136 7825
f 8120 8121 8136
f 8121 8122 8137
f 8138 8121 8137
f 8136 8121 8138
f 8139 8138 8137
f 7827 8140 7826
f 8123 7807 7826
f 8140 8123 7826
f 8141 8123 8140
f 8143 8124 8142
f 8124 8141 8142
f 8124 8123 8141
f 8124 8143 8125
f 8131 8144 8130
f 8130 8144 8132
f 8132 8144 8145
f 8132 8145 7817
f 8145 7828 7817
f 8145 8146 7828
f 8146 8148 8147
f 7829 8146 8147
f 7828 8146 7829
f 8149 7830 7829
f 8149 7829 8147
f 8149 7832 7830
f 8152 8151 8150
f 8150 8151 8135
f 8150 8135 8133
f 7835 8150 8133
f 7834 7835 8133
f 7834 8133 7821
f 8136 7837 7825
f 7837 8136 7839
f 8136 8153 7839
f 8136 8138 8153
f 8138 8139 8154
f 8155 8138 8154
f 8153 8138 8155
f 8156 8155 8154
f 7840 8157 8140
f 7840 8140 7827
f 8140 8158 8141
f 8140 8157 8158
f 8142 8141 8159
f 8159 8141 8158
f 8148 8160 8147
f 8147 8160 8149
f 8149 8160 8161
f 8149 8161 7832
f 8161 7841 7832
f 8161 8162 7841
f 7841 8163 7842
f 8162 8163 7841
f 8163 8165 8164
f 7844 8163 8164
f 7842 8163 7844
f 7845 7844 8164
f 8168 8167 8166
f 8168 8166 8152
f 8168 8152 8150
f 7848 8168 8150
f 7847 7848 8150
f 7847 8150 7835
f 8153 7850 7839
f 7850 8153 7853
f 7853 8153 8155
f 8170 8169 7854
f 8170 7854 7853
f 8156 8170 7853
f 8155 8156 7853
f 8172 8171 8169
f 8172 8169 8170
f 8173 8171 8172
f 7855 8157 7840
f 8157 7855 7857
f 8174 8157 7857
f 8158 8157 8174
f 8159 8158 8175
f 8175 8158 8174
f 8165 8176 8164
f 8167 8168 8176
f 8168 7858 8176
f 7845 8164 8176
f 7845 8176 7858
f 7858 8168 7848
f 8169 7860 7854
f 7860 8169 7863
f 7863 8169 8171
f 8178 8177 7864
f 8178 7864 7863
f 8173 8178 7863
f 8171 8173 7863
f 8180 8179 8177
f 8180 8177 8178
f 8181 8179 8180
f 7866 8182 8174
f 7866 8174 7857
f 8175 8174 8183
f 8183 8174 8182
f 8177 7868 7864
f 7868 8177 7871
f 7871 8177 8179
f 8185 8184 7872
f 8185 7872 7871
f 8181 8185 7871
f 8179 8181 7871
f 8187 8186 8184
f 8187 8184 8185
f 8188 8186 8187
f 8190 8189 7873
f 8190 7873 7874
f 7866 7873 8182
f 7873 8191 8182
f 7873 8189 8191
f 8182 8191 8183
f 8184 7876 7872
f 7876 8184 7879
f 7879 8184 8186
f 8188 8192 8186
f 8192 7879 8186
f 8192 7880 7879
f 7880 8193 7881
f 8192 8193 7880
f 7874 7881 8190
f 8190 7881 8193
f 8194 7897 7898
f 7899 8195 7898
f 7898 8195 8194
f 7900 8196 7899
f 7899 8196 8195
f 7901 8197 7900
f 7900 8197 8196
f 7902 8198 7901
f 7901 8198 8197
f 7903 8199 7902
f 7902 8199 8198
f 7904 8200 7903
f 7903 8200 8199
f 7905 8201 7904
f 7904 8201 8200
f 7906 8202 7905
f 7905 8202 8201
f 7907 8203 7906
f 7906 8203 8202
f 7909 8203 7907
f 8204 7913 7914
f 7915 8205 7914
f 7914 8205 8204
f 7916 8206 7915
f 7915 8206 8205
f 8207 8206 7916
f 8207 7916 7897
f 8208 8207 7897
f 8194 8208 7897
f 8208 8194 8195
f 8208 8195 8209
f 8209 8195 8196
f 8209 8196 8210
f 8210 8196 8197
f 8210 8197 8211
f 8211 8197 8198
f 8211 8198 8212
f 8212 8198 8199
f 8212 8199 8213
f 8213 8199 8200
f 8213 8200 8214
f 8214 8200 8201
f 8214 8201 8215
f 8215 8201 8202
f 8215 8202 8216
f 8216 8202 8203
f 8216 8203 8217
f 8219 8217 8218
f 8218 8217 7917
f 8217 8203 7917
f 8203 7909 7917
f 7918 8220 7917
f 7917 8220 8218
f 7919 8220 7918
f 8221 7923 7924
f 7925 8222 7924
f 7924 8222 8221
f 7926 8223 7925
f 7925 8223 8222
f 8224 8223 7926
f 8224 7926 7913
f 8225 8224 7913
f 8204 8225 7913
f 8225 8204 8205
f 8225 8205 8226
f 8226 8205 8206
f 8226 8206 8227
f 8227 8206 8207
f 8228 8219 8218
f 8230 8229 8228
f 8218 8230 8228
f 8220 8230 8218
f 7927 8231 7919
f 8231 8220 7919
f 8231 8230 8220
f 7928 8231 7927
f 8232 7930 7931
f 7932 8233 7931
f 7931 8233 8232
f 7933 8234 7932
f 7932 8234 8233
f 8235 8234 7933
f 8235 7933 7923
f 8236 8235 7923
f 8221 8236 7923
f 8236 8221 8222
f 8236 8222 8237
f 8237 8222 8223
f 8237 8223 8238
f 8238 8223 8224
f 8239 8229 8230
f 8239 8230 8231
f 8239 8231 8240
f 8242 8240 8241
f 8241 8240 7934
f 8240 8231 7934
f 8231 7928 7934
f 7935 8241 7934
f 8243 7938 7939
f 7940 8244 7939
f 7939 8244 8243
f 7930 8232 7940
f 8232 8244 7940
f 8232 8245 8244
f 8233 8247 8246
f 8245 8233 8246
f 8232 8233 8245
f 8247 8233 8234
f 8247 8234 8248
f 8248 8234 8235
f 8249 8242 8241
f 8241 7935 8249
f 7935 8250 8249
f 7935 7942 8250
f 8251 7947 7948
f 7938 8243 7948
f 8243 8251 7948
f 8243 8252 8251
f 8244 8254 8253
f 8252 8244 8253
f 8243 8244 8252
f 8254 8244 8245
f 8254 8245 8255
f 8255 8245 8246
f 8256 8250 7942
f 8256 7942 7950
f 7950 7951 8256
f 8256 7951 8257
f 8258 7955 7956
f 7947 8251 7956
f 8251 8258 7956
f 8251 8259 8258
f 8252 8261 8260
f 8259 8252 8260
f 8251 8252 8259
f 8261 8252 8253
f 7958 8257 7951
f 7958 8262 8257
f 8263 7961 8258
f 8258 7961 7955
f 8259 8265 8264
f 8263 8259 8264
f 8258 8259 8263
f 8265 8259 8260
f 7962 8267 8266
f 8262 7962 8266
f 7958 7962 8262
f 8267 8268 8266
f 8269 7964 8263
f 8263 7964 7961
f 8263 8264 8270
f 8263 8270 8269
f 7965 8267 7962
f 7965 7967 8267
f 7967 8268 8267
f 7967 8271 8268
f 8272 7968 7969
f 8273 8272 7969
f 8273 7969 7964
f 8274 8273 7964
f 8269 8274 7964
f 8274 8269 8270
f 7972 8271 7967
f 7972 8275 8271
f 8276 7973 8272
f 8272 7973 7968
f 8272 8273 8277
f 8272 8277 8276
f 7977 8278 7978
f 8278 8279 7978
f 8279 7972 7978
f 8279 8275 7972
f 8281 8280 8276
f 8280 7973 8276
f 8280 7980 7973
f 8281 8276 8277
f 7982 8282 7983
f 8283 7984 7983
f 8283 7983 8282
f 8278 7977 7984
f 8283 8278 7984
f 8284 8278 8283
f 8279 8278 8285
f 8285 8278 8284
f 8286 7985 7986
f 8287 8286 7986
f 7980 8287 7986
f 8280 8287 7980
f 7996 8288 8282
f 7996 8282 7982
f 8282 8289 8283
f 8282 8288 8289
f 8291 8284 8290
f 8284 8289 8290
f 8284 8283 8289
f 8284 8291 8285
f 8292 7997 8286
f 8286 7997 7985
f 8286 8287 8293
f 8286 8293 8292
f 8000 8294 8001
f 8295 8002 8001
f 8295 8001 8294
f 8296 8003 8002
f 8296 8002 8295
f 8297 8004 8003
f 8297 8003 8296
f 8298 8005 8004
f 8298 8004 8297
f 8299 8006 8005
f 8299 8005 8298
f 8299 8008 8006
f 8011 8300 8288
f 8011 8288 7996
f 8288 8301 8289
f 8288 8300 8301
f 8290 8289 8302
f 8302 8289 8301
f 8303 8013 8292
f 8292 8013 7997
f 8292 8293 8304
f 8292 8304 8303
f 8016 8305 8017
f 8294 8000 8017
f 8305 8294 8017
f 8306 8294 8305
f 8294 8307 8295
f 8294 8306 8307
f 8295 8308 8296
f 8295 8307 8308
f 8296 8309 8297
f 8296 8308 8309
f 8297 8310 8298
f 8297 8309 8310
f 8298 8311 8299
f 8298 8310 8311
f 8312 8018 8008
f 8299 8312 8008
f 8311 8312 8299
f 8313 8019 8018
f 8313 8018 8312
f 8313 8021 8019
f 8022 8300 8011
f 8300 8022 8023
f 8314 8300 8023
f 8301 8300 8314
f 8302 8301 8315
f 8315 8301 8314
f 8317 8316 8303
f 8316 8013 8303
f 8316 8025 8013
f 8317 8303 8304
f 8027 8318 8028
f 8305 8016 8028
f 8318 8305 8028
f 8319 8305 8318
f 8321 8306 8320
f 8306 8319 8320
f 8306 8305 8319
f 8306 8321 8307
f 8307 8321 8322
f 8307 8322 8308
f 8308 8322 8323
f 8325 8324 8323
f 8324 8308 8323
f 8324 8309 8308
f 8309 8326 8310
f 8309 8324 8326
f 8310 8327 8311
f 8310 8326 8327
f 8311 8328 8312
f 8311 8327 8328
f 8312 8329 8313
f 8312 8328 8329
f 8330 8029 8021
f 8313 8330 8021
f 8329 8330 8313
f 8330 8031 8029
f 8032 8314 8023
f 8332 8331 8033
f 8033 8331 8032
f 8331 8315 8032
f 8315 8314 8032
f 8332 8333 8331
f 8316 8035 8025
f 8334 8035 8316
f 8038 8335 8318
f 8038 8318 8027
f 8318 8336 8319
f 8318 8335 8336
f 8320 8319 8337
f 8337 8319 8336
f 8325 8338 8324
f 8324 8338 8326
f 8326 8338 8339
f 8326 8339 8327
f 8327 8339 8340
f 8327 8340 8328
f 8328 8340 8341
f 8343 8342 8341
f 8342 8328 8341
f 8342 8329 8328
f 8329 8344 8330
f 8329 8342 8344
f 8345 8039 8031
f 8330 8345 8031
f 8344 8345 8330
f 8345 8041 8039
f 8042 8332 8033
f 8346 8333 8332
f 8042 8346 8332
f 8043 8346 8042
f 8043 8044 8346
f 8346 8044 8347
f 8349 8046 8348
f 8046 8334 8348
f 8046 8035 8334
f 8350 8349 8348
f 8049 8351 8335
f 8049 8335 8038
f 8335 8352 8336
f 8335 8351 8352
f 8337 8336 8353
f 8353 8336 8352
f 8356 8355 8354
f 8358 8357 8354
f 8354 8357 8356
f 8357 8358 8343
f 8358 8342 8343
f 8358 8359 8342
f 8342 8360 8344
f 8342 8359 8360
f 8344 8361 8345
f 8344 8360 8361
f 8361 8051 8041
f 8361 8041 8345
f 8362 8347 8044
f 8362 8044 8052
f 8052 8053 8362
f 8362 8053 8363
f 8364 8056 8349
f 8349 8056 8046
f 8349 8350 8365
f 8366 8349 8365
f 8364 8349 8366
f 8367 8366 8365
f 8059 8368 8351
f 8059 8351 8049
f 8351 8369 8352
f 8351 8368 8369
f 8353 8352 8370
f 8352 8371 8370
f 8352 8369 8371
f 8373 8372 8371
f 8371 8372 8370
f 8375 8374 8373
f 8373 8374 8372
f 8377 8376 8375
f 8375 8376 8374
f 8379 8378 8377
f 8377 8378 8376
f 8378 8379 8355
f 8379 8354 8355
f 8379 8380 8354
f 8354 8381 8358
f 8354 8380 8381
f 8358 8382 8359
f 8358 8381 8382
f 8359 8383 8360
f 8359 8382 8383
f 8360 8384 8361
f 8360 8383 8384
f 8384 8061 8051
f 8384 8051 8361
f 8385 8363 8053
f 8385 8053 8062
f 8062 8064 8385
f 8385 8064 8386
f 8364 8066 8056
f 8066 8364 8068
f 8364 8387 8068
f 8364 8366 8387
f 8366 8367 8388
f 8389 8366 8388
f 8387 8366 8389
f 8390 8389 8388
f 8071 8368 8059
f 8368 8071 8073
f 8368 8073 8369
f 8369 8073 8075
f 8391 8369 8075
f 8371 8369 8391
f 8371 8392 8373
f 8371 8391 8392
f 8373 8393 8375
f 8373 8392 8393
f 8375 8394 8377
f 8375 8393 8394
f 8377 8395 8379
f 8377 8394 8395
f 8379 8396 8380
f 8379 8395 8396
f 8380 8397 8381
f 8380 8396 8397
f 8381 8398 8382
f 8381 8397 8398
f 8398 8077 8078
f 8383 8398 8078
f 8382 8398 8383
f 8383 8078 8079
f 8383 8079 8384
f 8384 8079 8061
f 8082 8386 8064
f 8082 8399 8386
f 8387 8084 8068
f 8084 8387 8086
f 8387 8400 8086
f 8387 8389 8400
f 8389 8390 8401
f 8389 8401 8400
f 8090 8391 8075
f 8391 8090 8092
f 8391 8092 8392
f 8392 8092 8094
f 8392 8094 8393
f 8393 8094 8096
f 8393 8096 8394
f 8394 8096 8098
f 8394 8098 8395
f 8395 8098 8100
f 8395 8100 8396
f 8396 8100 8102
f 8396 8102 8397
f 8397 8102 8104
f 8397 8104 8398
f 8398 8104 8077
f 8404 8403 8402
f 8403 8399 8402
f 8399 8106 8402
f 8399 8082 8106
f 8405 8108 8400
f 8400 8108 8086
f 8400 8401 8406
f 8400 8406 8405
f 8409 8408 8407
f 8110 8111 8407
f 8408 8110 8407
f 8410 8110 8408
f 8402 8112 8404
f 8112 8410 8404
f 8112 8110 8410
f 8112 8402 8106
f 8405 8114 8108
f 8412 8411 8116
f 8412 8116 8114
f 8406 8412 8114
f 8405 8406 8114
f 8413 8411 8412
f 8416 8415 8414
f 8414 8415 8409
f 8414 8409 8407
f 8119 8414 8407
f 8118 8119 8407
f 8118 8407 8111
f 8417 8122 8411
f 8411 8122 8116
f 8411 8413 8418
f 8411 8418 8417
f 8125 8419 8126
f 8420 8127 8126
f 8420 8126 8419
f 8421 8128 8127
f 8421 8127 8420
f 8422 8129 8128
f 8422 8128 8421
f 8422 8131 8129
f 8425 8424 8423
f 8423 8424 8416
f 8423 8416 8414
f 8135 8423 8414
f 8134 8135 8414
f 8134 8414 8119
f 8417 8137 8122
f 8427 8426 8139
f 8427 8139 8137
f 8418 8427 8137
f 8417 8418 8137
f 8428 8426 8427
f 8142 8429 8143
f 8419 8125 8143
f 8429 8419 8143
f 8430 8419 8429
f 8419 8431 8420
f 8419 8430 8431
f 8420 8432 8421
f 8420 8431 8432
f 8434 8422 8433
f 8422 8432 8433
f 8422 8421 8432
f 8434 8436 8435
f 8434 8435 8144
f 8422 8434 8144
f 8131 8422 8144
f 8437 8145 8144
f 8437 8144 8435
f 8438 8146 8145
f 8438 8145 8437
f 8438 8148 8146
f 8441 8440 8439
f 8439 8440 8425
f 8439 8425 8423
f 8152 8439 8423
f 8151 8152 8423
f 8151 8423 8135
f 8426 8154 8139
f 8443 8442 8156
f 8443 8156 8154
f 8428 8443 8154
f 8426 8428 8154
f 8445 8444 8442
f 8445 8442 8443
f 8446 8444 8445
f 8159 8447 8429
f 8159 8429 8142
f 8429 8448 8430
f 8429 8447 8448
f 8450 8431 8449
f 8431 8448 8449
f 8431 8430 8448
f 8431 8450 8432
f 8432 8450 8451
f 8432 8451 8433
f 8436 8452 8435
f 8435 8452 8437
f 8437 8452 8453
f 8437 8453 8438
f 8438 8453 8454
f 8438 8454 8148
f 8454 8160 8148
f 8454 8455 8160
f 8455 8457 8456
f 8161 8455 8456
f 8160 8455 8161
f 8458 8162 8161
f 8458 8161 8456
f 8162 8458 8459
f 8460 8162 8459
f 8163 8162 8460
f 8462 8461 8165
f 8163 8462 8165
f 8460 8462 8163
f 8461 8462 8441
f 8461 8441 8439
f 8167 8461 8439
f 8166 8167 8439
f 8166 8439 8152
f 8442 8170 8156
f 8170 8442 8172
f 8172 8442 8444
f 8464 8463 8173
f 8464 8173 8172
f 8446 8464 8172
f 8444 8446 8172
f 8466 8465 8463
f 8466 8463 8464
f 8467 8465 8466
f 8175 8468 8447
f 8175 8447 8159
f 8447 8469 8448
f 8447 8468 8469
f 8449 8448 8470
f 8470 8448 8469
f 8457 8471 8456
f 8456 8471 8458
f 8458 8471 8472
f 8458 8472 8459
f 8461 8176 8165
f 8176 8461 8167
f 8463 8178 8173
f 8178 8463 8180
f 8180 8463 8465
f 8474 8473 8181
f 8474 8181 8180
f 8467 8474 8180
f 8465 8467 8180
f 8475 8473 8474
f 8183 8476 8468
f 8183 8468 8175
f 8468 8477 8469
f 8468 8476 8477
f 8470 8469 8478
f 8478 8469 8477
f 8473 8185 8181
f 8475 8479 8473
f 8479 8185 8473
f 8479 8187 8185
f 8481 8480 8188
f 8187 8481 8188
f 8479 8481 8187
f 8483 8482 8480
f 8483 8480 8481
f 8484 8189 8190
f 8485 8482 8483
f 8486 8191 8189
f 8486 8189 8484
f 8476 8183 8191
f 8486 8476 8191
f 8487 8476 8486
f 8476 8488 8477
f 8476 8487 8488
f 8478 8477 8489
f 8489 8477 8488
f 8480 8192 8188
f 8192 8480 8193
f 8193 8480 8482
f 8482 8485 8193
f 8485 8490 8193
f 8484 8190 8193
f 8484 8193 8490
f 8484 8490 8486
f 8486 8490 8491
f 8486 8491 8487
f 8487 8491 8492
f 8487 8492 8488
f 8488 8492 8493
f 8488 8493 8489
f 8494 8207 8208
f 8209 8495 8208
f 8208 8495 8494
f 8495 8209 8496
f 8209 8497 8496
f 8209 8210 8497
f 8498 8210 8211
f 8498 8497 8210
f 8499 8211 8212
f 8499 8498 8211
f 8500 8212 8213
f 8500 8499 8212
f 8501 8213 8214
f 8501 8500 8213
f 8503 8501 8502
f 8501 8215 8502
f 8501 8214 8215
f 8216 8504 8215
f 8215 8504 8502
f 8217 8505 8216
f 8216 8505 8504
f 8219 8505 8217
f 8506 8224 8225
f 8226 8507 8225
f 8225 8507 8506
f 8507 8226 8508
f 8226 8509 8508
f 8226 8227 8509
f 8227 8207 8494
f 8510 8227 8494
f 8509 8227 8510
f 8510 8494 8495
f 8510 8495 8511
f 8511 8495 8496
f 8512 8503 8502
f 8512 8502 8504
f 8512 8504 8513
f 8513 8504 8505
f 8513 8505 8514
f 8516 8514 8515
f 8515 8514 8228
f 8514 8505 8228
f 8505 8219 8228
f 8229 8515 8228
f 8517 8235 8236
f 8237 8518 8236
f 8236 8518 8517
f 8518 8237 8519
f 8237 8520 8519
f 8237 8238 8520
f 8238 8224 8506
f 8521 8238 8506
f 8520 8238 8521
f 8521 8506 8507
f 8521 8507 8522
f 8522 8507 8508
f 8523 8516 8515
f 8523 8515 8229
f 8239 8523 8229
f 8524 8523 8239
f 8526 8524 8525
f 8524 8240 8525
f 8524 8239 8240
f 8242 8525 8240
f 8527 8246 8247
f 8248 8528 8247
f 8247 8528 8527
f 8235 8517 8248
f 8517 8528 8248
f 8517 8529 8528
f 8518 8531 8530
f 8529 8518 8530
f 8517 8518 8529
f 8531 8518 8519
f 8532 8526 8525
f 8534 8532 8533
f 8533 8532 8249
f 8532 8525 8249
f 8525 8242 8249
f 8250 8533 8249
f 8535 8253 8254
f 8255 8536 8254
f 8254 8536 8535
f 8537 8536 8255
f 8537 8255 8246
f 8538 8537 8246
f 8527 8538 8246
f 8538 8527 8528
f 8538 8528 8539
f 8539 8528 8529
f 8539 8529 8540
f 8540 8529 8530
f 8541 8534 8533
f 8543 8541 8542
f 8542 8541 8256
f 8541 8533 8256
f 8533 8250 8256
f 8257 8542 8256
f 8544 8260 8261
f 8253 8535 8261
f 8535 8544 8261
f 8535 8545 8544
f 8536 8547 8546
f 8545 8536 8546
f 8535 8536 8545
f 8547 8536 8537
f 8548 8543 8542
f 8542 8257 8548
f 8257 8549 8548
f 8257 8262 8549
f 8550 8264 8265
f 8260 8544 8265
f 8544 8550 8265
f 8544 8551 8550
f 8545 8553 8552
f 8551 8545 8552
f 8544 8545 8551
f 8553 8545 8546
f 8554 8549 8262
f 8554 8262 8266
f 8266 8268 8554
f 8554 8268 8555
f 8556 8270 8550
f 8550 8270 8264
f 8551 8558 8557
f 8556 8551 8557
f 8550 8551 8556
f 8558 8551 8552
f 8271 8555 8268
f 8271 8559 8555
f 8560 8273 8274
f 8561 8560 8274
f 8561 8274 8270
f 8562 8561 8270
f 8556 8562 8270
f 8562 8556 8557
f 8275 8559 8271
f 8275 8563 8559
f 8564 8277 8560
f 8560 8277 8273
f 8560 8561 8565
f 8560 8565 8564
f 8279 8567 8566
f 8563 8279 8566
f 8275 8279 8563
f 8567 8568 8566
f 8569 8280 8281
f 8277 8564 8281
f 8564 8569 8281
f 8564 8570 8569
f 8564 8565 8571
f 8564 8571 8570
f 8573 8572 8567
f 8279 8573 8567
f 8285 8573 8279
f 8567 8572 8568
f 8574 8287 8569
f 8569 8287 8280
f 8570 8576 8575
f 8574 8570 8575
f 8569 8570 8574
f 8576 8570 8571
f 8290 8577 8291
f 8577 8578 8291
f 8578 8285 8291
f 8578 8573 8285
f 8580 8579 8574
f 8579 8287 8574
f 8579 8293 8287
f 8580 8574 8575
f 8302 8581 8577
f 8302 8577 8290
f 8578 8577 8582
f 8582 8577 8581
f 8579 8304 8293
f 8583 8304 8579
f 8315 8584 8581
f 8315 8581 8302
f 8582 8581 8585
f 8585 8581 8584
f 8586 8316 8317
f 8587 8586 8317
f 8304 8587 8317
f 8583 8587 8304
f 8320 8588 8321
f 8589 8322 8321
f 8589 8321 8588
f 8590 8323 8322
f 8590 8322 8589
f 8590 8325 8323
f 8331 8584 8315
f 8592 8591 8333
f 8333 8591 8331
f 8591 8585 8331
f 8585 8584 8331
f 8592 8593 8591
f 8594 8334 8586
f 8586 8334 8316
f 8586 8587 8595
f 8586 8595 8594
f 8337 8596 8588
f 8337 8588 8320
f 8588 8597 8589
f 8588 8596 8597
f 8589 8598 8590
f 8589 8597 8598
f 8599 8338 8325
f 8590 8599 8325
f 8598 8599 8590
f 8600 8339 8338
f 8600 8338 8599
f 8601 8340 8339
f 8601 8339 8600
f 8602 8341 8340
f 8602 8340 8601
f 8602 8343 8341
f 8346 8592 8333
f 8346 8347 8592
f 8347 8593 8592
f 8347 8603 8593
f 8594 8348 8334
f 8605 8604 8350
f 8605 8350 8348
f 8595 8605 8348
f 8594 8595 8348
f 8607 8606 8604
f 8607 8604 8605
f 8608 8606 8607
f 8353 8609 8596
f 8353 8596 8337
f 8596 8610 8597
f 8596 8609 8610
f 8597 8611 8598
f 8597 8610 8611
f 8598 8612 8599
f 8598 8611 8612
f 8599 8613 8600
f 8599 8612 8613
f 8613 8355 8356
f 8601 8613 8356
f 8600 8613 8601
f 8601 8356 8357
f 8601 8357 8602
f 8602 8357 8343
f 8614 8603 8347
f 8614 8347 8362
f 8362 8363 8614
f 8614 8363 8615
f 8604 8365 8350
f 8365 8604 8367
f 8604 8616 8367
f 8604 8606 8616
f 8606 8608 8617
f 8618 8606 8617
f 8616 8606 8618
f 8619 8618 8617
f 8370 8609 8353
f 8609 8370 8372
f 8609 8372 8610
f 8610 8372 8374
f 8610 8374 8611
f 8611 8374 8376
f 8611 8376 8612
f 8612 8376 8378
f 8612 8378 8613
f 8613 8378 8355
f 8363 8385 8620
f 8621 8363 8620
f 8615 8363 8621
f 8386 8620 8385
f 8616 8388 8367
f 8388 8616 8390
f 8616 8622 8390
f 8616 8618 8622
f 8618 8619 8623
f 8624 8618 8623
f 8622 8618 8624
f 8625 8624 8623
f 8621 8620 8626
f 8621 8626 8627
f 8399 8626 8386
f 8386 8626 8620
f 8628 8401 8622
f 8622 8401 8390
f 8624 8630 8629
f 8628 8624 8629
f 8622 8624 8628
f 8630 8624 8625
f 8633 8632 8631
f 8631 8632 8627
f 8631 8627 8626
f 8404 8631 8626
f 8403 8404 8626
f 8403 8626 8399
f 8634 8406 8628
f 8628 8406 8401
f 8628 8629 8635
f 8636 8628 8635
f 8634 8628 8636
f 8637 8636 8635
f 8640 8639 8638
f 8408 8409 8638
f 8639 8408 8638
f 8641 8408 8639
f 8631 8410 8633
f 8410 8641 8633
f 8410 8408 8641
f 8410 8631 8404
f 8634 8412 8406
f 8634 8636 8642
f 8413 8634 8642
f 8643 8413 8642
f 8634 8413 8412
f 8642 8636 8637
f 8640 8638 8415
f 8416 8640 8415
f 8644 8640 8416
f 8415 8638 8409
f 8643 8418 8413
f 8645 8418 8643
f 8648 8647 8646
f 8424 8425 8646
f 8647 8424 8646
f 8649 8424 8647
f 8416 8424 8644
f 8644 8424 8649
f 8645 8650 8418
f 8418 8650 8427
f 8652 8651 8428
f 8427 8652 8428
f 8650 8652 8427
f 8653 8651 8652
f 8433 8654 8434
f 8654 8436 8434
f 8657 8656 8655
f 8655 8656 8648
f 8655 8648 8646
f 8441 8655 8646
f 8440 8441 8646
f 8440 8646 8425
f 8651 8443 8428
f 8653 8658 8651
f 8658 8443 8651
f 8658 8445 8443
f 8660 8659 8446
f 8445 8660 8446
f 8658 8660 8445
f 8661 8659 8660
f 8449 8662 8450
f 8663 8451 8450
f 8663 8450 8662
f 8654 8433 8451
f 8663 8654 8451
f 8664 8654 8663
f 8665 8452 8436
f 8654 8665 8436
f 8664 8665 8654
f 8666 8453 8452
f 8666 8452 8665
f 8667 8454 8453
f 8667 8453 8666
f 8668 8455 8454
f 8668 8454 8667
f 8457 8455 8668
f 8671 8670 8669
f 8673 8672 8671
f 8673 8671 8669
f 8460 8459 8672
f 8673 8460 8672
f 8674 8460 8673
f 8655 8462 8657
f 8462 8674 8657
f 8462 8460 8674
f 8462 8655 8441
f 8659 8464 8446
f 8661 8675 8659
f 8675 8464 8659
f 8675 8466 8464
f 8677 8676 8467
f 8466 8677 8467
f 8675 8677 8466
f 8678 8676 8677
f 8470 8679 8662
f 8470 8662 8449
f 8662 8680 8663
f 8662 8679 8680
f 8663 8681 8664
f 8663 8680 8681
f 8664 8682 8665
f 8664 8681 8682
f 8684 8666 8683
f 8666 8682 8683
f 8666 8665 8682
f 8666 8684 8667
f 8667 8684 8685
f 8667 8685 8668
f 8668 8685 8686
f 8670 8671 8686
f 8671 8471 8686
f 8457 8668 8686
f 8457 8686 8471
f 8471 8671 8472
f 8472 8671 8672
f 8472 8672 8459
f 8676 8474 8467
f 8688 8687 8475
f 8688 8475 8474
f 8678 8688 8474
f 8676 8678 8474
f 8689 8687 8688
f 8478 8690 8679
f 8478 8679 8470
f 8679 8691 8680
f 8679 8690 8691
f 8680 8692 8681
f 8680 8691 8692
f 8694 8682 8693
f 8682 8692 8693
f 8682 8681 8692
f 8682 8694 8683
f 8687 8479 8475
f 8689 8695 8687
f 8695 8479 8687
f 8695 8481 8479
f 8481 8696 8483
f 8695 8696 8481
f 8485 8483 8696
f 8485 8696 8697
f 8489 8698 8690
f 8489 8690 8478
f 8690 8699 8691
f 8690 8698 8699
f 8691 8700 8692
f 8691 8699 8700
f 8693 8692 8701
f 8701 8692 8700
f 8697 8702 8485
f 8485 8702 8490
f 8490 8703 8491
f 8702 8703 8490
f 8491 8704 8492
f 8703 8704 8491
f 8492 8705 8493
f 8704 8705 8492
f 8493 8705 8489
f 8705 8706 8489
f 8706 8698 8489
f 8706 8705 8707
f 8698 8708 8699
f 8698 8706 8708
f 8699 8709 8700
f 8699 8708 8709
f 8701 8700 8710
f 8710 8700 8709
f 8707 8711 8706
f 8706 8711 8708
f 8708 8711 8712
f 8708 8712 8709
f 8709 8712 8713
f 8709 8713 8710
f 8714 8496 8497
f 8498 8715 8497
f 8497 8715 8714
f 8499 8716 8498
f 8498 8716 8715
f 8500 8717 8499
f 8499 8717 8716
f 8501 8718 8500
f 8500 8718 8717
f 8503 8718 8501
f 8719 8508 8509
f 8719 8509 8720
f 8509 8721 8720
f 8509 8510 8721
f 8722 8510 8511
f 8722 8721 8510
f 8511 8496 8714
f 8723 8511 8714
f 8722 8511 8723
f 8723 8714 8715
f 8723 8715 8724
f 8724 8715 8716
f 8724 8716 8725
f 8725 8716 8717
f 8725 8717 8726
f 8726 8717 8718
f 8726 8718 8727
f 8729 8727 8728
f 8728 8727 8512
f 8727 8718 8512
f 8718 8503 8512
f 8513 8730 8512
f 8512 8730 8728
f 8514 8731 8513
f 8513 8731 8730
f 8516 8731 8514
f 8732 8519 8520
f 8521 8733 8520
f 8520 8733 8732
f 8733 8521 8734
f 8521 8735 8734
f 8521 8522 8735
f 8522 8508 8719
f 8736 8522 8719
f 8735 8522 8736
f 8736 8719 8720
f 8737 8729 8728
f 8737 8728 8730
f 8737 8730 8738
f 8740 8739 8738
f 8730 8740 8738
f 8731 8740 8730
f 8523 8741 8516
f 8741 8731 8516
f 8741 8740 8731
f 8524 8742 8523
f 8523 8742 8741
f 8526 8742 8524
f 8743 8530 8531
f 8744 8743 8531
f 8744 8531 8519
f 8745 8744 8519
f 8732 8745 8519
f 8745 8732 8733
f 8745 8733 8746
f 8746 8733 8734
f 8747 8739 8740
f 8747 8740 8741
f 8747 8741 8748
f 8750 8749 8748
f 8741 8750 8748
f 8742 8750 8741
f 8532 8751 8526
f 8751 8742 8526
f 8751 8750 8742
f 8534 8751 8532
f 8752 8537 8538
f 8539 8753 8538
f 8538 8753 8752
f 8753 8539 8754
f 8539 8755 8754
f 8539 8540 8755
f 8540 8530 8743
f 8756 8540 8743
f 8755 8540 8756
f 8756 8743 8744
f 8757 8749 8750
f 8757 8750 8751
f 8757 8751 8758
f 8760 8758 8759
f 8759 8758 8541
f 8758 8751 8541
f 8751 8534 8541
f 8543 8759 8541
f 8761 8546 8547
f 8762 8761 8547
f 8762 8547 8537
f 8763 8762 8537
f 8752 8763 8537
f 8763 8752 8753
f 8763 8753 8764
f 8764 8753 8754
f 8765 8760 8759
f 8767 8765 8766
f 8766 8765 8548
f 8765 8759 8548
f 8759 8543 8548
f 8549 8766 8548
f 8768 8552 8553
f 8769 8768 8553
f 8769 8553 8546
f 8770 8769 8546
f 8761 8770 8546
f 8770 8761 8762
f 8771 8767 8766
f 8773 8771 8772
f 8772 8771 8554
f 8771 8766 8554
f 8766 8549 8554
f 8555 8772 8554
f 8774 8557 8558
f 8552 8768 8558
f 8768 8774 8558
f 8768 8775 8774
f 8768 8769 8776
f 8768 8776 8775
f 8777 8773 8772
f 8772 8555 8777
f 8555 8778 8777
f 8555 8559 8778
f 8779 8561 8562
f 8557 8774 8562
f 8774 8779 8562
f 8774 8780 8779
f 8775 8782 8781
f 8780 8775 8781
f 8774 8775 8780
f 8782 8775 8776
f 8563 8778 8559
f 8563 8783 8778
f 8784 8565 8779
f 8779 8565 8561
f 8785 8779 8780
f 8784 8779 8785
f 8780 8781 8786
f 8780 8786 8785
f 8787 8783 8563
f 8787 8563 8566
f 8566 8568 8787
f 8787 8568 8788
f 8789 8571 8784
f 8784 8571 8565
f 8790 8784 8785
f 8789 8784 8790
f 8785 8786 8791
f 8785 8791 8790
f 8573 8792 8572
f 8792 8793 8572
f 8793 8568 8572
f 8793 8788 8568
f 8794 8575 8576
f 8571 8789 8576
f 8789 8794 8576
f 8789 8795 8794
f 8796 8789 8790
f 8795 8789 8796
f 8790 8791 8797
f 8798 8790 8797
f 8796 8790 8798
f 8799 8798 8797
f 8801 8800 8792
f 8573 8801 8792
f 8578 8801 8573
f 8792 8800 8793
f 8802 8579 8580
f 8575 8794 8580
f 8794 8802 8580
f 8794 8803 8802
f 8804 8794 8795
f 8803 8794 8804
f 8796 8806 8805
f 8804 8796 8805
f 8795 8796 8804
f 8806 8796 8798
f 8806 8798 8807
f 8807 8798 8799
f 8582 8809 8808
f 8801 8582 8808
f 8578 8582 8801
f 8809 8810 8808
f 8811 8583 8802
f 8802 8583 8579
f 8803 8813 8812
f 8811 8803 8812
f 8802 8803 8811
f 8813 8803 8804
f 8813 8804 8814
f 8814 8804 8805
f 8585 8815 8809
f 8585 8809 8582
f 8810 8809 8816
f 8816 8809 8815
f 8817 8587 8811
f 8811 8587 8583
f 8811 8812 8818
f 8819 8811 8818
f 8817 8811 8819
f 8820 8819 8818
f 8591 8815 8585
f 8822 8821 8593
f 8593 8821 8591
f 8821 8816 8591
f 8816 8815 8591
f 8822 8823 8821
f 8824 8595 8817
f 8817 8595 8587
f 8825 8817 8819
f 8824 8817 8825
f 8819 8820 8826
f 8827 8819 8826
f 8825 8819 8827
f 8828 8827 8826
f 8603 8829 8822
f 8603 8822 8593
f 8823 8822 8830
f 8830 8822 8829
f 8824 8605 8595
f 8605 8824 8607
f 8607 8824 8825
f 8607 8825 8608
f 8825 8831 8608
f 8825 8827 8831
f 8827 8828 8832
f 8833 8827 8832
f 8831 8827 8833
f 8834 8833 8832
f 8614 8829 8603
f 8614 8615 8829
f 8615 8830 8829
f 8615 8835 8830
f 8831 8617 8608
f 8617 8831 8619
f 8831 8836 8619
f 8831 8833 8836
f 8833 8834 8837
f 8838 8833 8837
f 8836 8833 8838
f 8839 8838 8837
f 8842 8841 8840
f 8841 8835 8840
f 8835 8621 8840
f 8835 8615 8621
f 8836 8623 8619
f 8623 8836 8625
f 8836 8843 8625
f 8836 8838 8843
f 8838 8839 8844
f 8838 8844 8843
f 8842 8840 8845
f 8842 8845 8846
f 8627 8845 8621
f 8621 8845 8840
f 8847 8629 8630
f 8625 8843 8630
f 8843 8847 8630
f 8843 8848 8847
f 8843 8844 8849
f 8843 8849 8848
f 8852 8851 8850
f 8850 8851 8846
f 8850 8846 8845
f 8633 8850 8845
f 8632 8633 8845
f 8632 8845 8627
f 8847 8635 8629
f 8847 8848 8853
f 8637 8847 8853
f 8854 8637 8853
f 8847 8637 8635
f 8853 8848 8849
f 8856 8855 8639
f 8856 8639 8640
f 8850 8641 8852
f 8641 8855 8852
f 8641 8639 8855
f 8641 8850 8633
f 8857 8643 8642
f 8858 8857 8642
f 8637 8858 8642
f 8854 8858 8637
f 8861 8860 8859
f 8860 8856 8859
f 8856 8644 8859
f 8856 8640 8644
f 8862 8645 8857
f 8857 8645 8643
f 8857 8858 8863
f 8857 8863 8862
f 8866 8865 8864
f 8647 8648 8864
f 8865 8647 8864
f 8867 8647 8865
f 8859 8649 8861
f 8649 8867 8861
f 8649 8647 8867
f 8649 8859 8644
f 8862 8650 8645
f 8863 8868 8862
f 8868 8650 8862
f 8868 8652 8650
f 8870 8869 8653
f 8652 8870 8653
f 8868 8870 8652
f 8871 8869 8870
f 8874 8873 8872
f 8872 8873 8866
f 8872 8866 8864
f 8657 8872 8864
f 8656 8657 8864
f 8656 8864 8648
f 8869 8658 8653
f 8871 8875 8869
f 8875 8658 8869
f 8875 8660 8658
f 8877 8876 8661
f 8660 8877 8661
f 8875 8877 8660
f 8878 8876 8877
f 8881 8880 8879
f 8669 8670 8879
f 8880 8669 8879
f 8882 8669 8880
f 8669 8883 8673
f 8882 8883 8669
f 8872 8674 8874
f 8674 8883 8874
f 8674 8673 8883
f 8674 8872 8657
f 8876 8675 8661
f 8878 8884 8876
f 8884 8675 8876
f 8884 8677 8675
f 8886 8885 8678
f 8677 8886 8678
f 8884 8886 8677
f 8887 8885 8886
f 8889 8888 8684
f 8889 8684 8683
f 8684 8890 8685
f 8888 8890 8684
f 8879 8686 8881
f 8686 8890 8881
f 8686 8685 8890
f 8686 8879 8670
f 8885 8688 8678
f 8892 8891 8689
f 8892 8689 8688
f 8887 8892 8688
f 8885 8887 8688
f 8894 8893 8891
f 8894 8891 8892
f 8895 8893 8894
f 8897 8896 8694
f 8897 8694 8693
f 8683 8694 8889
f 8889 8694 8896
f 8891 8695 8689
f 8695 8891 8696
f 8696 8891 8893
f 8899 8898 8697
f 8899 8697 8696
f 8895 8899 8696
f 8893 8895 8696
f 8901 8900 8898
f 8901 8898 8899
f 8902 8900 8901
f 8701 8897 8693
f 8701 8903 8897
f 8898 8702 8697
f 8702 8898 8703
f 8703 8898 8900
f 8902 8904 8900
f 8904 8703 8900
f 8904 8704 8703
f 8704 8905 8705
f 8904 8905 8704
f 8907 8906 8707
f 8705 8907 8707
f 8905 8907 8705
f 8908 8906 8907
f 8710 8903 8701
f 8710 8909 8903
f 8906 8711 8707
f 8908 8910 8906
f 8910 8711 8906
f 8910 8712 8711
f 8712 8911 8713
f 8910 8911 8712
f 8710 8713 8909
f 8909 8713 8911
f 8912 8720 8721
f 8722 8913 8721
f 8721 8913 8912
f 8913 8722 8914
f 8722 8915 8914
f 8722 8723 8915
f 8916 8723 8724
f 8916 8915 8723
f 8918 8916 8917
f 8916 8725 8917
f 8916 8724 8725
f 8726 8919 8725
f 8725 8919 8917
f 8727 8920 8726
f 8726 8920 8919
f 8729 8920 8727
f 8921 8734 8735
f 8736 8922 8735
f 8735 8922 8921
f 8923 8922 8736
f 8923 8736 8720
f 8924 8923 8720
f 8912 8924 8720
f 8924 8912 8913
f 8924 8913 8925
f 8925 8913 8914
f 8926 8918 8917
f 8926 8917 8919
f 8926 8919 8927
f 8927 8919 8920
f 8927 8920 8928
f 8930 8928 8929
f 8929 8928 8737
f 8928 8920 8737
f 8920 8729 8737
f 8738 8931 8737
f 8737 8931 8929
f 8739 8931 8738
f 8932 8744 8745
f 8746 8933 8745
f 8745 8933 8932
f 8734 8921 8746
f 8921 8933 8746
f 8921 8934 8933
f 8922 8936 8935
f 8934 8922 8935
f 8921 8922 8934
f 8936 8922 8923
f 8937 8930 8929
f 8937 8929 8931
f 8937 8931 8938
f 8940 8938 8939
f 8939 8938 8747
f 8938 8931 8747
f 8931 8739 8747
f 8748 8941 8747
f 8747 8941 8939
f 8749 8941 8748
f 8942 8754 8755
f 8756 8943 8755
f 8755 8943 8942
f 8744 8932 8756
f 8932 8943 8756
f 8932 8944 8943
f 8933 8946 8945
f 8944 8933 8945
f 8932 8933 8944
f 8946 8933 8934
f 8946 8934 8947
f 8947 8934 8935
f 8948 8940 8939
f 8950 8949 8948
f 8939 8950 8948
f 8941 8950 8939
f 8757 8951 8749
f 8951 8941 8749
f 8951 8950 8941
f 8758 8952 8757
f 8757 8952 8951
f 8760 8952 8758
f 8953 8762 8763
f 8764 8954 8763
f 8763 8954 8953
f 8754 8942 8764
f 8942 8954 8764
f 8942 8955 8954
f 8956 8942 8943
f 8955 8942 8956
f 8957 8943 8944
f 8956 8943 8957
f 8944 8945 8958
f 8944 8958 8957
f 8959 8949 8950
f 8961 8960 8959
f 8950 8961 8959
f 8951 8961 8950
f 8962 8951 8952
f 8961 8951 8962
f 8765 8963 8760
f 8963 8952 8760
f 8963 8962 8952
f 8767 8963 8765
f 8964 8769 8770
f 8762 8953 8770
f 8953 8964 8770
f 8953 8965 8964
f 8966 8953 8954
f 8965 8953 8966
f 8967 8954 8955
f 8966 8954 8967
f 8956 8969 8968
f 8967 8956 8968
f 8955 8956 8967
f 8969 8956 8957
f 8969 8957 8970
f 8970 8957 8958
f 8971 8960 8961
f 8971 8961 8962
f 8971 8962 8972
f 8974 8973 8972
f 8962 8974 8972
f 8963 8974 8962
f 8771 8975 8767
f 8975 8963 8767
f 8975 8974 8963
f 8773 8975 8771
f 8976 8776 8964
f 8964 8776 8769
f 8977 8964 8965
f 8976 8964 8977
f 8978 8965 8966
f 8977 8965 8978
f 8967 8980 8979
f 8978 8967 8979
f 8966 8967 8978
f 8980 8967 8968
f 8981 8973 8974
f 8983 8982 8981
f 8974 8983 8981
f 8975 8983 8974
f 8777 8984 8773
f 8984 8975 8773
f 8984 8983 8975
f 8778 8984 8777
f 8985 8781 8782
f 8776 8976 8782
f 8976 8985 8782
f 8976 8986 8985
f 8987 8976 8977
f 8986 8976 8987
f 8978 8989 8988
f 8987 8978 8988
f 8977 8978 8987
f 8989 8978 8979
f 8990 8982 8983
f 8990 8983 8984
f 8990 8984 8991
f 8984 8778 8991
f 8778 8992 8991
f 8778 8783 8992
f 8993 8786 8985
f 8985 8786 8781
f 8994 8985 8986
f 8993 8985 8994
f 8987 8996 8995
f 8994 8987 8995
f 8986 8987 8994
f 8996 8987 8988
f 8783 8787 8997
f 8998 8783 8997
f 8992 8783 8998
f 8788 8997 8787
f 8999 8791 8993
f 8993 8791 8786
f 9000 8993 8994
f 8999 8993 9000
f 8994 8995 9001
f 8994 9001 9000
f 8998 8997 9002
f 8998 9002 9003
f 8793 9002 8788
f 8788 9002 8997
f 8999 8797 8791
f 8797 8999 8799
f 8999 9004 8799
f 8999 9000 9004
f 9000 9001 9005
f 9000 9005 9004
f 9003 9002 8800
f 8801 9003 8800
f 9006 9003 8801
f 8800 9002 8793
f 9007 8805 8806
f 8807 9008 8806
f 8806 9008 9007
f 9009 9008 8807
f 9009 8807 8799
f 9010 9009 8799
f 9004 9010 8799
f 9010 9004 9005
f 9011 9006 8801
f 9011 8801 8808
f 8808 8810 9011
f 9011 8810 9012
f 9013 8812 8813
f 8814 9014 8813
f 8813 9014 9013
f 8805 9007 8814
f 9007 9014 8814
f 9007 9015 9014
f 9016 9007 9008
f 9015 9007 9016
f 9008 9009 9017
f 9008 9017 9016
f 8816 9012 8810
f 8816 9018 9012
f 9013 8818 8812
f 8818 9013 8820
f 9013 9019 8820
f 9013 9014 9019
f 9020 9014 9015
f 9019 9014 9020
f 9016 9022 9021
f 9020 9016 9021
f 9015 9016 9020
f 9022 9016 9017
f 8816 8821 9023
f 9024 8816 9023
f 9018 8816 9024
f 8823 9023 8821
f 9019 8826 8820
f 8826 9019 8828
f 9019 9025 8828
f 9019 9020 9025
f 9020 9021 9026
f 9027 9020 9026
f 9025 9020 9027
f 9028 9027 9026
f 9024 9023 9029
f 9024 9029 9030
f 8830 9029 8823
f 8823 9029 9023
f 9025 8832 8828
f 8832 9025 8834
f 9025 9031 8834
f 9025 9027 9031
f 9027 9028 9032
f 9033 9027 9032
f 9031 9027 9033
f 9034 9033 9032
f 9030 9029 9035
f 9030 9035 9036
f 8835 9035 8830
f 8830 9035 9029
f 9031 8837 8834
f 8837 9031 8839
f 9031 9037 8839
f 9031 9033 9037
f 9033 9034 9038
f 9033 9038 9037
f 9036 9035 8841
f 8842 9036 8841
f 9039 9036 8842
f 8841 9035 8835
f 9040 8844 9037
f 9037 8844 8839
f 9037 9038 9041
f 9037 9041 9040
f 9044 9043 9042
f 9043 9039 9042
f 9039 8846 9042
f 9039 8842 8846
f 9045 8849 9040
f 9040 8849 8844
f 9040 9041 9046
f 9047 9040 9046
f 9045 9040 9047
f 9048 9047 9046
f 9051 9050 9049
f 9049 9050 9044
f 9049 9044 9042
f 8852 9049 9042
f 8851 8852 9042
f 8851 9042 8846
f 9052 8854 8853
f 8849 9045 8853
f 9045 9052 8853
f 9045 9053 9052
f 9054 9045 9047
f 9053 9045 9054
f 9047 9048 9055
f 9047 9055 9054
f 9058 9057 9056
f 9056 9057 9051
f 9056 9051 9049
f 8856 9056 9049
f 8855 8856 9049
f 8855 9049 8852
f 9059 8858 9052
f 9052 8858 8854
f 9060 9052 9053
f 9059 9052 9060
f 9061 9053 9054
f 9060 9053 9061
f 9054 9055 9062
f 9054 9062 9061
f 9065 9064 9063
f 9063 9064 9058
f 9063 9058 9056
f 8861 9063 9056
f 8860 8861 9056
f 8860 9056 8856
f 9066 8863 9059
f 9059 8863 8858
f 9067 9059 9060
f 9066 9059 9067
f 9068 9060 9061
f 9067 9060 9068
f 9061 9062 9069
f 9070 9061 9069
f 9068 9061 9070
f 9072 9071 9070
f 9072 9070 9069
f 9074 9073 9071
f 9074 9071 9072
f 9075 9073 9074
f 9078 9077 9076
f 8865 8866 9076
f 9077 8865 9076
f 9079 8865 9077
f 9063 8867 9065
f 8867 9079 9065
f 8867 8865 9079
f 8867 9063 8861
f 9066 8868 8863
f 8868 9066 8870
f 8870 9066 9067
f 8870 9067 8871
f 9067 9080 8871
f 9067 9068 9080
f 9081 9068 9070
f 9080 9068 9081
f 9082 9070 9071
f 9081 9070 9082
f 9083 9071 9073
f 9082 9071 9083
f 9073 9075 9084
f 9085 9073 9084
f 9083 9073 9085
f 9086 9085 9084
f 9089 9088 9087
f 9091 9090 9087
f 9091 9087 9088
f 9090 9091 9078
f 9090 9078 9076
f 8874 9090 9076
f 8873 8874 9076
f 8873 9076 8866
f 9080 8875 8871
f 8875 9080 8877
f 8877 9080 9081
f 8877 9081 8878
f 9081 9092 8878
f 9081 9082 9092
f 9093 9082 9083
f 9092 9082 9093
f 9094 9083 9085
f 9093 9083 9094
f 9085 9086 9095
f 9096 9085 9095
f 9094 9085 9096
f 9097 9096 9095
f 9100 9099 9098
f 8880 8881 9098
f 9099 8880 9098
f 9101 8880 9099
f 9087 8882 9089
f 8882 9101 9089
f 8882 8880 9101
f 8882 9087 8883
f 8883 9087 9090
f 8883 9090 8874
f 9092 8884 8878
f 8884 9092 8886
f 8886 9092 9093
f 8886 9093 8887
f 9093 9102 8887
f 9093 9094 9102
f 9103 9094 9096
f 9102 9094 9103
f 9096 9097 9104
f 9105 9096 9104
f 9103 9096 9105
f 9106 9105 9104
f 9109 9108 9107
f 8888 8889 9107
f 9108 8888 9107
f 9110 8888 9108
f 9098 8890 9100
f 8890 9110 9100
f 8890 8888 9110
f 8890 9098 8881
f 9102 8892 8887
f 8892 9102 8894
f 8894 9102 9103
f 8894 9103 8895
f 9103 9111 8895
f 9103 9105 9111
f 9105 9106 9112
f 9113 9105 9112
f 9111 9105 9113
f 9114 9113 9112
f 9109 9107 8896
f 8897 9109 8896
f 9115 9109 8897
f 8896 9107 8889
f 9111 8899 8895
f 8899 9111 8901
f 8901 9111 9113
f 9117 9116 8902
f 9117 8902 8901
f 9114 9117 8901
f 9113 9114 8901
f 9119 9118 9116
f 9119 9116 9117
f 9121 9120 9118
f 9121 9118 9119
f 9123 9122 9120
f 9123 9120 9121
f 9125 9124 9122
f 9125 9122 9123
f 9125 9115 9124
f 9115 8903 9124
f 9115 8897 8903
f 9116 8904 8902
f 8904 9116 8905
f 8905 9116 9118
f 8905 9118 8907
f 8907 9118 9120
f 8907 9120 8908
f 9120 9126 8908
f 9120 9122 9126
f 9127 9122 9124
f 9126 9122 9127
f 8909 9127 8903
f 8903 9127 9124
f 9126 8910 8908
f 8910 9126 8911
f 8911 9126 9127
f 8911 9127 8909
f 9128 8914 8915
f 8916 9129 8915
f 8915 9129 9128
f 8918 9129 8916
f 9130 8923 8924
f 8925 9131 8924
f 8924 9131 9130
f 9132 9131 8925
f 9132 8925 8914
f 9133 9132 8914
f 9128 9133 8914
f 9133 9128 9129
f 9133 9129 9134
f 9134 9129 8918
f 8926 9134 8918
f 9135 9134 8926
f 9137 9135 9136
f 9135 8927 9136
f 9135 8926 8927
f 8928 9138 8927
f 8927 9138 9136
f 8930 9138 8928
f 9139 8935 8936
f 9140 9139 8936
f 9140 8936 8923
f 9141 9140 8923
f 9130 9141 8923
f 9141 9130 9131
f 9141 9131 9142
f 9142 9131 9132
f 9143 9137 9136
f 9143 9136 9138
f 9143 9138 9144
f 9146 9144 9145
f 9145 9144 8937
f 9144 9138 8937
f 9138 8930 8937
f 8938 9147 8937
f 8937 9147 9145
f 8940 9147 8938
f 9148 8945 8946
f 9148 8946 9149
f 8946 9150 9149
f 8946 8947 9150
f 8947 8935 9139
f 9151 8947 9139
f 9150 8947 9151
f 9151 9139 9140
f 9152 9146 9145
f 9154 9153 9152
f 9145 9154 9152
f 9147 9154 9145
f 8948 9155 8940
f 9155 9147 8940
f 9155 9154 9147
f 8949 9155 8948
f 9157 9156 9148
f 9156 8945 9148
f 9156 8958 8945
f 9157 9148 9149
f 9158 9153 9154
f 9160 9159 9158
f 9154 9160 9158
f 9155 9160 9154
f 8959 9161 8949
f 9161 9155 8949
f 9161 9160 9155
f 8960 9161 8959
f 9162 8968 8969
f 9162 8969 9163
f 8969 9164 9163
f 8969 8970 9164
f 8970 8958 9156
f 8970 9156 9164
f 9165 9159 9160
f 9167 9166 9165
f 9160 9167 9165
f 9161 9167 9160
f 8971 9168 8960
f 9168 9161 8960
f 9168 9167 9161
f 8972 9169 8971
f 8971 9169 9168
f 8973 9169 8972
f 9170 8979 8980
f 9171 9170 8980
f 9171 8980 8968
f 9172 9171 8968
f 9162 9172 8968
f 9172 9162 9163
f 9173 9166 9167
f 9173 9167 9168
f 9173 9168 9174
f 9176 9175 9174
f 9168 9176 9174
f 9169 9176 9168
f 8981 9177 8973
f 9177 9169 8973
f 9177 9176 9169
f 8982 9177 8981
f 9179 9178 8989
f 8989 9178 8988
f 8989 8979 9170
f 9180 8989 9170
f 9179 8989 9180
f 9180 9170 9171
f 9181 9175 9176
f 9183 9182 9181
f 9176 9183 9181
f 9177 9183 9176
f 8990 9184 8982
f 9184 9177 8982
f 9184 9183 9177
f 8991 9185 8990
f 8990 9185 9184
f 8992 9185 8991
f 9186 8995 8996
f 9187 9186 8996
f 8988 9187 8996
f 9178 9187 8988
f 9188 9182 9183
f 9190 9189 9188
f 9183 9190 9188
f 9184 9190 9183
f 9191 9184 9185
f 9190 9184 9191
f 8998 9191 8992
f 8992 9191 9185
f 9192 9001 9186
f 9186 9001 8995
f 9186 9187 9193
f 9186 9193 9192
f 9194 9189 9190
f 9196 9195 9194
f 9190 9196 9194
f 9191 9196 9190
f 9003 9196 8998
f 8998 9196 9191
f 9197 9005 9192
f 9192 9005 9001
f 9192 9193 9198
f 9192 9198 9197
f 9199 9195 9196
f 9196 9003 9199
f 9003 9200 9199
f 9003 9006 9200
f 9201 9009 9010
f 9005 9197 9010
f 9197 9201 9010
f 9197 9202 9201
f 9197 9198 9203
f 9197 9203 9202
f 9006 9011 9204
f 9205 9006 9204
f 9200 9006 9205
f 9012 9204 9011
f 9206 9017 9201
f 9201 9017 9009
f 9207 9201 9202
f 9206 9201 9207
f 9202 9203 9208
f 9202 9208 9207
f 9205 9204 9209
f 9205 9209 9210
f 9018 9209 9012
f 9012 9209 9204
f 9211 9021 9022
f 9017 9206 9022
f 9206 9211 9022
f 9206 9212 9211
f 9213 9206 9207
f 9212 9206 9213
f 9207 9208 9214
f 9215 9207 9214
f 9213 9207 9215
f 9216 9215 9214
f 9210 9209 9217
f 9210 9217 9218
f 9024 9217 9018
f 9018 9217 9209
f 9211 9026 9021
f 9026 9211 9028
f 9211 9219 9028
f 9211 9212 9219
f 9220 9212 9213
f 9219 9212 9220
f 9221 9213 9215
f 9220 9213 9221
f 9215 9216 9222
f 9215 9222 9221
f 9218 9217 9223
f 9218 9223 9224
f 9030 9223 9024
f 9024 9223 9217
f 9219 9032 9028
f 9032 9219 9034
f 9219 9225 9034
f 9219 9220 9225
f 9226 9220 9221
f 9225 9220 9226
f 9221 9222 9227
f 9221 9227 9226
f 9224 9223 9228
f 9224 9228 9229
f 9036 9228 9030
f 9030 9228 9223
f 9230 9038 9225
f 9225 9038 9034
f 9231 9225 9226
f 9230 9225 9231
f 9226 9227 9232
f 9226 9232 9231
f 9229 9228 9233
f 9229 9233 9234
f 9039 9233 9036
f 9036 9233 9228
f 9235 9041 9230
f 9230 9041 9038
f 9236 9230 9231
f 9235 9230 9236
f 9231 9232 9237
f 9238 9231 9237
f 9236 9231 9238
f 9239 9238 9237
f 9242 9241 9240
f 9240 9241 9234
f 9240 9234 9233
f 9044 9240 9233
f 9043 9044 9233
f 9043 9233 9039
f 9235 9046 9041
f 9046 9235 9048
f 9235 9243 9048
f 9235 9236 9243
f 9244 9236 9238
f 9243 9236 9244
f 9238 9239 9245
f 9246 9238 9245
f 9244 9238 9246
f 9247 9246 9245
f 9250 9249 9248
f 9248 9249 9242
f 9248 9242 9240
f 9051 9248 9240
f 9050 9051 9240
f 9050 9240 9044
f 9251 9055 9243
f 9243 9055 9048
f 9252 9243 9244
f 9251 9243 9252
f 9253 9244 9246
f 9252 9244 9253
f 9246 9247 9254
f 9255 9246 9254
f 9253 9246 9255
f 9257 9256 9255
f 9257 9255 9254
f 9259 9258 9256
f 9259 9256 9257
f 9261 9260 9258
f 9261 9258 9259
f 9263 9262 9260
f 9263 9260 9261
f 9265 9264 9262
f 9265 9262 9263
f 9266 9264 9265
f 9269 9268 9267
f 9267 9268 9250
f 9267 9250 9248
f 9058 9267 9248
f 9057 9058 9248
f 9057 9248 9051
f 9270 9062 9251
f 9251 9062 9055
f 9271 9251 9252
f 9270 9251 9271
f 9272 9252 9253
f 9271 9252 9272
f 9273 9253 9255
f 9272 9253 9273
f 9274 9255 9256
f 9273 9255 9274
f 9275 9256 9258
f 9274 9256 9275
f 9276 9258 9260
f 9275 9258 9276
f 9277 9260 9262
f 9276 9260 9277
f 9278 9262 9264
f 9277 9262 9278
f 9264 9266 9279
f 9280 9264 9279
f 9278 9264 9280
f 9281 9280 9279
f 9284 9283 9282
f 9282 9283 9269
f 9282 9269 9267
f 9065 9282 9267
f 9064 9065 9267
f 9064 9267 9058
f 9270 9069 9062
f 9069 9270 9072
f 9072 9270 9271
f 9072 9271 9074
f 9074 9271 9272
f 9074 9272 9075
f 9272 9285 9075
f 9272 9273 9285
f 9286 9273 9274
f 9285 9273 9286
f 9287 9274 9275
f 9286 9274 9287
f 9288 9275 9276
f 9287 9275 9288
f 9289 9276 9277
f 9288 9276 9289
f 9290 9277 9278
f 9289 9277 9290
f 9291 9278 9280
f 9290 9278 9291
f 9280 9281 9292
f 9280 9292 9291
f 9294 9293 9077
f 9294 9077 9078
f 9282 9079 9284
f 9079 9293 9284
f 9079 9077 9293
f 9079 9282 9065
f 9285 9084 9075
f 9084 9285 9086
f 9285 9295 9086
f 9285 9286 9295
f 9296 9286 9287
f 9295 9286 9296
f 9297 9287 9288
f 9296 9287 9297
f 9298 9288 9289
f 9297 9288 9298
f 9299 9289 9290
f 9298 9289 9299
f 9300 9290 9291
f 9299 9290 9300
f 9291 9292 9301
f 9302 9291 9301
f 9300 9291 9302
f 9304 9303 9302
f 9304 9302 9301
f 9306 9305 9303
f 9306 9303 9304
f 9307 9305 9306
f 9310 9309 9308
f 9088 9089 9308
f 9309 9088 9308
f 9311 9088 9309
f 9088 9312 9091
f 9311 9312 9088
f 9078 9091 9294
f 9294 9091 9312
f 9295 9095 9086
f 9095 9295 9097
f 9295 9313 9097
f 9295 9296 9313
f 9314 9296 9297
f 9313 9296 9314
f 9315 9297 9298
f 9314 9297 9315
f 9316 9298 9299
f 9315 9298 9316
f 9317 9299 9300
f 9316 9299 9317
f 9318 9300 9302
f 9317 9300 9318
f 9319 9302 9303
f 9318 9302 9319
f 9320 9303 9305
f 9319 9303 9320
f 9305 9307 9321
f 9322 9305 9321
f 9320 9305 9322
f 9099 9100 9322
f 9321 9099 9322
f 9323 9099 9321
f 9308 9101 9310
f 9101 9323 9310
f 9101 9099 9323
f 9101 9308 9089
f 9313 9104 9097
f 9104 9313 9106
f 9313 9324 9106
f 9313 9314 9324
f 9325 9314 9315
f 9324 9314 9325
f 9326 9315 9316
f 9325 9315 9326
f 9327 9316 9317
f 9326 9316 9327
f 9328 9317 9318
f 9327 9317 9328
f 9329 9318 9319
f 9328 9318 9329
f 9109 9329 9108
f 9329 9320 9108
f 9329 9319 9320
f 9108 9320 9110
f 9110 9320 9322
f 9110 9322 9100
f 9324 9112 9106
f 9112 9324 9114
f 9324 9330 9114
f 9324 9325 9330
f 9331 9325 9326
f 9330 9325 9331
f 9332 9326 9327
f 9331 9326 9332
f 9333 9327 9328
f 9332 9327 9333
f 9334 9328 9329
f 9333 9328 9334
f 9115 9334 9109
f 9109 9334 9329
f 9330 9117 9114
f 9117 9330 9119
f 9119 9330 9331
f 9119 9331 9121
f 9121 9331 9332
f 9121 9332 9123
f 9123 9332 9333
f 9123 9333 9125
f 9125 9333 9334
f 9125 9334 9115
f 9335 9132 9133
f 9134 9336 9133
f 9133 9336 9335
f 9135 9337 9134
f 9134 9337 9336
f 9137 9337 9135
f 9338 9140 9141
f 9338 9141 9339
f 9141 9340 9339
f 9141 9142 9340
f 9142 9132 9335
f 9341 9142 9335
f 9340 9142 9341
f 9341 9335 9336
f 9341 9336 9342
f 9342 9336 9337
f 9342 9337 9343
f 9345 9343 9344
f 9344 9343 9143
f 9343 9337 9143
f 9337 9137 9143
f 9144 9346 9143
f 9143 9346 9344
f 9146 9346 9144
f 9347 9149 9150
f 9347 9150 9348
f 9150 9349 9348
f 9150 9151 9349
f 9151 9140 9338
f 9350 9151 9338
f 9349 9151 9350
f 9350 9338 9339
f 9351 9345 9344
f 9353 9352 9351
f 9344 9353 9351
f 9346 9353 9344
f 9152 9354 9146
f 9354 9346 9146
f 9354 9353 9346
f 9153 9354 9152
f 9355 9156 9157
f 9356 9355 9157
f 9356 9157 9149
f 9357 9356 9149
f 9347 9357 9149
f 9357 9347 9348
f 9358 9352 9353
f 9360 9359 9358
f 9353 9360 9358
f 9354 9360 9353
f 9158 9361 9153
f 9361 9354 9153
f 9361 9360 9354
f 9159 9361 9158
f 9362 9163 9164
f 9363 9362 9164
f 9363 9164 9156
f 9364 9363 9156
f 9355 9364 9156
f 9364 9355 9356
f 9365 9359 9360
f 9367 9366 9365
f 9360 9367 9365
f 9361 9367 9360
f 9165 9368 9159
f 9368 9361 9159
f 9368 9367 9361
f 9166 9368 9165
f 9369 9171 9172
f 9370 9369 9172
f 9370 9172 9163
f 9371 9370 9163
f 9362 9371 9163
f 9371 9362 9363
f 9372 9366 9367
f 9374 9373 9372
f 9367 9374 9372
f 9368 9374 9367
f 9173 9375 9166
f 9375 9368 9166
f 9375 9374 9368
f 9174 9376 9173
f 9173 9376 9375
f 9175 9376 9174
f 9377 9178 9179
f 9180 9378 9179
f 9179 9378 9377
f 9379 9378 9180
f 9379 9180 9171
f 9380 9379 9171
f 9369 9380 9171
f 9380 9369 9370
f 9381 9373 9374
f 9381 9374 9375
f 9381 9375 9382
f 9384 9383 9382
f 9375 9384 9382
f 9376 9384 9375
f 9181 9385 9175
f 9385 9376 9175
f 9385 9384 9376
f 9182 9385 9181
f 9386 9187 9377
f 9377 9187 9178
f 9378 9388 9387
f 9386 9378 9387
f 9377 9378 9386
f 9388 9378 9379
f 9391 9390 9389
f 9393 9392 9389
f 9393 9389 9390
f 9394 9392 9393
f 9395 9383 9384
f 9397 9396 9395
f 9384 9397 9395
f 9385 9397 9384
f 9188 9398 9182
f 9398 9385 9182
f 9398 9397 9385
f 9189 9398 9188
f 9399 9193 9386
f 9386 9193 9187
f 9386 9387 9400
f 9401 9386 9400
f 9399 9386 9401
f 9402 9401 9400
f 9405 9404 9403
f 9407 9406 9403
f 9407 9403 9404
f 9406 9407 9391
f 9389 9406 9391
f 9408 9406 9389
f 9409 9389 9392
f 9408 9389 9409
f 9392 9394 9410
f 9411 9392 9410
f 9409 9392 9411
f 9412 9411 9410
f 9413 9396 9397
f 9415 9414 9413
f 9397 9415 9413
f 9398 9415 9397
f 9194 9416 9189
f 9416 9398 9189
f 9416 9415 9398
f 9195 9416 9194
f 9417 9198 9399
f 9399 9198 9193
f 9418 9399 9401
f 9417 9399 9418
f 9401 9402 9419
f 9401 9419 9418
f 9405 9403 9420
f 9405 9420 9421
f 9422 9403 9406
f 9420 9403 9422
f 9423 9406 9408
f 9422 9406 9423
f 9424 9408 9409
f 9423 9408 9424
f 9425 9409 9411
f 9424 9409 9425
f 9411 9412 9426
f 9427 9411 9426
f 9425 9411 9427
f 9428 9427 9426
f 9429 9414 9415
f 9431 9430 9429
f 9415 9431 9429
f 9416 9431 9415
f 9199 9432 9195
f 9432 9416 9195
f 9432 9431 9416
f 9200 9432 9199
f 9433 9203 9417
f 9417 9203 9198
f 9434 9417 9418
f 9433 9417 9434
f 9418 9419 9435
f 9436 9418 9435
f 9434 9418 9436
f 9437 9436 9435
f 9421 9420 9438
f 9421 9438 9439
f 9440 9420 9422
f 9438 9420 9440
f 9441 9422 9423
f 9440 9422 9441
f 9442 9423 9424
f 9441 9423 9442
f 9443 9424 9425
f 9442 9424 9443
f 9444 9425 9427
f 9443 9425 9444
f 9427 9428 9445
f 9446 9427 9445
f 9444 9427 9446
f 9447 9446 9445
f 9448 9430 9431
f 9450 9449 9448
f 9431 9450 9448
f 9432 9450 9431
f 9205 9450 9200
f 9200 9450 9432
f 9451 9208 9433
f 9433 9208 9203
f 9452 9433 9434
f 9451 9433 9452
f 9453 9434 9436
f 9452 9434 9453
f 9436 9437 9454
f 9455 9436 9454
f 9453 9436 9455
f 9456 9455 9454
f 9439 9438 9457
f 9439 9457 9458
f 9459 9438 9440
f 9457 9438 9459
f 9460 9440 9441
f 9459 9440 9460
f 9461 9441 9442
f 9460 9441 9461
f 9462 9442 9443
f 9461 9442 9462
f 9463 9443 9444
f 9462 9443 9463
f 9464 9444 9446
f 9463 9444 9464
f 9446 9447 9465
f 9446 9465 9464
f 9449 9450 9466
f 9449 9466 9467
f 9210 9466 9205
f 9205 9466 9450
f 9451 9214 9208
f 9214 9451 9216
f 9451 9468 9216
f 9451 9452 9468
f 9469 9452 9453
f 9468 9452 9469
f 9470 9453 9455
f 9469 9453 9470
f 9455 9456 9471
f 9472 9455 9471
f 9470 9455 9472
f 9473 9472 9471
f 9476 9475 9474
f 9478 9477 9474
f 9478 9474 9475
f 9477 9478 9458
f 9457 9477 9458
f 9479 9477 9457
f 9480 9457 9459
f 9479 9457 9480
f 9481 9459 9460
f 9480 9459 9481
f 9482 9460 9461
f 9481 9460 9482
f 9483 9461 9462
f 9482 9461 9483
f 9484 9462 9463
f 9483 9462 9484
f 9485 9463 9464
f 9484 9463 9485
f 9464 9465 9486
f 9464 9486 9485
f 9487 9467 9466
f 9466 9210 9487
f 9210 9488 9487
f 9210 9218 9488
f 9489 9222 9468
f 9468 9222 9216
f 9490 9468 9469
f 9489 9468 9490
f 9491 9469 9470
f 9490 9469 9491
f 9492 9470 9472
f 9491 9470 9492
f 9472 9473 9493
f 9494 9472 9493
f 9492 9472 9494
f 9494 9493 9476
f 9474 9494 9476
f 9495 9494 9474
f 9496 9474 9477
f 9495 9474 9496
f 9497 9477 9479
f 9496 9477 9497
f 9498 9479 9480
f 9497 9479 9498
f 9499 9480 9481
f 9498 9480 9499
f 9500 9481 9482
f 9499 9481 9500
f 9501 9482 9483
f 9500 9482 9501
f 9502 9483 9484
f 9501 9483 9502
f 9503 9484 9485
f 9502 9484 9503
f 9485 9486 9504
f 9505 9485 9504
f 9503 9485 9505
f 9506 9505 9504
f 9224 9488 9218
f 9224 9507 9488
f 9508 9227 9489
f 9489 9227 9222
f 9509 9489 9490
f 9508 9489 9509
f 9510 9490 9491
f 9509 9490 9510
f 9511 9491 9492
f 9510 9491 9511
f 9512 9492 9494
f 9511 9492 9512
f 9513 9494 9495
f 9512 9494 9513
f 9514 9495 9496
f 9513 9495 9514
f 9515 9496 9497
f 9514 9496 9515
f 9516 9497 9498
f 9515 9497 9516
f 9517 9498 9499
f 9516 9498 9517
f 9518 9499 9500
f 9517 9499 9518
f 9519 9500 9501
f 9518 9500 9519
f 9520 9501 9502
f 9519 9501 9520
f 9521 9502 9503
f 9520 9502 9521
f 9522 9503 9505
f 9521 9503 9522
f 9505 9506 9523
f 9505 9523 9522
f 9229 9507 9224
f 9229 9524 9507
f 9525 9232 9508
f 9508 9232 9227
f 9526 9508 9509
f 9525 9508 9526
f 9527 9509 9510
f 9526 9509 9527
f 9528 9510 9511
f 9527 9510 9528
f 9529 9511 9512
f 9528 9511 9529
f 9530 9512 9513
f 9529 9512 9530
f 9531 9513 9514
f 9530 9513 9531
f 9532 9514 9515
f 9531 9514 9532
f 9533 9515 9516
f 9532 9515 9533
f 9534 9516 9517
f 9533 9516 9534
f 9535 9517 9518
f 9534 9517 9535
f 9536 9518 9519
f 9535 9518 9536
f 9537 9519 9520
f 9536 9519 9537
f 9538 9520 9521
f 9537 9520 9538
f 9539 9521 9522
f 9538 9521 9539
f 9522 9523 9540
f 9522 9540 9539
f 9543 9542 9541
f 9542 9524 9541
f 9524 9234 9541
f 9524 9229 9234
f 9525 9237 9232
f 9237 9525 9239
f 9525 9544 9239
f 9525 9526 9544
f 9545 9526 9527
f 9544 9526 9545
f 9546 9527 9528
f 9545 9527 9546
f 9547 9528 9529
f 9546 9528 9547
f 9548 9529 9530
f 9547 9529 9548
f 9549 9530 9531
f 9548 9530 9549
f 9550 9531 9532
f 9549 9531 9550
f 9551 9532 9533
f 9550 9532 9551
f 9552 9533 9534
f 9551 9533 9552
f 9553 9534 9535
f 9552 9534 9553
f 9554 9535 9536
f 9553 9535 9554
f 9537 9556 9555
f 9554 9537 9555
f 9536 9537 9554
f 9558 9557 9556
f 9537 9558 9556
f 9538 9558 9537
f 9539 9560 9559
f 9558 9539 9559
f 9538 9539 9558
f 9563 9562 9561
f 9540 9560 9539
f 9564 9562 9563
f 9567 9566 9565
f 9568 9565 9566
f 9571 9570 9569
f 9573 9572 9569
f 9573 9569 9570
f 9572 9573 9543
f 9572 9543 9541
f 9242 9572 9541
f 9241 9242 9541
f 9241 9541 9234
f 9544 9245 9239
f 9245 9544 9247
f 9544 9574 9247
f 9544 9545 9574
f 9575 9545 9546
f 9574 9545 9575
f 9576 9546 9547
f 9575 9546 9576
f 9577 9547 9548
f 9576 9547 9577
f 9578 9548 9549
f 9577 9548 9578
f 9579 9549 9550
f 9578 9549 9579
f 9580 9550 9551
f 9579 9550 9580
f 9581 9551 9552
f 9580 9551 9581
f 9582 9552 9553
f 9581 9552 9582
f 9583 9553 9554
f 9582 9553 9583
f 9554 9555 9584
f 9554 9584 9583
f 9585 9557 9558
f 9585 9558 9559
f 9586 9561 9562
f 9589 9588 9587
f 9564 9586 9562
f 9588 9589 9567
f 9565 9588 9567
f 9590 9588 9565
f 9565 9568 9591
f 9592 9565 9591
f 9590 9565 9592
f 9592 9591 9571
f 9569 9592 9571
f 9593 9592 9569
f 9250 9593 9249
f 9593 9572 9249
f 9593 9569 9572
f 9249 9572 9242
f 9574 9254 9247
f 9254 9574 9257
f 9257 9574 9575
f 9257 9575 9259
f 9259 9575 9576
f 9259 9576 9261
f 9261 9576 9577
f 9261 9577 9263
f 9263 9577 9578
f 9263 9578 9265
f 9265 9578 9579
f 9265 9579 9266
f 9579 9594 9266
f 9579 9580 9594
f 9595 9580 9581
f 9594 9580 9595
f 9596 9581 9582
f 9595 9581 9596
f 9597 9582 9583
f 9596 9582 9597
f 9583 9584 9598
f 9583 9598 9597
f 9599 9587 9588
f 9601 9600 9599
f 9588 9601 9599
f 9590 9601 9588
f 9602 9590 9592
f 9601 9590 9602
f 9269 9602 9268
f 9602 9593 9268
f 9602 9592 9593
f 9268 9593 9250
f 9594 9279 9266
f 9279 9594 9281
f 9594 9603 9281
f 9594 9595 9603
f 9604 9595 9596
f 9603 9595 9604
f 9605 9596 9597
f 9604 9596 9605
f 9597 9598 9606
f 9597 9606 9605
f 9609 9608 9607
f 9607 9608 9600
f 9601 9607 9600
f 9610 9607 9601
f 9284 9610 9283
f 9610 9602 9283
f 9610 9601 9602
f 9283 9602 9269
f 9611 9292 9603
f 9603 9292 9281
f 9612 9603 9604
f 9611 9603 9612
f 9613 9604 9605
f 9612 9604 9613
f 9605 9606 9614
f 9615 9605 9614
f 9613 9605 9615
f 9617 9616 9615
f 9617 9615 9614
f 9619 9618 9616
f 9619 9616 9617
f 9621 9620 9618
f 9621 9618 9619
f 9620 9621 9609
f 9607 9620 9609
f 9622 9620 9607
f 9294 9622 9293
f 9622 9610 9293
f 9622 9607 9610
f 9293 9610 9284
f 9611 9301 9292
f 9301 9611 9304
f 9304 9611 9612
f 9304 9612 9306
f 9306 9612 9613
f 9306 9613 9307
f 9613 9623 9307
f 9613 9615 9623
f 9624 9615 9616
f 9623 9615 9624
f 9310 9624 9309
f 9624 9618 9309
f 9624 9616 9618
f 9309 9618 9311
f 9311 9618 9620
f 9311 9620 9312
f 9312 9620 9622
f 9312 9622 9294
f 9623 9321 9307
f 9321 9623 9323
f 9323 9623 9624
f 9323 9624 9310
f 9625 9339 9340
f 9341 9626 9340
f 9340 9626 9625
f 9342 9627 9341
f 9341 9627 9626
f 9343 9628 9342
f 9342 9628 9627
f 9345 9628 9343
f 9629 9348 9349
f 9350 9630 9349
f 9349 9630 9629
f 9339 9625 9350
f 9625 9630 9350
f 9625 9631 9630
f 9632 9625 9626
f 9631 9625 9632
f 9633 9626 9627
f 9632 9626 9633
f 9634 9627 9628
f 9633 9627 9634
f 9351 9635 9345
f 9635 9628 9345
f 9635 9634 9628
f 9352 9635 9351
f 9636 9356 9357
f 9348 9629 9357
f 9629 9636 9357
f 9629 9637 9636
f 9638 9629 9630
f 9637 9629 9638
f 9639 9630 9631
f 9638 9630 9639
f 9640 9631 9632
f 9639 9631 9640
f 9641 9632 9633
f 9640 9632 9641
f 9642 9633 9634
f 9641 9633 9642
f 9643 9634 9635
f 9642 9634 9643
f 9358 9644 9352
f 9644 9635 9352
f 9644 9643 9635
f 9359 9644 9358
f 9645 9363 9364
f 9356 9636 9364
f 9636 9645 9364
f 9636 9646 9645
f 9647 9636 9637
f 9646 9636 9647
f 9648 9637 9638
f 9647 9637 9648
f 9649 9638 9639
f 9648 9638 9649
f 9650 9639 9640
f 9649 9639 9650
f 9651 9640 9641
f 9650 9640 9651
f 9652 9641 9642
f 9651 9641 9652
f 9653 9642 9643
f 9652 9642 9653
f 9654 9643 9644
f 9653 9643 9654
f 9365 9655 9359
f 9655 9644 9359
f 9655 9654 9644
f 9366 9655 9365
f 9656 9370 9371
f 9363 9645 9371
f 9645 9656 9371
f 9645 9657 9656
f 9658 9645 9646
f 9657 9645 9658
f 9659 9646 9647
f 9658 9646 9659
f 9660 9647 9648
f 9659 9647 9660
f 9661 9648 9649
f 9660 9648 9661
f 9662 9649 9650
f 9661 9649 9662
f 9663 9650 9651
f 9662 9650 9663
f 9664 9651 9652
f 9663 9651 9664
f 9665 9652 9653
f 9664 9652 9665
f 9666 9653 9654
f 9665 9653 9666
f 9667 9654 9655
f 9666 9654 9667
f 9372 9668 9366
f 9668 9655 9366
f 9668 9667 9655
f 9373 9668 9372
f 9669 9379 9380
f 9370 9656 9380
f 9656 9669 9380
f 9656 9670 9669
f 9671 9656 9657
f 9670 9656 9671
f 9672 9657 9658
f 9671 9657 9672
f 9673 9658 9659
f 9672 9658 9673
f 9674 9659 9660
f 9673 9659 9674
f 9675 9660 9661
f 9674 9660 9675
f 9676 9661 9662
f 9675 9661 9676
f 9677 9662 9663
f 9676 9662 9677
f 9678 9663 9664
f 9677 9663 9678
f 9679 9664 9665
f 9678 9664 9679
f 9680 9665 9666
f 9679 9665 9680
f 9681 9666 9667
f 9680 9666 9681
f 9682 9667 9668
f 9681 9667 9682
f 9381 9683 9373
f 9683 9668 9373
f 9683 9682 9668
f 9382 9684 9381
f 9381 9684 9683
f 9383 9684 9382
f 9685 9387 9388
f 9379 9669 9388
f 9669 9685 9388
f 9669 9686 9685
f 9687 9669 9670
f 9686 9669 9687
f 9688 9670 9671
f 9687 9670 9688
f 9689 9671 9672
f 9688 9671 9689
f 9690 9672 9673
f 9689 9672 9690
f 9691 9673 9674
f 9690 9673 9691
f 9692 9674 9675
f 9691 9674 9692
f 9693 9675 9676
f 9692 9675 9693
f 9391 9693 9390
f 9693 9677 9390
f 9693 9676 9677
f 9390 9677 9393
f 9393 9677 9678
f 9393 9678 9394
f 9678 9694 9394
f 9678 9679 9694
f 9695 9679 9680
f 9694 9679 9695
f 9696 9680 9681
f 9695 9680 9696
f 9697 9681 9682
f 9696 9681 9697
f 9698 9682 9683
f 9697 9682 9698
f 9699 9683 9684
f 9698 9683 9699
f 9395 9700 9383
f 9700 9684 9383
f 9700 9699 9684
f 9396 9700 9395
f 9685 9400 9387
f 9400 9685 9402
f 9685 9701 9402
f 9685 9686 9701
f 9702 9686 9687
f 9701 9686 9702
f 9703 9687 9688
f 9702 9687 9703
f 9704 9688 9689
f 9703 9688 9704
f 9705 9689 9690
f 9704 9689 9705
f 9706 9690 9691
f 9705 9690 9706
f 9405 9706 9404
f 9706 9692 9404
f 9706 9691 9692
f 9404 9692 9407
f 9407 9692 9693
f 9407 9693 9391
f 9694 9410 9394
f 9410 9694 9412
f 9694 9707 9412
f 9694 9695 9707
f 9708 9695 9696
f 9707 9695 9708
f 9709 9696 9697
f 9708 9696 9709
f 9710 9697 9698
f 9709 9697 9710
f 9711 9698 9699
f 9710 9698 9711
f 9712 9699 9700
f 9711 9699 9712
f 9413 9713 9396
f 9713 9700 9396
f 9713 9712 9700
f 9414 9713 9413
f 9714 9419 9701
f 9701 9419 9402
f 9715 9701 9702
f 9714 9701 9715
f 9716 9702 9703
f 9715 9702 9716
f 9717 9703 9704
f 9716 9703 9717
f 9718 9704 9705
f 9717 9704 9718
f 9719 9705 9706
f 9718 9705 9719
f 9421 9719 9405
f 9405 9719 9706
f 9707 9426 9412
f 9426 9707 9428
f 9707 9720 9428
f 9707 9708 9720
f 9721 9708 9709
f 9720 9708 9721
f 9722 9709 9710
f 9721 9709 9722
f 9723 9710 9711
f 9722 9710 9723
f 9724 9711 9712
f 9723 9711 9724
f 9725 9712 9713
f 9724 9712 9725
f 9429 9726 9414
f 9726 9713 9414
f 9726 9725 9713
f 9430 9726 9429
f 9714 9435 9419
f 9435 9714 9437
f 9714 9727 9437
f 9714 9715 9727
f 9728 9715 9716
f 9727 9715 9728
f 9729 9716 9717
f 9728 9716 9729
f 9730 9717 9718
f 9729 9717 9730
f 9731 9718 9719
f 9730 9718 9731
f 9439 9731 9421
f 9421 9731 9719
f 9720 9445 9428
f 9445 9720 9447
f 9720 9732 9447
f 9720 9721 9732
f 9733 9721 9722
f 9732 9721 9733
f 9734 9722 9723
f 9733 9722 9734
f 9735 9723 9724
f 9734 9723 9735
f 9736 9724 9725
f 9735 9724 9736
f 9737 9725 9726
f 9736 9725 9737
f 9448 9738 9430
f 9738 9726 9430
f 9738 9737 9726
f 9449 9738 9448
f 9727 9454 9437
f 9454 9727 9456
f 9727 9739 9456
f 9727 9728 9739
f 9740 9728 9729
f 9739 9728 9740
f 9741 9729 9730
f 9740 9729 9741
f 9742 9730 9731
f 9741 9730 9742
f 9458 9742 9439
f 9439 9742 9731
f 9743 9465 9732
f 9732 9465 9447
f 9744 9732 9733
f 9743 9732 9744
f 9745 9733 9734
f 9744 9733 9745
f 9735 9747 9746
f 9745 9735 9746
f 9734 9735 9745
f 9747 9735 9736
f 9747 9736 9748
f 9748 9736 9737
f 9748 9737 9749
f 9751 9750 9749
f 9737 9751 9749
f 9738 9751 9737
f 9467 9751 9449
f 9449 9751 9738
f 9739 9471 9456
f 9471 9739 9473
f 9739 9752 9473
f 9739 9740 9752
f 9476 9752 9475
f 9752 9741 9475
f 9752 9740 9741
f 9475 9741 9478
f 9478 9741 9742
f 9478 9742 9458
f 9753 9486 9743
f 9743 9486 9465
f 9754 9743 9744
f 9753 9743 9754
f 9755 9744 9745
f 9754 9744 9755
f 9745 9746 9756
f 9745 9756 9755
f 9750 9751 9757
f 9750 9757 9758
f 9487 9759 9467
f 9759 9751 9467
f 9759 9757 9751
f 9488 9759 9487
f 9752 9493 9473
f 9493 9752 9476
f 9753 9504 9486
f 9504 9753 9506
f 9753 9760 9506
f 9753 9754 9760
f 9761 9754 9755
f 9760 9754 9761
f 9755 9756 9762
f 9763 9755 9762
f 9761 9755 9763
f 9764 9763 9762
f 9765 9758 9757
f 9767 9766 9765
f 9757 9767 9765
f 9759 9767 9757
f 9507 9767 9488
f 9488 9767 9759
f 9768 9523 9760
f 9760 9523 9506
f 9769 9760 9761
f 9768 9760 9769
f 9770 9761 9763
f 9769 9761 9770
f 9763 9764 9771
f 9772 9763 9771
f 9770 9763 9772
f 9773 9772 9771
f 9766 9767 9774
f 9766 9774 9775
f 9524 9774 9507
f 9507 9774 9767
f 9776 9540 9768
f 9768 9540 9523
f 9777 9768 9769
f 9776 9768 9777
f 9778 9769 9770
f 9777 9769 9778
f 9779 9770 9772
f 9778 9770 9779
f 9772 9773 9780
f 9781 9772 9780
f 9779 9772 9781
f 9783 9782 9781
f 9783 9781 9780
f 9782 9783 9775
f 9782 9775 9774
f 9543 9782 9774
f 9542 9543 9774
f 9542 9774 9524
f 9784 9555 9556
f 9557 9784 9556
f 9785 9559 9560
f 9560 9540 9785
f 9540 9776 9785
f 9563 9561 9785
f 9563 9785 9776
f 9563 9776 9564
f 9776 9786 9564
f 9776 9777 9786
f 9567 9786 9566
f 9786 9778 9566
f 9786 9777 9778
f 9566 9778 9568
f 9778 9787 9568
f 9778 9779 9787
f 9571 9787 9570
f 9787 9781 9570
f 9787 9779 9781
f 9570 9781 9573
f 9573 9781 9782
f 9573 9782 9543
f 9788 9584 9784
f 9784 9584 9555
f 9585 9789 9557
f 9789 9784 9557
f 9789 9788 9784
f 9559 9785 9585
f 9785 9789 9585
f 9785 9790 9789
f 9586 9791 9561
f 9791 9785 9561
f 9791 9790 9785
f 9586 9564 9791
f 9564 9786 9791
f 9589 9587 9791
f 9589 9791 9786
f 9589 9786 9567
f 9787 9591 9568
f 9591 9787 9571
f 9792 9598 9788
f 9788 9598 9584
f 9793 9788 9789
f 9792 9788 9793
f 9794 9789 9790
f 9793 9789 9794
f 9795 9790 9791
f 9794 9790 9795
f 9599 9796 9587
f 9796 9791 9587
f 9796 9795 9791
f 9600 9796 9599
f 9797 9606 9792
f 9792 9606 9598
f 9798 9792 9793
f 9797 9792 9798
f 9799 9793 9794
f 9798 9793 9799
f 9800 9794 9795
f 9799 9794 9800
f 9609 9800 9608
f 9800 9796 9608
f 9800 9795 9796
f 9608 9796 9600
f 9797 9614 9606
f 9614 9797 9617
f 9617 9797 9798
f 9617 9798 9619
f 9619 9798 9799
f 9619 9799 9621
f 9621 9799 9800
f 9621 9800 9609
f 9801 9746 9747
f 9748 9802 9747
f 9747 9802 9801
f 9749 9803 9748
f 9748 9803 9802
f 9750 9803 9749
f 9804 9756 9801
f 9801 9756 9746
f 9805 9801 9802
f 9804 9801 9805
f 9806 9802 9803
f 9805 9802 9806
f 9758 9806 9750
f 9750 9806 9803
f 9804 9762 9756
f 9762 9804 9764
f 9804 9807 9764
f 9804 9805 9807
f 9808 9805 9806
f 9807 9805 9808
f 9765 9809 9758
f 9809 9806 9758
f 9809 9808 9806
f 9766 9809 9765
f 9807 9771 9764
f 9771 9807 9773
f 9807 9810 9773
f 9807 9808 9810
f 9811 9808 9809
f 9810 9808 9811
f 9775 9811 9766
f 9766 9811 9809
f 9810 9780 9773
f 9780 9810 9783
f 9783 9810 9811
f 9783 9811 9775

