# https://github.com/mikedh/trimesh
v 59.50000000 73.00000000 71.00000000
v 60.00000000 73.00000000 70.50000000
v 60.00000000 72.50000000 71.00000000
v 60.00000000 73.00000000 71.50000000
v 60.00000000 73.50000000 71.00000000
v 59.50000000 102.00000000 41.00000000
v 60.00000000 102.00000000 40.50000000
v 60.00000000 101.50000000 41.00000000
v 60.00000000 102.00000000 41.50000000
v 60.00000000 102.50000000 41.00000000
v 60.50000000 73.00000000 71.00000000
v 60.50000000 74.00000000 69.00000000
v 61.00000000 74.00000000 68.50000000
v 61.00000000 73.50000000 69.00000000
v 61.00000000 74.00000000 69.50000000
v 61.00000000 74.50000000 69.00000000
v 60.50000000 102.00000000 41.00000000
v 61.50000000 70.00000000 72.00000000
v 62.00000000 70.00000000 71.50000000
v 62.00000000 69.50000000 72.00000000
v 62.00000000 69.50000000 73.00000000
v 61.50000000 70.00000000 73.00000000
v 62.00000000 69.50000000 74.00000000
v 61.50000000 70.00000000 74.00000000
v 62.00000000 69.50000000 75.00000000
v 61.50000000 70.00000000 75.00000000
v 62.00000000 70.00000000 75.50000000
v 61.50000000 71.00000000 71.00000000
v 62.00000000 71.00000000 70.50000000
v 62.00000000 70.50000000 71.00000000
v 61.50000000 71.00000000 72.00000000
v 61.50000000 71.00000000 73.00000000
v 61.50000000 71.00000000 74.00000000
v 62.00000000 71.00000000 74.50000000
v 62.00000000 70.50000000 75.00000000
v 62.00000000 71.50000000 71.00000000
v 62.00000000 71.50000000 72.00000000
v 62.00000000 71.50000000 73.00000000
v 62.00000000 71.50000000 74.00000000
v 61.50000000 74.00000000 69.00000000
v 62.50000000 68.00000000 73.00000000
v 63.00000000 68.00000000 72.50000000
v 63.00000000 67.50000000 73.00000000
v 63.00000000 67.50000000 74.00000000
v 62.50000000 68.00000000 74.00000000
v 63.00000000 68.00000000 74.50000000
v 63.00000000 68.50000000 73.00000000
v 62.50000000 69.00000000 74.00000000
v 63.00000000 69.00000000 73.50000000
v 63.00000000 69.00000000 74.50000000
v 63.00000000 70.00000000 71.50000000
v 63.00000000 69.50000000 72.00000000
v 63.00000000 69.50000000 73.00000000
v 63.00000000 69.50000000 75.00000000
v 63.00000000 69.50000000 76.00000000
v 62.50000000 70.00000000 76.00000000
v 63.00000000 70.00000000 76.50000000
v 62.50000000 71.00000000 71.00000000
v 63.00000000 71.00000000 71.50000000
v 62.50000000 71.00000000 73.00000000
v 63.00000000 70.50000000 73.00000000
v 63.00000000 71.00000000 72.50000000
v 62.50000000 71.00000000 74.00000000
v 63.00000000 70.50000000 74.00000000
v 63.00000000 70.50000000 75.00000000
v 63.00000000 70.50000000 76.00000000
v 63.00000000 71.50000000 72.00000000
v 63.50000000 68.00000000 71.00000000
v 64.00000000 68.00000000 70.50000000
v 64.00000000 67.50000000 71.00000000
v 64.00000000 67.50000000 72.00000000
v 63.50000000 68.00000000 72.00000000
v 64.00000000 68.00000000 72.50000000
v 63.50000000 68.00000000 73.00000000
v 64.00000000 68.00000000 73.50000000
v 64.00000000 67.50000000 74.00000000
v 64.00000000 67.50000000 75.00000000
v 63.50000000 68.00000000 75.00000000
v 64.00000000 68.00000000 75.50000000
v 63.50000000 69.00000000 71.00000000
v 64.00000000 69.00000000 70.50000000
v 64.00000000 69.00000000 71.50000000
v 64.00000000 68.50000000 72.00000000
v 63.50000000 69.00000000 73.00000000
v 64.00000000 68.50000000 73.00000000
v 64.00000000 69.00000000 72.50000000
v 63.50000000 69.00000000 74.00000000
v 64.00000000 68.50000000 74.00000000
v 64.00000000 69.00000000 73.50000000
v 63.50000000 68.50000000 74.50000000
v 64.00000000 69.00000000 74.50000000
v 63.50000000 69.00000000 75.00000000
v 64.00000000 69.00000000 75.50000000
v 64.00000000 69.50000000 71.00000000
v 64.00000000 70.00000000 71.50000000
v 64.00000000 69.50000000 72.00000000
v 64.00000000 69.50000000 74.00000000
v 64.00000000 70.00000000 75.50000000
v 63.50000000 70.00000000 76.00000000
v 63.50000000 70.00000000 78.00000000
v 64.00000000 70.00000000 77.50000000
v 64.00000000 69.50000000 78.00000000
v 64.00000000 70.00000000 78.50000000
v 64.00000000 70.50000000 72.00000000
v 63.50000000 71.00000000 72.00000000
v 64.00000000 70.50000000 73.00000000
v 63.50000000 71.00000000 74.00000000
v 64.00000000 71.00000000 73.50000000
v 64.00000000 71.00000000 74.50000000
v 64.00000000 70.50000000 75.00000000
v 64.00000000 70.50000000 78.00000000
v 64.00000000 71.50000000 74.00000000
v 63.50000000 75.00000000 68.00000000
v 64.00000000 75.00000000 67.50000000
v 64.00000000 74.50000000 68.00000000
v 64.00000000 75.00000000 68.50000000
v 64.00000000 75.50000000 68.00000000
v 64.50000000 61.00000000 88.00000000
v 65.00000000 61.00000000 87.50000000
v 65.00000000 60.50000000 88.00000000
v 65.00000000 60.50000000 89.00000000
v 64.50000000 61.00000000 89.00000000
v 65.00000000 60.50000000 90.00000000
v 64.50000000 61.00000000 90.00000000
v 65.00000000 60.50000000 91.00000000
v 64.50000000 61.00000000 91.00000000
v 65.00000000 61.00000000 91.50000000
v 64.50000000 62.00000000 88.00000000
v 65.00000000 62.00000000 87.50000000
v 64.50000000 62.00000000 89.00000000
v 64.50000000 62.00000000 90.00000000
v 65.00000000 62.00000000 90.50000000
v 65.00000000 61.50000000 91.00000000
v 64.50000000 63.00000000 88.00000000
v 65.00000000 63.00000000 87.50000000
v 65.00000000 63.00000000 88.50000000
v 65.00000000 62.50000000 89.00000000
v 65.00000000 62.50000000 90.00000000
v 65.00000000 63.50000000 88.00000000
v 65.00000000 68.00000000 70.50000000
v 65.00000000 67.50000000 71.00000000
v 65.00000000 67.50000000 72.00000000
v 65.00000000 67.50000000 73.00000000
v 64.50000000 68.00000000 73.00000000
v 65.00000000 67.50000000 74.00000000
v 64.50000000 68.00000000 75.00000000
v 65.00000000 68.00000000 74.50000000
v 65.00000000 68.50000000 71.00000000
v 64.50000000 69.00000000 71.00000000
v 64.50000000 69.00000000 72.00000000
v 65.00000000 69.00000000 71.50000000
v 64.50000000 69.00000000 74.00000000
v 65.00000000 69.00000000 74.50000000
v 64.50000000 68.50000000 74.50000000
v 64.50000000 69.00000000 75.00000000
v 64.50000000 69.00000000 76.00000000
v 65.00000000 68.50000000 76.00000000
v 65.00000000 69.00000000 75.50000000
v 65.00000000 69.00000000 76.50000000
v 64.50000000 69.00000000 79.00000000
v 65.00000000 69.00000000 78.50000000
v 65.00000000 68.50000000 79.00000000
v 65.00000000 69.00000000 79.50000000
v 65.00000000 70.00000000 70.50000000
v 64.50000000 70.00000000 71.00000000
v 65.00000000 69.50000000 71.00000000
v 65.00000000 70.00000000 74.50000000
v 64.50000000 69.50000000 74.50000000
v 64.50000000 70.00000000 75.00000000
v 65.00000000 69.50000000 76.00000000
v 65.00000000 70.00000000 76.50000000
v 64.50000000 70.00000000 77.00000000
v 65.00000000 69.50000000 77.00000000
v 65.00000000 69.50000000 78.00000000
v 64.50000000 70.00000000 79.00000000
v 65.00000000 70.00000000 79.50000000
v 65.00000000 70.50000000 71.00000000
v 65.00000000 70.50000000 72.00000000
v 65.00000000 70.50000000 73.00000000
v 64.50000000 71.00000000 74.00000000
v 65.00000000 70.50000000 74.00000000
v 65.00000000 70.50000000 77.00000000
v 65.00000000 70.50000000 78.00000000
v 65.00000000 70.50000000 79.00000000
v 64.50000000 75.00000000 68.00000000
v 65.50000000 60.00000000 87.00000000
v 66.00000000 60.00000000 86.50000000
v 66.00000000 59.50000000 87.00000000
v 66.00000000 59.50000000 88.00000000
v 65.50000000 60.00000000 88.00000000
v 66.00000000 59.50000000 89.00000000
v 65.50000000 60.00000000 89.00000000
v 66.00000000 59.50000000 90.00000000
v 65.50000000 60.00000000 90.00000000
v 66.00000000 59.50000000 91.00000000
v 65.50000000 60.00000000 91.00000000
v 66.00000000 59.50000000 92.00000000
v 65.50000000 60.00000000 92.00000000
v 66.00000000 60.00000000 92.50000000
v 65.50000000 61.00000000 86.00000000
v 66.00000000 61.00000000 85.50000000
v 66.00000000 60.50000000 86.00000000
v 65.50000000 61.00000000 87.00000000
v 65.50000000 61.00000000 92.00000000
v 66.00000000 61.00000000 92.50000000
v 65.50000000 62.00000000 86.00000000
v 66.00000000 62.00000000 85.50000000
v 65.50000000 62.00000000 87.00000000
v 65.50000000 62.00000000 91.00000000
v 66.00000000 62.00000000 91.50000000
v 66.00000000 61.50000000 92.00000000
v 65.50000000 63.00000000 86.00000000
v 66.00000000 63.00000000 85.50000000
v 65.50000000 63.00000000 87.00000000
v 65.50000000 63.00000000 89.00000000
v 65.50000000 63.00000000 90.00000000
v 66.00000000 63.00000000 90.50000000
v 66.00000000 62.50000000 91.00000000
v 65.50000000 64.00000000 86.00000000
v 66.00000000 64.00000000 85.50000000
v 66.00000000 64.00000000 86.50000000
v 66.00000000 63.50000000 87.00000000
v 66.00000000 63.50000000 88.00000000
v 66.00000000 63.50000000 89.00000000
v 66.00000000 63.50000000 90.00000000
v 66.00000000 64.50000000 86.00000000
v 65.50000000 67.00000000 72.00000000
v 66.00000000 67.00000000 71.50000000
v 66.00000000 66.50000000 72.00000000
v 66.00000000 67.00000000 72.50000000
v 65.50000000 68.00000000 70.00000000
v 66.00000000 68.00000000 69.50000000
v 66.00000000 67.50000000 70.00000000
v 66.00000000 67.50000000 71.00000000
v 66.00000000 67.50000000 73.00000000
v 66.00000000 67.50000000 74.00000000
v 66.00000000 67.50000000 75.00000000
v 65.50000000 68.00000000 75.00000000
v 66.00000000 68.00000000 75.50000000
v 65.50000000 68.00000000 78.00000000
v 66.00000000 68.00000000 77.50000000
v 66.00000000 67.50000000 78.00000000
v 66.00000000 67.50000000 79.00000000
v 65.50000000 68.00000000 79.00000000
v 66.00000000 67.50000000 80.00000000
v 65.50000000 68.00000000 80.00000000
v 66.00000000 67.50000000 81.00000000
v 65.50000000 68.00000000 81.00000000
v 66.00000000 67.50000000 82.00000000
v 65.50000000 68.00000000 82.00000000
v 66.00000000 67.50000000 83.00000000
v 65.50000000 68.00000000 83.00000000
v 66.00000000 67.50000000 84.00000000
v 65.50000000 68.00000000 84.00000000
v 66.00000000 68.00000000 84.50000000
v 66.00000000 68.50000000 70.00000000
v 66.00000000 68.50000000 71.00000000
v 66.00000000 69.00000000 71.50000000
v 65.50000000 69.00000000 75.00000000
v 66.00000000 69.00000000 75.50000000
v 65.50000000 69.00000000 76.00000000
v 65.50000000 69.00000000 78.00000000
v 66.00000000 69.00000000 77.50000000
v 65.50000000 69.00000000 80.00000000
v 65.50000000 69.00000000 81.00000000
v 65.50000000 69.00000000 82.00000000
v 65.50000000 69.00000000 83.00000000
v 65.50000000 69.00000000 84.00000000
v 66.00000000 69.00000000 84.50000000
v 66.00000000 70.00000000 70.50000000
v 66.00000000 69.50000000 71.00000000
v 65.50000000 70.00000000 74.00000000
v 66.00000000 69.50000000 74.00000000
v 66.00000000 70.00000000 73.50000000
v 66.00000000 69.50000000 75.00000000
v 66.00000000 70.00000000 76.50000000
v 66.00000000 69.50000000 77.00000000
v 65.50000000 70.00000000 80.00000000
v 66.00000000 70.00000000 80.50000000
v 66.00000000 69.50000000 81.00000000
v 65.50000000 70.00000000 82.00000000
v 66.00000000 70.00000000 81.50000000
v 65.50000000 70.00000000 83.00000000
v 65.50000000 70.00000000 84.00000000
v 66.00000000 70.00000000 84.50000000
v 66.00000000 70.50000000 71.00000000
v 66.00000000 70.50000000 72.00000000
v 66.00000000 70.50000000 73.00000000
v 66.00000000 70.50000000 77.00000000
v 65.50000000 71.00000000 78.00000000
v 66.00000000 71.00000000 77.50000000
v 66.00000000 71.00000000 78.50000000
v 66.00000000 70.50000000 79.00000000
v 66.00000000 70.50000000 80.00000000
v 66.00000000 70.50000000 82.00000000
v 66.00000000 70.50000000 83.00000000
v 66.00000000 70.50000000 84.00000000
v 66.00000000 71.50000000 78.00000000
v 65.50000000 82.00000000 90.00000000
v 66.00000000 82.00000000 89.50000000
v 66.00000000 81.50000000 90.00000000
v 66.00000000 82.00000000 90.50000000
v 66.00000000 82.50000000 90.00000000
v 66.50000000 59.00000000 87.00000000
v 67.00000000 59.00000000 86.50000000
v 67.00000000 58.50000000 87.00000000
v 67.00000000 58.50000000 88.00000000
v 66.50000000 59.00000000 88.00000000
v 67.00000000 58.50000000 89.00000000
v 66.50000000 59.00000000 89.00000000
v 67.00000000 59.00000000 89.50000000
v 66.50000000 60.00000000 86.00000000
v 67.00000000 60.00000000 85.50000000
v 67.00000000 59.50000000 86.00000000
v 67.00000000 59.50000000 90.00000000
v 67.00000000 59.50000000 91.00000000
v 67.00000000 59.50000000 92.00000000
v 67.00000000 59.50000000 93.00000000
v 66.50000000 60.00000000 93.00000000
v 67.00000000 60.00000000 93.50000000
v 66.50000000 61.00000000 85.00000000
v 67.00000000 61.00000000 84.50000000
v 67.00000000 60.50000000 85.00000000
v 66.50000000 61.00000000 93.00000000
v 67.00000000 61.00000000 93.50000000
v 66.50000000 62.00000000 85.00000000
v 67.00000000 62.00000000 84.50000000
v 66.50000000 62.00000000 92.00000000
v 67.00000000 62.00000000 92.50000000
v 67.00000000 61.50000000 93.00000000
v 66.50000000 63.00000000 85.00000000
v 67.00000000 63.00000000 84.50000000
v 67.00000000 62.50000000 91.00000000
v 67.00000000 63.00000000 90.50000000
v 67.00000000 62.50000000 92.00000000
v 66.50000000 64.00000000 85.00000000
v 67.00000000 64.00000000 84.50000000
v 66.50000000 64.00000000 87.00000000
v 67.00000000 64.00000000 87.50000000
v 67.00000000 63.50000000 88.00000000
v 67.00000000 63.50000000 89.00000000
v 67.00000000 63.50000000 90.00000000
v 67.00000000 64.50000000 85.00000000
v 67.00000000 64.50000000 86.00000000
v 67.00000000 64.50000000 87.00000000
v 66.50000000 66.00000000 84.00000000
v 67.00000000 66.00000000 83.50000000
v 67.00000000 65.50000000 84.00000000
v 67.00000000 66.00000000 84.50000000
v 66.50000000 67.00000000 72.00000000
v 66.50000000 67.00000000 80.00000000
v 67.00000000 67.00000000 79.50000000
v 67.00000000 66.50000000 80.00000000
v 67.00000000 66.50000000 81.00000000
v 66.50000000 67.00000000 81.00000000
v 67.00000000 66.50000000 82.00000000
v 66.50000000 67.00000000 82.00000000
v 67.00000000 66.50000000 83.00000000
v 66.50000000 67.00000000 83.00000000
v 66.50000000 67.00000000 84.00000000
v 67.00000000 67.00000000 84.50000000
v 66.50000000 68.00000000 70.00000000
v 66.50000000 68.00000000 71.00000000
v 66.50000000 68.00000000 72.00000000
v 67.00000000 67.50000000 73.00000000
v 67.00000000 68.00000000 72.50000000
v 67.00000000 67.50000000 74.00000000
v 67.00000000 67.50000000 75.00000000
v 67.00000000 67.50000000 76.00000000
v 66.50000000 68.00000000 76.00000000
v 67.00000000 68.00000000 76.50000000
v 67.00000000 68.00000000 77.50000000
v 67.00000000 67.50000000 78.00000000
v 67.00000000 67.50000000 79.00000000
v 67.00000000 68.00000000 84.50000000
v 66.50000000 69.00000000 72.00000000
v 67.00000000 68.50000000 73.00000000
v 66.50000000 69.00000000 73.00000000
v 67.00000000 69.00000000 73.50000000
v 66.50000000 69.00000000 76.00000000
v 67.00000000 68.50000000 77.00000000
v 66.50000000 69.00000000 77.00000000
v 67.00000000 68.50000000 85.00000000
v 66.50000000 69.00000000 85.00000000
v 67.00000000 69.00000000 85.50000000
v 66.50000000 70.00000000 71.00000000
v 66.50000000 70.00000000 72.00000000
v 66.50000000 70.00000000 73.00000000
v 67.00000000 69.50000000 74.00000000
v 67.00000000 69.50000000 75.00000000
v 67.00000000 69.50000000 76.00000000
v 66.50000000 70.00000000 77.00000000
v 67.00000000 69.50000000 77.00000000
v 67.00000000 70.00000000 77.50000000
v 66.50000000 70.00000000 81.00000000
v 67.00000000 69.50000000 85.00000000
v 67.00000000 70.00000000 84.50000000
v 66.50000000 71.00000000 78.00000000
v 67.00000000 70.50000000 78.00000000
v 66.50000000 71.00000000 79.00000000
v 67.00000000 71.00000000 78.50000000
v 66.50000000 71.00000000 80.00000000
v 66.50000000 71.00000000 81.00000000
v 66.50000000 71.00000000 82.00000000
v 66.50000000 71.00000000 83.00000000
v 67.00000000 71.00000000 83.50000000
v 67.00000000 70.50000000 84.00000000
v 67.00000000 72.00000000 78.50000000
v 66.50000000 72.00000000 79.00000000
v 66.50000000 72.00000000 80.00000000
v 66.50000000 72.00000000 81.00000000
v 67.00000000 72.00000000 81.50000000
v 67.00000000 71.50000000 82.00000000
v 67.00000000 71.50000000 83.00000000
v 66.50000000 73.00000000 79.00000000
v 67.00000000 73.00000000 78.50000000
v 66.50000000 73.00000000 80.00000000
v 66.50000000 73.00000000 81.00000000
v 67.00000000 73.00000000 81.50000000
v 67.00000000 73.50000000 79.00000000
v 66.50000000 74.00000000 80.00000000
v 67.00000000 74.00000000 79.50000000
v 67.00000000 74.00000000 80.50000000
v 67.00000000 73.50000000 81.00000000
v 67.00000000 74.50000000 80.00000000
v 66.50000000 79.00000000 86.00000000
v 67.00000000 79.00000000 85.50000000
v 67.00000000 78.50000000 86.00000000
v 67.00000000 78.50000000 87.00000000
v 66.50000000 79.00000000 87.00000000
v 67.00000000 79.00000000 87.50000000
v 66.50000000 80.00000000 86.00000000
v 67.00000000 80.00000000 85.50000000
v 67.00000000 80.00000000 86.50000000
v 67.00000000 79.50000000 87.00000000
v 67.00000000 80.50000000 86.00000000
v 66.50000000 81.00000000 88.00000000
v 67.00000000 81.00000000 87.50000000
v 67.00000000 80.50000000 88.00000000
v 67.00000000 81.00000000 88.50000000
v 67.00000000 81.50000000 88.00000000
v 66.50000000 82.00000000 90.00000000
v 66.50000000 91.00000000 95.00000000
v 67.00000000 91.00000000 94.50000000
v 67.00000000 90.50000000 95.00000000
v 67.00000000 90.50000000 96.00000000
v 66.50000000 91.00000000 96.00000000
v 67.00000000 91.00000000 96.50000000
v 66.50000000 92.00000000 94.00000000
v 67.00000000 92.00000000 93.50000000
v 67.00000000 91.50000000 94.00000000
v 66.50000000 92.00000000 95.00000000
v 66.50000000 92.00000000 96.00000000
v 67.00000000 91.50000000 97.00000000
v 66.50000000 92.00000000 97.00000000
v 67.00000000 92.00000000 97.50000000
v 66.50000000 93.00000000 94.00000000
v 67.00000000 93.00000000 93.50000000
v 67.00000000 93.00000000 94.50000000
v 67.00000000 92.50000000 95.00000000
v 67.00000000 92.50000000 96.00000000
v 67.00000000 92.50000000 97.00000000
v 67.00000000 93.50000000 94.00000000
v 67.50000000 59.00000000 86.00000000
v 68.00000000 59.00000000 85.50000000
v 68.00000000 58.50000000 86.00000000
v 68.00000000 58.50000000 87.00000000
v 68.00000000 58.50000000 88.00000000
v 68.00000000 58.50000000 89.00000000
v 68.00000000 58.50000000 90.00000000
v 67.50000000 59.00000000 90.00000000
v 68.00000000 58.50000000 91.00000000
v 67.50000000 59.00000000 91.00000000
v 68.00000000 58.50000000 92.00000000
v 67.50000000 59.00000000 92.00000000
v 68.00000000 58.50000000 93.00000000
v 67.50000000 59.00000000 93.00000000
v 68.00000000 59.00000000 93.50000000
v 68.00000000 60.00000000 85.50000000
v 68.00000000 59.50000000 94.00000000
v 67.50000000 60.00000000 94.00000000
v 68.00000000 60.00000000 94.50000000
v 68.00000000 61.00000000 84.50000000
v 68.00000000 60.50000000 85.00000000
v 68.00000000 60.50000000 94.00000000
v 68.00000000 61.00000000 93.50000000
v 68.00000000 62.00000000 84.50000000
v 68.00000000 61.50000000 93.00000000
v 68.00000000 62.00000000 92.50000000
v 68.00000000 63.00000000 84.50000000
v 67.50000000 63.00000000 90.00000000
v 68.00000000 62.50000000 90.00000000
v 68.00000000 63.00000000 89.50000000
v 68.00000000 62.50000000 91.00000000
v 68.00000000 62.50000000 92.00000000
v 68.00000000 64.00000000 84.50000000
v 68.00000000 63.50000000 88.00000000
v 68.00000000 64.00000000 87.50000000
v 68.00000000 63.50000000 89.00000000
v 67.50000000 65.00000000 85.00000000
v 68.00000000 65.00000000 84.50000000
v 68.00000000 65.00000000 85.50000000
v 68.00000000 64.50000000 86.00000000
v 68.00000000 64.50000000 87.00000000
v 68.00000000 66.00000000 83.50000000
v 68.00000000 65.50000000 84.00000000
v 67.50000000 66.00000000 85.00000000
v 68.00000000 66.00000000 85.50000000
v 67.50000000 67.00000000 80.00000000
v 68.00000000 67.00000000 80.50000000
v 68.00000000 66.50000000 81.00000000
v 68.00000000 66.50000000 82.00000000
v 68.00000000 66.50000000 83.00000000
v 67.50000000 67.00000000 85.00000000
v 68.00000000 67.00000000 85.50000000
v 67.50000000 68.00000000 71.00000000
v 68.00000000 68.00000000 70.50000000
v 68.00000000 67.50000000 71.00000000
v 68.00000000 68.00000000 71.50000000
v 67.50000000 68.00000000 73.00000000
v 68.00000000 68.00000000 73.50000000
v 68.00000000 67.50000000 74.00000000
v 68.00000000 67.50000000 75.00000000
v 68.00000000 67.50000000 76.00000000
v 68.00000000 67.50000000 77.00000000
v 67.50000000 68.00000000 77.00000000
v 68.00000000 67.50000000 78.00000000
v 68.00000000 67.50000000 79.00000000
v 68.00000000 67.50000000 80.00000000
v 67.50000000 68.00000000 85.00000000
v 68.00000000 68.00000000 85.50000000
v 68.00000000 68.50000000 71.00000000
v 68.00000000 69.00000000 73.50000000
v 68.00000000 69.00000000 85.50000000
v 68.00000000 69.50000000 74.00000000
v 68.00000000 69.50000000 75.00000000
v 68.00000000 69.50000000 76.00000000
v 67.50000000 70.00000000 77.00000000
v 68.00000000 70.00000000 76.50000000
v 68.00000000 69.50000000 85.00000000
v 68.00000000 70.00000000 84.50000000
v 68.00000000 70.50000000 77.00000000
v 67.50000000 71.00000000 78.00000000
v 68.00000000 71.00000000 77.50000000
v 68.00000000 70.50000000 84.00000000
v 68.00000000 71.00000000 83.50000000
v 68.00000000 71.50000000 78.00000000
v 68.00000000 72.00000000 78.50000000
v 67.50000000 72.00000000 82.00000000
v 68.00000000 72.00000000 82.50000000
v 68.00000000 71.50000000 83.00000000
v 68.00000000 73.00000000 78.50000000
v 67.50000000 73.00000000 82.00000000
v 68.00000000 73.00000000 82.50000000
v 67.50000000 73.00000000 86.00000000
v 68.00000000 73.00000000 85.50000000
v 68.00000000 72.50000000 86.00000000
v 68.00000000 73.00000000 86.50000000
v 67.50000000 74.00000000 79.00000000
v 68.00000000 74.00000000 78.50000000
v 68.00000000 73.50000000 81.00000000
v 68.00000000 74.00000000 80.50000000
v 67.50000000 74.00000000 82.00000000
v 68.00000000 74.00000000 81.50000000
v 68.00000000 74.00000000 82.50000000
v 67.50000000 74.00000000 84.00000000
v 68.00000000 74.00000000 83.50000000
v 68.00000000 73.50000000 84.00000000
v 68.00000000 73.50000000 85.00000000
v 67.50000000 74.00000000 85.00000000
v 67.50000000 74.00000000 86.00000000
v 68.00000000 74.00000000 86.50000000
v 67.50000000 75.00000000 77.00000000
v 68.00000000 75.00000000 76.50000000
v 68.00000000 74.50000000 77.00000000
v 68.00000000 74.50000000 78.00000000
v 67.50000000 75.00000000 78.00000000
v 67.50000000 75.00000000 79.00000000
v 67.50000000 75.00000000 80.00000000
v 68.00000000 75.00000000 80.50000000
v 68.00000000 74.50000000 82.00000000
v 68.00000000 74.50000000 84.00000000
v 68.00000000 74.50000000 85.00000000
v 68.00000000 74.50000000 86.00000000
v 68.00000000 75.50000000 77.00000000
v 68.00000000 75.50000000 78.00000000
v 68.00000000 75.50000000 79.00000000
v 68.00000000 75.50000000 80.00000000
v 67.50000000 76.00000000 85.00000000
v 68.00000000 76.00000000 84.50000000
v 68.00000000 75.50000000 85.00000000
v 68.00000000 75.50000000 86.00000000
v 67.50000000 76.00000000 86.00000000
v 68.00000000 76.00000000 86.50000000
v 68.00000000 76.50000000 85.00000000
v 68.00000000 76.50000000 86.00000000
v 67.50000000 78.00000000 85.00000000
v 68.00000000 78.00000000 84.50000000
v 68.00000000 77.50000000 85.00000000
v 68.00000000 77.50000000 86.00000000
v 67.50000000 78.00000000 86.00000000
v 68.00000000 78.00000000 86.50000000
v 67.50000000 79.00000000 85.00000000
v 68.00000000 79.00000000 84.50000000
v 67.50000000 79.00000000 86.00000000
v 68.00000000 78.50000000 86.00000000
v 68.00000000 79.00000000 85.50000000
v 67.50000000 79.00000000 87.00000000
v 67.50000000 80.00000000 82.00000000
v 68.00000000 80.00000000 81.50000000
v 68.00000000 79.50000000 82.00000000
v 68.00000000 80.00000000 82.50000000
v 67.50000000 80.00000000 84.00000000
v 68.00000000 80.00000000 83.50000000
v 68.00000000 79.50000000 84.00000000
v 67.50000000 80.00000000 85.00000000
v 67.50000000 79.50000000 85.50000000
v 68.00000000 79.50000000 86.00000000
v 68.00000000 79.50000000 87.00000000
v 67.50000000 79.50000000 86.50000000
v 67.50000000 80.00000000 87.00000000
v 68.00000000 79.50000000 88.00000000
v 67.50000000 80.00000000 88.00000000
v 68.00000000 80.00000000 88.50000000
v 68.00000000 80.50000000 82.00000000
v 67.50000000 81.00000000 84.00000000
v 68.00000000 81.00000000 83.50000000
v 67.50000000 81.00000000 85.00000000
v 67.50000000 81.00000000 86.00000000
v 67.50000000 81.00000000 87.00000000
v 68.00000000 81.00000000 88.50000000
v 67.50000000 82.00000000 84.00000000
v 68.00000000 82.00000000 83.50000000
v 67.50000000 82.00000000 85.00000000
v 67.50000000 82.00000000 86.00000000
v 67.50000000 82.00000000 87.00000000
v 68.00000000 81.50000000 88.00000000
v 68.00000000 82.00000000 87.50000000
v 67.50000000 83.00000000 83.00000000
v 68.00000000 83.00000000 82.50000000
v 68.00000000 82.50000000 83.00000000
v 67.50000000 83.00000000 84.00000000
v 67.50000000 83.00000000 85.00000000
v 68.00000000 83.00000000 85.50000000
v 68.00000000 82.50000000 86.00000000
v 68.00000000 82.50000000 87.00000000
v 68.00000000 83.50000000 83.00000000
v 68.00000000 83.50000000 84.00000000
v 68.00000000 83.50000000 85.00000000
v 68.00000000 91.00000000 94.50000000
v 68.00000000 90.50000000 95.00000000
v 68.00000000 90.50000000 96.00000000
v 68.00000000 91.00000000 96.50000000
v 68.00000000 92.00000000 93.50000000
v 68.00000000 91.50000000 94.00000000
v 68.00000000 91.50000000 97.00000000
v 68.00000000 92.00000000 97.50000000
v 68.00000000 93.00000000 93.50000000
v 67.50000000 93.00000000 95.00000000
v 68.00000000 93.00000000 95.50000000
v 68.00000000 92.50000000 96.00000000
v 68.00000000 92.50000000 97.00000000
v 68.00000000 93.50000000 94.00000000
v 68.00000000 93.50000000 95.00000000
v 68.50000000 58.00000000 90.00000000
v 69.00000000 58.00000000 89.50000000
v 69.00000000 57.50000000 90.00000000
v 69.00000000 58.00000000 90.50000000
v 68.50000000 58.00000000 92.00000000
v 69.00000000 58.00000000 91.50000000
v 69.00000000 57.50000000 92.00000000
v 69.00000000 58.00000000 92.50000000
v 69.00000000 59.00000000 85.50000000
v 69.00000000 58.50000000 86.00000000
v 69.00000000 58.50000000 87.00000000
v 69.00000000 58.50000000 88.00000000
v 69.00000000 58.50000000 89.00000000
v 69.00000000 58.50000000 91.00000000
v 69.00000000 58.50000000 93.00000000
v 69.00000000 58.50000000 94.00000000
v 68.50000000 59.00000000 94.00000000
v 69.00000000 59.00000000 94.50000000
v 68.50000000 60.00000000 85.00000000
v 69.00000000 60.00000000 84.50000000
v 69.00000000 59.50000000 85.00000000
v 69.00000000 60.00000000 94.50000000
v 69.00000000 61.00000000 84.50000000
v 69.00000000 60.50000000 94.00000000
v 69.00000000 61.00000000 93.50000000
v 69.00000000 61.50000000 85.00000000
v 68.50000000 62.00000000 85.00000000
v 69.00000000 62.00000000 85.50000000
v 69.00000000 61.50000000 93.00000000
v 69.00000000 62.00000000 92.50000000
v 68.50000000 63.00000000 85.00000000
v 69.00000000 63.00000000 85.50000000
v 69.00000000 62.50000000 90.00000000
v 69.00000000 63.00000000 89.50000000
v 69.00000000 62.50000000 91.00000000
v 69.00000000 62.50000000 92.00000000
v 68.50000000 64.00000000 85.00000000
v 69.00000000 63.50000000 86.00000000
v 68.50000000 64.00000000 86.00000000
v 68.50000000 64.00000000 87.00000000
v 69.00000000 63.50000000 87.00000000
v 69.00000000 63.50000000 88.00000000
v 69.00000000 63.50000000 89.00000000
v 68.50000000 65.00000000 85.00000000
v 68.50000000 65.00000000 86.00000000
v 69.00000000 65.00000000 85.50000000
v 69.00000000 64.50000000 86.00000000
v 69.00000000 65.00000000 86.50000000
v 68.50000000 66.00000000 84.00000000
v 68.50000000 66.00000000 85.00000000
v 68.50000000 66.00000000 86.00000000
v 69.00000000 66.00000000 85.50000000
v 69.00000000 66.00000000 86.50000000
v 68.50000000 67.00000000 77.00000000
v 69.00000000 67.00000000 76.50000000
v 69.00000000 66.50000000 77.00000000
v 69.00000000 66.50000000 78.00000000
v 68.50000000 67.00000000 78.00000000
v 69.00000000 67.00000000 78.50000000
v 68.50000000 67.00000000 81.00000000
v 68.50000000 67.00000000 82.00000000
v 68.50000000 67.00000000 83.00000000
v 69.00000000 67.00000000 83.50000000
v 69.00000000 66.50000000 84.00000000
v 69.00000000 66.50000000 85.00000000
v 68.50000000 66.50000000 85.50000000
v 68.50000000 67.00000000 86.00000000
v 69.00000000 67.00000000 86.50000000
v 68.50000000 68.00000000 71.00000000
v 68.50000000 68.00000000 74.00000000
v 69.00000000 68.00000000 74.50000000
v 69.00000000 67.50000000 75.00000000
v 68.50000000 68.00000000 76.00000000
v 69.00000000 68.00000000 75.50000000
v 69.00000000 68.00000000 76.50000000
v 69.00000000 67.50000000 79.00000000
v 69.00000000 67.50000000 80.00000000
v 69.00000000 67.50000000 81.00000000
v 69.00000000 67.50000000 82.00000000
v 69.00000000 67.50000000 83.00000000
v 69.00000000 67.50000000 86.00000000
v 69.00000000 68.00000000 85.50000000
v 69.00000000 68.00000000 86.50000000
v 68.50000000 68.00000000 87.00000000
v 69.00000000 67.50000000 87.00000000
v 69.00000000 68.00000000 87.50000000
v 68.50000000 69.00000000 74.00000000
v 69.00000000 68.50000000 75.00000000
v 68.50000000 69.00000000 75.00000000
v 69.00000000 68.50000000 76.00000000
v 69.00000000 69.00000000 75.50000000
v 68.50000000 69.00000000 85.00000000
v 69.00000000 68.50000000 85.00000000
v 69.00000000 69.00000000 84.50000000
v 68.50000000 69.00000000 87.00000000
v 69.00000000 69.00000000 86.50000000
v 69.00000000 69.00000000 87.50000000
v 69.00000000 70.00000000 75.50000000
v 68.50000000 70.00000000 76.00000000
v 68.50000000 70.00000000 84.00000000
v 69.00000000 69.50000000 84.00000000
v 69.00000000 70.00000000 83.50000000
v 69.00000000 69.50000000 87.00000000
v 69.00000000 70.50000000 76.00000000
v 69.00000000 70.50000000 77.00000000
v 69.00000000 71.00000000 77.50000000
v 69.00000000 71.00000000 83.50000000
v 69.00000000 71.50000000 78.00000000
v 69.00000000 72.00000000 78.50000000
v 68.50000000 72.00000000 83.00000000
v 69.00000000 71.50000000 84.00000000
v 68.50000000 72.00000000 84.00000000
v 69.00000000 71.50000000 85.00000000
v 68.50000000 72.00000000 85.00000000
v 69.00000000 72.00000000 85.50000000
v 69.00000000 72.50000000 79.00000000
v 68.50000000 73.00000000 79.00000000
v 69.00000000 73.00000000 79.50000000
v 68.50000000 73.00000000 83.00000000
v 68.50000000 73.00000000 84.00000000
v 69.00000000 73.00000000 84.50000000
v 69.00000000 72.50000000 85.00000000
v 68.50000000 73.00000000 86.00000000
v 68.50000000 74.00000000 79.00000000
v 69.00000000 74.00000000 79.50000000
v 68.50000000 74.00000000 81.00000000
v 68.50000000 74.00000000 83.00000000
v 69.00000000 74.00000000 84.50000000
v 68.50000000 74.00000000 85.00000000
v 68.50000000 74.00000000 86.00000000
v 68.50000000 75.00000000 77.00000000
v 68.50000000 75.00000000 78.00000000
v 68.50000000 75.00000000 79.00000000
v 69.00000000 74.50000000 80.00000000
v 68.50000000 75.00000000 80.00000000
v 69.00000000 74.50000000 81.00000000
v 68.50000000 75.00000000 82.00000000
v 69.00000000 75.00000000 81.50000000
v 69.00000000 75.00000000 82.50000000
v 69.00000000 74.50000000 83.00000000
v 68.50000000 75.00000000 84.00000000
v 69.00000000 75.00000000 83.50000000
v 69.00000000 75.00000000 84.50000000
v 69.00000000 75.50000000 82.00000000
v 69.00000000 75.50000000 84.00000000
v 69.00000000 76.00000000 84.50000000
v 69.00000000 75.50000000 85.00000000
v 68.50000000 76.00000000 86.00000000
v 69.00000000 76.00000000 85.50000000
v 68.50000000 77.00000000 85.00000000
v 69.00000000 77.00000000 84.50000000
v 68.50000000 76.50000000 85.50000000
v 69.00000000 76.50000000 86.00000000
v 68.50000000 77.00000000 86.00000000
v 69.00000000 77.00000000 86.50000000
v 68.50000000 78.00000000 85.00000000
v 69.00000000 77.50000000 85.00000000
v 68.50000000 78.00000000 86.00000000
v 69.00000000 77.50000000 86.00000000
v 68.50000000 79.00000000 84.00000000
v 69.00000000 79.00000000 83.50000000
v 69.00000000 78.50000000 84.00000000
v 69.00000000 79.00000000 84.50000000
v 68.50000000 79.00000000 85.00000000
v 68.50000000 79.00000000 86.00000000
v 69.00000000 79.00000000 85.50000000
v 69.00000000 78.50000000 86.00000000
v 69.00000000 78.50000000 87.00000000
v 68.50000000 79.00000000 87.00000000
v 69.00000000 78.50000000 88.00000000
v 68.50000000 79.00000000 88.00000000
v 69.00000000 79.00000000 88.50000000
v 68.50000000 80.00000000 82.00000000
v 69.00000000 79.50000000 83.00000000
v 69.00000000 80.00000000 82.50000000
v 68.50000000 80.00000000 83.00000000
v 69.00000000 79.50000000 85.00000000
v 69.00000000 80.00000000 88.50000000
v 69.00000000 81.00000000 81.50000000
v 68.50000000 81.00000000 82.00000000
v 69.00000000 80.50000000 82.00000000
v 68.50000000 81.00000000 83.00000000
v 68.50000000 81.00000000 88.00000000
v 69.00000000 80.50000000 88.00000000
v 69.00000000 81.00000000 87.50000000
v 69.00000000 81.50000000 82.00000000
v 69.00000000 81.50000000 83.00000000
v 69.00000000 82.00000000 83.50000000
v 68.50000000 82.00000000 87.00000000
v 69.00000000 81.50000000 87.00000000
v 69.00000000 82.00000000 86.50000000
v 68.50000000 83.00000000 83.00000000
v 69.00000000 83.00000000 83.50000000
v 68.50000000 83.00000000 86.00000000
v 69.00000000 83.00000000 86.50000000
v 69.00000000 83.50000000 84.00000000
v 69.00000000 83.50000000 85.00000000
v 69.00000000 83.50000000 86.00000000
v 68.50000000 91.00000000 95.00000000
v 68.50000000 91.00000000 96.00000000
v 69.00000000 92.00000000 93.50000000
v 69.00000000 91.50000000 94.00000000
v 69.00000000 91.50000000 95.00000000
v 69.00000000 91.50000000 96.00000000
v 69.00000000 91.50000000 97.00000000
v 69.00000000 92.00000000 97.50000000
v 69.00000000 92.50000000 94.00000000
v 68.50000000 93.00000000 94.00000000
v 68.50000000 93.00000000 95.00000000
v 69.00000000 92.50000000 95.00000000
v 69.00000000 92.50000000 96.00000000
v 69.00000000 92.50000000 97.00000000
v 69.50000000 52.00000000 79.00000000
v 70.00000000 52.00000000 78.50000000
v 70.00000000 51.50000000 79.00000000
v 70.00000000 51.50000000 80.00000000
v 69.50000000 52.00000000 80.00000000
v 70.00000000 52.00000000 80.50000000
v 70.00000000 52.50000000 79.00000000
v 69.50000000 53.00000000 80.00000000
v 70.00000000 53.00000000 79.50000000
v 70.00000000 53.00000000 80.50000000
v 69.50000000 54.00000000 80.00000000
v 70.00000000 54.00000000 79.50000000
v 70.00000000 54.00000000 80.50000000
v 70.00000000 54.50000000 80.00000000
v 69.50000000 58.00000000 87.00000000
v 70.00000000 58.00000000 86.50000000
v 70.00000000 57.50000000 87.00000000
v 70.00000000 57.50000000 88.00000000
v 69.50000000 58.00000000 88.00000000
v 70.00000000 57.50000000 89.00000000
v 69.50000000 58.00000000 89.00000000
v 70.00000000 58.00000000 89.50000000
v 69.50000000 58.00000000 90.00000000
v 69.50000000 58.00000000 92.00000000
v 69.50000000 59.00000000 85.00000000
v 70.00000000 59.00000000 84.50000000
v 70.00000000 58.50000000 85.00000000
v 70.00000000 58.50000000 86.00000000
v 70.00000000 58.50000000 90.00000000
v 70.00000000 58.50000000 91.00000000
v 70.00000000 58.50000000 92.00000000
v 70.00000000 58.50000000 93.00000000
v 70.00000000 58.50000000 94.00000000
v 70.00000000 59.00000000 94.50000000
v 70.00000000 60.00000000 84.50000000
v 70.00000000 60.00000000 94.50000000
v 70.00000000 61.00000000 84.50000000
v 70.00000000 60.50000000 94.00000000
v 70.00000000 61.00000000 93.50000000
v 70.00000000 61.50000000 85.00000000
v 70.00000000 62.00000000 85.50000000
v 70.00000000 61.50000000 93.00000000
v 70.00000000 62.00000000 92.50000000
v 70.00000000 62.50000000 86.00000000
v 69.50000000 63.00000000 86.00000000
v 70.00000000 63.00000000 86.50000000
v 69.50000000 63.00000000 90.00000000
v 69.50000000 63.00000000 91.00000000
v 70.00000000 63.00000000 91.50000000
v 70.00000000 62.50000000 92.00000000
v 70.00000000 63.50000000 87.00000000
v 69.50000000 64.00000000 88.00000000
v 70.00000000 64.00000000 87.50000000
v 69.50000000 64.00000000 89.00000000
v 70.00000000 64.00000000 89.50000000
v 70.00000000 63.50000000 90.00000000
v 70.00000000 63.50000000 91.00000000
v 70.00000000 65.00000000 85.50000000
v 70.00000000 64.50000000 86.00000000
v 70.00000000 64.50000000 87.00000000
v 69.50000000 65.00000000 87.00000000
v 70.00000000 64.50000000 88.00000000
v 70.00000000 65.00000000 87.50000000
v 70.00000000 64.50000000 89.00000000
v 69.50000000 66.00000000 78.00000000
v 70.00000000 66.00000000 77.50000000
v 70.00000000 65.50000000 78.00000000
v 70.00000000 65.50000000 79.00000000
v 69.50000000 66.00000000 79.00000000
v 70.00000000 65.50000000 80.00000000
v 69.50000000 66.00000000 80.00000000
v 70.00000000 65.50000000 81.00000000
v 69.50000000 66.00000000 81.00000000
v 70.00000000 65.50000000 82.00000000
v 69.50000000 66.00000000 82.00000000
v 70.00000000 66.00000000 82.50000000
v 70.00000000 66.00000000 85.50000000
v 69.50000000 66.00000000 87.00000000
v 70.00000000 65.50000000 88.00000000
v 69.50000000 66.00000000 88.00000000
v 70.00000000 66.00000000 88.50000000
v 69.50000000 67.00000000 77.00000000
v 70.00000000 67.00000000 77.50000000
v 70.00000000 66.50000000 79.00000000
v 70.00000000 67.00000000 78.50000000
v 70.00000000 66.50000000 80.00000000
v 70.00000000 66.50000000 81.00000000
v 70.00000000 66.50000000 82.00000000
v 70.00000000 67.00000000 83.50000000
v 70.00000000 66.50000000 84.00000000
v 70.00000000 66.50000000 85.00000000
v 69.50000000 67.00000000 87.00000000
v 69.50000000 67.00000000 88.00000000
v 70.00000000 67.00000000 88.50000000
v 69.50000000 68.00000000 75.00000000
v 69.50000000 68.00000000 77.00000000
v 70.00000000 68.00000000 77.50000000
v 70.00000000 67.50000000 79.00000000
v 70.00000000 67.50000000 80.00000000
v 70.00000000 67.50000000 81.00000000
v 70.00000000 67.50000000 82.00000000
v 70.00000000 67.50000000 83.00000000
v 69.50000000 68.00000000 86.00000000
v 69.50000000 68.00000000 88.00000000
v 70.00000000 67.50000000 89.00000000
v 69.50000000 68.00000000 89.00000000
v 70.00000000 68.00000000 89.50000000
v 69.50000000 69.00000000 76.00000000
v 70.00000000 69.00000000 76.50000000
v 70.00000000 68.50000000 77.00000000
v 69.50000000 69.00000000 85.00000000
v 70.00000000 69.00000000 85.50000000
v 70.00000000 68.50000000 86.00000000
v 70.00000000 69.00000000 86.50000000
v 69.50000000 69.00000000 88.00000000
v 69.50000000 69.00000000 89.00000000
v 70.00000000 68.50000000 90.00000000
v 69.50000000 69.00000000 90.00000000
v 70.00000000 69.00000000 90.50000000
v 69.50000000 70.00000000 76.00000000
v 70.00000000 70.00000000 76.50000000
v 69.50000000 70.00000000 84.00000000
v 69.50000000 70.00000000 85.00000000
v 70.00000000 70.00000000 85.50000000
v 69.50000000 70.00000000 87.00000000
v 70.00000000 70.00000000 86.50000000
v 69.50000000 70.00000000 88.00000000
v 69.50000000 70.00000000 89.00000000
v 69.50000000 70.00000000 90.00000000
v 70.00000000 69.50000000 91.00000000
v 69.50000000 70.00000000 91.00000000
v 70.00000000 70.00000000 91.50000000
v 70.00000000 70.50000000 77.00000000
v 70.00000000 71.00000000 77.50000000
v 69.50000000 71.00000000 84.00000000
v 69.50000000 71.00000000 85.00000000
v 70.00000000 71.00000000 85.50000000
v 70.00000000 70.50000000 87.00000000
v 69.50000000 71.00000000 88.00000000
v 70.00000000 71.00000000 87.50000000
v 70.00000000 71.00000000 88.50000000
v 70.00000000 70.50000000 89.00000000
v 69.50000000 71.00000000 90.00000000
v 70.00000000 71.00000000 89.50000000
v 70.00000000 71.00000000 90.50000000
v 70.00000000 70.50000000 91.00000000
v 69.50000000 72.00000000 78.00000000
v 70.00000000 72.00000000 77.50000000
v 70.00000000 71.50000000 86.00000000
v 69.50000000 72.00000000 86.00000000
v 70.00000000 72.00000000 86.50000000
v 69.50000000 72.00000000 88.00000000
v 70.00000000 72.00000000 87.50000000
v 70.00000000 72.00000000 88.50000000
v 70.00000000 71.50000000 90.00000000
v 70.00000000 72.50000000 78.00000000
v 69.50000000 73.00000000 79.00000000
v 70.00000000 73.00000000 78.50000000
v 69.50000000 73.00000000 85.00000000
v 69.50000000 73.00000000 86.00000000
v 70.00000000 73.00000000 86.50000000
v 69.50000000 73.00000000 88.00000000
v 70.00000000 73.00000000 87.50000000
v 70.00000000 73.00000000 88.50000000
v 69.50000000 73.00000000 100.00000000
v 70.00000000 73.00000000 99.50000000
v 70.00000000 72.50000000 100.00000000
v 70.00000000 72.50000000 101.00000000
v 69.50000000 73.00000000 101.00000000
v 70.00000000 72.50000000 102.00000000
v 69.50000000 73.00000000 102.00000000
v 70.00000000 73.00000000 102.50000000
v 70.00000000 73.50000000 79.00000000
v 70.00000000 74.00000000 79.50000000
v 69.50000000 74.00000000 85.00000000
v 69.50000000 74.00000000 86.00000000
v 70.00000000 74.00000000 86.50000000
v 70.00000000 73.50000000 88.00000000
v 70.00000000 74.00000000 88.50000000
v 69.50000000 74.00000000 89.00000000
v 70.00000000 73.50000000 89.00000000
v 70.00000000 74.00000000 89.50000000
v 69.50000000 74.00000000 100.00000000
v 70.00000000 74.00000000 99.50000000
v 69.50000000 74.00000000 101.00000000
v 69.50000000 74.00000000 102.00000000
v 70.00000000 73.50000000 103.00000000
v 69.50000000 74.00000000 103.00000000
v 70.00000000 74.00000000 103.50000000
v 69.50000000 75.00000000 78.00000000
v 70.00000000 75.00000000 77.50000000
v 70.00000000 74.50000000 78.00000000
v 70.00000000 75.00000000 78.50000000
v 69.50000000 75.00000000 80.00000000
v 70.00000000 75.00000000 79.50000000
v 69.50000000 75.00000000 81.00000000
v 69.50000000 75.00000000 83.00000000
v 69.50000000 75.00000000 85.00000000
v 69.50000000 75.00000000 86.00000000
v 70.00000000 75.00000000 86.50000000
v 70.00000000 74.50000000 89.00000000
v 69.50000000 75.00000000 100.00000000
v 70.00000000 75.00000000 99.50000000
v 69.50000000 75.00000000 101.00000000
v 69.50000000 75.00000000 102.00000000
v 69.50000000 75.00000000 103.00000000
v 70.00000000 75.00000000 103.50000000
v 70.00000000 75.50000000 78.00000000
v 70.00000000 75.50000000 80.00000000
v 70.00000000 75.50000000 81.00000000
v 70.00000000 75.50000000 82.00000000
v 69.50000000 76.00000000 83.00000000
v 70.00000000 76.00000000 82.50000000
v 69.50000000 76.00000000 84.00000000
v 69.50000000 76.00000000 86.00000000
v 70.00000000 75.50000000 87.00000000
v 69.50000000 76.00000000 87.00000000
v 70.00000000 76.00000000 87.50000000
v 70.00000000 75.50000000 100.00000000
v 70.00000000 75.50000000 101.00000000
v 70.00000000 75.50000000 102.00000000
v 70.00000000 75.50000000 103.00000000
v 69.50000000 77.00000000 77.00000000
v 70.00000000 77.00000000 76.50000000
v 70.00000000 76.50000000 77.00000000
v 70.00000000 76.50000000 78.00000000
v 69.50000000 77.00000000 78.00000000
v 70.00000000 77.00000000 78.50000000
v 70.00000000 76.50000000 83.00000000
v 69.50000000 77.00000000 84.00000000
v 70.00000000 77.00000000 83.50000000
v 70.00000000 76.50000000 87.00000000
v 70.00000000 77.00000000 86.50000000
v 70.00000000 77.50000000 77.00000000
v 69.50000000 78.00000000 78.00000000
v 70.00000000 78.00000000 77.50000000
v 70.00000000 78.00000000 78.50000000
v 69.50000000 78.00000000 84.00000000
v 70.00000000 78.00000000 83.50000000
v 69.50000000 78.00000000 85.00000000
v 69.50000000 78.00000000 86.00000000
v 70.00000000 77.50000000 87.00000000
v 69.50000000 78.00000000 87.00000000
v 70.00000000 78.00000000 87.50000000
v 70.00000000 78.50000000 78.00000000
v 70.00000000 79.00000000 83.50000000
v 70.00000000 78.50000000 85.00000000
v 70.00000000 79.00000000 84.50000000
v 70.00000000 79.00000000 85.50000000
v 70.00000000 78.50000000 88.00000000
v 70.00000000 79.00000000 88.50000000
v 70.00000000 80.00000000 82.50000000
v 70.00000000 79.50000000 83.00000000
v 70.00000000 79.50000000 85.00000000
v 70.00000000 80.00000000 88.50000000
v 70.00000000 81.00000000 81.50000000
v 70.00000000 80.50000000 82.00000000
v 70.00000000 80.50000000 88.00000000
v 70.00000000 81.00000000 87.50000000
v 70.00000000 81.50000000 82.00000000
v 70.00000000 81.50000000 83.00000000
v 70.00000000 82.00000000 83.50000000
v 69.50000000 82.00000000 87.00000000
v 70.00000000 82.00000000 87.50000000
v 69.50000000 83.00000000 83.00000000
v 70.00000000 83.00000000 82.50000000
v 70.00000000 82.50000000 83.00000000
v 69.50000000 83.00000000 87.00000000
v 70.00000000 83.00000000 87.50000000
v 70.00000000 83.50000000 83.00000000
v 70.00000000 83.50000000 84.00000000
v 69.50000000 84.00000000 85.00000000
v 70.00000000 84.00000000 84.50000000
v 70.00000000 84.00000000 85.50000000
v 70.00000000 83.50000000 86.00000000
v 70.00000000 83.50000000 87.00000000
v 70.00000000 84.50000000 85.00000000
v 69.50000000 92.00000000 94.00000000
v 69.50000000 92.00000000 95.00000000
v 70.00000000 92.00000000 95.50000000
v 70.00000000 91.50000000 96.00000000
v 70.00000000 91.50000000 97.00000000
v 70.00000000 91.50000000 98.00000000
v 69.50000000 92.00000000 98.00000000
v 70.00000000 92.00000000 98.50000000
v 70.00000000 92.50000000 96.00000000
v 70.00000000 92.50000000 97.00000000
v 70.00000000 92.50000000 98.00000000
v 70.50000000 49.00000000 78.00000000
v 71.00000000 49.00000000 77.50000000
v 71.00000000 48.50000000 78.00000000
v 71.00000000 48.50000000 79.00000000
v 70.50000000 49.00000000 79.00000000
v 71.00000000 49.00000000 79.50000000
v 71.00000000 49.50000000 78.00000000
v 70.50000000 50.00000000 79.00000000
v 71.00000000 50.00000000 78.50000000
v 71.00000000 49.50000000 80.00000000
v 70.50000000 50.00000000 80.00000000
v 71.00000000 49.50000000 81.00000000
v 70.50000000 50.00000000 81.00000000
v 71.00000000 49.50000000 82.00000000
v 70.50000000 50.00000000 82.00000000
v 71.00000000 50.00000000 82.50000000
v 70.50000000 51.00000000 79.00000000
v 71.00000000 51.00000000 78.50000000
v 70.50000000 51.00000000 80.00000000
v 70.50000000 51.00000000 81.00000000
v 71.00000000 51.00000000 81.50000000
v 71.00000000 50.50000000 82.00000000
v 70.50000000 52.00000000 79.00000000
v 71.00000000 51.50000000 79.00000000
v 70.50000000 51.50000000 79.50000000
v 71.00000000 52.00000000 79.50000000
v 70.50000000 52.00000000 81.00000000
v 71.00000000 52.00000000 81.50000000
v 71.00000000 53.00000000 79.50000000
v 70.50000000 53.00000000 81.00000000
v 71.00000000 53.00000000 81.50000000
v 71.00000000 53.50000000 80.00000000
v 70.50000000 54.00000000 80.00000000
v 70.50000000 53.50000000 80.50000000
v 71.00000000 54.00000000 80.50000000
v 70.50000000 54.00000000 81.00000000
v 71.00000000 54.00000000 81.50000000
v 71.00000000 54.50000000 81.00000000
v 70.50000000 56.00000000 82.00000000
v 71.00000000 56.00000000 81.50000000
v 71.00000000 55.50000000 82.00000000
v 71.00000000 56.00000000 82.50000000
v 70.50000000 56.00000000 87.00000000
v 71.00000000 56.00000000 86.50000000
v 71.00000000 55.50000000 87.00000000
v 71.00000000 56.00000000 87.50000000
v 70.50000000 57.00000000 82.00000000
v 71.00000000 57.00000000 81.50000000
v 71.00000000 56.50000000 83.00000000
v 70.50000000 57.00000000 83.00000000
v 71.00000000 57.00000000 83.50000000
v 70.50000000 57.00000000 85.00000000
v 71.00000000 57.00000000 84.50000000
v 71.00000000 56.50000000 85.00000000
v 71.00000000 56.50000000 86.00000000
v 70.50000000 57.00000000 86.00000000
v 70.50000000 57.00000000 87.00000000
v 71.00000000 57.00000000 87.50000000
v 71.00000000 57.50000000 82.00000000
v 71.00000000 57.50000000 83.00000000
v 71.00000000 57.50000000 85.00000000
v 71.00000000 57.50000000 86.00000000
v 70.50000000 58.00000000 87.00000000
v 71.00000000 57.50000000 87.00000000
v 70.50000000 58.00000000 88.00000000
v 70.50000000 58.00000000 89.00000000
v 70.50000000 59.00000000 85.00000000
v 71.00000000 59.00000000 85.50000000
v 71.00000000 58.50000000 86.00000000
v 71.00000000 58.50000000 87.00000000
v 71.00000000 58.50000000 88.00000000
v 71.00000000 58.50000000 89.00000000
v 71.00000000 58.50000000 90.00000000
v 71.00000000 58.50000000 91.00000000
v 70.50000000 59.00000000 92.00000000
v 71.00000000 59.00000000 91.50000000
v 70.50000000 59.00000000 93.00000000
v 70.50000000 59.00000000 94.00000000
v 71.00000000 60.00000000 84.50000000
v 71.00000000 59.50000000 85.00000000
v 70.50000000 60.00000000 91.00000000
v 71.00000000 59.50000000 91.00000000
v 71.00000000 60.00000000 90.50000000
v 70.50000000 60.00000000 92.00000000
v 70.50000000 60.00000000 93.00000000
v 70.50000000 60.00000000 94.00000000
v 71.00000000 61.00000000 84.50000000
v 71.00000000 60.50000000 91.00000000
v 71.00000000 61.00000000 91.50000000
v 70.50000000 61.00000000 92.00000000
v 70.50000000 61.00000000 93.00000000
v 71.00000000 61.50000000 85.00000000
v 71.00000000 62.00000000 85.50000000
v 70.50000000 62.00000000 92.00000000
v 71.00000000 62.00000000 91.50000000
v 70.50000000 63.00000000 80.00000000
v 71.00000000 63.00000000 79.50000000
v 71.00000000 62.50000000 80.00000000
v 71.00000000 63.00000000 80.50000000
v 71.00000000 62.50000000 86.00000000
v 71.00000000 63.00000000 86.50000000
v 71.00000000 63.00000000 91.50000000
v 70.50000000 64.00000000 80.00000000
v 71.00000000 64.00000000 79.50000000
v 71.00000000 63.50000000 81.00000000
v 70.50000000 64.00000000 81.00000000
v 71.00000000 64.00000000 81.50000000
v 70.50000000 64.00000000 87.00000000
v 71.00000000 64.00000000 86.50000000
v 70.50000000 64.00000000 90.00000000
v 70.50000000 64.00000000 91.00000000
v 71.00000000 63.50000000 92.00000000
v 70.50000000 64.00000000 92.00000000
v 71.00000000 64.00000000 92.50000000
v 70.50000000 65.00000000 80.00000000
v 71.00000000 65.00000000 79.50000000
v 70.50000000 65.00000000 81.00000000
v 71.00000000 64.50000000 82.00000000
v 70.50000000 65.00000000 82.00000000
v 71.00000000 65.00000000 82.50000000
v 70.50000000 65.00000000 85.00000000
v 71.00000000 65.00000000 84.50000000
v 71.00000000 64.50000000 85.00000000
v 71.00000000 64.50000000 86.00000000
v 70.50000000 65.00000000 88.00000000
v 70.50000000 65.00000000 89.00000000
v 70.50000000 65.00000000 90.00000000
v 70.50000000 65.00000000 91.00000000
v 71.00000000 65.00000000 91.50000000
v 71.00000000 64.50000000 92.00000000
v 70.50000000 66.00000000 78.00000000
v 71.00000000 66.00000000 78.50000000
v 71.00000000 65.50000000 79.00000000
v 71.00000000 66.00000000 82.50000000
v 70.50000000 66.00000000 85.00000000
v 71.00000000 66.00000000 84.50000000
v 70.50000000 66.00000000 89.00000000
v 70.50000000 66.00000000 90.00000000
v 70.50000000 66.00000000 91.00000000
v 71.00000000 65.50000000 92.00000000
v 70.50000000 66.00000000 92.00000000
v 71.00000000 66.00000000 92.50000000
v 70.50000000 67.00000000 78.00000000
v 71.00000000 66.50000000 79.00000000
v 71.00000000 66.50000000 80.00000000
v 71.00000000 66.50000000 81.00000000
v 71.00000000 66.50000000 82.00000000
v 71.00000000 67.00000000 83.50000000
v 71.00000000 66.50000000 84.00000000
v 70.50000000 67.00000000 89.00000000
v 70.50000000 67.00000000 90.00000000
v 70.50000000 67.00000000 91.00000000
v 70.50000000 67.00000000 92.00000000
v 71.00000000 67.00000000 92.50000000
v 70.50000000 68.00000000 78.00000000
v 70.50000000 68.00000000 79.00000000
v 71.00000000 68.00000000 79.50000000
v 71.00000000 67.50000000 80.00000000
v 71.00000000 67.50000000 81.00000000
v 71.00000000 67.50000000 82.00000000
v 71.00000000 67.50000000 83.00000000
v 70.50000000 68.00000000 90.00000000
v 70.50000000 68.00000000 91.00000000
v 70.50000000 68.00000000 92.00000000
v 71.00000000 68.00000000 92.50000000
v 70.50000000 69.00000000 77.00000000
v 71.00000000 69.00000000 77.50000000
v 71.00000000 68.50000000 78.00000000
v 71.00000000 68.50000000 79.00000000
v 70.50000000 69.00000000 86.00000000
v 70.50000000 69.00000000 91.00000000
v 70.50000000 69.00000000 92.00000000
v 71.00000000 68.50000000 93.00000000
v 70.50000000 69.00000000 93.00000000
v 71.00000000 68.50000000 94.00000000
v 70.50000000 69.00000000 94.00000000
v 71.00000000 69.00000000 94.50000000
v 70.50000000 70.00000000 77.00000000
v 71.00000000 70.00000000 77.50000000
v 70.50000000 70.00000000 86.00000000
v 70.50000000 70.00000000 92.00000000
v 70.50000000 70.00000000 93.00000000
v 70.50000000 70.00000000 94.00000000
v 71.00000000 70.00000000 94.50000000
v 71.00000000 71.00000000 77.50000000
v 70.50000000 71.00000000 86.00000000
v 70.50000000 71.00000000 87.00000000
v 70.50000000 71.00000000 89.00000000
v 70.50000000 71.00000000 91.00000000
v 70.50000000 71.00000000 92.00000000
v 70.50000000 71.00000000 93.00000000
v 71.00000000 71.00000000 93.50000000
v 71.00000000 70.50000000 94.00000000
v 70.50000000 71.00000000 99.00000000
v 71.00000000 71.00000000 98.50000000
v 71.00000000 70.50000000 99.00000000
v 71.00000000 71.00000000 99.50000000
v 71.00000000 71.50000000 78.00000000
v 70.50000000 72.00000000 78.00000000
v 71.00000000 72.00000000 78.50000000
v 70.50000000 72.00000000 87.00000000
v 70.50000000 72.00000000 89.00000000
v 70.50000000 72.00000000 90.00000000
v 70.50000000 72.00000000 91.00000000
v 70.50000000 72.00000000 92.00000000
v 71.00000000 72.00000000 92.50000000
v 71.00000000 71.50000000 93.00000000
v 70.50000000 72.00000000 98.00000000
v 71.00000000 72.00000000 97.50000000
v 71.00000000 71.50000000 98.00000000
v 70.50000000 72.00000000 99.00000000
v 71.00000000 71.50000000 100.00000000
v 70.50000000 72.00000000 100.00000000
v 71.00000000 71.50000000 101.00000000
v 70.50000000 72.00000000 101.00000000
v 71.00000000 71.50000000 102.00000000
v 70.50000000 72.00000000 102.00000000
v 71.00000000 72.00000000 102.50000000
v 71.00000000 73.00000000 78.50000000
v 70.50000000 73.00000000 87.00000000
v 71.00000000 72.50000000 89.00000000
v 71.00000000 73.00000000 88.50000000
v 71.00000000 72.50000000 90.00000000
v 71.00000000 72.50000000 91.00000000
v 71.00000000 72.50000000 92.00000000
v 70.50000000 73.00000000 98.00000000
v 71.00000000 73.00000000 97.50000000
v 70.50000000 73.00000000 99.00000000
v 71.00000000 73.00000000 102.50000000
v 71.00000000 73.50000000 79.00000000
v 71.00000000 74.00000000 79.50000000
v 70.50000000 74.00000000 87.00000000
v 70.50000000 74.00000000 88.00000000
v 70.50000000 74.00000000 89.00000000
v 71.00000000 74.00000000 88.50000000
v 71.00000000 73.50000000 98.00000000
v 70.50000000 74.00000000 99.00000000
v 71.00000000 74.00000000 98.50000000
v 71.00000000 73.50000000 103.00000000
v 71.00000000 73.50000000 104.00000000
v 70.50000000 74.00000000 104.00000000
v 71.00000000 74.00000000 104.50000000
v 70.50000000 75.00000000 78.00000000
v 71.00000000 75.00000000 79.50000000
v 70.50000000 75.00000000 87.00000000
v 70.50000000 75.00000000 88.00000000
v 71.00000000 74.50000000 89.00000000
v 70.50000000 75.00000000 89.00000000
v 71.00000000 75.00000000 89.50000000
v 71.00000000 74.50000000 99.00000000
v 71.00000000 75.00000000 99.50000000
v 71.00000000 74.50000000 104.00000000
v 71.00000000 75.00000000 103.50000000
v 71.00000000 75.50000000 80.00000000
v 71.00000000 75.50000000 81.00000000
v 70.50000000 76.00000000 82.00000000
v 71.00000000 76.00000000 81.50000000
v 70.50000000 76.00000000 88.00000000
v 70.50000000 76.00000000 89.00000000
v 71.00000000 75.50000000 90.00000000
v 70.50000000 76.00000000 90.00000000
v 71.00000000 76.00000000 90.50000000
v 71.00000000 75.50000000 100.00000000
v 71.00000000 75.50000000 101.00000000
v 70.50000000 76.00000000 102.00000000
v 71.00000000 76.00000000 101.50000000
v 71.00000000 76.00000000 102.50000000
v 71.00000000 75.50000000 103.00000000
v 71.00000000 77.00000000 76.50000000
v 71.00000000 76.50000000 77.00000000
v 71.00000000 76.50000000 78.00000000
v 71.00000000 77.00000000 78.50000000
v 71.00000000 76.50000000 82.00000000
v 70.50000000 77.00000000 83.00000000
v 71.00000000 77.00000000 82.50000000
v 70.50000000 77.00000000 87.00000000
v 70.50000000 77.00000000 88.00000000
v 70.50000000 77.00000000 89.00000000
v 70.50000000 77.00000000 90.00000000
v 71.00000000 77.00000000 90.50000000
v 71.00000000 76.50000000 102.00000000
v 70.50000000 78.00000000 77.00000000
v 71.00000000 78.00000000 76.50000000
v 71.00000000 78.00000000 78.50000000
v 70.50000000 78.00000000 83.00000000
v 71.00000000 78.00000000 82.50000000
v 70.50000000 78.00000000 88.00000000
v 70.50000000 78.00000000 89.00000000
v 71.00000000 78.00000000 89.50000000
v 71.00000000 77.50000000 90.00000000
v 71.00000000 78.50000000 77.00000000
v 70.50000000 79.00000000 78.00000000
v 71.00000000 79.00000000 77.50000000
v 71.00000000 78.50000000 79.00000000
v 70.50000000 79.00000000 79.00000000
v 71.00000000 79.00000000 79.50000000
v 70.50000000 79.00000000 83.00000000
v 71.00000000 79.00000000 82.50000000
v 70.50000000 79.00000000 85.00000000
v 71.00000000 78.50000000 89.00000000
v 71.00000000 79.00000000 88.50000000
v 71.00000000 79.50000000 78.00000000
v 71.00000000 79.50000000 79.00000000
v 70.50000000 80.00000000 82.00000000
v 71.00000000 80.00000000 81.50000000
v 71.00000000 79.50000000 82.00000000
v 71.00000000 79.50000000 89.00000000
v 70.50000000 80.00000000 89.00000000
v 71.00000000 80.00000000 89.50000000
v 71.00000000 81.00000000 81.50000000
v 70.50000000 81.00000000 88.00000000
v 71.00000000 81.00000000 88.50000000
v 71.00000000 80.50000000 89.00000000
v 71.00000000 81.50000000 82.00000000
v 71.00000000 81.50000000 83.00000000
v 71.00000000 82.00000000 83.50000000
v 70.50000000 82.00000000 88.00000000
v 71.00000000 82.00000000 88.50000000
v 71.00000000 83.00000000 82.50000000
v 71.00000000 82.50000000 83.00000000
v 71.00000000 82.50000000 88.00000000
v 71.00000000 83.00000000 87.50000000
v 70.50000000 84.00000000 83.00000000
v 71.00000000 84.00000000 82.50000000
v 70.50000000 84.00000000 84.00000000
v 70.50000000 84.00000000 86.00000000
v 70.50000000 84.00000000 87.00000000
v 71.00000000 84.00000000 87.50000000
v 71.00000000 84.50000000 83.00000000
v 70.50000000 85.00000000 84.00000000
v 71.00000000 85.00000000 83.50000000
v 71.00000000 84.50000000 85.00000000
v 71.00000000 85.00000000 84.50000000
v 71.00000000 84.50000000 86.00000000
v 71.00000000 84.50000000 87.00000000
v 71.00000000 85.50000000 84.00000000
v 70.50000000 92.00000000 96.00000000
v 70.50000000 92.00000000 97.00000000
v 70.50000000 92.00000000 98.00000000
v 70.50000000 96.00000000 83.00000000
v 71.00000000 96.00000000 82.50000000
v 71.00000000 95.50000000 83.00000000
v 71.00000000 95.50000000 84.00000000
v 70.50000000 96.00000000 84.00000000
v 71.00000000 95.50000000 85.00000000
v 70.50000000 96.00000000 85.00000000
v 71.00000000 95.50000000 86.00000000
v 70.50000000 96.00000000 86.00000000
v 71.00000000 96.00000000 86.50000000
v 70.50000000 96.00000000 88.00000000
v 71.00000000 96.00000000 87.50000000
v 71.00000000 95.50000000 88.00000000
v 71.00000000 95.50000000 89.00000000
v 70.50000000 96.00000000 89.00000000
v 71.00000000 96.00000000 89.50000000
v 71.00000000 96.50000000 83.00000000
v 71.00000000 96.50000000 84.00000000
v 71.00000000 96.50000000 85.00000000
v 70.50000000 97.00000000 86.00000000
v 71.00000000 97.00000000 85.50000000
v 71.00000000 96.50000000 87.00000000
v 70.50000000 97.00000000 87.00000000
v 70.50000000 97.00000000 88.00000000
v 71.00000000 97.00000000 88.50000000
v 71.00000000 96.50000000 89.00000000
v 71.00000000 97.50000000 86.00000000
v 71.00000000 97.50000000 87.00000000
v 71.00000000 97.50000000 88.00000000
v 71.50000000 46.00000000 76.00000000
v 72.00000000 46.00000000 75.50000000
v 72.00000000 45.50000000 76.00000000
v 72.00000000 46.00000000 76.50000000
v 72.00000000 46.50000000 76.00000000
v 72.00000000 47.00000000 76.50000000
v 71.50000000 47.00000000 77.00000000
v 72.00000000 46.50000000 77.00000000
v 72.00000000 46.50000000 78.00000000
v 71.50000000 47.00000000 78.00000000
v 72.00000000 46.50000000 79.00000000
v 71.50000000 47.00000000 79.00000000
v 72.00000000 46.50000000 80.00000000
v 71.50000000 47.00000000 80.00000000
v 72.00000000 46.50000000 81.00000000
v 71.50000000 47.00000000 81.00000000
v 72.00000000 46.50000000 82.00000000
v 71.50000000 47.00000000 82.00000000
v 72.00000000 47.00000000 82.50000000
v 71.50000000 48.00000000 77.00000000
v 72.00000000 48.00000000 76.50000000
v 71.50000000 48.00000000 78.00000000
v 71.50000000 48.00000000 79.00000000
v 71.50000000 48.00000000 80.00000000
v 71.50000000 48.00000000 81.00000000
v 71.50000000 48.00000000 82.00000000
v 72.00000000 48.00000000 82.50000000
v 72.00000000 48.50000000 77.00000000
v 72.00000000 49.00000000 77.50000000
v 71.50000000 49.00000000 80.00000000
v 71.50000000 49.00000000 81.00000000
v 72.00000000 49.00000000 81.50000000
v 72.00000000 48.50000000 82.00000000
v 71.50000000 49.00000000 85.00000000
v 72.00000000 49.00000000 84.50000000
v 72.00000000 48.50000000 85.00000000
v 72.00000000 49.00000000 85.50000000
v 72.00000000 49.50000000 78.00000000
v 72.00000000 50.00000000 78.50000000
v 72.00000000 49.50000000 82.00000000
v 72.00000000 50.00000000 82.50000000
v 72.00000000 49.50000000 85.00000000
v 72.00000000 50.50000000 79.00000000
v 71.50000000 51.00000000 79.00000000
v 72.00000000 51.00000000 79.50000000
v 71.50000000 51.00000000 82.00000000
v 72.00000000 51.00000000 82.50000000
v 72.00000000 52.00000000 79.50000000
v 71.50000000 52.00000000 82.00000000
v 72.00000000 52.00000000 82.50000000
v 72.00000000 52.50000000 80.00000000
v 71.50000000 53.00000000 80.00000000
v 72.00000000 53.00000000 80.50000000
v 72.00000000 52.50000000 82.00000000
v 72.00000000 53.00000000 81.50000000
v 71.50000000 54.00000000 81.00000000
v 72.00000000 53.50000000 81.00000000
v 71.50000000 55.00000000 87.00000000
v 72.00000000 55.00000000 86.50000000
v 72.00000000 54.50000000 87.00000000
v 72.00000000 55.00000000 87.50000000
v 72.00000000 56.00000000 81.50000000
v 72.00000000 55.50000000 82.00000000
v 72.00000000 55.50000000 83.00000000
v 71.50000000 56.00000000 83.00000000
v 72.00000000 55.50000000 84.00000000
v 71.50000000 56.00000000 84.00000000
v 72.00000000 55.50000000 85.00000000
v 71.50000000 56.00000000 85.00000000
v 72.00000000 55.50000000 86.00000000
v 71.50000000 56.00000000 86.00000000
v 72.00000000 55.50000000 88.00000000
v 71.50000000 56.00000000 88.00000000
v 72.00000000 56.00000000 88.50000000
v 72.00000000 57.00000000 81.50000000
v 71.50000000 57.00000000 84.00000000
v 71.50000000 57.00000000 85.00000000
v 72.00000000 56.50000000 85.00000000
v 72.00000000 57.00000000 84.50000000
v 71.50000000 57.00000000 86.00000000
v 72.00000000 56.50000000 86.00000000
v 72.00000000 57.00000000 86.50000000
v 72.00000000 56.50000000 88.00000000
v 72.00000000 57.00000000 87.50000000
v 72.00000000 57.50000000 82.00000000
v 72.00000000 57.50000000 83.00000000
v 72.00000000 57.50000000 84.00000000
v 72.00000000 57.50000000 87.00000000
v 71.50000000 59.00000000 86.00000000
v 72.00000000 59.00000000 86.50000000
v 72.00000000 58.50000000 87.00000000
v 72.00000000 58.50000000 88.00000000
v 72.00000000 58.50000000 89.00000000
v 72.00000000 58.50000000 90.00000000
v 71.50000000 59.00000000 91.00000000
v 72.00000000 59.00000000 90.50000000
v 72.00000000 60.00000000 84.50000000
v 72.00000000 59.50000000 85.00000000
v 72.00000000 59.50000000 86.00000000
v 72.00000000 60.00000000 90.50000000
v 72.00000000 61.00000000 84.50000000
v 71.50000000 61.00000000 91.00000000
v 72.00000000 61.00000000 90.50000000
v 71.50000000 62.00000000 81.00000000
v 72.00000000 62.00000000 80.50000000
v 72.00000000 61.50000000 81.00000000
v 72.00000000 61.50000000 82.00000000
v 71.50000000 62.00000000 82.00000000
v 72.00000000 62.00000000 82.50000000
v 72.00000000 61.50000000 85.00000000
v 72.00000000 62.00000000 85.50000000
v 72.00000000 61.50000000 91.00000000
v 72.00000000 62.00000000 91.50000000
v 72.00000000 63.00000000 79.50000000
v 72.00000000 62.50000000 80.00000000
v 71.50000000 63.00000000 81.00000000
v 71.50000000 63.00000000 82.00000000
v 72.00000000 62.50000000 83.00000000
v 71.50000000 63.00000000 83.00000000
v 72.00000000 63.00000000 83.50000000
v 71.50000000 63.00000000 86.00000000
v 72.00000000 63.00000000 85.50000000
v 72.00000000 62.50000000 92.00000000
v 71.50000000 63.00000000 92.00000000
v 72.00000000 63.00000000 92.50000000
v 71.50000000 64.00000000 79.00000000
v 72.00000000 64.00000000 78.50000000
v 72.00000000 63.50000000 79.00000000
v 71.50000000 64.00000000 82.00000000
v 71.50000000 64.00000000 83.00000000
v 72.00000000 63.50000000 84.00000000
v 71.50000000 64.00000000 84.00000000
v 72.00000000 63.50000000 85.00000000
v 71.50000000 64.00000000 85.00000000
v 71.50000000 64.00000000 86.00000000
v 72.00000000 64.00000000 92.50000000
v 72.00000000 64.50000000 79.00000000
v 72.00000000 65.00000000 79.50000000
v 71.50000000 65.00000000 83.00000000
v 71.50000000 65.00000000 84.00000000
v 71.50000000 65.00000000 92.00000000
v 72.00000000 64.50000000 93.00000000
v 71.50000000 65.00000000 93.00000000
v 72.00000000 65.00000000 93.50000000
v 71.50000000 66.00000000 79.00000000
v 72.00000000 66.00000000 79.50000000
v 71.50000000 66.00000000 83.00000000
v 71.50000000 66.00000000 84.00000000
v 71.50000000 66.00000000 93.00000000
v 72.00000000 65.50000000 94.00000000
v 71.50000000 66.00000000 94.00000000
v 72.00000000 66.00000000 94.50000000
v 72.00000000 66.50000000 80.00000000
v 72.00000000 66.50000000 81.00000000
v 72.00000000 66.50000000 82.00000000
v 72.00000000 66.50000000 83.00000000
v 71.50000000 67.00000000 84.00000000
v 72.00000000 66.50000000 84.00000000
v 72.00000000 67.00000000 84.50000000
v 71.50000000 67.00000000 93.00000000
v 71.50000000 67.00000000 94.00000000
v 72.00000000 66.50000000 95.00000000
v 71.50000000 67.00000000 95.00000000
v 72.00000000 67.00000000 95.50000000
v 71.50000000 68.00000000 80.00000000
v 72.00000000 68.00000000 80.50000000
v 72.00000000 67.50000000 81.00000000
v 72.00000000 67.50000000 82.00000000
v 72.00000000 67.50000000 83.00000000
v 72.00000000 67.50000000 84.00000000
v 72.00000000 68.00000000 84.50000000
v 71.50000000 68.00000000 85.00000000
v 72.00000000 67.50000000 85.00000000
v 72.00000000 68.00000000 85.50000000
v 71.50000000 68.00000000 93.00000000
v 71.50000000 68.00000000 94.00000000
v 71.50000000 68.00000000 95.00000000
v 72.00000000 68.00000000 95.50000000
v 71.50000000 69.00000000 78.00000000
v 72.00000000 69.00000000 78.50000000
v 72.00000000 68.50000000 79.00000000
v 72.00000000 68.50000000 80.00000000
v 72.00000000 68.50000000 85.00000000
v 71.50000000 69.00000000 95.00000000
v 72.00000000 68.50000000 96.00000000
v 71.50000000 69.00000000 96.00000000
v 72.00000000 68.50000000 97.00000000
v 71.50000000 69.00000000 97.00000000
v 72.00000000 69.00000000 97.50000000
v 71.50000000 70.00000000 78.00000000
v 72.00000000 70.00000000 78.50000000
v 71.50000000 70.00000000 95.00000000
v 71.50000000 70.00000000 96.00000000
v 71.50000000 70.00000000 97.00000000
v 72.00000000 69.50000000 98.00000000
v 71.50000000 70.00000000 98.00000000
v 72.00000000 70.00000000 98.50000000
v 71.50000000 71.00000000 78.00000000
v 72.00000000 71.00000000 78.50000000
v 71.50000000 71.00000000 94.00000000
v 71.50000000 71.00000000 95.00000000
v 71.50000000 71.00000000 96.00000000
v 71.50000000 71.00000000 97.00000000
v 71.50000000 71.00000000 98.00000000
v 72.00000000 70.50000000 99.00000000
v 72.00000000 71.00000000 99.50000000
v 72.00000000 72.00000000 78.50000000
v 71.50000000 72.00000000 93.00000000
v 71.50000000 72.00000000 94.00000000
v 71.50000000 72.00000000 95.00000000
v 71.50000000 72.00000000 96.00000000
v 71.50000000 72.00000000 97.00000000
v 72.00000000 71.50000000 100.00000000
v 72.00000000 71.50000000 101.00000000
v 71.50000000 72.00000000 102.00000000
v 72.00000000 72.00000000 101.50000000
v 72.00000000 73.00000000 78.50000000
v 71.50000000 73.00000000 89.00000000
v 72.00000000 73.00000000 89.50000000
v 72.00000000 72.50000000 90.00000000
v 71.50000000 73.00000000 91.00000000
v 72.00000000 73.00000000 90.50000000
v 72.00000000 73.00000000 91.50000000
v 72.00000000 72.50000000 92.00000000
v 72.00000000 72.50000000 93.00000000
v 72.00000000 72.50000000 94.00000000
v 72.00000000 72.50000000 95.00000000
v 72.00000000 72.50000000 96.00000000
v 71.50000000 73.00000000 97.00000000
v 72.00000000 73.00000000 96.50000000
v 72.00000000 72.50000000 102.00000000
v 72.00000000 73.00000000 102.50000000
v 71.50000000 74.00000000 78.00000000
v 72.00000000 74.00000000 77.50000000
v 72.00000000 73.50000000 78.00000000
v 71.50000000 74.00000000 79.00000000
v 71.50000000 74.00000000 89.00000000
v 72.00000000 73.50000000 90.00000000
v 71.50000000 74.00000000 90.00000000
v 72.00000000 73.50000000 91.00000000
v 72.00000000 74.00000000 90.50000000
v 72.00000000 73.50000000 97.00000000
v 72.00000000 73.50000000 98.00000000
v 72.00000000 74.00000000 98.50000000
v 72.00000000 73.50000000 103.00000000
v 71.50000000 74.00000000 104.00000000
v 72.00000000 74.00000000 103.50000000
v 72.00000000 74.50000000 78.00000000
v 72.00000000 74.50000000 79.00000000
v 72.00000000 75.00000000 79.50000000
v 71.50000000 75.00000000 90.00000000
v 72.00000000 75.00000000 90.50000000
v 72.00000000 74.50000000 99.00000000
v 72.00000000 75.00000000 99.50000000
v 71.50000000 75.00000000 103.00000000
v 72.00000000 74.50000000 103.00000000
v 72.00000000 75.00000000 102.50000000
v 71.50000000 76.00000000 77.00000000
v 72.00000000 76.00000000 76.50000000
v 72.00000000 75.50000000 77.00000000
v 72.00000000 75.50000000 78.00000000
v 71.50000000 76.00000000 78.00000000
v 72.00000000 75.50000000 79.00000000
v 71.50000000 76.00000000 79.00000000
v 71.50000000 76.00000000 80.00000000
v 71.50000000 76.00000000 81.00000000
v 72.00000000 76.00000000 90.50000000
v 72.00000000 75.50000000 100.00000000
v 72.00000000 75.50000000 101.00000000
v 71.50000000 76.00000000 102.00000000
v 72.00000000 75.50000000 102.00000000
v 71.50000000 77.00000000 76.00000000
v 72.00000000 77.00000000 75.50000000
v 72.00000000 76.50000000 76.00000000
v 71.50000000 77.00000000 79.00000000
v 71.50000000 77.00000000 80.00000000
v 71.50000000 77.00000000 81.00000000
v 71.50000000 77.00000000 82.00000000
v 72.00000000 76.50000000 91.00000000
v 71.50000000 77.00000000 91.00000000
v 72.00000000 77.00000000 91.50000000
v 72.00000000 77.50000000 76.00000000
v 72.00000000 78.00000000 76.50000000
v 71.50000000 78.00000000 79.00000000
v 71.50000000 78.00000000 80.00000000
v 71.50000000 78.00000000 81.00000000
v 71.50000000 78.00000000 82.00000000
v 71.50000000 78.00000000 90.00000000
v 71.50000000 78.00000000 91.00000000
v 72.00000000 78.00000000 91.50000000
v 71.50000000 79.00000000 75.00000000
v 72.00000000 79.00000000 74.50000000
v 72.00000000 78.50000000 75.00000000
v 72.00000000 78.50000000 76.00000000
v 71.50000000 79.00000000 76.00000000
v 71.50000000 79.00000000 77.00000000
v 72.00000000 78.50000000 78.00000000
v 72.00000000 79.00000000 77.50000000
v 71.50000000 79.00000000 78.00000000
v 71.50000000 78.50000000 78.50000000
v 72.00000000 78.50000000 79.00000000
v 71.50000000 79.00000000 79.00000000
v 72.00000000 79.00000000 79.50000000
v 71.50000000 79.00000000 80.00000000
v 71.50000000 79.00000000 81.00000000
v 71.50000000 79.00000000 82.00000000
v 71.50000000 79.00000000 89.00000000
v 72.00000000 79.00000000 89.50000000
v 72.00000000 78.50000000 90.00000000
v 72.00000000 78.50000000 91.00000000
v 71.50000000 80.00000000 74.00000000
v 72.00000000 80.00000000 73.50000000
v 72.00000000 79.50000000 74.00000000
v 71.50000000 80.00000000 75.00000000
v 71.50000000 80.00000000 76.00000000
v 71.50000000 80.00000000 77.00000000
v 72.00000000 80.00000000 77.50000000
v 72.00000000 80.00000000 79.50000000
v 71.50000000 80.00000000 80.00000000
v 71.50000000 80.00000000 81.00000000
v 72.00000000 80.00000000 89.50000000
v 72.00000000 80.50000000 74.00000000
v 72.00000000 80.50000000 75.00000000
v 72.00000000 80.50000000 76.00000000
v 72.00000000 80.50000000 77.00000000
v 72.00000000 80.50000000 80.00000000
v 72.00000000 80.50000000 81.00000000
v 72.00000000 81.00000000 81.50000000
v 71.50000000 81.00000000 89.00000000
v 72.00000000 80.50000000 90.00000000
v 71.50000000 81.00000000 90.00000000
v 72.00000000 81.00000000 90.50000000
v 72.00000000 81.50000000 82.00000000
v 71.50000000 82.00000000 83.00000000
v 72.00000000 82.00000000 82.50000000
v 71.50000000 82.00000000 89.00000000
v 72.00000000 82.00000000 89.50000000
v 72.00000000 81.50000000 90.00000000
v 72.00000000 82.00000000 90.50000000
v 71.50000000 82.00000000 91.00000000
v 72.00000000 81.50000000 91.00000000
v 72.00000000 82.00000000 91.50000000
v 71.50000000 83.00000000 81.00000000
v 72.00000000 83.00000000 80.50000000
v 72.00000000 82.50000000 81.00000000
v 72.00000000 82.50000000 82.00000000
v 71.50000000 83.00000000 82.00000000
v 71.50000000 83.00000000 88.00000000
v 72.00000000 83.00000000 88.50000000
v 72.00000000 82.50000000 89.00000000
v 72.00000000 82.50000000 91.00000000
v 71.50000000 84.00000000 79.00000000
v 72.00000000 84.00000000 78.50000000
v 72.00000000 83.50000000 79.00000000
v 72.00000000 84.00000000 79.50000000
v 71.50000000 84.00000000 81.00000000
v 72.00000000 84.00000000 80.50000000
v 71.50000000 84.00000000 82.00000000
v 71.50000000 84.00000000 88.00000000
v 72.00000000 84.00000000 88.50000000
v 71.50000000 85.00000000 78.00000000
v 72.00000000 85.00000000 77.50000000
v 72.00000000 84.50000000 78.00000000
v 71.50000000 85.00000000 79.00000000
v 72.00000000 84.50000000 80.00000000
v 71.50000000 85.00000000 80.00000000
v 71.50000000 85.00000000 81.00000000
v 71.50000000 85.00000000 82.00000000
v 71.50000000 85.00000000 83.00000000
v 71.50000000 85.00000000 85.00000000
v 71.50000000 85.00000000 86.00000000
v 71.50000000 85.00000000 87.00000000
v 72.00000000 85.00000000 87.50000000
v 72.00000000 84.50000000 88.00000000
v 72.00000000 85.50000000 78.00000000
v 71.50000000 86.00000000 79.00000000
v 72.00000000 86.00000000 78.50000000
v 71.50000000 86.00000000 80.00000000
v 71.50000000 86.00000000 81.00000000
v 72.00000000 86.00000000 81.50000000
v 72.00000000 85.50000000 82.00000000
v 71.50000000 86.00000000 83.00000000
v 72.00000000 86.00000000 82.50000000
v 71.50000000 86.00000000 84.00000000
v 71.50000000 86.00000000 85.00000000
v 72.00000000 86.00000000 85.50000000
v 72.00000000 85.50000000 86.00000000
v 72.00000000 85.50000000 87.00000000
v 72.00000000 86.50000000 79.00000000
v 71.50000000 87.00000000 80.00000000
v 72.00000000 87.00000000 79.50000000
v 72.00000000 87.00000000 80.50000000
v 72.00000000 86.50000000 81.00000000
v 72.00000000 86.50000000 83.00000000
v 71.50000000 87.00000000 84.00000000
v 72.00000000 87.00000000 83.50000000
v 72.00000000 87.00000000 84.50000000
v 72.00000000 86.50000000 85.00000000
v 72.00000000 87.50000000 80.00000000
v 72.00000000 87.50000000 84.00000000
v 71.50000000 94.00000000 77.00000000
v 72.00000000 94.00000000 76.50000000
v 72.00000000 93.50000000 77.00000000
v 72.00000000 93.50000000 78.00000000
v 71.50000000 94.00000000 78.00000000
v 72.00000000 93.50000000 79.00000000
v 71.50000000 94.00000000 79.00000000
v 72.00000000 94.00000000 79.50000000
v 71.50000000 95.00000000 77.00000000
v 72.00000000 95.00000000 76.50000000
v 71.50000000 95.00000000 78.00000000
v 71.50000000 95.00000000 79.00000000
v 72.00000000 94.50000000 80.00000000
v 71.50000000 95.00000000 80.00000000
v 72.00000000 94.50000000 81.00000000
v 71.50000000 95.00000000 81.00000000
v 72.00000000 95.00000000 81.50000000
v 72.00000000 95.50000000 77.00000000
v 72.00000000 95.50000000 78.00000000
v 71.50000000 96.00000000 79.00000000
v 72.00000000 96.00000000 78.50000000
v 71.50000000 96.00000000 80.00000000
v 71.50000000 96.00000000 81.00000000
v 72.00000000 95.50000000 82.00000000
v 71.50000000 96.00000000 82.00000000
v 72.00000000 95.50000000 83.00000000
v 71.50000000 96.00000000 84.00000000
v 72.00000000 96.00000000 83.50000000
v 71.50000000 96.00000000 85.00000000
v 71.50000000 96.00000000 86.00000000
v 71.50000000 96.00000000 88.00000000
v 71.50000000 96.00000000 89.00000000
v 72.00000000 96.50000000 79.00000000
v 72.00000000 96.50000000 80.00000000
v 72.00000000 96.50000000 81.00000000
v 72.00000000 96.50000000 82.00000000
v 72.00000000 96.50000000 83.00000000
v 71.50000000 97.00000000 86.00000000
v 71.50000000 97.00000000 87.00000000
v 71.50000000 97.00000000 88.00000000
v 72.50000000 46.00000000 76.00000000
v 73.00000000 45.50000000 77.00000000
v 73.00000000 46.00000000 76.50000000
v 72.50000000 46.00000000 77.00000000
v 73.00000000 45.50000000 78.00000000
v 72.50000000 46.00000000 78.00000000
v 73.00000000 45.50000000 79.00000000
v 72.50000000 46.00000000 79.00000000
v 73.00000000 45.50000000 80.00000000
v 72.50000000 46.00000000 80.00000000
v 73.00000000 45.50000000 81.00000000
v 72.50000000 46.00000000 81.00000000
v 73.00000000 45.50000000 82.00000000
v 72.50000000 46.00000000 82.00000000
v 73.00000000 45.50000000 83.00000000
v 72.50000000 46.00000000 83.00000000
v 73.00000000 45.50000000 84.00000000
v 72.50000000 46.00000000 84.00000000
v 73.00000000 46.00000000 84.50000000
v 73.00000000 47.00000000 76.50000000
v 72.50000000 47.00000000 83.00000000
v 72.50000000 47.00000000 84.00000000
v 73.00000000 47.00000000 84.50000000
v 73.00000000 47.50000000 77.00000000
v 72.50000000 48.00000000 77.00000000
v 73.00000000 48.00000000 77.50000000
v 72.50000000 48.00000000 81.00000000
v 73.00000000 47.50000000 81.00000000
v 73.00000000 48.00000000 80.50000000
v 72.50000000 48.00000000 82.00000000
v 73.00000000 47.50000000 82.00000000
v 73.00000000 47.50000000 83.00000000
v 72.50000000 48.00000000 84.00000000
v 73.00000000 48.00000000 83.50000000
v 73.00000000 48.00000000 84.50000000
v 72.50000000 49.00000000 78.00000000
v 73.00000000 48.50000000 78.00000000
v 72.50000000 49.00000000 79.00000000
v 73.00000000 48.50000000 79.00000000
v 72.50000000 49.00000000 80.00000000
v 73.00000000 48.50000000 80.00000000
v 72.50000000 49.00000000 81.00000000
v 73.00000000 48.50000000 84.00000000
v 73.00000000 49.00000000 84.50000000
v 73.00000000 48.50000000 85.00000000
v 73.00000000 49.00000000 85.50000000
v 72.50000000 50.00000000 79.00000000
v 72.50000000 50.00000000 80.00000000
v 72.50000000 50.00000000 81.00000000
v 72.50000000 50.00000000 82.00000000
v 73.00000000 49.50000000 85.00000000
v 72.50000000 51.00000000 80.00000000
v 72.50000000 51.00000000 81.00000000
v 72.50000000 51.00000000 82.00000000
v 72.50000000 52.00000000 80.00000000
v 72.50000000 52.00000000 81.00000000
v 72.50000000 52.00000000 82.00000000
v 72.50000000 53.00000000 81.00000000
v 72.50000000 55.00000000 87.00000000
v 72.50000000 56.00000000 82.00000000
v 72.50000000 56.00000000 83.00000000
v 72.50000000 56.00000000 84.00000000
v 72.50000000 56.00000000 85.00000000
v 72.50000000 56.00000000 86.00000000
v 72.50000000 56.00000000 87.00000000
v 72.50000000 56.00000000 88.00000000
v 72.50000000 57.00000000 82.00000000
v 72.50000000 57.00000000 83.00000000
v 72.50000000 57.00000000 84.00000000
v 72.50000000 57.00000000 87.00000000
v 72.50000000 59.00000000 87.00000000
v 72.50000000 59.00000000 88.00000000
v 72.50000000 59.00000000 89.00000000
v 72.50000000 59.00000000 90.00000000
v 72.50000000 60.00000000 85.00000000
v 72.50000000 60.00000000 86.00000000
v 73.00000000 60.00000000 86.50000000
v 73.00000000 59.50000000 87.00000000
v 73.00000000 59.50000000 88.00000000
v 73.00000000 59.50000000 89.00000000
v 73.00000000 60.00000000 89.50000000
v 72.50000000 60.00000000 90.00000000
v 72.50000000 61.00000000 85.00000000
v 73.00000000 61.00000000 85.50000000
v 73.00000000 60.50000000 86.00000000
v 72.50000000 61.00000000 90.00000000
v 73.00000000 61.00000000 89.50000000
v 72.50000000 62.00000000 81.00000000
v 73.00000000 62.00000000 81.50000000
v 73.00000000 61.50000000 82.00000000
v 73.00000000 62.00000000 82.50000000
v 73.00000000 62.00000000 85.50000000
v 73.00000000 61.50000000 90.00000000
v 72.50000000 62.00000000 91.00000000
v 73.00000000 62.00000000 90.50000000
v 72.50000000 63.00000000 80.00000000
v 73.00000000 63.00000000 80.50000000
v 73.00000000 62.50000000 81.00000000
v 73.00000000 62.50000000 83.00000000
v 73.00000000 63.00000000 83.50000000
v 73.00000000 63.00000000 85.50000000
v 73.00000000 62.50000000 91.00000000
v 72.50000000 63.00000000 92.00000000
v 73.00000000 63.00000000 91.50000000
v 72.50000000 64.00000000 79.00000000
v 73.00000000 64.00000000 79.50000000
v 73.00000000 63.50000000 80.00000000
v 73.00000000 63.50000000 84.00000000
v 73.00000000 63.50000000 85.00000000
v 73.00000000 63.50000000 92.00000000
v 73.00000000 64.00000000 92.50000000
v 73.00000000 65.00000000 78.50000000
v 72.50000000 65.00000000 79.00000000
v 73.00000000 64.50000000 79.00000000
v 73.00000000 64.50000000 93.00000000
v 73.00000000 65.00000000 93.50000000
v 73.00000000 65.50000000 79.00000000
v 73.00000000 66.00000000 79.50000000
v 73.00000000 65.50000000 94.00000000
v 73.00000000 66.00000000 94.50000000
v 73.00000000 66.50000000 80.00000000
v 72.50000000 67.00000000 81.00000000
v 73.00000000 67.00000000 80.50000000
v 72.50000000 67.00000000 82.00000000
v 72.50000000 67.00000000 83.00000000
v 72.50000000 67.00000000 84.00000000
v 73.00000000 66.50000000 95.00000000
v 73.00000000 67.00000000 95.50000000
v 72.50000000 68.00000000 81.00000000
v 73.00000000 67.50000000 81.00000000
v 72.50000000 67.50000000 81.50000000
v 73.00000000 68.00000000 81.50000000
v 72.50000000 68.00000000 85.00000000
v 73.00000000 67.50000000 96.00000000
v 72.50000000 68.00000000 96.00000000
v 73.00000000 68.00000000 96.50000000
v 72.50000000 69.00000000 79.00000000
v 72.50000000 69.00000000 80.00000000
v 73.00000000 69.00000000 80.50000000
v 73.00000000 68.50000000 81.00000000
v 73.00000000 68.50000000 97.00000000
v 73.00000000 69.00000000 97.50000000
v 72.50000000 70.00000000 79.00000000
v 73.00000000 70.00000000 79.50000000
v 73.00000000 69.50000000 80.00000000
v 73.00000000 69.50000000 98.00000000
v 73.00000000 70.00000000 98.50000000
v 73.00000000 71.00000000 78.50000000
v 73.00000000 70.50000000 79.00000000
v 73.00000000 70.50000000 99.00000000
v 73.00000000 70.50000000 100.00000000
v 72.50000000 71.00000000 100.00000000
v 73.00000000 71.00000000 100.50000000
v 72.50000000 72.00000000 78.00000000
v 73.00000000 72.00000000 77.50000000
v 73.00000000 71.50000000 78.00000000
v 73.00000000 71.50000000 101.00000000
v 73.00000000 71.50000000 102.00000000
v 72.50000000 72.00000000 102.00000000
v 73.00000000 72.00000000 102.50000000
v 72.50000000 73.00000000 78.00000000
v 73.00000000 73.00000000 77.50000000
v 72.50000000 73.00000000 90.00000000
v 73.00000000 72.50000000 91.00000000
v 73.00000000 73.00000000 90.50000000
v 72.50000000 73.00000000 91.00000000
v 73.00000000 72.50000000 92.00000000
v 73.00000000 72.50000000 93.00000000
v 73.00000000 72.50000000 94.00000000
v 73.00000000 72.50000000 95.00000000
v 72.50000000 73.00000000 96.00000000
v 73.00000000 73.00000000 95.50000000
v 73.00000000 73.00000000 102.50000000
v 73.00000000 74.00000000 77.50000000
v 73.00000000 74.00000000 90.50000000
v 73.00000000 73.50000000 96.00000000
v 73.00000000 73.50000000 97.00000000
v 73.00000000 73.50000000 98.00000000
v 73.00000000 74.00000000 98.50000000
v 72.50000000 74.00000000 101.00000000
v 73.00000000 73.50000000 101.00000000
v 73.00000000 74.00000000 100.50000000
v 73.00000000 74.00000000 101.50000000
v 72.50000000 74.00000000 103.00000000
v 73.00000000 74.00000000 102.50000000
v 72.50000000 75.00000000 76.00000000
v 73.00000000 75.00000000 75.50000000
v 73.00000000 74.50000000 76.00000000
v 73.00000000 75.00000000 76.50000000
v 72.50000000 75.00000000 78.00000000
v 73.00000000 75.00000000 77.50000000
v 72.50000000 75.00000000 79.00000000
v 73.00000000 75.00000000 90.50000000
v 73.00000000 74.50000000 99.00000000
v 72.50000000 75.00000000 100.00000000
v 73.00000000 74.50000000 100.00000000
v 72.50000000 75.00000000 101.00000000
v 73.00000000 74.50000000 102.00000000
v 72.50000000 75.00000000 102.00000000
v 72.50000000 76.00000000 76.00000000
v 73.00000000 76.00000000 75.50000000
v 73.00000000 75.50000000 77.00000000
v 73.00000000 76.00000000 90.50000000
v 73.00000000 77.00000000 75.50000000
v 72.50000000 77.00000000 91.00000000
v 73.00000000 77.00000000 90.50000000
v 72.50000000 78.00000000 75.00000000
v 73.00000000 78.00000000 74.50000000
v 73.00000000 77.50000000 75.00000000
v 72.50000000 78.00000000 76.00000000
v 72.50000000 78.00000000 90.00000000
v 73.00000000 77.50000000 90.00000000
v 73.00000000 78.00000000 89.50000000
v 72.50000000 78.00000000 91.00000000
v 72.50000000 79.00000000 74.00000000
v 73.00000000 79.00000000 73.50000000
v 73.00000000 78.50000000 74.00000000
v 72.50000000 79.00000000 78.00000000
v 73.00000000 79.00000000 78.50000000
v 73.00000000 78.50000000 79.00000000
v 73.00000000 79.00000000 79.50000000
v 72.50000000 79.00000000 89.00000000
v 73.00000000 78.50000000 89.00000000
v 73.00000000 79.00000000 88.50000000
v 73.00000000 80.00000000 73.50000000
v 72.50000000 80.00000000 78.00000000
v 73.00000000 79.50000000 79.00000000
v 72.50000000 80.00000000 79.00000000
v 72.50000000 80.00000000 80.00000000
v 73.00000000 79.50000000 80.00000000
v 73.00000000 80.00000000 79.50000000
v 73.00000000 80.00000000 80.50000000
v 73.00000000 79.50000000 89.00000000
v 73.00000000 80.00000000 89.50000000
v 72.50000000 81.00000000 74.00000000
v 73.00000000 81.00000000 73.50000000
v 72.50000000 81.00000000 75.00000000
v 72.50000000 81.00000000 76.00000000
v 72.50000000 81.00000000 77.00000000
v 72.50000000 81.00000000 78.00000000
v 72.50000000 81.00000000 79.00000000
v 73.00000000 80.50000000 80.00000000
v 72.50000000 81.00000000 80.00000000
v 72.50000000 80.50000000 80.50000000
v 72.50000000 81.00000000 81.00000000
v 73.00000000 80.50000000 90.00000000
v 73.00000000 81.00000000 90.50000000
v 73.00000000 81.50000000 74.00000000
v 73.00000000 81.50000000 75.00000000
v 72.50000000 82.00000000 76.00000000
v 73.00000000 82.00000000 75.50000000
v 73.00000000 82.00000000 76.50000000
v 73.00000000 81.50000000 77.00000000
v 72.50000000 82.00000000 78.00000000
v 73.00000000 82.00000000 77.50000000
v 72.50000000 82.00000000 79.00000000
v 72.50000000 82.00000000 80.00000000
v 72.50000000 82.00000000 81.00000000
v 72.50000000 82.00000000 82.00000000
v 72.50000000 82.00000000 90.00000000
v 72.50000000 81.50000000 90.50000000
v 73.00000000 81.50000000 91.00000000
v 73.00000000 82.00000000 91.50000000
v 73.00000000 82.50000000 76.00000000
v 73.00000000 83.00000000 76.50000000
v 72.50000000 83.00000000 77.00000000
v 73.00000000 82.50000000 77.00000000
v 72.50000000 83.00000000 78.00000000
v 72.50000000 83.00000000 79.00000000
v 72.50000000 83.00000000 80.00000000
v 72.50000000 83.00000000 89.00000000
v 72.50000000 83.00000000 90.00000000
v 73.00000000 82.50000000 91.00000000
v 73.00000000 83.00000000 90.50000000
v 73.00000000 83.50000000 77.00000000
v 72.50000000 84.00000000 78.00000000
v 73.00000000 84.00000000 77.50000000
v 72.50000000 84.00000000 80.00000000
v 72.50000000 84.00000000 89.00000000
v 73.00000000 84.00000000 89.50000000
v 73.00000000 83.50000000 90.00000000
v 73.00000000 85.00000000 77.50000000
v 72.50000000 85.00000000 88.00000000
v 73.00000000 85.00000000 88.50000000
v 73.00000000 84.50000000 89.00000000
v 73.00000000 85.50000000 78.00000000
v 73.00000000 86.00000000 78.50000000
v 72.50000000 86.00000000 82.00000000
v 72.50000000 86.00000000 86.00000000
v 72.50000000 86.00000000 87.00000000
v 73.00000000 86.00000000 87.50000000
v 73.00000000 85.50000000 88.00000000
v 72.50000000 87.00000000 79.00000000
v 73.00000000 87.00000000 78.50000000
v 72.50000000 87.00000000 81.00000000
v 72.50000000 87.00000000 82.00000000
v 72.50000000 87.00000000 83.00000000
v 72.50000000 87.00000000 85.00000000
v 72.50000000 87.00000000 86.00000000
v 72.50000000 87.00000000 87.00000000
v 73.00000000 87.00000000 87.50000000
v 73.00000000 87.50000000 79.00000000
v 73.00000000 87.50000000 80.00000000
v 73.00000000 87.50000000 81.00000000
v 72.50000000 88.00000000 82.00000000
v 73.00000000 88.00000000 81.50000000
v 72.50000000 88.00000000 83.00000000
v 72.50000000 88.00000000 84.00000000
v 72.50000000 88.00000000 85.00000000
v 72.50000000 88.00000000 86.00000000
v 73.00000000 88.00000000 86.50000000
v 73.00000000 87.50000000 87.00000000
v 73.00000000 88.50000000 82.00000000
v 73.00000000 88.50000000 83.00000000
v 73.00000000 88.50000000 84.00000000
v 73.00000000 88.50000000 85.00000000
v 73.00000000 88.50000000 86.00000000
v 72.50000000 92.00000000 75.00000000
v 73.00000000 92.00000000 74.50000000
v 73.00000000 91.50000000 75.00000000
v 73.00000000 92.00000000 75.50000000
v 72.50000000 93.00000000 75.00000000
v 73.00000000 93.00000000 74.50000000
v 73.00000000 92.50000000 76.00000000
v 72.50000000 93.00000000 76.00000000
v 73.00000000 92.50000000 77.00000000
v 72.50000000 93.00000000 77.00000000
v 73.00000000 93.00000000 77.50000000
v 72.50000000 94.00000000 75.00000000
v 73.00000000 94.00000000 74.50000000
v 72.50000000 94.00000000 76.00000000
v 73.00000000 93.50000000 78.00000000
v 73.00000000 93.50000000 79.00000000
v 73.00000000 93.50000000 80.00000000
v 72.50000000 94.00000000 80.00000000
v 73.00000000 94.00000000 80.50000000
v 72.50000000 95.00000000 75.00000000
v 73.00000000 95.00000000 74.50000000
v 72.50000000 95.00000000 76.00000000
v 73.00000000 95.00000000 80.50000000
v 72.50000000 95.00000000 81.00000000
v 73.00000000 95.50000000 75.00000000
v 73.00000000 95.50000000 76.00000000
v 72.50000000 96.00000000 77.00000000
v 73.00000000 96.00000000 76.50000000
v 73.00000000 96.00000000 77.50000000
v 73.00000000 95.50000000 78.00000000
v 72.50000000 96.00000000 79.00000000
v 73.00000000 95.50000000 79.00000000
v 72.50000000 96.00000000 80.00000000
v 73.00000000 95.50000000 80.00000000
v 72.50000000 96.00000000 81.00000000
v 72.50000000 96.00000000 82.00000000
v 72.50000000 96.00000000 83.00000000
v 73.00000000 96.50000000 77.00000000
v 73.50000000 46.00000000 77.00000000
v 73.50000000 46.00000000 78.00000000
v 73.50000000 46.00000000 79.00000000
v 74.00000000 46.00000000 79.50000000
v 74.00000000 45.50000000 80.00000000
v 74.00000000 45.50000000 81.00000000
v 74.00000000 45.50000000 82.00000000
v 74.00000000 45.50000000 83.00000000
v 73.50000000 46.00000000 84.00000000
v 74.00000000 46.00000000 83.50000000
v 73.50000000 47.00000000 77.00000000
v 73.50000000 47.00000000 78.00000000
v 73.50000000 47.00000000 79.00000000
v 74.00000000 46.50000000 80.00000000
v 73.50000000 47.00000000 80.00000000
v 73.50000000 47.00000000 81.00000000
v 74.00000000 46.50000000 81.00000000
v 73.50000000 47.00000000 82.00000000
v 74.00000000 46.50000000 82.00000000
v 73.50000000 47.00000000 83.00000000
v 74.00000000 46.50000000 83.00000000
v 73.50000000 47.00000000 84.00000000
v 73.50000000 48.00000000 78.00000000
v 73.50000000 48.00000000 79.00000000
v 73.50000000 48.00000000 80.00000000
v 73.50000000 48.00000000 84.00000000
v 73.50000000 49.00000000 85.00000000
v 73.50000000 60.00000000 87.00000000
v 73.50000000 60.00000000 88.00000000
v 73.50000000 60.00000000 89.00000000
v 73.50000000 61.00000000 86.00000000
v 73.50000000 61.00000000 87.00000000
v 74.00000000 61.00000000 87.50000000
v 74.00000000 60.50000000 88.00000000
v 74.00000000 61.00000000 88.50000000
v 73.50000000 61.00000000 89.00000000
v 73.50000000 62.00000000 82.00000000
v 73.50000000 62.00000000 86.00000000
v 74.00000000 62.00000000 86.50000000
v 74.00000000 61.50000000 87.00000000
v 74.00000000 61.50000000 89.00000000
v 73.50000000 62.00000000 90.00000000
v 74.00000000 62.00000000 89.50000000
v 73.50000000 63.00000000 81.00000000
v 73.50000000 63.00000000 82.00000000
v 73.50000000 63.00000000 83.00000000
v 74.00000000 63.00000000 85.50000000
v 74.00000000 62.50000000 86.00000000
v 74.00000000 62.50000000 90.00000000
v 73.50000000 63.00000000 91.00000000
v 74.00000000 63.00000000 90.50000000
v 73.50000000 64.00000000 80.00000000
v 74.00000000 64.00000000 80.50000000
v 74.00000000 63.50000000 81.00000000
v 74.00000000 63.50000000 82.00000000
v 74.00000000 64.00000000 82.50000000
v 73.50000000 64.00000000 83.00000000
v 73.50000000 64.00000000 84.00000000
v 73.50000000 64.00000000 85.00000000
v 74.00000000 64.00000000 85.50000000
v 74.00000000 63.50000000 91.00000000
v 73.50000000 64.00000000 92.00000000
v 74.00000000 64.00000000 91.50000000
v 73.50000000 65.00000000 79.00000000
v 74.00000000 65.00000000 79.50000000
v 74.00000000 64.50000000 80.00000000
v 74.00000000 64.50000000 83.00000000
v 74.00000000 64.50000000 84.00000000
v 74.00000000 64.50000000 85.00000000
v 74.00000000 64.50000000 92.00000000
v 73.50000000 65.00000000 93.00000000
v 74.00000000 65.00000000 92.50000000
v 73.50000000 66.00000000 80.00000000
v 74.00000000 65.50000000 80.00000000
v 74.00000000 66.00000000 80.50000000
v 74.00000000 65.50000000 93.00000000
v 73.50000000 66.00000000 94.00000000
v 74.00000000 66.00000000 93.50000000
v 74.00000000 67.00000000 79.50000000
v 73.50000000 67.00000000 80.00000000
v 74.00000000 66.50000000 80.00000000
v 74.00000000 66.50000000 94.00000000
v 73.50000000 67.00000000 95.00000000
v 74.00000000 67.00000000 94.50000000
v 74.00000000 67.50000000 80.00000000
v 73.50000000 68.00000000 81.00000000
v 74.00000000 68.00000000 80.50000000
v 74.00000000 67.50000000 95.00000000
v 73.50000000 68.00000000 96.00000000
v 74.00000000 68.00000000 95.50000000
v 73.50000000 69.00000000 81.00000000
v 74.00000000 68.50000000 81.00000000
v 74.00000000 69.00000000 81.50000000
v 74.00000000 68.50000000 96.00000000
v 74.00000000 68.50000000 97.00000000
v 74.00000000 69.00000000 97.50000000
v 73.50000000 70.00000000 79.00000000
v 74.00000000 70.00000000 78.50000000
v 74.00000000 69.50000000 79.00000000
v 74.00000000 69.50000000 80.00000000
v 74.00000000 69.50000000 81.00000000
v 74.00000000 69.50000000 98.00000000
v 74.00000000 70.00000000 98.50000000
v 73.50000000 71.00000000 75.00000000
v 74.00000000 71.00000000 74.50000000
v 74.00000000 70.50000000 75.00000000
v 74.00000000 70.50000000 76.00000000
v 73.50000000 71.00000000 76.00000000
v 74.00000000 70.50000000 77.00000000
v 73.50000000 71.00000000 77.00000000
v 74.00000000 70.50000000 78.00000000
v 73.50000000 71.00000000 78.00000000
v 74.00000000 70.50000000 99.00000000
v 73.50000000 71.00000000 100.00000000
v 74.00000000 71.00000000 99.50000000
v 73.50000000 72.00000000 74.00000000
v 74.00000000 72.00000000 73.50000000
v 74.00000000 71.50000000 74.00000000
v 73.50000000 72.00000000 75.00000000
v 73.50000000 72.00000000 76.00000000
v 73.50000000 72.00000000 77.00000000
v 73.50000000 72.00000000 88.00000000
v 74.00000000 71.50000000 88.00000000
v 74.00000000 72.00000000 87.50000000
v 74.00000000 72.00000000 88.50000000
v 74.00000000 71.50000000 100.00000000
v 74.00000000 71.50000000 101.00000000
v 73.50000000 72.00000000 102.00000000
v 74.00000000 72.00000000 101.50000000
v 73.50000000 73.00000000 74.00000000
v 74.00000000 73.00000000 73.50000000
v 73.50000000 73.00000000 75.00000000
v 73.50000000 73.00000000 76.00000000
v 73.50000000 73.00000000 77.00000000
v 74.00000000 72.50000000 88.00000000
v 73.50000000 73.00000000 90.00000000
v 74.00000000 72.50000000 90.00000000
v 74.00000000 73.00000000 89.50000000
v 74.00000000 72.50000000 91.00000000
v 74.00000000 72.50000000 92.00000000
v 74.00000000 72.50000000 93.00000000
v 74.00000000 72.50000000 94.00000000
v 74.00000000 72.50000000 95.00000000
v 73.50000000 73.00000000 96.00000000
v 74.00000000 72.50000000 96.00000000
v 74.00000000 73.00000000 96.50000000
v 74.00000000 72.50000000 102.00000000
v 74.00000000 72.50000000 103.00000000
v 73.50000000 73.00000000 103.00000000
v 74.00000000 73.00000000 103.50000000
v 74.00000000 73.50000000 74.00000000
v 73.50000000 74.00000000 75.00000000
v 74.00000000 74.00000000 74.50000000
v 73.50000000 74.00000000 76.00000000
v 73.50000000 74.00000000 77.00000000
v 74.00000000 73.50000000 90.00000000
v 74.00000000 74.00000000 90.50000000
v 74.00000000 73.50000000 97.00000000
v 74.00000000 73.50000000 98.00000000
v 73.50000000 74.00000000 99.00000000
v 74.00000000 73.50000000 99.00000000
v 73.50000000 74.00000000 100.00000000
v 74.00000000 73.50000000 100.00000000
v 74.00000000 73.50000000 101.00000000
v 74.00000000 74.00000000 101.50000000
v 73.50000000 74.00000000 103.00000000
v 74.00000000 74.00000000 103.50000000
v 74.00000000 74.50000000 75.00000000
v 74.00000000 75.00000000 75.50000000
v 73.50000000 75.00000000 77.00000000
v 74.00000000 74.50000000 91.00000000
v 73.50000000 75.00000000 91.00000000
v 74.00000000 75.00000000 91.50000000
v 74.00000000 74.50000000 102.00000000
v 74.00000000 74.50000000 103.00000000
v 74.00000000 76.00000000 75.50000000
v 73.50000000 76.00000000 90.00000000
v 74.00000000 75.50000000 90.00000000
v 74.00000000 76.00000000 89.50000000
v 74.00000000 75.50000000 91.00000000
v 73.50000000 77.00000000 75.00000000
v 74.00000000 77.00000000 74.50000000
v 74.00000000 76.50000000 75.00000000
v 74.00000000 76.50000000 90.00000000
v 74.00000000 77.00000000 90.50000000
v 73.50000000 78.00000000 74.00000000
v 74.00000000 78.00000000 73.50000000
v 74.00000000 77.50000000 74.00000000
v 73.50000000 78.00000000 90.00000000
v 74.00000000 78.00000000 90.50000000
v 74.00000000 79.00000000 73.50000000
v 73.50000000 79.00000000 79.00000000
v 73.50000000 79.00000000 89.00000000
v 73.50000000 79.00000000 90.00000000
v 74.00000000 79.00000000 90.50000000
v 74.00000000 80.00000000 73.50000000
v 73.50000000 80.00000000 80.00000000
v 73.50000000 80.00000000 90.00000000
v 74.00000000 79.50000000 91.00000000
v 73.50000000 80.00000000 91.00000000
v 74.00000000 79.50000000 92.00000000
v 73.50000000 80.00000000 92.00000000
v 74.00000000 80.00000000 92.50000000
v 74.00000000 81.00000000 73.50000000
v 73.50000000 81.00000000 91.00000000
v 73.50000000 81.00000000 92.00000000
v 74.00000000 81.00000000 92.50000000
v 74.00000000 81.50000000 74.00000000
v 73.50000000 82.00000000 75.00000000
v 74.00000000 82.00000000 74.50000000
v 73.50000000 82.00000000 77.00000000
v 74.00000000 82.00000000 90.50000000
v 73.50000000 82.00000000 91.00000000
v 74.00000000 81.50000000 91.00000000
v 74.00000000 81.50000000 92.00000000
v 74.00000000 82.50000000 75.00000000
v 74.00000000 82.50000000 76.00000000
v 73.50000000 82.50000000 76.50000000
v 74.00000000 83.00000000 76.50000000
v 73.50000000 83.00000000 90.00000000
v 74.00000000 82.50000000 90.00000000
v 74.00000000 83.00000000 89.50000000
v 74.00000000 83.50000000 77.00000000
v 74.00000000 84.00000000 77.50000000
v 73.50000000 84.00000000 89.00000000
v 74.00000000 83.50000000 89.00000000
v 74.00000000 84.00000000 88.50000000
v 74.00000000 84.50000000 78.00000000
v 73.50000000 85.00000000 78.00000000
v 74.00000000 85.00000000 78.50000000
v 73.50000000 85.00000000 89.00000000
v 74.00000000 84.50000000 89.00000000
v 74.00000000 84.50000000 90.00000000
v 73.50000000 85.00000000 90.00000000
v 74.00000000 85.00000000 90.50000000
v 74.00000000 86.00000000 78.50000000
v 73.50000000 86.00000000 88.00000000
v 73.50000000 86.00000000 89.00000000
v 73.50000000 86.00000000 90.00000000
v 74.00000000 86.00000000 90.50000000
v 74.00000000 86.50000000 79.00000000
v 73.50000000 87.00000000 79.00000000
v 74.00000000 87.00000000 79.50000000
v 73.50000000 87.00000000 88.00000000
v 73.50000000 87.00000000 89.00000000
v 74.00000000 87.00000000 89.50000000
v 74.00000000 86.50000000 90.00000000
v 74.00000000 87.50000000 80.00000000
v 73.50000000 88.00000000 81.00000000
v 74.00000000 88.00000000 80.50000000
v 73.50000000 88.00000000 87.00000000
v 74.00000000 88.00000000 87.50000000
v 74.00000000 87.50000000 88.00000000
v 74.00000000 87.50000000 89.00000000
v 74.00000000 88.50000000 81.00000000
v 74.00000000 88.50000000 82.00000000
v 74.00000000 88.50000000 83.00000000
v 74.00000000 88.50000000 84.00000000
v 74.00000000 88.50000000 85.00000000
v 74.00000000 88.50000000 86.00000000
v 74.00000000 88.50000000 87.00000000
v 73.50000000 92.00000000 74.00000000
v 74.00000000 92.00000000 73.50000000
v 74.00000000 91.50000000 74.00000000
v 74.00000000 91.50000000 75.00000000
v 74.00000000 91.50000000 76.00000000
v 73.50000000 92.00000000 76.00000000
v 74.00000000 92.00000000 76.50000000
v 73.50000000 93.00000000 74.00000000
v 74.00000000 93.00000000 73.50000000
v 74.00000000 92.50000000 77.00000000
v 74.00000000 92.50000000 78.00000000
v 73.50000000 93.00000000 78.00000000
v 74.00000000 93.00000000 78.50000000
v 73.50000000 94.00000000 74.00000000
v 74.00000000 94.00000000 73.50000000
v 74.00000000 93.50000000 79.00000000
v 73.50000000 94.00000000 80.00000000
v 74.00000000 94.00000000 79.50000000
v 73.50000000 95.00000000 74.00000000
v 74.00000000 95.00000000 73.50000000
v 73.50000000 95.00000000 79.00000000
v 74.00000000 94.50000000 79.00000000
v 74.00000000 95.00000000 78.50000000
v 73.50000000 95.00000000 80.00000000
v 74.00000000 95.50000000 74.00000000
v 74.00000000 95.50000000 75.00000000
v 74.00000000 95.50000000 76.00000000
v 73.50000000 96.00000000 77.00000000
v 74.00000000 95.50000000 77.00000000
v 74.00000000 95.50000000 78.00000000
v 74.50000000 46.00000000 80.00000000
v 74.50000000 46.00000000 81.00000000
v 74.50000000 46.00000000 82.00000000
v 74.50000000 46.00000000 83.00000000
v 74.50000000 61.00000000 88.00000000
v 74.50000000 62.00000000 87.00000000
v 74.50000000 62.00000000 88.00000000
v 74.50000000 62.00000000 89.00000000
v 74.50000000 63.00000000 86.00000000
v 74.50000000 63.00000000 87.00000000
v 74.50000000 63.00000000 88.00000000
v 74.50000000 63.00000000 89.00000000
v 74.50000000 63.00000000 90.00000000
v 74.50000000 64.00000000 81.00000000
v 74.50000000 64.00000000 82.00000000
v 74.50000000 64.00000000 86.00000000
v 74.50000000 64.00000000 87.00000000
v 74.50000000 64.00000000 88.00000000
v 74.50000000 64.00000000 89.00000000
v 74.50000000 64.00000000 90.00000000
v 74.50000000 64.00000000 91.00000000
v 74.50000000 65.00000000 80.00000000
v 74.50000000 65.00000000 81.00000000
v 74.50000000 65.00000000 82.00000000
v 74.50000000 65.00000000 83.00000000
v 74.50000000 65.00000000 84.00000000
v 75.00000000 65.00000000 84.50000000
v 75.00000000 64.50000000 85.00000000
v 75.00000000 64.50000000 86.00000000
v 75.00000000 64.50000000 87.00000000
v 75.00000000 64.50000000 88.00000000
v 75.00000000 64.50000000 89.00000000
v 75.00000000 64.50000000 90.00000000
v 75.00000000 65.00000000 90.50000000
v 74.50000000 65.00000000 91.00000000
v 74.50000000 65.00000000 92.00000000
v 75.00000000 66.00000000 79.50000000
v 74.50000000 66.00000000 80.00000000
v 75.00000000 65.50000000 80.00000000
v 75.00000000 65.50000000 81.00000000
v 74.50000000 65.50000000 80.50000000
v 75.00000000 65.50000000 82.00000000
v 75.00000000 65.50000000 83.00000000
v 75.00000000 65.50000000 84.00000000
v 75.00000000 65.50000000 91.00000000
v 75.00000000 65.50000000 92.00000000
v 74.50000000 66.00000000 93.00000000
v 75.00000000 66.00000000 92.50000000
v 75.00000000 67.00000000 79.50000000
v 75.00000000 66.50000000 93.00000000
v 74.50000000 67.00000000 94.00000000
v 75.00000000 67.00000000 93.50000000
v 75.00000000 67.50000000 80.00000000
v 75.00000000 68.00000000 80.50000000
v 75.00000000 67.50000000 94.00000000
v 75.00000000 67.50000000 95.00000000
v 75.00000000 68.00000000 95.50000000
v 74.50000000 69.00000000 80.00000000
v 75.00000000 69.00000000 79.50000000
v 75.00000000 68.50000000 80.00000000
v 74.50000000 69.00000000 81.00000000
v 75.00000000 68.50000000 96.00000000
v 75.00000000 68.50000000 97.00000000
v 75.00000000 69.00000000 97.50000000
v 74.50000000 70.00000000 77.00000000
v 75.00000000 70.00000000 76.50000000
v 75.00000000 69.50000000 77.00000000
v 75.00000000 69.50000000 78.00000000
v 74.50000000 70.00000000 78.00000000
v 75.00000000 69.50000000 79.00000000
v 75.00000000 69.50000000 98.00000000
v 75.00000000 70.00000000 98.50000000
v 75.00000000 71.00000000 74.50000000
v 75.00000000 70.50000000 75.00000000
v 75.00000000 70.50000000 76.00000000
v 75.00000000 70.50000000 99.00000000
v 75.00000000 71.00000000 99.50000000
v 75.00000000 72.00000000 73.50000000
v 75.00000000 71.50000000 74.00000000
v 74.50000000 72.00000000 87.00000000
v 75.00000000 71.50000000 87.00000000
v 75.00000000 72.00000000 86.50000000
v 75.00000000 71.50000000 88.00000000
v 75.00000000 72.00000000 88.50000000
v 75.00000000 71.50000000 100.00000000
v 74.50000000 72.00000000 101.00000000
v 75.00000000 72.00000000 100.50000000
v 75.00000000 71.50000000 102.00000000
v 75.00000000 72.00000000 101.50000000
v 74.50000000 72.00000000 102.00000000
v 75.00000000 72.00000000 102.50000000
v 75.00000000 73.00000000 73.50000000
v 75.00000000 72.50000000 87.00000000
v 75.00000000 72.50000000 88.00000000
v 74.50000000 73.00000000 90.00000000
v 75.00000000 73.00000000 90.50000000
v 75.00000000 72.50000000 91.00000000
v 75.00000000 72.50000000 92.00000000
v 75.00000000 72.50000000 93.00000000
v 75.00000000 72.50000000 94.00000000
v 75.00000000 72.50000000 95.00000000
v 75.00000000 72.50000000 96.00000000
v 74.50000000 73.00000000 97.00000000
v 75.00000000 72.50000000 97.00000000
v 74.50000000 73.00000000 98.00000000
v 75.00000000 72.50000000 98.00000000
v 75.00000000 73.00000000 98.50000000
v 74.50000000 73.00000000 100.00000000
v 75.00000000 72.50000000 100.00000000
v 75.00000000 73.00000000 99.50000000
v 75.00000000 72.50000000 101.00000000
v 75.00000000 73.00000000 100.50000000
v 74.50000000 73.00000000 102.00000000
v 75.00000000 72.50000000 102.00000000
v 75.00000000 73.00000000 101.50000000
v 75.00000000 73.00000000 102.50000000
v 75.00000000 72.50000000 103.00000000
v 75.00000000 73.00000000 103.50000000
v 74.50000000 74.00000000 74.00000000
v 75.00000000 74.00000000 73.50000000
v 75.00000000 74.00000000 90.50000000
v 75.00000000 73.50000000 99.00000000
v 75.00000000 73.50000000 101.00000000
v 74.50000000 73.50000000 101.50000000
v 75.00000000 73.50000000 102.00000000
v 75.00000000 74.00000000 101.50000000
v 75.00000000 74.00000000 102.50000000
v 74.50000000 74.00000000 103.00000000
v 75.00000000 73.50000000 103.00000000
v 74.50000000 75.00000000 74.00000000
v 75.00000000 75.00000000 73.50000000
v 74.50000000 75.00000000 75.00000000
v 75.00000000 74.50000000 91.00000000
v 75.00000000 75.00000000 91.50000000
v 75.00000000 74.50000000 102.00000000
v 75.00000000 75.50000000 74.00000000
v 74.50000000 76.00000000 75.00000000
v 75.00000000 76.00000000 74.50000000
v 74.50000000 76.00000000 90.00000000
v 74.50000000 76.00000000 91.00000000
v 75.00000000 76.00000000 91.50000000
v 75.00000000 77.00000000 74.50000000
v 75.00000000 76.50000000 91.00000000
v 75.00000000 77.00000000 90.50000000
v 75.00000000 78.00000000 73.50000000
v 75.00000000 77.50000000 74.00000000
v 75.00000000 77.50000000 91.00000000
v 74.50000000 78.00000000 91.00000000
v 75.00000000 78.00000000 91.50000000
v 75.00000000 78.50000000 74.00000000
v 74.50000000 79.00000000 74.00000000
v 75.00000000 79.00000000 74.50000000
v 74.50000000 79.00000000 91.00000000
v 75.00000000 79.00000000 91.50000000
v 74.50000000 80.00000000 74.00000000
v 75.00000000 80.00000000 74.50000000
v 75.00000000 79.50000000 92.00000000
v 75.00000000 80.00000000 92.50000000
v 74.50000000 81.00000000 74.00000000
v 75.00000000 80.50000000 75.00000000
v 74.50000000 81.00000000 75.00000000
v 74.50000000 81.00000000 76.00000000
v 75.00000000 80.50000000 76.00000000
v 75.00000000 81.00000000 76.50000000
v 75.00000000 81.00000000 92.50000000
v 74.50000000 82.00000000 75.00000000
v 74.50000000 82.00000000 76.00000000
v 75.00000000 82.00000000 76.50000000
v 74.50000000 82.00000000 91.00000000
v 74.50000000 82.00000000 92.00000000
v 75.00000000 82.00000000 92.50000000
v 74.50000000 83.00000000 77.00000000
v 75.00000000 82.50000000 77.00000000
v 75.00000000 83.00000000 77.50000000
v 74.50000000 83.00000000 90.00000000
v 74.50000000 83.00000000 91.00000000
v 75.00000000 83.00000000 91.50000000
v 75.00000000 82.50000000 92.00000000
v 74.50000000 84.00000000 78.00000000
v 75.00000000 83.50000000 78.00000000
v 75.00000000 84.00000000 78.50000000
v 74.50000000 84.00000000 88.00000000
v 75.00000000 83.50000000 88.00000000
v 75.00000000 84.00000000 87.50000000
v 74.50000000 84.00000000 89.00000000
v 75.00000000 84.00000000 88.50000000
v 74.50000000 84.00000000 90.00000000
v 74.50000000 84.00000000 91.00000000
v 75.00000000 84.00000000 91.50000000
v 75.00000000 85.00000000 78.50000000
v 74.50000000 85.00000000 88.00000000
v 75.00000000 85.00000000 87.50000000
v 75.00000000 84.50000000 89.00000000
v 74.50000000 85.00000000 89.00000000
v 74.50000000 85.00000000 90.00000000
v 75.00000000 84.50000000 90.00000000
v 75.00000000 84.50000000 91.00000000
v 75.00000000 85.50000000 79.00000000
v 74.50000000 86.00000000 79.00000000
v 75.00000000 86.00000000 79.50000000
v 75.00000000 85.50000000 88.00000000
v 75.00000000 86.00000000 88.50000000
v 74.50000000 86.00000000 89.00000000
v 74.50000000 86.00000000 90.00000000
v 75.00000000 87.00000000 79.50000000
v 75.00000000 86.50000000 89.00000000
v 75.00000000 87.00000000 89.50000000
v 75.00000000 87.50000000 80.00000000
v 74.50000000 88.00000000 81.00000000
v 75.00000000 87.50000000 81.00000000
v 75.00000000 88.00000000 81.50000000
v 74.50000000 88.00000000 88.00000000
v 75.00000000 88.00000000 88.50000000
v 75.00000000 87.50000000 89.00000000
v 75.00000000 88.50000000 82.00000000
v 75.00000000 88.50000000 83.00000000
v 75.00000000 88.50000000 84.00000000
v 75.00000000 88.50000000 85.00000000
v 75.00000000 88.50000000 86.00000000
v 75.00000000 88.50000000 87.00000000
v 75.00000000 88.50000000 88.00000000
v 74.50000000 92.00000000 72.00000000
v 75.00000000 92.00000000 71.50000000
v 75.00000000 91.50000000 72.00000000
v 75.00000000 91.50000000 73.00000000
v 74.50000000 92.00000000 73.00000000
v 75.00000000 91.50000000 74.00000000
v 75.00000000 91.50000000 75.00000000
v 74.50000000 92.00000000 76.00000000
v 75.00000000 92.00000000 75.50000000
v 74.50000000 93.00000000 72.00000000
v 75.00000000 93.00000000 71.50000000
v 74.50000000 93.00000000 73.00000000
v 75.00000000 92.50000000 76.00000000
v 75.00000000 92.50000000 77.00000000
v 74.50000000 93.00000000 78.00000000
v 75.00000000 93.00000000 77.50000000
v 75.00000000 93.50000000 72.00000000
v 74.50000000 94.00000000 73.00000000
v 75.00000000 94.00000000 72.50000000
v 74.50000000 94.00000000 78.00000000
v 75.00000000 94.00000000 77.50000000
v 74.50000000 94.00000000 79.00000000
v 74.50000000 95.00000000 73.00000000
v 75.00000000 95.00000000 72.50000000
v 74.50000000 95.00000000 76.00000000
v 75.00000000 94.50000000 76.00000000
v 75.00000000 95.00000000 75.50000000
v 74.50000000 95.00000000 77.00000000
v 75.00000000 94.50000000 77.00000000
v 74.50000000 95.00000000 78.00000000
v 75.00000000 95.50000000 73.00000000
v 75.00000000 95.50000000 74.00000000
v 75.00000000 95.50000000 75.00000000
v 75.50000000 65.00000000 85.00000000
v 75.50000000 65.00000000 86.00000000
v 75.50000000 65.00000000 87.00000000
v 75.50000000 65.00000000 88.00000000
v 75.50000000 65.00000000 89.00000000
v 75.50000000 65.00000000 90.00000000
v 75.50000000 66.00000000 80.00000000
v 76.00000000 66.00000000 80.50000000
v 76.00000000 65.50000000 81.00000000
v 76.00000000 65.50000000 82.00000000
v 76.00000000 65.50000000 83.00000000
v 76.00000000 65.50000000 84.00000000
v 76.00000000 65.50000000 85.00000000
v 76.00000000 65.50000000 86.00000000
v 76.00000000 65.50000000 87.00000000
v 76.00000000 65.50000000 88.00000000
v 76.00000000 65.50000000 89.00000000
v 76.00000000 65.50000000 90.00000000
v 75.50000000 66.00000000 91.00000000
v 76.00000000 66.00000000 90.50000000
v 75.50000000 66.00000000 92.00000000
v 75.50000000 67.00000000 79.00000000
v 76.00000000 67.00000000 78.50000000
v 76.00000000 66.50000000 79.00000000
v 76.00000000 66.50000000 80.00000000
v 76.00000000 66.50000000 91.00000000
v 76.00000000 66.50000000 92.00000000
v 75.50000000 67.00000000 93.00000000
v 76.00000000 67.00000000 92.50000000
v 75.50000000 68.00000000 79.00000000
v 76.00000000 68.00000000 78.50000000
v 75.50000000 68.00000000 80.00000000
v 76.00000000 67.50000000 93.00000000
v 76.00000000 67.50000000 94.00000000
v 76.00000000 67.50000000 95.00000000
v 76.00000000 68.00000000 95.50000000
v 76.00000000 68.50000000 79.00000000
v 76.00000000 69.00000000 79.50000000
v 76.00000000 68.50000000 96.00000000
v 76.00000000 68.50000000 97.00000000
v 76.00000000 69.00000000 97.50000000
v 75.50000000 70.00000000 75.00000000
v 76.00000000 70.00000000 74.50000000
v 76.00000000 69.50000000 75.00000000
v 76.00000000 69.50000000 76.00000000
v 75.50000000 70.00000000 76.00000000
v 76.00000000 70.00000000 76.50000000
v 75.50000000 70.00000000 77.00000000
v 76.00000000 70.00000000 77.50000000
v 76.00000000 69.50000000 78.00000000
v 76.00000000 69.50000000 79.00000000
v 76.00000000 69.50000000 98.00000000
v 76.00000000 70.00000000 98.50000000
v 75.50000000 71.00000000 74.00000000
v 76.00000000 71.00000000 73.50000000
v 76.00000000 70.50000000 74.00000000
v 76.00000000 70.50000000 77.00000000
v 76.00000000 70.50000000 99.00000000
v 76.00000000 71.00000000 99.50000000
v 75.50000000 72.00000000 73.00000000
v 76.00000000 72.00000000 72.50000000
v 76.00000000 71.50000000 73.00000000
v 75.50000000 72.00000000 87.00000000
v 75.50000000 72.00000000 88.00000000
v 76.00000000 71.50000000 100.00000000
v 76.00000000 71.50000000 101.00000000
v 75.50000000 72.00000000 101.00000000
v 76.00000000 72.00000000 101.50000000
v 75.50000000 72.00000000 102.00000000
v 76.00000000 72.50000000 73.00000000
v 76.00000000 73.00000000 73.50000000
v 75.50000000 73.00000000 91.00000000
v 76.00000000 73.00000000 91.50000000
v 76.00000000 72.50000000 92.00000000
v 76.00000000 72.50000000 93.00000000
v 76.00000000 72.50000000 94.00000000
v 76.00000000 72.50000000 95.00000000
v 76.00000000 72.50000000 96.00000000
v 76.00000000 72.50000000 97.00000000
v 76.00000000 72.50000000 98.00000000
v 75.50000000 73.00000000 99.00000000
v 76.00000000 72.50000000 99.00000000
v 76.00000000 72.50000000 100.00000000
v 75.50000000 73.00000000 101.00000000
v 76.00000000 72.50000000 101.00000000
v 76.00000000 73.00000000 101.50000000
v 75.50000000 73.00000000 102.00000000
v 76.00000000 72.50000000 102.00000000
v 76.00000000 72.50000000 103.00000000
v 76.00000000 73.00000000 103.50000000
v 76.00000000 74.00000000 73.50000000
v 75.50000000 74.00000000 91.00000000
v 76.00000000 74.00000000 91.50000000
v 76.00000000 73.50000000 102.00000000
v 75.50000000 74.00000000 102.00000000
v 76.00000000 73.50000000 103.00000000
v 75.50000000 75.00000000 73.00000000
v 76.00000000 75.00000000 72.50000000
v 76.00000000 74.50000000 73.00000000
v 76.00000000 75.00000000 91.50000000
v 76.00000000 75.50000000 73.00000000
v 75.50000000 76.00000000 74.00000000
v 76.00000000 76.00000000 73.50000000
v 76.00000000 76.00000000 91.50000000
v 76.00000000 76.50000000 74.00000000
v 76.00000000 77.00000000 74.50000000
v 75.50000000 77.00000000 91.00000000
v 76.00000000 77.00000000 91.50000000
v 75.50000000 78.00000000 74.00000000
v 76.00000000 78.00000000 74.50000000
v 76.00000000 78.00000000 91.50000000
v 76.00000000 79.00000000 74.50000000
v 76.00000000 79.00000000 91.50000000
v 76.00000000 80.00000000 74.50000000
v 76.00000000 79.50000000 92.00000000
v 76.00000000 80.00000000 92.50000000
v 76.00000000 80.50000000 75.00000000
v 75.50000000 81.00000000 76.00000000
v 76.00000000 81.00000000 75.50000000
v 76.00000000 81.00000000 92.50000000
v 76.00000000 81.50000000 76.00000000
v 76.00000000 81.50000000 77.00000000
v 75.50000000 82.00000000 77.00000000
v 75.50000000 82.00000000 78.00000000
v 76.00000000 81.50000000 78.00000000
v 75.50000000 82.00000000 79.00000000
v 76.00000000 81.50000000 79.00000000
v 76.00000000 82.00000000 79.50000000
v 76.00000000 82.00000000 92.50000000
v 75.50000000 83.00000000 78.00000000
v 75.50000000 83.00000000 79.00000000
v 76.00000000 83.00000000 79.50000000
v 75.50000000 83.00000000 92.00000000
v 76.00000000 83.00000000 92.50000000
v 75.50000000 84.00000000 79.00000000
v 76.00000000 84.00000000 79.50000000
v 76.00000000 83.50000000 88.00000000
v 76.00000000 84.00000000 87.50000000
v 76.00000000 84.00000000 88.50000000
v 76.00000000 83.50000000 92.00000000
v 76.00000000 84.00000000 91.50000000
v 75.50000000 85.00000000 79.00000000
v 76.00000000 85.00000000 79.50000000
v 75.50000000 85.00000000 87.00000000
v 76.00000000 84.50000000 87.00000000
v 76.00000000 85.00000000 86.50000000
v 75.50000000 85.00000000 89.00000000
v 76.00000000 85.00000000 88.50000000
v 75.50000000 85.00000000 90.00000000
v 75.50000000 85.00000000 91.00000000
v 76.00000000 85.00000000 91.50000000
v 76.00000000 86.00000000 79.50000000
v 75.50000000 86.00000000 87.00000000
v 76.00000000 86.00000000 86.50000000
v 75.50000000 86.00000000 88.00000000
v 76.00000000 85.50000000 89.00000000
v 76.00000000 85.50000000 90.00000000
v 76.00000000 85.50000000 91.00000000
v 75.50000000 86.00000000 95.00000000
v 76.00000000 86.00000000 94.50000000
v 76.00000000 85.50000000 95.00000000
v 76.00000000 86.00000000 95.50000000
v 76.00000000 86.50000000 80.00000000
v 75.50000000 87.00000000 80.00000000
v 76.00000000 87.00000000 80.50000000
v 75.50000000 87.00000000 87.00000000
v 76.00000000 87.00000000 86.50000000
v 75.50000000 87.00000000 88.00000000
v 75.50000000 87.00000000 89.00000000
v 75.50000000 87.00000000 95.00000000
v 76.00000000 87.00000000 94.50000000
v 76.00000000 86.50000000 96.00000000
v 75.50000000 87.00000000 96.00000000
v 76.00000000 87.00000000 96.50000000
v 76.00000000 87.50000000 81.00000000
v 75.50000000 88.00000000 82.00000000
v 76.00000000 87.50000000 82.00000000
v 75.50000000 88.00000000 83.00000000
v 76.00000000 87.50000000 83.00000000
v 75.50000000 88.00000000 84.00000000
v 76.00000000 87.50000000 84.00000000
v 75.50000000 88.00000000 85.00000000
v 76.00000000 87.50000000 85.00000000
v 75.50000000 88.00000000 86.00000000
v 76.00000000 87.50000000 86.00000000
v 75.50000000 88.00000000 87.00000000
v 75.50000000 88.00000000 88.00000000
v 76.00000000 87.50000000 95.00000000
v 76.00000000 87.50000000 96.00000000
v 75.50000000 92.00000000 72.00000000
v 75.50000000 92.00000000 73.00000000
v 75.50000000 92.00000000 74.00000000
v 75.50000000 92.00000000 75.00000000
v 76.00000000 93.00000000 71.50000000
v 76.00000000 92.50000000 72.00000000
v 76.00000000 93.00000000 72.50000000
v 75.50000000 93.00000000 73.00000000
v 75.50000000 93.00000000 74.00000000
v 75.50000000 93.00000000 75.00000000
v 75.50000000 93.00000000 76.00000000
v 75.50000000 93.00000000 77.00000000
v 75.50000000 94.00000000 72.00000000
v 76.00000000 94.00000000 71.50000000
v 76.00000000 93.50000000 73.00000000
v 76.00000000 93.50000000 74.00000000
v 76.00000000 94.00000000 74.50000000
v 75.50000000 94.00000000 75.00000000
v 75.50000000 94.00000000 76.00000000
v 75.50000000 94.00000000 77.00000000
v 76.00000000 94.50000000 72.00000000
v 76.00000000 94.50000000 73.00000000
v 75.50000000 95.00000000 73.00000000
v 75.50000000 95.00000000 74.00000000
v 76.00000000 94.50000000 74.00000000
v 75.50000000 95.00000000 75.00000000
v 76.50000000 66.00000000 81.00000000
v 76.50000000 66.00000000 82.00000000
v 76.50000000 66.00000000 83.00000000
v 76.50000000 66.00000000 84.00000000
v 76.50000000 66.00000000 85.00000000
v 76.50000000 66.00000000 86.00000000
v 76.50000000 66.00000000 87.00000000
v 76.50000000 66.00000000 88.00000000
v 76.50000000 66.00000000 89.00000000
v 76.50000000 66.00000000 90.00000000
v 77.00000000 67.00000000 78.50000000
v 77.00000000 66.50000000 79.00000000
v 77.00000000 66.50000000 80.00000000
v 77.00000000 66.50000000 81.00000000
v 77.00000000 66.50000000 82.00000000
v 77.00000000 66.50000000 83.00000000
v 77.00000000 66.50000000 84.00000000
v 77.00000000 66.50000000 85.00000000
v 77.00000000 66.50000000 86.00000000
v 77.00000000 66.50000000 87.00000000
v 77.00000000 66.50000000 88.00000000
v 77.00000000 66.50000000 89.00000000
v 77.00000000 66.50000000 90.00000000
v 77.00000000 66.50000000 91.00000000
v 76.50000000 67.00000000 92.00000000
v 77.00000000 67.00000000 91.50000000
v 76.50000000 68.00000000 78.00000000
v 77.00000000 68.00000000 77.50000000
v 77.00000000 67.50000000 78.00000000
v 77.00000000 67.50000000 92.00000000
v 77.00000000 67.50000000 93.00000000
v 77.00000000 67.50000000 94.00000000
v 76.50000000 68.00000000 95.00000000
v 77.00000000 68.00000000 94.50000000
v 76.50000000 69.00000000 78.00000000
v 77.00000000 69.00000000 77.50000000
v 76.50000000 69.00000000 79.00000000
v 77.00000000 68.50000000 95.00000000
v 77.00000000 68.50000000 96.00000000
v 77.00000000 68.50000000 97.00000000
v 77.00000000 69.00000000 97.50000000
v 76.50000000 70.00000000 75.00000000
v 77.00000000 70.00000000 75.50000000
v 77.00000000 69.50000000 76.00000000
v 77.00000000 69.50000000 77.00000000
v 76.50000000 70.00000000 77.00000000
v 77.00000000 69.50000000 98.00000000
v 77.00000000 70.00000000 98.50000000
v 77.00000000 71.00000000 73.50000000
v 77.00000000 70.50000000 74.00000000
v 77.00000000 70.50000000 75.00000000
v 77.00000000 70.50000000 99.00000000
v 77.00000000 70.50000000 100.00000000
v 76.50000000 71.00000000 100.00000000
v 77.00000000 71.00000000 100.50000000
v 76.50000000 72.00000000 73.00000000
v 77.00000000 72.00000000 73.50000000
v 76.50000000 72.00000000 93.00000000
v 77.00000000 71.50000000 93.00000000
v 77.00000000 72.00000000 92.50000000
v 76.50000000 72.00000000 94.00000000
v 77.00000000 71.50000000 94.00000000
v 76.50000000 72.00000000 95.00000000
v 77.00000000 71.50000000 95.00000000
v 77.00000000 72.00000000 95.50000000
v 76.50000000 72.00000000 97.00000000
v 77.00000000 71.50000000 97.00000000
v 77.00000000 72.00000000 96.50000000
v 77.00000000 72.00000000 97.50000000
v 76.50000000 72.00000000 99.00000000
v 77.00000000 71.50000000 99.00000000
v 77.00000000 72.00000000 98.50000000
v 77.00000000 72.00000000 99.50000000
v 77.00000000 72.00000000 100.50000000
v 76.50000000 72.00000000 101.00000000
v 77.00000000 73.00000000 73.50000000
v 76.50000000 73.00000000 91.00000000
v 77.00000000 72.50000000 91.00000000
v 77.00000000 73.00000000 90.50000000
v 77.00000000 72.50000000 92.00000000
v 77.00000000 72.50000000 96.00000000
v 77.00000000 72.50000000 98.00000000
v 77.00000000 72.50000000 100.00000000
v 76.50000000 73.00000000 102.00000000
v 76.50000000 73.00000000 103.00000000
v 77.00000000 74.00000000 73.50000000
v 77.00000000 73.50000000 91.00000000
v 77.00000000 74.00000000 91.50000000
v 76.50000000 75.00000000 73.00000000
v 77.00000000 75.00000000 73.50000000
v 77.00000000 74.50000000 92.00000000
v 76.50000000 75.00000000 92.00000000
v 77.00000000 75.00000000 92.50000000
v 77.00000000 76.00000000 73.50000000
v 76.50000000 76.00000000 92.00000000
v 77.00000000 76.00000000 92.50000000
v 76.50000000 77.00000000 74.00000000
v 77.00000000 77.00000000 73.50000000
v 77.00000000 76.50000000 92.00000000
v 77.00000000 77.00000000 91.50000000
v 77.00000000 77.50000000 74.00000000
v 77.00000000 78.00000000 74.50000000
v 77.00000000 78.00000000 91.50000000
v 77.00000000 79.00000000 74.50000000
v 77.00000000 78.50000000 92.00000000
v 76.50000000 79.00000000 92.00000000
v 77.00000000 79.00000000 92.50000000
v 77.00000000 80.00000000 74.50000000
v 77.00000000 80.00000000 92.50000000
v 77.00000000 80.50000000 75.00000000
v 77.00000000 81.00000000 75.50000000
v 77.00000000 81.00000000 92.50000000
v 77.00000000 81.50000000 76.00000000
v 77.00000000 81.50000000 77.00000000
v 77.00000000 81.50000000 78.00000000
v 76.50000000 82.00000000 79.00000000
v 77.00000000 82.00000000 78.50000000
v 77.00000000 82.00000000 92.50000000
v 77.00000000 82.50000000 79.00000000
v 77.00000000 82.50000000 80.00000000
v 76.50000000 83.00000000 80.00000000
v 77.00000000 83.00000000 80.50000000
v 76.50000000 83.00000000 87.00000000
v 77.00000000 82.50000000 87.00000000
v 77.00000000 83.00000000 86.50000000
v 76.50000000 83.00000000 88.00000000
v 77.00000000 82.50000000 88.00000000
v 76.50000000 83.00000000 89.00000000
v 77.00000000 82.50000000 89.00000000
v 77.00000000 83.00000000 89.50000000
v 76.50000000 83.00000000 92.00000000
v 77.00000000 82.50000000 92.00000000
v 77.00000000 83.00000000 91.50000000
v 76.50000000 84.00000000 80.00000000
v 77.00000000 84.00000000 80.50000000
v 77.00000000 83.50000000 87.00000000
v 77.00000000 84.00000000 87.50000000
v 76.50000000 84.00000000 89.00000000
v 77.00000000 83.50000000 90.00000000
v 76.50000000 84.00000000 90.00000000
v 76.50000000 84.00000000 91.00000000
v 77.00000000 83.50000000 91.00000000
v 77.00000000 85.00000000 79.50000000
v 77.00000000 84.50000000 80.00000000
v 77.00000000 84.50000000 87.00000000
v 77.00000000 85.00000000 86.50000000
v 76.50000000 85.00000000 89.00000000
v 76.50000000 85.00000000 90.00000000
v 76.50000000 85.00000000 91.00000000
v 77.00000000 85.50000000 80.00000000
v 76.50000000 86.00000000 80.00000000
v 76.50000000 86.00000000 81.00000000
v 77.00000000 85.50000000 81.00000000
v 77.00000000 86.00000000 81.50000000
v 76.50000000 86.00000000 86.00000000
v 77.00000000 85.50000000 86.00000000
v 77.00000000 86.00000000 85.50000000
v 76.50000000 86.00000000 94.00000000
v 77.00000000 86.00000000 93.50000000
v 77.00000000 85.50000000 94.00000000
v 77.00000000 85.50000000 95.00000000
v 77.00000000 86.00000000 95.50000000
v 76.50000000 87.00000000 81.00000000
v 77.00000000 86.50000000 82.00000000
v 76.50000000 87.00000000 82.00000000
v 76.50000000 87.00000000 83.00000000
v 77.00000000 86.50000000 83.00000000
v 76.50000000 87.00000000 84.00000000
v 77.00000000 86.50000000 84.00000000
v 76.50000000 87.00000000 85.00000000
v 77.00000000 86.50000000 85.00000000
v 76.50000000 87.00000000 86.00000000
v 76.50000000 87.00000000 94.00000000
v 77.00000000 87.00000000 93.50000000
v 76.50000000 87.00000000 96.00000000
v 77.00000000 87.00000000 95.50000000
v 76.50000000 88.00000000 94.00000000
v 77.00000000 88.00000000 93.50000000
v 76.50000000 88.00000000 95.00000000
v 76.50000000 87.50000000 95.50000000
v 77.00000000 87.50000000 96.00000000
v 76.50000000 88.00000000 96.00000000
v 77.00000000 88.00000000 96.50000000
v 77.00000000 88.50000000 94.00000000
v 77.00000000 88.50000000 95.00000000
v 77.00000000 88.50000000 96.00000000
v 76.50000000 93.00000000 72.00000000
v 76.50000000 94.00000000 72.00000000
v 76.50000000 94.00000000 73.00000000
v 76.50000000 94.00000000 74.00000000
v 77.50000000 67.00000000 73.00000000
v 78.00000000 67.00000000 72.50000000
v 78.00000000 66.50000000 73.00000000
v 78.00000000 67.00000000 73.50000000
v 77.50000000 67.00000000 79.00000000
v 78.00000000 67.00000000 79.50000000
v 78.00000000 66.50000000 80.00000000
v 78.00000000 66.50000000 81.00000000
v 78.00000000 66.50000000 82.00000000
v 78.00000000 66.50000000 83.00000000
v 78.00000000 66.50000000 84.00000000
v 78.00000000 66.50000000 85.00000000
v 78.00000000 66.50000000 86.00000000
v 78.00000000 66.50000000 87.00000000
v 78.00000000 66.50000000 88.00000000
v 78.00000000 66.50000000 89.00000000
v 77.50000000 67.00000000 90.00000000
v 78.00000000 67.00000000 89.50000000
v 77.50000000 67.00000000 91.00000000
v 77.50000000 68.00000000 72.00000000
v 78.00000000 68.00000000 71.50000000
v 78.00000000 67.50000000 72.00000000
v 77.50000000 68.00000000 73.00000000
v 78.00000000 67.50000000 74.00000000
v 77.50000000 68.00000000 74.00000000
v 78.00000000 67.50000000 75.00000000
v 77.50000000 68.00000000 75.00000000
v 78.00000000 67.50000000 76.00000000
v 77.50000000 68.00000000 76.00000000
v 78.00000000 67.50000000 77.00000000
v 77.50000000 68.00000000 77.00000000
v 78.00000000 67.50000000 78.00000000
v 78.00000000 67.50000000 79.00000000
v 78.00000000 67.50000000 90.00000000
v 78.00000000 67.50000000 91.00000000
v 78.00000000 67.50000000 92.00000000
v 78.00000000 67.50000000 93.00000000
v 77.50000000 68.00000000 94.00000000
v 78.00000000 68.00000000 93.50000000
v 77.50000000 69.00000000 72.00000000
v 78.00000000 69.00000000 71.50000000
v 77.50000000 69.00000000 73.00000000
v 77.50000000 69.00000000 74.00000000
v 77.50000000 69.00000000 75.00000000
v 77.50000000 69.00000000 76.00000000
v 77.50000000 69.00000000 77.00000000
v 78.00000000 68.50000000 94.00000000
v 78.00000000 68.50000000 95.00000000
v 78.00000000 68.50000000 96.00000000
v 78.00000000 68.50000000 97.00000000
v 78.00000000 68.50000000 98.00000000
v 77.50000000 69.00000000 98.00000000
v 78.00000000 69.00000000 98.50000000
v 78.00000000 69.50000000 72.00000000
v 78.00000000 69.50000000 73.00000000
v 77.50000000 70.00000000 74.00000000
v 78.00000000 70.00000000 73.50000000
v 77.50000000 70.00000000 75.00000000
v 78.00000000 69.50000000 99.00000000
v 77.50000000 70.00000000 99.00000000
v 78.00000000 69.50000000 100.00000000
v 77.50000000 70.00000000 100.00000000
v 78.00000000 70.00000000 100.50000000
v 77.50000000 71.00000000 74.00000000
v 78.00000000 70.50000000 74.00000000
v 77.50000000 70.50000000 74.50000000
v 78.00000000 71.00000000 74.50000000
v 78.00000000 71.00000000 100.50000000
v 78.00000000 72.00000000 73.50000000
v 78.00000000 71.50000000 74.00000000
v 78.00000000 71.50000000 93.00000000
v 78.00000000 72.00000000 92.50000000
v 78.00000000 71.50000000 94.00000000
v 78.00000000 71.50000000 95.00000000
v 77.50000000 72.00000000 96.00000000
v 78.00000000 71.50000000 96.00000000
v 78.00000000 71.50000000 97.00000000
v 77.50000000 72.00000000 98.00000000
v 78.00000000 71.50000000 98.00000000
v 78.00000000 71.50000000 99.00000000
v 78.00000000 72.00000000 99.50000000
v 78.00000000 72.00000000 100.50000000
v 78.00000000 73.00000000 73.50000000
v 77.50000000 73.00000000 91.00000000
v 78.00000000 73.00000000 91.50000000
v 78.00000000 72.50000000 92.00000000
v 78.00000000 72.50000000 100.00000000
v 78.00000000 74.00000000 73.50000000
v 78.00000000 74.00000000 91.50000000
v 78.00000000 74.50000000 74.00000000
v 77.50000000 75.00000000 74.00000000
v 78.00000000 75.00000000 74.50000000
v 78.00000000 74.50000000 92.00000000
v 78.00000000 75.00000000 92.50000000
v 77.50000000 76.00000000 74.00000000
v 78.00000000 76.00000000 74.50000000
v 78.00000000 76.00000000 92.50000000
v 77.50000000 77.00000000 74.00000000
v 78.00000000 77.00000000 74.50000000
v 77.50000000 77.00000000 92.00000000
v 78.00000000 77.00000000 92.50000000
v 77.50000000 78.00000000 75.00000000
v 78.00000000 77.50000000 75.00000000
v 78.00000000 78.00000000 75.50000000
v 78.00000000 77.50000000 92.00000000
v 78.00000000 78.00000000 91.50000000
v 77.50000000 79.00000000 75.00000000
v 78.00000000 79.00000000 75.50000000
v 77.50000000 79.00000000 92.00000000
v 78.00000000 79.00000000 91.50000000
v 77.50000000 80.00000000 75.00000000
v 78.00000000 79.50000000 76.00000000
v 77.50000000 80.00000000 76.00000000
v 78.00000000 80.00000000 76.50000000
v 78.00000000 79.50000000 92.00000000
v 78.00000000 80.00000000 92.50000000
v 77.50000000 81.00000000 76.00000000
v 78.00000000 80.50000000 77.00000000
v 77.50000000 81.00000000 77.00000000
v 77.50000000 81.00000000 78.00000000
v 78.00000000 80.50000000 78.00000000
v 77.50000000 81.00000000 79.00000000
v 78.00000000 80.50000000 79.00000000
v 78.00000000 81.00000000 79.50000000
v 77.50000000 81.00000000 92.00000000
v 78.00000000 80.50000000 92.00000000
v 78.00000000 81.00000000 91.50000000
v 78.00000000 81.50000000 79.00000000
v 78.00000000 82.00000000 78.50000000
v 77.50000000 82.00000000 92.00000000
v 78.00000000 82.00000000 91.50000000
v 78.00000000 82.50000000 79.00000000
v 78.00000000 82.50000000 80.00000000
v 78.00000000 83.00000000 80.50000000
v 77.50000000 83.00000000 87.00000000
v 77.50000000 83.00000000 88.00000000
v 78.00000000 83.00000000 88.50000000
v 78.00000000 82.50000000 89.00000000
v 77.50000000 83.00000000 90.00000000
v 78.00000000 82.50000000 90.00000000
v 77.50000000 83.00000000 91.00000000
v 78.00000000 82.50000000 91.00000000
v 78.00000000 83.50000000 81.00000000
v 77.50000000 84.00000000 81.00000000
v 77.50000000 84.00000000 82.00000000
v 78.00000000 83.50000000 82.00000000
v 78.00000000 84.00000000 82.50000000
v 77.50000000 84.00000000 86.00000000
v 78.00000000 83.50000000 86.00000000
v 78.00000000 84.00000000 85.50000000
v 77.50000000 83.50000000 86.50000000
v 78.00000000 83.50000000 87.00000000
v 77.50000000 84.00000000 87.00000000
v 78.00000000 83.50000000 88.00000000
v 77.50000000 85.00000000 80.00000000
v 77.50000000 85.00000000 81.00000000
v 78.00000000 85.00000000 81.50000000
v 78.00000000 84.50000000 82.00000000
v 77.50000000 85.00000000 85.00000000
v 78.00000000 84.50000000 85.00000000
v 78.00000000 85.00000000 84.50000000
v 77.50000000 85.00000000 86.00000000
v 77.50000000 86.00000000 82.00000000
v 78.00000000 85.50000000 82.00000000
v 77.50000000 86.00000000 83.00000000
v 78.00000000 85.50000000 83.00000000
v 77.50000000 86.00000000 84.00000000
v 78.00000000 85.50000000 84.00000000
v 77.50000000 86.00000000 85.00000000
v 77.50000000 86.00000000 93.00000000
v 78.00000000 86.00000000 92.50000000
v 78.00000000 85.50000000 93.00000000
v 78.00000000 85.50000000 94.00000000
v 78.00000000 85.50000000 95.00000000
v 78.00000000 86.00000000 95.50000000
v 77.50000000 87.00000000 93.00000000
v 78.00000000 87.00000000 92.50000000
v 78.00000000 86.50000000 96.00000000
v 77.50000000 87.00000000 96.00000000
v 78.00000000 87.00000000 96.50000000
v 77.50000000 88.00000000 93.00000000
v 78.00000000 88.00000000 92.50000000
v 78.00000000 88.00000000 95.50000000
v 77.50000000 88.00000000 96.00000000
v 78.00000000 87.50000000 96.00000000
v 78.00000000 88.50000000 93.00000000
v 78.00000000 88.50000000 94.00000000
v 78.00000000 88.50000000 95.00000000
v 79.00000000 67.00000000 72.50000000
v 79.00000000 66.50000000 73.00000000
v 79.00000000 66.50000000 74.00000000
v 78.50000000 67.00000000 74.00000000
v 79.00000000 66.50000000 75.00000000
v 78.50000000 67.00000000 75.00000000
v 79.00000000 66.50000000 76.00000000
v 78.50000000 67.00000000 76.00000000
v 79.00000000 67.00000000 76.50000000
v 78.50000000 67.00000000 80.00000000
v 78.50000000 67.00000000 81.00000000
v 78.50000000 67.00000000 82.00000000
v 78.50000000 67.00000000 83.00000000
v 78.50000000 67.00000000 84.00000000
v 78.50000000 67.00000000 85.00000000
v 78.50000000 67.00000000 86.00000000
v 78.50000000 67.00000000 87.00000000
v 78.50000000 67.00000000 88.00000000
v 78.50000000 67.00000000 89.00000000
v 78.50000000 68.00000000 71.00000000
v 79.00000000 68.00000000 70.50000000
v 79.00000000 67.50000000 71.00000000
v 79.00000000 67.50000000 72.00000000
v 79.00000000 67.50000000 77.00000000
v 79.00000000 67.50000000 78.00000000
v 79.00000000 67.50000000 79.00000000
v 79.00000000 67.50000000 80.00000000
v 79.00000000 67.50000000 81.00000000
v 79.00000000 67.50000000 82.00000000
v 79.00000000 67.50000000 83.00000000
v 79.00000000 67.50000000 84.00000000
v 79.00000000 67.50000000 85.00000000
v 79.00000000 67.50000000 86.00000000
v 79.00000000 67.50000000 87.00000000
v 79.00000000 67.50000000 88.00000000
v 79.00000000 67.50000000 89.00000000
v 79.00000000 67.50000000 90.00000000
v 79.00000000 67.50000000 91.00000000
v 79.00000000 67.50000000 92.00000000
v 78.50000000 68.00000000 93.00000000
v 79.00000000 68.00000000 92.50000000
v 78.50000000 69.00000000 71.00000000
v 79.00000000 69.00000000 70.50000000
v 79.00000000 68.50000000 93.00000000
v 79.00000000 68.50000000 94.00000000
v 79.00000000 68.50000000 95.00000000
v 79.00000000 68.50000000 96.00000000
v 79.00000000 68.50000000 97.00000000
v 79.00000000 68.50000000 98.00000000
v 79.00000000 69.00000000 98.50000000
v 79.00000000 69.50000000 71.00000000
v 79.00000000 69.50000000 72.00000000
v 78.50000000 70.00000000 73.00000000
v 79.00000000 70.00000000 72.50000000
v 79.00000000 69.50000000 99.00000000
v 79.00000000 69.50000000 100.00000000
v 79.00000000 70.00000000 100.50000000
v 79.00000000 70.50000000 73.00000000
v 78.50000000 71.00000000 74.00000000
v 79.00000000 71.00000000 73.50000000
v 78.50000000 71.00000000 100.00000000
v 79.00000000 70.50000000 100.00000000
v 79.00000000 71.00000000 99.50000000
v 78.50000000 72.00000000 74.00000000
v 79.00000000 71.50000000 74.00000000
v 79.00000000 72.00000000 74.50000000
v 79.00000000 71.50000000 93.00000000
v 79.00000000 72.00000000 92.50000000
v 79.00000000 71.50000000 94.00000000
v 79.00000000 71.50000000 95.00000000
v 79.00000000 71.50000000 96.00000000
v 79.00000000 71.50000000 97.00000000
v 79.00000000 71.50000000 98.00000000
v 79.00000000 71.50000000 99.00000000
v 78.50000000 72.00000000 100.00000000
v 78.50000000 73.00000000 74.00000000
v 79.00000000 73.00000000 74.50000000
v 79.00000000 72.50000000 92.00000000
v 79.00000000 73.00000000 91.50000000
v 78.50000000 74.00000000 74.00000000
v 79.00000000 74.00000000 74.50000000
v 79.00000000 74.00000000 91.50000000
v 78.50000000 75.00000000 75.00000000
v 79.00000000 74.50000000 75.00000000
v 79.00000000 75.00000000 75.50000000
v 78.50000000 75.00000000 92.00000000
v 79.00000000 75.00000000 91.50000000
v 78.50000000 76.00000000 75.00000000
v 79.00000000 76.00000000 75.50000000
v 78.50000000 76.00000000 92.00000000
v 79.00000000 76.00000000 91.50000000
v 78.50000000 77.00000000 75.00000000
v 79.00000000 77.00000000 75.50000000
v 78.50000000 77.00000000 91.00000000
v 79.00000000 76.50000000 91.00000000
v 79.00000000 77.00000000 90.50000000
v 78.50000000 77.00000000 92.00000000
v 78.50000000 78.00000000 76.00000000
v 79.00000000 77.50000000 76.00000000
v 79.00000000 78.00000000 76.50000000
v 78.50000000 78.00000000 91.00000000
v 79.00000000 78.00000000 90.50000000
v 78.50000000 79.00000000 76.00000000
v 79.00000000 78.50000000 77.00000000
v 78.50000000 79.00000000 77.00000000
v 79.00000000 79.00000000 77.50000000
v 78.50000000 79.00000000 91.00000000
v 79.00000000 79.00000000 90.50000000
v 78.50000000 80.00000000 77.00000000
v 79.00000000 79.50000000 78.00000000
v 78.50000000 80.00000000 78.00000000
v 78.50000000 80.00000000 79.00000000
v 79.00000000 79.50000000 79.00000000
v 78.50000000 80.00000000 80.00000000
v 79.00000000 79.50000000 80.00000000
v 79.00000000 80.00000000 80.50000000
v 79.00000000 79.50000000 91.00000000
v 78.50000000 80.00000000 92.00000000
v 79.00000000 80.00000000 91.50000000
v 78.50000000 81.00000000 80.00000000
v 79.00000000 81.00000000 80.50000000
v 78.50000000 81.00000000 91.00000000
v 79.00000000 80.50000000 91.00000000
v 79.00000000 81.00000000 90.50000000
v 78.50000000 82.00000000 79.00000000
v 78.50000000 82.00000000 80.00000000
v 79.00000000 82.00000000 80.50000000
v 78.50000000 82.00000000 91.00000000
v 79.00000000 82.00000000 90.50000000
v 78.50000000 83.00000000 81.00000000
v 79.00000000 82.50000000 81.00000000
v 79.00000000 83.00000000 81.50000000
v 79.00000000 82.50000000 89.00000000
v 79.00000000 83.00000000 88.50000000
v 79.00000000 82.50000000 90.00000000
v 79.00000000 83.50000000 82.00000000
v 78.50000000 84.00000000 83.00000000
v 79.00000000 83.50000000 83.00000000
v 79.00000000 84.00000000 83.50000000
v 79.00000000 83.50000000 86.00000000
v 79.00000000 84.00000000 85.50000000
v 79.00000000 83.50000000 87.00000000
v 79.00000000 83.50000000 88.00000000
v 78.50000000 85.00000000 82.00000000
v 78.50000000 85.00000000 83.00000000
v 79.00000000 84.50000000 84.00000000
v 78.50000000 85.00000000 84.00000000
v 79.00000000 84.50000000 85.00000000
v 78.50000000 86.00000000 92.00000000
v 79.00000000 86.00000000 91.50000000
v 79.00000000 85.50000000 92.00000000
v 79.00000000 85.50000000 93.00000000
v 79.00000000 85.50000000 94.00000000
v 78.50000000 86.00000000 95.00000000
v 79.00000000 86.00000000 94.50000000
v 78.50000000 87.00000000 91.00000000
v 79.00000000 87.00000000 90.50000000
v 79.00000000 86.50000000 91.00000000
v 78.50000000 87.00000000 92.00000000
v 79.00000000 86.50000000 95.00000000
v 78.50000000 87.00000000 96.00000000
v 79.00000000 87.00000000 95.50000000
v 78.50000000 88.00000000 91.00000000
v 79.00000000 88.00000000 90.50000000
v 79.00000000 88.00000000 91.50000000
v 79.00000000 87.50000000 92.00000000
v 79.00000000 87.50000000 93.00000000
v 78.50000000 88.00000000 93.00000000
v 78.50000000 88.00000000 94.00000000
v 79.00000000 87.50000000 94.00000000
v 78.50000000 88.00000000 95.00000000
v 79.00000000 87.50000000 95.00000000
v 79.00000000 88.50000000 91.00000000
v 79.50000000 67.00000000 73.00000000
v 79.50000000 67.00000000 74.00000000
v 80.00000000 67.00000000 74.50000000
v 80.00000000 66.50000000 75.00000000
v 80.00000000 66.50000000 76.00000000
v 80.00000000 66.50000000 77.00000000
v 79.50000000 67.00000000 77.00000000
v 80.00000000 67.00000000 77.50000000
v 79.50000000 68.00000000 71.00000000
v 80.00000000 68.00000000 71.50000000
v 80.00000000 67.50000000 72.00000000
v 80.00000000 67.50000000 73.00000000
v 80.00000000 67.50000000 74.00000000
v 80.00000000 67.50000000 78.00000000
v 80.00000000 67.50000000 79.00000000
v 80.00000000 67.50000000 80.00000000
v 80.00000000 67.50000000 81.00000000
v 80.00000000 67.50000000 82.00000000
v 80.00000000 67.50000000 83.00000000
v 80.00000000 67.50000000 84.00000000
v 80.00000000 67.50000000 85.00000000
v 80.00000000 67.50000000 86.00000000
v 80.00000000 67.50000000 87.00000000
v 80.00000000 67.50000000 88.00000000
v 80.00000000 67.50000000 89.00000000
v 80.00000000 67.50000000 90.00000000
v 79.50000000 68.00000000 91.00000000
v 80.00000000 68.00000000 90.50000000
v 79.50000000 68.00000000 92.00000000
v 79.50000000 69.00000000 71.00000000
v 80.00000000 69.00000000 71.50000000
v 80.00000000 68.50000000 91.00000000
v 80.00000000 68.50000000 92.00000000
v 80.00000000 68.50000000 93.00000000
v 80.00000000 68.50000000 94.00000000
v 80.00000000 68.50000000 95.00000000
v 80.00000000 68.50000000 96.00000000
v 80.00000000 68.50000000 97.00000000
v 79.50000000 69.00000000 98.00000000
v 80.00000000 69.00000000 97.50000000
v 80.00000000 69.50000000 72.00000000
v 80.00000000 70.00000000 72.50000000
v 79.50000000 70.00000000 98.00000000
v 80.00000000 70.00000000 97.50000000
v 79.50000000 70.00000000 99.00000000
v 79.50000000 70.00000000 100.00000000
v 80.00000000 70.50000000 73.00000000
v 80.00000000 71.00000000 73.50000000
v 79.50000000 71.00000000 92.00000000
v 80.00000000 70.50000000 92.00000000
v 80.00000000 71.00000000 91.50000000
v 79.50000000 71.00000000 93.00000000
v 80.00000000 70.50000000 93.00000000
v 79.50000000 71.00000000 94.00000000
v 80.00000000 70.50000000 94.00000000
v 79.50000000 71.00000000 95.00000000
v 80.00000000 70.50000000 95.00000000
v 79.50000000 71.00000000 96.00000000
v 80.00000000 70.50000000 96.00000000
v 79.50000000 71.00000000 97.00000000
v 80.00000000 70.50000000 97.00000000
v 79.50000000 71.00000000 98.00000000
v 79.50000000 71.00000000 99.00000000
v 80.00000000 71.50000000 74.00000000
v 79.50000000 72.00000000 75.00000000
v 80.00000000 71.50000000 75.00000000
v 80.00000000 72.00000000 75.50000000
v 79.50000000 72.00000000 91.00000000
v 80.00000000 71.50000000 91.00000000
v 80.00000000 72.00000000 90.50000000
v 79.50000000 72.00000000 92.00000000
v 79.50000000 73.00000000 75.00000000
v 80.00000000 73.00000000 75.50000000
v 79.50000000 73.00000000 91.00000000
v 80.00000000 73.00000000 90.50000000
v 79.50000000 74.00000000 75.00000000
v 80.00000000 74.00000000 75.50000000
v 79.50000000 74.00000000 91.00000000
v 80.00000000 74.00000000 90.50000000
v 79.50000000 75.00000000 76.00000000
v 80.00000000 74.50000000 76.00000000
v 80.00000000 75.00000000 76.50000000
v 80.00000000 74.50000000 91.00000000
v 80.00000000 75.00000000 91.50000000
v 79.50000000 76.00000000 76.00000000
v 80.00000000 75.50000000 77.00000000
v 79.50000000 76.00000000 77.00000000
v 80.00000000 76.00000000 77.50000000
v 80.00000000 76.00000000 91.50000000
v 79.50000000 77.00000000 76.00000000
v 79.50000000 77.00000000 77.00000000
v 80.00000000 76.50000000 78.00000000
v 79.50000000 77.00000000 78.00000000
v 80.00000000 77.00000000 78.50000000
v 79.50000000 77.00000000 89.00000000
v 80.00000000 76.50000000 89.00000000
v 80.00000000 77.00000000 88.50000000
v 79.50000000 77.00000000 90.00000000
v 80.00000000 76.50000000 90.00000000
v 80.00000000 76.50000000 91.00000000
v 79.50000000 78.00000000 77.00000000
v 79.50000000 78.00000000 78.00000000
v 80.00000000 77.50000000 79.00000000
v 79.50000000 78.00000000 79.00000000
v 80.00000000 78.00000000 79.50000000
v 79.50000000 78.00000000 88.00000000
v 80.00000000 77.50000000 88.00000000
v 80.00000000 78.00000000 87.50000000
v 79.50000000 78.00000000 89.00000000
v 79.50000000 78.00000000 90.00000000
v 79.50000000 79.00000000 78.00000000
v 79.50000000 79.00000000 79.00000000
v 80.00000000 78.50000000 80.00000000
v 79.50000000 79.00000000 80.00000000
v 80.00000000 79.00000000 80.50000000
v 80.00000000 78.50000000 88.00000000
v 80.00000000 78.50000000 89.00000000
v 80.00000000 79.00000000 89.50000000
v 79.50000000 79.00000000 90.00000000
v 79.50000000 80.00000000 81.00000000
v 80.00000000 79.50000000 81.00000000
v 80.00000000 80.00000000 81.50000000
v 79.50000000 80.00000000 90.00000000
v 80.00000000 80.00000000 89.50000000
v 79.50000000 80.00000000 91.00000000
v 80.00000000 81.00000000 80.50000000
v 80.00000000 80.50000000 81.00000000
v 80.00000000 81.00000000 81.50000000
v 79.50000000 81.00000000 82.00000000
v 80.00000000 80.50000000 82.00000000
v 80.00000000 81.00000000 82.50000000
v 79.50000000 81.00000000 89.00000000
v 80.00000000 80.50000000 89.00000000
v 80.00000000 81.00000000 88.50000000
v 79.50000000 81.00000000 90.00000000
v 80.00000000 81.50000000 81.00000000
v 79.50000000 82.00000000 81.00000000
v 80.00000000 81.50000000 82.00000000
v 80.00000000 82.00000000 81.50000000
v 80.00000000 82.00000000 82.50000000
v 79.50000000 82.00000000 83.00000000
v 80.00000000 81.50000000 83.00000000
v 80.00000000 82.00000000 83.50000000
v 79.50000000 82.00000000 89.00000000
v 80.00000000 82.00000000 88.50000000
v 79.50000000 82.00000000 90.00000000
v 79.50000000 83.00000000 82.00000000
v 80.00000000 82.50000000 82.00000000
v 80.00000000 82.50000000 83.00000000
v 80.00000000 83.00000000 82.50000000
v 80.00000000 83.00000000 83.50000000
v 79.50000000 83.00000000 84.00000000
v 80.00000000 82.50000000 84.00000000
v 80.00000000 83.00000000 84.50000000
v 79.50000000 83.00000000 87.00000000
v 80.00000000 82.50000000 87.00000000
v 80.00000000 83.00000000 86.50000000
v 79.50000000 83.00000000 88.00000000
v 80.00000000 82.50000000 88.00000000
v 80.00000000 83.50000000 83.00000000
v 79.50000000 84.00000000 84.00000000
v 80.00000000 83.50000000 85.00000000
v 79.50000000 84.00000000 85.00000000
v 80.00000000 83.50000000 86.00000000
v 79.50000000 85.00000000 89.00000000
v 80.00000000 85.00000000 88.50000000
v 80.00000000 84.50000000 89.00000000
v 80.00000000 84.50000000 90.00000000
v 79.50000000 85.00000000 90.00000000
v 80.00000000 84.50000000 91.00000000
v 79.50000000 85.00000000 91.00000000
v 80.00000000 84.50000000 92.00000000
v 79.50000000 85.00000000 92.00000000
v 80.00000000 85.00000000 92.50000000
v 79.50000000 86.00000000 89.00000000
v 80.00000000 86.00000000 88.50000000
v 79.50000000 86.00000000 90.00000000
v 79.50000000 86.00000000 91.00000000
v 80.00000000 85.50000000 93.00000000
v 80.00000000 85.50000000 94.00000000
v 80.00000000 86.00000000 94.50000000
v 80.00000000 86.50000000 89.00000000
v 79.50000000 87.00000000 90.00000000
v 80.00000000 87.00000000 89.50000000
v 79.50000000 87.00000000 94.00000000
v 80.00000000 86.50000000 94.00000000
v 80.00000000 87.00000000 93.50000000
v 79.50000000 87.00000000 95.00000000
v 80.00000000 87.50000000 90.00000000
v 80.00000000 87.50000000 91.00000000
v 79.50000000 88.00000000 91.00000000
v 80.00000000 87.50000000 92.00000000
v 80.00000000 87.50000000 93.00000000
v 80.50000000 67.00000000 75.00000000
v 80.50000000 67.00000000 76.00000000
v 80.50000000 67.00000000 77.00000000
v 80.50000000 68.00000000 72.00000000
v 80.50000000 68.00000000 73.00000000
v 80.50000000 68.00000000 74.00000000
v 80.50000000 68.00000000 75.00000000
v 81.00000000 68.00000000 75.50000000
v 81.00000000 67.50000000 76.00000000
v 81.00000000 67.50000000 77.00000000
v 81.00000000 67.50000000 78.00000000
v 81.00000000 67.50000000 79.00000000
v 81.00000000 67.50000000 80.00000000
v 81.00000000 67.50000000 81.00000000
v 81.00000000 67.50000000 82.00000000
v 80.50000000 68.00000000 83.00000000
v 81.00000000 68.00000000 82.50000000
v 80.50000000 68.00000000 84.00000000
v 80.50000000 68.00000000 85.00000000
v 80.50000000 68.00000000 86.00000000
v 80.50000000 68.00000000 87.00000000
v 80.50000000 68.00000000 88.00000000
v 80.50000000 68.00000000 89.00000000
v 80.50000000 68.00000000 90.00000000
v 80.50000000 69.00000000 72.00000000
v 80.50000000 69.00000000 73.00000000
v 80.50000000 69.00000000 74.00000000
v 81.00000000 69.00000000 74.50000000
v 81.00000000 68.50000000 75.00000000
v 81.00000000 68.50000000 83.00000000
v 81.00000000 68.50000000 84.00000000
v 81.00000000 68.50000000 85.00000000
v 81.00000000 68.50000000 86.00000000
v 81.00000000 68.50000000 87.00000000
v 81.00000000 68.50000000 88.00000000
v 81.00000000 68.50000000 89.00000000
v 81.00000000 68.50000000 90.00000000
v 80.50000000 69.00000000 91.00000000
v 81.00000000 69.00000000 90.50000000
v 80.50000000 69.00000000 92.00000000
v 80.50000000 69.00000000 93.00000000
v 80.50000000 69.00000000 94.00000000
v 80.50000000 69.00000000 95.00000000
v 80.50000000 69.00000000 96.00000000
v 80.50000000 69.00000000 97.00000000
v 80.50000000 70.00000000 73.00000000
v 80.50000000 70.00000000 74.00000000
v 81.00000000 70.00000000 74.50000000
v 80.50000000 70.00000000 90.00000000
v 81.00000000 69.50000000 90.00000000
v 81.00000000 70.00000000 89.50000000
v 80.50000000 70.00000000 91.00000000
v 80.50000000 70.00000000 92.00000000
v 80.50000000 70.00000000 93.00000000
v 80.50000000 70.00000000 94.00000000
v 80.50000000 70.00000000 95.00000000
v 80.50000000 70.00000000 96.00000000
v 80.50000000 70.00000000 97.00000000
v 80.50000000 71.00000000 74.00000000
v 81.00000000 70.50000000 75.00000000
v 80.50000000 71.00000000 75.00000000
v 81.00000000 71.00000000 75.50000000
v 80.50000000 71.00000000 89.00000000
v 81.00000000 70.50000000 89.00000000
v 81.00000000 71.00000000 88.50000000
v 80.50000000 71.00000000 90.00000000
v 80.50000000 71.00000000 91.00000000
v 81.00000000 72.00000000 75.50000000
v 80.50000000 72.00000000 89.00000000
v 81.00000000 72.00000000 88.50000000
v 80.50000000 72.00000000 90.00000000
v 81.00000000 72.50000000 76.00000000
v 80.50000000 73.00000000 76.00000000
v 81.00000000 73.00000000 76.50000000
v 80.50000000 73.00000000 89.00000000
v 81.00000000 73.00000000 88.50000000
v 80.50000000 73.00000000 90.00000000
v 80.50000000 74.00000000 76.00000000
v 81.00000000 73.50000000 77.00000000
v 80.50000000 74.00000000 77.00000000
v 81.00000000 74.00000000 77.50000000
v 81.00000000 73.50000000 89.00000000
v 81.00000000 74.00000000 89.50000000
v 80.50000000 74.00000000 90.00000000
v 80.50000000 75.00000000 77.00000000
v 81.00000000 74.50000000 78.00000000
v 80.50000000 75.00000000 78.00000000
v 81.00000000 75.00000000 78.50000000
v 80.50000000 75.00000000 90.00000000
v 81.00000000 75.00000000 89.50000000
v 80.50000000 75.00000000 91.00000000
v 80.50000000 76.00000000 78.00000000
v 81.00000000 75.50000000 79.00000000
v 80.50000000 76.00000000 79.00000000
v 80.50000000 76.00000000 80.00000000
v 81.00000000 75.50000000 80.00000000
v 81.00000000 76.00000000 80.50000000
v 80.50000000 76.00000000 90.00000000
v 81.00000000 76.00000000 89.50000000
v 80.50000000 76.00000000 91.00000000
v 80.50000000 77.00000000 79.00000000
v 80.50000000 77.00000000 80.00000000
v 81.00000000 77.00000000 80.50000000
v 80.50000000 77.00000000 87.00000000
v 81.00000000 76.50000000 87.00000000
v 81.00000000 77.00000000 86.50000000
v 80.50000000 77.00000000 88.00000000
v 81.00000000 76.50000000 88.00000000
v 81.00000000 76.50000000 89.00000000
v 80.50000000 78.00000000 80.00000000
v 81.00000000 77.50000000 81.00000000
v 80.50000000 78.00000000 81.00000000
v 80.50000000 78.00000000 82.00000000
v 81.00000000 77.50000000 82.00000000
v 80.50000000 78.00000000 83.00000000
v 81.00000000 77.50000000 83.00000000
v 80.50000000 78.00000000 84.00000000
v 81.00000000 77.50000000 84.00000000
v 80.50000000 78.00000000 85.00000000
v 81.00000000 77.50000000 85.00000000
v 80.50000000 78.00000000 86.00000000
v 81.00000000 77.50000000 86.00000000
v 80.50000000 78.00000000 87.00000000
v 80.50000000 79.00000000 81.00000000
v 80.50000000 79.00000000 82.00000000
v 80.50000000 79.00000000 83.00000000
v 80.50000000 79.00000000 84.00000000
v 80.50000000 79.00000000 85.00000000
v 80.50000000 79.00000000 86.00000000
v 80.50000000 79.00000000 87.00000000
v 80.50000000 79.00000000 88.00000000
v 80.50000000 79.00000000 89.00000000
v 80.50000000 80.00000000 82.00000000
v 80.50000000 80.00000000 83.00000000
v 80.50000000 80.00000000 84.00000000
v 80.50000000 80.00000000 85.00000000
v 80.50000000 80.00000000 86.00000000
v 80.50000000 80.00000000 87.00000000
v 80.50000000 80.00000000 88.00000000
v 80.50000000 80.00000000 89.00000000
v 80.50000000 81.00000000 81.00000000
v 80.50000000 81.00000000 83.00000000
v 80.50000000 81.00000000 84.00000000
v 80.50000000 81.00000000 85.00000000
v 80.50000000 81.00000000 86.00000000
v 80.50000000 81.00000000 87.00000000
v 80.50000000 81.00000000 88.00000000
v 80.50000000 82.00000000 82.00000000
v 80.50000000 82.00000000 84.00000000
v 80.50000000 82.00000000 85.00000000
v 81.00000000 82.00000000 85.50000000
v 81.00000000 81.50000000 86.00000000
v 81.00000000 81.50000000 87.00000000
v 81.00000000 81.50000000 88.00000000
v 81.00000000 82.00000000 88.50000000
v 80.50000000 83.00000000 78.00000000
v 81.00000000 83.00000000 77.50000000
v 81.00000000 82.50000000 78.00000000
v 81.00000000 83.00000000 78.50000000
v 81.00000000 83.00000000 81.50000000
v 80.50000000 83.00000000 82.00000000
v 81.00000000 82.50000000 82.00000000
v 81.00000000 82.50000000 83.00000000
v 80.50000000 83.00000000 84.00000000
v 81.00000000 82.50000000 84.00000000
v 81.00000000 82.50000000 85.00000000
v 80.50000000 82.50000000 84.50000000
v 80.50000000 83.00000000 87.00000000
v 80.50000000 83.00000000 88.00000000
v 81.00000000 82.50000000 89.00000000
v 80.50000000 83.00000000 89.00000000
v 81.00000000 82.50000000 90.00000000
v 80.50000000 83.00000000 90.00000000
v 81.00000000 83.00000000 90.50000000
v 81.00000000 83.50000000 78.00000000
v 80.50000000 84.00000000 82.00000000
v 81.00000000 84.00000000 81.50000000
v 80.50000000 84.00000000 83.00000000
v 80.50000000 84.00000000 84.00000000
v 80.50000000 84.00000000 85.00000000
v 80.50000000 84.00000000 86.00000000
v 80.50000000 84.00000000 87.00000000
v 80.50000000 84.00000000 88.00000000
v 80.50000000 84.00000000 89.00000000
v 80.50000000 84.00000000 90.00000000
v 81.00000000 83.50000000 91.00000000
v 80.50000000 84.00000000 91.00000000
v 81.00000000 83.50000000 92.00000000
v 80.50000000 84.00000000 92.00000000
v 81.00000000 84.00000000 92.50000000
v 81.00000000 84.50000000 82.00000000
v 81.00000000 84.50000000 83.00000000
v 81.00000000 84.50000000 84.00000000
v 81.00000000 84.50000000 85.00000000
v 81.00000000 84.50000000 86.00000000
v 81.00000000 84.50000000 87.00000000
v 80.50000000 85.00000000 88.00000000
v 81.00000000 85.00000000 87.50000000
v 81.00000000 84.50000000 93.00000000
v 80.50000000 85.00000000 93.00000000
v 81.00000000 85.00000000 93.50000000
v 81.00000000 85.50000000 88.00000000
v 81.00000000 86.00000000 88.50000000
v 81.00000000 86.00000000 93.50000000
v 80.50000000 86.00000000 94.00000000
v 81.00000000 86.50000000 89.00000000
v 81.00000000 87.00000000 89.50000000
v 80.50000000 87.00000000 93.00000000
v 81.00000000 86.50000000 93.00000000
v 81.00000000 87.00000000 92.50000000
v 81.00000000 87.50000000 90.00000000
v 81.00000000 87.50000000 91.00000000
v 81.00000000 87.50000000 92.00000000
v 81.50000000 68.00000000 76.00000000
v 81.50000000 68.00000000 77.00000000
v 82.00000000 68.00000000 77.50000000
v 82.00000000 67.50000000 78.00000000
v 82.00000000 67.50000000 79.00000000
v 82.00000000 67.50000000 80.00000000
v 82.00000000 67.50000000 81.00000000
v 81.50000000 68.00000000 82.00000000
v 82.00000000 68.00000000 81.50000000
v 81.50000000 69.00000000 75.00000000
v 81.50000000 69.00000000 76.00000000
v 82.00000000 69.00000000 76.50000000
v 82.00000000 68.50000000 77.00000000
v 82.00000000 68.50000000 82.00000000
v 82.00000000 68.50000000 83.00000000
v 81.50000000 69.00000000 84.00000000
v 82.00000000 69.00000000 83.50000000
v 81.50000000 69.00000000 85.00000000
v 81.50000000 69.00000000 86.00000000
v 81.50000000 69.00000000 87.00000000
v 81.50000000 69.00000000 88.00000000
v 81.50000000 69.00000000 89.00000000
v 81.50000000 69.00000000 90.00000000
v 81.50000000 70.00000000 75.00000000
v 81.50000000 70.00000000 76.00000000
v 82.00000000 70.00000000 76.50000000
v 82.00000000 69.50000000 84.00000000
v 82.00000000 70.00000000 84.50000000
v 81.50000000 70.00000000 85.00000000
v 81.50000000 70.00000000 86.00000000
v 81.50000000 70.00000000 87.00000000
v 81.50000000 70.00000000 88.00000000
v 81.50000000 70.00000000 89.00000000
v 82.00000000 70.50000000 76.00000000
v 82.00000000 71.00000000 75.50000000
v 82.00000000 70.50000000 85.00000000
v 82.00000000 71.00000000 85.50000000
v 81.50000000 71.00000000 86.00000000
v 81.50000000 71.00000000 87.00000000
v 81.50000000 71.00000000 88.00000000
v 82.00000000 71.50000000 76.00000000
v 81.50000000 72.00000000 76.00000000
v 82.00000000 72.00000000 76.50000000
v 82.00000000 71.50000000 86.00000000
v 82.00000000 72.00000000 86.50000000
v 81.50000000 72.00000000 87.00000000
v 81.50000000 72.00000000 88.00000000
v 82.00000000 73.00000000 76.50000000
v 82.00000000 72.50000000 87.00000000
v 82.00000000 73.00000000 87.50000000
v 81.50000000 73.00000000 88.00000000
v 82.00000000 73.50000000 77.00000000
v 82.00000000 74.00000000 77.50000000
v 82.00000000 73.50000000 88.00000000
v 81.50000000 74.00000000 89.00000000
v 82.00000000 74.00000000 88.50000000
v 82.00000000 74.50000000 78.00000000
v 81.50000000 75.00000000 79.00000000
v 82.00000000 74.50000000 79.00000000
v 82.00000000 75.00000000 79.50000000
v 82.00000000 74.50000000 89.00000000
v 82.00000000 75.00000000 89.50000000
v 82.00000000 75.50000000 80.00000000
v 81.50000000 76.00000000 81.00000000
v 82.00000000 75.50000000 81.00000000
v 82.00000000 76.00000000 81.50000000
v 82.00000000 75.50000000 90.00000000
v 81.50000000 76.00000000 90.00000000
v 82.00000000 76.00000000 90.50000000
v 81.50000000 77.00000000 81.00000000
v 82.00000000 76.50000000 82.00000000
v 81.50000000 77.00000000 82.00000000
v 81.50000000 77.00000000 83.00000000
v 82.00000000 76.50000000 83.00000000
v 81.50000000 77.00000000 84.00000000
v 82.00000000 76.50000000 84.00000000
v 81.50000000 77.00000000 85.00000000
v 82.00000000 76.50000000 85.00000000
v 81.50000000 77.00000000 86.00000000
v 82.00000000 76.50000000 86.00000000
v 82.00000000 76.50000000 87.00000000
v 82.00000000 76.50000000 88.00000000
v 82.00000000 76.50000000 89.00000000
v 82.00000000 76.50000000 90.00000000
v 81.50000000 81.00000000 84.00000000
v 82.00000000 81.00000000 83.50000000
v 82.00000000 80.50000000 84.00000000
v 82.00000000 80.50000000 85.00000000
v 81.50000000 81.00000000 85.00000000
v 82.00000000 80.50000000 86.00000000
v 81.50000000 81.00000000 86.00000000
v 82.00000000 80.50000000 87.00000000
v 81.50000000 81.00000000 87.00000000
v 82.00000000 81.00000000 87.50000000
v 81.50000000 82.00000000 81.00000000
v 82.00000000 82.00000000 80.50000000
v 82.00000000 81.50000000 81.00000000
v 82.00000000 81.50000000 82.00000000
v 81.50000000 82.00000000 82.00000000
v 82.00000000 81.50000000 83.00000000
v 81.50000000 82.00000000 83.00000000
v 81.50000000 82.00000000 84.00000000
v 81.50000000 82.00000000 85.00000000
v 82.00000000 81.50000000 88.00000000
v 82.00000000 81.50000000 89.00000000
v 81.50000000 82.00000000 89.00000000
v 82.00000000 82.00000000 89.50000000
v 81.50000000 83.00000000 78.00000000
v 82.00000000 82.50000000 81.00000000
v 82.00000000 83.00000000 81.50000000
v 82.00000000 82.50000000 90.00000000
v 82.00000000 82.50000000 91.00000000
v 81.50000000 83.00000000 91.00000000
v 82.00000000 83.00000000 91.50000000
v 82.00000000 83.50000000 82.00000000
v 81.50000000 84.00000000 82.00000000
v 81.50000000 84.00000000 83.00000000
v 82.00000000 83.50000000 83.00000000
v 81.50000000 84.00000000 84.00000000
v 82.00000000 83.50000000 84.00000000
v 81.50000000 84.00000000 85.00000000
v 82.00000000 83.50000000 85.00000000
v 82.00000000 84.00000000 85.50000000
v 82.00000000 83.50000000 92.00000000
v 82.00000000 84.00000000 92.50000000
v 82.00000000 84.50000000 86.00000000
v 82.00000000 84.50000000 87.00000000
v 82.00000000 85.00000000 87.50000000
v 81.50000000 85.00000000 93.00000000
v 82.00000000 85.00000000 92.50000000
v 82.00000000 85.50000000 88.00000000
v 81.50000000 86.00000000 89.00000000
v 82.00000000 85.50000000 89.00000000
v 81.50000000 86.00000000 90.00000000
v 82.00000000 85.50000000 90.00000000
v 82.00000000 86.00000000 90.50000000
v 81.50000000 86.00000000 93.00000000
v 82.00000000 86.00000000 92.50000000
v 81.50000000 87.00000000 90.00000000
v 82.00000000 86.50000000 91.00000000
v 81.50000000 87.00000000 91.00000000
v 81.50000000 87.00000000 92.00000000
v 82.00000000 86.50000000 92.00000000
v 82.50000000 68.00000000 78.00000000
v 82.50000000 68.00000000 79.00000000
v 82.50000000 68.00000000 80.00000000
v 82.50000000 68.00000000 81.00000000
v 82.50000000 69.00000000 77.00000000
v 82.50000000 69.00000000 78.00000000
v 82.50000000 69.00000000 79.00000000
v 82.50000000 69.00000000 80.00000000
v 82.50000000 69.00000000 81.00000000
v 82.50000000 69.00000000 82.00000000
v 82.50000000 69.00000000 83.00000000
v 82.50000000 70.00000000 77.00000000
v 82.50000000 70.00000000 78.00000000
v 83.00000000 70.00000000 78.50000000
v 83.00000000 69.50000000 79.00000000
v 83.00000000 69.50000000 80.00000000
v 83.00000000 69.50000000 81.00000000
v 83.00000000 70.00000000 81.50000000
v 82.50000000 70.00000000 82.00000000
v 82.50000000 70.00000000 83.00000000
v 82.50000000 70.00000000 84.00000000
v 82.50000000 71.00000000 76.00000000
v 82.50000000 71.00000000 77.00000000
v 83.00000000 71.00000000 77.50000000
v 83.00000000 70.50000000 78.00000000
v 83.00000000 70.50000000 82.00000000
v 83.00000000 70.50000000 83.00000000
v 83.00000000 71.00000000 83.50000000
v 82.50000000 71.00000000 84.00000000
v 82.50000000 71.00000000 85.00000000
v 82.50000000 72.00000000 77.00000000
v 83.00000000 72.00000000 77.50000000
v 83.00000000 71.50000000 84.00000000
v 83.00000000 72.00000000 84.50000000
v 82.50000000 72.00000000 85.00000000
v 82.50000000 72.00000000 86.00000000
v 82.50000000 73.00000000 77.00000000
v 83.00000000 73.00000000 77.50000000
v 83.00000000 72.50000000 85.00000000
v 83.00000000 72.50000000 86.00000000
v 82.50000000 73.00000000 87.00000000
v 83.00000000 73.00000000 86.50000000
v 82.50000000 74.00000000 78.00000000
v 83.00000000 73.50000000 78.00000000
v 83.00000000 74.00000000 78.50000000
v 83.00000000 73.50000000 87.00000000
v 83.00000000 73.50000000 88.00000000
v 83.00000000 74.00000000 88.50000000
v 83.00000000 74.50000000 79.00000000
v 82.50000000 75.00000000 80.00000000
v 83.00000000 74.50000000 80.00000000
v 82.50000000 75.00000000 81.00000000
v 83.00000000 74.50000000 81.00000000
v 83.00000000 75.00000000 81.50000000
v 83.00000000 74.50000000 89.00000000
v 83.00000000 74.50000000 90.00000000
v 82.50000000 75.00000000 90.00000000
v 83.00000000 75.00000000 90.50000000
v 82.50000000 76.00000000 82.00000000
v 83.00000000 75.50000000 82.00000000
v 82.50000000 76.00000000 83.00000000
v 83.00000000 75.50000000 83.00000000
v 83.00000000 76.00000000 83.50000000
v 83.00000000 76.00000000 90.50000000
v 83.00000000 77.00000000 83.50000000
v 82.50000000 77.00000000 84.00000000
v 82.50000000 77.00000000 85.00000000
v 82.50000000 77.00000000 86.00000000
v 82.50000000 77.00000000 87.00000000
v 83.00000000 77.00000000 87.50000000
v 83.00000000 76.50000000 88.00000000
v 83.00000000 76.50000000 89.00000000
v 83.00000000 76.50000000 90.00000000
v 83.00000000 77.50000000 84.00000000
v 83.00000000 77.50000000 85.00000000
v 83.00000000 77.50000000 86.00000000
v 83.00000000 77.50000000 87.00000000
v 82.50000000 80.00000000 83.00000000
v 83.00000000 80.00000000 82.50000000
v 83.00000000 79.50000000 83.00000000
v 83.00000000 79.50000000 84.00000000
v 82.50000000 80.00000000 84.00000000
v 83.00000000 79.50000000 85.00000000
v 82.50000000 80.00000000 85.00000000
v 83.00000000 79.50000000 86.00000000
v 82.50000000 80.00000000 86.00000000
v 83.00000000 80.00000000 86.50000000
v 82.50000000 81.00000000 81.00000000
v 83.00000000 81.00000000 80.50000000
v 83.00000000 80.50000000 81.00000000
v 83.00000000 80.50000000 82.00000000
v 82.50000000 81.00000000 82.00000000
v 82.50000000 81.00000000 83.00000000
v 83.00000000 80.50000000 87.00000000
v 83.00000000 80.50000000 88.00000000
v 82.50000000 81.00000000 88.00000000
v 83.00000000 81.00000000 88.50000000
v 82.50000000 82.00000000 81.00000000
v 83.00000000 81.50000000 81.00000000
v 82.50000000 81.50000000 81.50000000
v 83.00000000 82.00000000 81.50000000
v 83.00000000 81.50000000 89.00000000
v 83.00000000 82.00000000 89.50000000
v 82.50000000 83.00000000 82.00000000
v 83.00000000 82.50000000 82.00000000
v 83.00000000 83.00000000 82.50000000
v 83.00000000 82.50000000 90.00000000
v 82.50000000 83.00000000 91.00000000
v 83.00000000 83.00000000 90.50000000
v 83.00000000 83.50000000 83.00000000
v 83.00000000 83.50000000 84.00000000
v 83.00000000 83.50000000 85.00000000
v 82.50000000 84.00000000 86.00000000
v 83.00000000 83.50000000 86.00000000
v 83.00000000 84.00000000 86.50000000
v 83.00000000 83.50000000 91.00000000
v 82.50000000 84.00000000 92.00000000
v 83.00000000 84.00000000 91.50000000
v 83.00000000 84.50000000 87.00000000
v 82.50000000 85.00000000 88.00000000
v 83.00000000 84.50000000 88.00000000
v 82.50000000 85.00000000 89.00000000
v 83.00000000 84.50000000 89.00000000
v 83.00000000 85.00000000 89.50000000
v 82.50000000 85.00000000 92.00000000
v 83.00000000 85.00000000 91.50000000
v 83.00000000 85.50000000 90.00000000
v 82.50000000 86.00000000 91.00000000
v 83.00000000 85.50000000 91.00000000
v 82.50000000 86.00000000 92.00000000
v 83.50000000 70.00000000 79.00000000
v 83.50000000 70.00000000 80.00000000
v 83.50000000 70.00000000 81.00000000
v 83.50000000 71.00000000 78.00000000
v 83.50000000 71.00000000 79.00000000
v 83.50000000 71.00000000 80.00000000
v 83.50000000 71.00000000 81.00000000
v 83.50000000 71.00000000 82.00000000
v 83.50000000 71.00000000 83.00000000
v 83.50000000 72.00000000 78.00000000
v 83.50000000 72.00000000 79.00000000
v 83.50000000 72.00000000 80.00000000
v 83.50000000 72.00000000 81.00000000
v 83.50000000 72.00000000 82.00000000
v 83.50000000 72.00000000 83.00000000
v 83.50000000 72.00000000 84.00000000
v 83.50000000 73.00000000 78.00000000
v 83.50000000 73.00000000 79.00000000
v 83.50000000 73.00000000 80.00000000
v 83.50000000 73.00000000 81.00000000
v 83.50000000 73.00000000 82.00000000
v 84.00000000 73.00000000 82.50000000
v 84.00000000 72.50000000 83.00000000
v 84.00000000 72.50000000 84.00000000
v 84.00000000 72.50000000 85.00000000
v 83.50000000 73.00000000 86.00000000
v 84.00000000 73.00000000 85.50000000
v 83.50000000 74.00000000 79.00000000
v 83.50000000 74.00000000 80.00000000
v 83.50000000 74.00000000 81.00000000
v 84.00000000 74.00000000 81.50000000
v 84.00000000 73.50000000 82.00000000
v 84.00000000 73.50000000 86.00000000
v 84.00000000 73.50000000 87.00000000
v 84.00000000 73.50000000 88.00000000
v 84.00000000 73.50000000 89.00000000
v 83.50000000 74.00000000 89.00000000
v 84.00000000 74.00000000 89.50000000
v 83.50000000 75.00000000 82.00000000
v 84.00000000 74.50000000 82.00000000
v 84.00000000 75.00000000 82.50000000
v 84.00000000 74.50000000 90.00000000
v 84.00000000 75.00000000 90.50000000
v 84.00000000 76.00000000 82.50000000
v 83.50000000 76.00000000 83.00000000
v 83.50000000 76.00000000 89.00000000
v 84.00000000 75.50000000 89.00000000
v 84.00000000 76.00000000 88.50000000
v 83.50000000 76.00000000 90.00000000
v 84.00000000 75.50000000 90.00000000
v 84.00000000 76.50000000 83.00000000
v 84.00000000 77.00000000 83.50000000
v 84.00000000 76.50000000 88.00000000
v 84.00000000 77.00000000 87.50000000
v 83.50000000 78.00000000 83.00000000
v 84.00000000 78.00000000 82.50000000
v 84.00000000 77.50000000 83.00000000
v 83.50000000 78.00000000 84.00000000
v 83.50000000 78.00000000 85.00000000
v 83.50000000 78.00000000 86.00000000
v 84.00000000 78.00000000 86.50000000
v 84.00000000 77.50000000 87.00000000
v 83.50000000 79.00000000 83.00000000
v 84.00000000 79.00000000 82.50000000
v 83.50000000 79.00000000 84.00000000
v 83.50000000 79.00000000 85.00000000
v 83.50000000 79.00000000 86.00000000
v 84.00000000 79.00000000 86.50000000
v 83.50000000 80.00000000 82.00000000
v 84.00000000 80.00000000 81.50000000
v 84.00000000 79.50000000 82.00000000
v 84.00000000 79.50000000 87.00000000
v 83.50000000 80.00000000 87.00000000
v 84.00000000 80.00000000 87.50000000
v 83.50000000 81.00000000 81.00000000
v 84.00000000 81.00000000 81.50000000
v 84.00000000 80.50000000 88.00000000
v 84.00000000 81.00000000 88.50000000
v 84.00000000 82.00000000 81.50000000
v 84.00000000 81.50000000 89.00000000
v 84.00000000 82.00000000 89.50000000
v 84.00000000 82.50000000 82.00000000
v 83.50000000 83.00000000 83.00000000
v 84.00000000 82.50000000 83.00000000
v 83.50000000 83.00000000 84.00000000
v 84.00000000 82.50000000 84.00000000
v 83.50000000 83.00000000 85.00000000
v 84.00000000 82.50000000 85.00000000
v 83.50000000 83.00000000 86.00000000
v 84.00000000 82.50000000 86.00000000
v 84.00000000 83.00000000 86.50000000
v 83.50000000 83.00000000 90.00000000
v 84.00000000 83.00000000 89.50000000
v 83.50000000 84.00000000 87.00000000
v 84.00000000 83.50000000 87.00000000
v 83.50000000 84.00000000 88.00000000
v 84.00000000 83.50000000 88.00000000
v 83.50000000 84.00000000 89.00000000
v 84.00000000 83.50000000 89.00000000
v 83.50000000 84.00000000 90.00000000
v 83.50000000 84.00000000 91.00000000
v 83.50000000 85.00000000 90.00000000
v 83.50000000 85.00000000 91.00000000
v 84.50000000 73.00000000 83.00000000
v 84.50000000 73.00000000 84.00000000
v 84.50000000 73.00000000 85.00000000
v 84.50000000 74.00000000 82.00000000
v 84.50000000 74.00000000 83.00000000
v 85.00000000 74.00000000 83.50000000
v 85.00000000 73.50000000 84.00000000
v 85.00000000 73.50000000 85.00000000
v 85.00000000 73.50000000 86.00000000
v 85.00000000 73.50000000 87.00000000
v 85.00000000 73.50000000 88.00000000
v 84.50000000 74.00000000 89.00000000
v 85.00000000 74.00000000 88.50000000
v 84.50000000 75.00000000 83.00000000
v 85.00000000 75.00000000 83.50000000
v 84.50000000 75.00000000 89.00000000
v 85.00000000 75.00000000 88.50000000
v 84.50000000 75.00000000 90.00000000
v 84.50000000 76.00000000 83.00000000
v 85.00000000 76.00000000 83.50000000
v 84.50000000 76.00000000 88.00000000
v 85.00000000 75.50000000 88.00000000
v 85.00000000 76.00000000 87.50000000
v 85.00000000 77.00000000 82.50000000
v 84.50000000 77.00000000 83.00000000
v 85.00000000 76.50000000 83.00000000
v 84.50000000 77.00000000 87.00000000
v 85.00000000 76.50000000 87.00000000
v 85.00000000 77.00000000 86.50000000
v 85.00000000 78.00000000 82.50000000
v 85.00000000 78.00000000 86.50000000
v 84.50000000 79.00000000 82.00000000
v 85.00000000 79.00000000 81.50000000
v 85.00000000 78.50000000 82.00000000
v 85.00000000 79.00000000 86.50000000
v 85.00000000 80.00000000 81.50000000
v 84.50000000 80.00000000 87.00000000
v 85.00000000 80.00000000 86.50000000
v 85.00000000 80.50000000 82.00000000
v 84.50000000 81.00000000 82.00000000
v 85.00000000 81.00000000 82.50000000
v 84.50000000 81.00000000 85.00000000
v 85.00000000 80.50000000 85.00000000
v 85.00000000 81.00000000 84.50000000
v 84.50000000 81.00000000 86.00000000
v 85.00000000 80.50000000 86.00000000
v 84.50000000 81.00000000 87.00000000
v 84.50000000 81.00000000 88.00000000
v 84.50000000 82.00000000 82.00000000
v 85.00000000 81.50000000 83.00000000
v 84.50000000 82.00000000 83.00000000
v 84.50000000 82.00000000 84.00000000
v 85.00000000 81.50000000 84.00000000
v 84.50000000 82.00000000 85.00000000
v 84.50000000 82.00000000 86.00000000
v 84.50000000 82.00000000 87.00000000
v 84.50000000 82.00000000 88.00000000
v 84.50000000 82.00000000 89.00000000
v 84.50000000 83.00000000 87.00000000
v 84.50000000 83.00000000 88.00000000
v 84.50000000 83.00000000 89.00000000
v 85.50000000 62.00000000 78.00000000
v 86.00000000 62.00000000 77.50000000
v 86.00000000 61.50000000 78.00000000
v 86.00000000 61.50000000 79.00000000
v 85.50000000 62.00000000 79.00000000
v 86.00000000 62.00000000 79.50000000
v 86.00000000 62.50000000 78.00000000
v 86.00000000 62.50000000 79.00000000
v 86.00000000 74.00000000 83.50000000
v 86.00000000 73.50000000 84.00000000
v 86.00000000 73.50000000 85.00000000
v 86.00000000 73.50000000 86.00000000
v 86.00000000 73.50000000 87.00000000
v 85.50000000 74.00000000 88.00000000
v 86.00000000 74.00000000 87.50000000
v 86.00000000 75.00000000 83.50000000
v 85.50000000 75.00000000 88.00000000
v 86.00000000 75.00000000 87.50000000
v 86.00000000 76.00000000 83.50000000
v 85.50000000 76.00000000 86.00000000
v 86.00000000 75.50000000 86.00000000
v 86.00000000 76.00000000 85.50000000
v 85.50000000 76.00000000 87.00000000
v 86.00000000 75.50000000 87.00000000
v 85.50000000 77.00000000 83.00000000
v 86.00000000 77.00000000 83.50000000
v 85.50000000 77.00000000 85.00000000
v 86.00000000 76.50000000 85.00000000
v 86.00000000 77.00000000 84.50000000
v 85.50000000 77.00000000 86.00000000
v 86.00000000 78.00000000 82.50000000
v 86.00000000 77.50000000 83.00000000
v 85.50000000 78.00000000 85.00000000
v 86.00000000 78.00000000 84.50000000
v 85.50000000 78.00000000 86.00000000
v 85.50000000 79.00000000 82.00000000
v 86.00000000 79.00000000 82.50000000
v 85.50000000 79.00000000 85.00000000
v 86.00000000 79.00000000 84.50000000
v 85.50000000 79.00000000 86.00000000
v 85.50000000 80.00000000 82.00000000
v 86.00000000 79.50000000 83.00000000
v 85.50000000 80.00000000 83.00000000
v 85.50000000 80.00000000 84.00000000
v 86.00000000 79.50000000 84.00000000
v 85.50000000 80.00000000 85.00000000
v 85.50000000 80.00000000 86.00000000
v 85.50000000 81.00000000 83.00000000
v 85.50000000 81.00000000 84.00000000
v 86.50000000 61.00000000 77.00000000
v 87.00000000 61.00000000 76.50000000
v 87.00000000 60.50000000 77.00000000
v 87.00000000 61.00000000 77.50000000
v 86.50000000 62.00000000 77.00000000
v 87.00000000 62.00000000 76.50000000
v 87.00000000 61.50000000 78.00000000
v 86.50000000 62.00000000 79.00000000
v 87.00000000 62.00000000 78.50000000
v 87.00000000 62.50000000 77.00000000
v 87.00000000 62.50000000 78.00000000
v 86.50000000 74.00000000 84.00000000
v 86.50000000 74.00000000 85.00000000
v 86.50000000 74.00000000 86.00000000
v 86.50000000 74.00000000 87.00000000
v 86.50000000 75.00000000 84.00000000
v 86.50000000 75.00000000 85.00000000
v 86.50000000 75.00000000 86.00000000
v 86.50000000 75.00000000 87.00000000
v 86.50000000 76.00000000 84.00000000
v 86.50000000 76.00000000 85.00000000
v 86.50000000 77.00000000 84.00000000
v 86.50000000 78.00000000 83.00000000
v 86.50000000 78.00000000 84.00000000
v 86.50000000 79.00000000 83.00000000
v 86.50000000 79.00000000 84.00000000
v 87.50000000 61.00000000 77.00000000
v 87.50000000 62.00000000 77.00000000
v 87.50000000 62.00000000 78.00000000
vn -0.89442718 0.44721359 0.00000000
vn 0.00000000 0.00000000 -1.00000000
vn 0.00000000 -1.00000000 0.00000000
vn 0.00000000 0.00000000 1.00000000
vn 0.00000000 1.00000000 0.00000000
vn -0.89442718 0.44721359 0.00000000
vn 0.00000000 0.00000000 -1.00000000
vn 0.00000000 -1.00000000 0.00000000
vn 0.00000000 0.00000000 1.00000000
vn 0.00000000 1.00000000 0.00000000
vn 0.89442718 0.44721359 0.00000000
vn -0.89442718 0.44721359 0.00000000
vn 0.00000000 0.00000000 -1.00000000
vn 0.00000000 -1.00000000 0.00000000
vn 0.00000000 0.00000000 1.00000000
vn 0.00000000 1.00000000 0.00000000
vn 0.89442718 0.44721359 0.00000000
vn -0.95770425 -0.15961738 -0.23942606
vn -0.21821789 -0.43643579 -0.87287158
vn -0.10482848 -0.94345635 -0.31448546
vn -0.28734788 -0.95782626 0.00000000
vn -0.97014248 -0.24253562 0.00000000
vn -0.44721359 -0.89442718 0.00000000
vn -0.95782626 -0.28734788 0.00000000
vn -0.38851434 -0.87415725 0.29138577
vn -0.94072086 0.28221625 0.18814418
vn -0.44543540 -0.08908708 0.89087081
vn -0.96225047 0.19245009 -0.19245009
vn 0.00000000 0.00000000 -1.00000000
vn -0.14002801 -0.70014006 -0.70014006
vn -0.98058069 0.19611613 0.00000000
vn -0.97014248 0.24253562 0.00000000
vn -0.86386842 0.43193421 0.25916052
vn -0.08908708 0.44543540 0.89087081
vn 0.00000000 0.70710677 0.70710677
vn 0.00000000 0.98058069 -0.19611613
vn -0.28734788 0.95782626 0.00000000
vn 0.07124705 0.99745870 0.00000000
vn 0.12038586 0.96308684 0.24077171
vn 0.89442718 0.44721359 0.00000000
vn -0.97590005 0.09759001 -0.19518001
vn -0.16439898 0.00000000 -0.98639393
vn -0.25445667 -0.93300784 -0.25445667
vn -0.30151135 -0.90453404 0.30151135
vn -0.92998111 -0.11624764 0.34874290
vn -0.44105428 -0.16539535 0.88210857
vn -0.11704115 0.70224690 -0.70224690
vn -0.98639393 0.00000000 -0.16439898
vn -0.28603879 -0.09534626 -0.95346260
vn -0.23942606 -0.15961738 0.95770425
vn 0.00000000 -0.33633640 -0.94174188
vn 0.00000000 -0.89442718 -0.44721359
vn -0.28718325 -0.93334562 -0.21538745
vn -0.21821789 -0.87287158 0.43643579
vn 0.00000000 -0.98994946 0.14142136
vn -0.76200074 0.12700012 0.63500065
vn 0.00000000 0.00000000 1.00000000
vn 0.71713716 0.35856858 -0.59761429
vn 0.44444445 0.11111111 -0.88888890
vn 0.88045090 0.44022545 0.17609018
vn 0.31799936 0.84799832 0.42399916
vn 0.40824831 0.40824831 0.81649661
vn 0.61885273 0.72199488 0.30942637
vn 0.11043153 0.99388373 0.00000000
vn 0.00000000 1.00000000 0.00000000
vn 0.08192319 0.98307830 0.16384639
vn 0.27216554 0.95257932 -0.13608277
vn -0.94280905 -0.23570226 -0.23570226
vn -0.28221625 -0.18814418 -0.94072086
vn -0.10482848 -0.94345635 -0.31448546
vn 0.00000000 -0.89442718 0.44721359
vn -0.94868332 0.31622776 0.00000000
vn -0.18123662 -0.18123662 0.96659535
vn 0.87287158 -0.43643579 -0.21821789
vn 0.09534626 -0.28603879 -0.95346260
vn -0.09667365 -0.87006283 -0.48336825
vn 0.00000000 -0.98639393 0.16439898
vn -0.82416338 -0.13736056 0.54944223
vn 0.16222142 -0.16222142 0.97332853
vn -0.78446454 0.58834839 0.19611613
vn 0.20507579 0.20507579 -0.95702028
vn -0.30769232 0.23076923 0.92307693
vn -0.87038827 0.34815532 0.34815532
vn -0.40824831 0.40824831 -0.81649661
vn 1.00000000 0.00000000 0.00000000
vn -0.43921906 -0.18823674 -0.87843812
vn -0.89442718 -0.44721359 0.00000000
vn -0.11704115 0.70224690 -0.70224690
vn -0.23570226 -0.23570226 0.94280905
vn -0.57735026 0.57735026 0.57735026
vn 0.00000000 0.09950372 -0.99503720
vn -0.66666669 -0.33333334 0.66666669
vn -0.28734788 0.00000000 0.95782626
vn 0.00000000 0.70710677 -0.70710677
vn -0.23076923 0.30769232 -0.92307693
vn -0.57735026 -0.57735026 -0.57735026
vn 0.15617377 -0.93704259 -0.31234753
vn 0.44232586 0.14744195 0.88465172
vn 0.69631064 0.17407766 0.69631064
vn -0.89442718 0.44721359 0.00000000
vn -0.44543540 0.08908708 -0.89087081
vn -0.53452247 -0.80178374 -0.26726124
vn -0.44232586 -0.14744195 0.88465172
vn 0.00000000 0.94868332 -0.31622776
vn 0.54944223 0.82416338 0.13736056
vn 0.00000000 0.87415725 -0.48564294
vn -0.44444445 0.88888890 -0.11111111
vn 0.08908708 0.44543540 -0.89087081
vn 0.00000000 0.44721359 0.89442718
vn 0.11704115 0.70224690 0.70224690
vn -0.27216554 0.95257932 0.13608277
vn 0.00000000 1.00000000 0.00000000
vn -0.89442718 0.44721359 0.00000000
vn 0.00000000 0.00000000 -1.00000000
vn 0.00000000 -1.00000000 0.00000000
vn 0.00000000 0.00000000 1.00000000
vn 0.00000000 1.00000000 0.00000000
vn -0.96225047 -0.19245009 -0.19245009
vn -0.44232586 -0.14744195 -0.88465172
vn -0.61885273 -0.72199488 -0.30942637
vn -0.44721359 -0.89442718 0.00000000
vn -0.97014248 -0.24253562 0.00000000
vn -0.44721359 -0.89442718 0.00000000
vn -0.95782626 -0.28734788 0.00000000
vn -0.50709254 -0.84515423 0.16903085
vn -0.94072086 0.28221625 0.18814418
vn -0.44630370 0.06375767 0.89260739
vn -0.89442718 0.00000000 -0.44721359
vn -0.44721359 0.00000000 -0.89442718
vn -0.96152395 0.27472112 0.00000000
vn -0.86386842 0.43193421 0.25916052
vn -0.40824831 0.40824831 0.81649661
vn -0.39056674 0.65094453 0.65094453
vn -0.70710677 0.70710677 0.00000000
vn -0.43193421 0.25916052 -0.86386842
vn -0.40824831 0.40824831 0.81649661
vn -0.50709254 0.84515423 0.16903085
vn -0.36650833 0.85518610 0.36650833
vn -0.27216554 0.95257932 0.13608277
vn -0.20901990 0.06967330 -0.97542620
vn -0.31799936 -0.84799832 -0.42399916
vn -0.35112345 -0.93632919 0.00000000
vn 0.00000000 -1.00000000 0.00000000
vn -0.44444445 -0.88888890 -0.11111111
vn 0.00000000 -0.87415725 0.48564294
vn 0.79259390 -0.22645541 0.56613851
vn 0.12194216 -0.18291323 0.97553724
vn -0.11704115 0.70224690 -0.70224690
vn 0.78446454 0.19611613 -0.58834839
vn -0.57735026 -0.57735026 -0.57735026
vn 0.00000000 0.09950372 -0.99503720
vn -0.34815532 -0.87038827 0.34815532
vn -0.20952909 0.00000000 0.97780240
vn 0.57735026 0.57735026 0.57735026
vn 0.00000000 1.00000000 0.00000000
vn -0.71554178 0.53665632 0.44721359
vn 0.00000000 -0.89442718 -0.44721359
vn 0.00000000 0.00000000 -1.00000000
vn 0.09759001 -0.19518001 0.97590005
vn -0.99503720 0.00000000 -0.09950372
vn -0.40824831 -0.40824831 -0.81649661
vn -0.76200074 -0.63500065 -0.12700012
vn -0.43193421 -0.25916052 0.86386842
vn -0.29617444 -0.11846977 -0.94775820
vn -0.69631064 0.17407766 -0.69631064
vn 0.22941573 -0.68824720 -0.68824720
vn 0.44324222 0.13297266 0.88648444
vn 0.57735026 -0.57735026 0.57735026
vn 0.57436651 0.21538745 0.78975397
vn 0.27216554 0.68041384 -0.68041384
vn -0.23570226 0.23570226 -0.94280905
vn -0.55470020 0.00000000 -0.83205032
vn 0.00000000 -1.00000000 0.00000000
vn -0.53452247 -0.80178374 -0.26726124
vn -0.76200074 0.12700012 0.63500065
vn -0.44232586 0.14744195 0.88465172
vn -0.31234753 0.93704259 -0.15617377
vn 0.00000000 1.00000000 0.00000000
vn 0.09950372 0.99503720 0.00000000
vn 0.48154342 0.84270096 0.24077171
vn 0.27216554 0.95257932 0.13608277
vn -0.44022545 0.88045090 -0.17609018
vn 0.00000000 1.00000000 0.00000000
vn -0.34815532 0.87038827 0.34815532
vn 0.89442718 0.44721359 0.00000000
vn -0.94072086 -0.18814418 -0.28221625
vn -0.40824831 -0.40824831 -0.81649661
vn -0.53452247 -0.80178374 -0.26726124
vn -0.44721359 -0.89442718 0.00000000
vn -0.89442718 -0.44721359 0.00000000
vn -0.44721359 -0.89442718 0.00000000
vn -0.89442718 -0.44721359 0.00000000
vn -0.24253562 -0.97014248 0.00000000
vn -0.89442718 -0.44721359 0.00000000
vn -0.24253562 -0.97014248 0.00000000
vn -0.89442718 -0.44721359 0.00000000
vn -0.38851434 -0.87415725 0.29138577
vn -0.92998111 -0.11624764 0.34874290
vn -0.43193421 -0.25916052 0.86386842
vn -0.98639393 0.00000000 -0.16439898
vn -0.43921906 -0.18823674 -0.87843812
vn -0.57735026 -0.57735026 -0.57735026
vn -0.72760689 -0.48507124 -0.48507124
vn -0.62469506 0.00000000 0.78086883
vn -0.43643579 0.21821789 0.87287158
vn -0.93632919 0.00000000 -0.35112345
vn -0.44721359 0.00000000 -0.89442718
vn -0.93632919 0.00000000 -0.35112345
vn -0.62469506 0.46852130 0.62469506
vn -0.40824831 0.40824831 0.81649661
vn -0.50767308 0.60920769 0.60920769
vn -0.89442718 0.00000000 -0.44721359
vn -0.44721359 0.00000000 -0.89442718
vn -0.92307693 0.30769232 -0.23076923
vn -0.84799832 0.42399916 0.31799936
vn -0.84515423 0.50709254 0.16903085
vn -0.28571430 0.42857143 0.85714287
vn -0.40422603 0.64676166 0.64676166
vn -0.70710677 0.70710677 0.00000000
vn -0.43193421 0.25916052 -0.86386842
vn -0.40824831 0.40824831 0.81649661
vn -0.33333334 0.93333334 0.13333334
vn -0.09950372 0.99503720 0.00000000
vn -0.27472112 0.96152395 0.00000000
vn -0.25400025 0.88900089 0.38100037
vn -0.27216554 0.95257932 0.13608277
vn -0.88465172 -0.44232586 0.14744195
vn -0.08908708 -0.44543540 -0.89087081
vn 0.00000000 -1.00000000 0.00000000
vn 0.14744195 -0.44232586 0.88465172
vn -0.59628481 -0.29814240 -0.74535596
vn 0.00000000 0.00000000 -1.00000000
vn 0.19245009 -0.96225047 -0.19245009
vn 0.21821789 -0.87287158 -0.43643579
vn 0.09245003 -0.92450035 0.36980012
vn -0.08304548 -0.99654573 0.00000000
vn -0.17277369 -0.95025527 0.25916052
vn -0.80845207 -0.16169041 0.56591648
vn -0.43921906 -0.18823674 0.87843812
vn -0.94280905 -0.23570226 -0.23570226
vn -0.28221625 -0.18814418 -0.94072086
vn -0.10482848 -0.94345635 -0.31448546
vn -0.28734788 -0.95782626 0.00000000
vn -0.89442718 -0.44721359 0.00000000
vn -0.44721359 -0.89442718 0.00000000
vn -0.97014248 -0.24253562 0.00000000
vn -0.44721359 -0.89442718 0.00000000
vn -0.97014248 -0.24253562 0.00000000
vn -0.44721359 -0.89442718 0.00000000
vn -0.97014248 -0.24253562 0.00000000
vn -0.44721359 -0.89442718 0.00000000
vn -0.97014248 -0.24253562 0.00000000
vn -0.44022545 -0.88045090 0.17609018
vn -0.92998111 -0.11624764 0.34874290
vn -0.15617377 -0.31234753 0.93704259
vn -0.19245009 0.96225047 -0.19245009
vn 0.38851434 0.87415725 -0.29138577
vn 0.24253562 0.00000000 -0.97014248
vn -0.76822126 0.38411063 0.51214755
vn -0.28221625 0.18814418 0.94072086
vn 0.68376344 0.56980288 0.45584232
vn -0.42163703 -0.52704626 -0.73786479
vn -0.43643579 -0.21821789 -0.87287158
vn -0.87287158 -0.21821789 0.43643579
vn -0.95447999 0.29827499 0.00000000
vn -1.00000000 0.00000000 0.00000000
vn -1.00000000 0.00000000 0.00000000
vn -0.95782626 0.00000000 0.28734788
vn -0.44721359 0.00000000 0.89442718
vn 0.19518001 -0.09759001 -0.97590005
vn 0.27216554 -0.68041384 -0.68041384
vn 0.62469506 0.46852130 0.62469506
vn 0.08192319 0.98307830 0.16384639
vn 0.40824831 0.40824831 0.81649661
vn -0.29329422 0.80655915 0.51326489
vn 0.23570226 -0.23570226 -0.94280905
vn -0.25630730 -0.68348610 -0.68348610
vn -0.60920769 0.50767308 0.60920769
vn -0.40824831 0.40824831 0.81649661
vn -0.76200074 0.63500065 -0.12700012
vn -0.68376344 0.56980288 -0.45584232
vn -0.40824831 0.40824831 -0.81649661
vn -0.97014248 0.24253562 0.00000000
vn -0.94072086 0.28221625 0.18814418
vn -0.28221625 0.18814418 0.94072086
vn 0.25400025 0.88900089 -0.38100037
vn 0.24253562 0.97014248 0.00000000
vn 0.25445667 0.93300784 0.25445667
vn 0.29981267 0.67457855 -0.67457855
vn -0.44444445 0.88888890 -0.11111111
vn 0.08908708 0.44543540 -0.89087081
vn -0.21821789 0.43643579 0.87287158
vn -0.30151135 0.90453404 0.30151135
vn -0.53452247 0.80178374 0.26726124
vn -0.50709254 0.84515423 -0.16903085
vn -0.27472112 0.96152395 0.00000000
vn -0.36650833 0.85518610 0.36650833
vn -0.15617377 0.93704259 0.31234753
vn -0.89442718 0.44721359 0.00000000
vn 0.00000000 0.00000000 -1.00000000
vn 0.00000000 -1.00000000 0.00000000
vn 0.00000000 0.00000000 1.00000000
vn 0.00000000 1.00000000 0.00000000
vn -0.86657822 -0.43328911 -0.24759379
vn -0.40824831 -0.40824831 -0.81649661
vn -0.34815532 -0.87038827 -0.34815532
vn -0.24253562 -0.97014248 0.00000000
vn -0.89442718 -0.44721359 0.00000000
vn -0.38851434 -0.87415725 0.29138577
vn -0.84799832 -0.42399916 0.31799936
vn -0.40824831 -0.40824831 0.81649661
vn -0.60131681 -0.52615219 -0.60131681
vn -0.21821789 -0.43643579 -0.87287158
vn -0.39056674 -0.65094453 -0.65094453
vn -0.21821789 -0.87287158 0.43643579
vn -0.24253562 -0.97014248 0.00000000
vn -0.31622776 -0.94868332 0.00000000
vn -0.48154342 -0.84270096 0.24077171
vn -0.78446454 -0.19611613 0.58834839
vn -0.43643579 -0.21821789 0.87287158
vn -0.51214755 -0.38411063 -0.76822126
vn -0.28221625 -0.18814418 -0.94072086
vn 0.00000000 -0.70710677 -0.70710677
vn -0.66666669 0.33333334 0.66666669
vn -0.28221625 0.18814418 0.94072086
vn -0.55470020 0.00000000 -0.83205032
vn -0.24253562 0.00000000 -0.97014248
vn -0.68376344 0.45584232 0.56980288
vn -0.28571430 0.42857143 0.85714287
vn -0.45083481 0.63116872 0.63116872
vn -0.55470020 0.00000000 -0.83205032
vn -0.24253562 0.00000000 -0.97014248
vn 0.26832816 0.89442718 0.35777089
vn 0.14744195 0.44232586 0.88465172
vn -0.30151135 0.90453404 0.30151135
vn -0.53452247 0.26726124 -0.80178374
vn -0.13608277 0.27216554 -0.95257932
vn -0.64699662 0.53916389 0.53916389
vn -0.25916052 0.43193421 0.86386842
vn -0.18257418 0.91287094 0.36514837
vn 0.00000000 1.00000000 0.00000000
vn 0.31234753 0.93704259 0.15617377
vn -0.27216554 0.95257932 -0.13608277
vn -0.09950372 0.99503720 0.00000000
vn -0.30151135 0.90453404 0.30151135
vn -1.00000000 0.00000000 0.00000000
vn -0.25916052 -0.43193421 -0.86386842
vn -0.19245009 -0.96225047 -0.19245009
vn -0.42857143 -0.28571430 0.85714287
vn 0.97014248 0.00000000 -0.24253562
vn -0.88045090 -0.44022545 -0.17609018
vn -0.08908708 -0.44543540 -0.89087081
vn -0.09759001 -0.97590005 -0.19518001
vn -0.16439898 -0.98639393 0.00000000
vn -0.89442718 -0.44721359 0.00000000
vn -0.24253562 -0.97014248 0.00000000
vn -0.89442718 -0.44721359 0.00000000
vn -0.30151135 -0.90453404 -0.30151135
vn -0.96152395 -0.27472112 0.00000000
vn -0.84799832 -0.42399916 0.31799936
vn -0.44721359 0.00000000 0.89442718
vn 0.94280905 0.23570226 -0.23570226
vn 0.99227786 0.12403473 0.00000000
vn 0.73521465 -0.51465023 -0.44112876
vn 0.23076923 -0.92307693 -0.30769232
vn 0.44721359 0.00000000 -0.89442718
vn 0.08304548 -0.99654573 0.00000000
vn -0.08304548 -0.99654573 0.00000000
vn -0.17277369 -0.95025527 0.25916052
vn -0.80845207 -0.16169041 0.56591648
vn -0.40824831 -0.40824831 0.81649661
vn -0.12674485 -0.44360697 -0.88721395
vn -0.26832816 -0.89442718 -0.35777089
vn 0.00000000 -0.91036648 -0.41380295
vn -0.23570226 -0.23570226 0.94280905
vn 0.89943802 0.22485951 -0.37476584
vn 0.49236596 0.61545748 -0.61545748
vn 0.94868332 0.00000000 -0.31622776
vn 0.12674485 0.44360697 -0.88721395
vn -0.92307693 0.30769232 0.23076923
vn -0.61721343 -0.77151674 0.15430336
vn -0.93632919 0.00000000 -0.35112345
vn -0.27216554 -0.68041384 0.68041384
vn -0.71713716 0.35856858 0.59761429
vn -0.16222142 -0.16222142 0.97332853
vn 0.94072086 0.28221625 -0.18814418
vn 0.98058069 0.19611613 0.00000000
vn 0.87287158 0.43643579 0.21821789
vn 0.26832816 0.89442718 -0.35777089
vn 0.00000000 1.00000000 0.00000000
vn -0.20952909 0.97780240 0.00000000
vn 0.52981293 0.52981293 -0.66226619
vn -0.23570226 0.94280905 -0.23570226
vn 0.08908708 0.44543540 -0.89087081
vn -0.99503720 0.00000000 0.09950372
vn -0.22941573 0.68824720 0.68824720
vn 0.00000000 0.44721359 0.89442718
vn 0.59628481 0.74535596 -0.29814240
vn -0.08804509 0.70436072 -0.70436072
vn -0.94868332 0.31622776 0.00000000
vn -0.31234753 0.15617377 -0.93704259
vn -0.98994946 0.14142136 0.00000000
vn -0.97014248 0.24253562 0.00000000
vn -0.95447999 0.29827499 0.00000000
vn -0.80845207 0.56591648 0.16169041
vn -0.25916052 0.43193421 0.86386842
vn -0.19802950 0.69310325 0.69310325
vn -0.33633640 0.00000000 -0.94174188
vn -0.84799832 0.31799936 -0.42399916
vn -1.00000000 0.00000000 0.00000000
vn -0.91287094 0.18257418 0.36514837
vn -0.43193421 0.25916052 0.86386842
vn -0.31234753 0.93704259 0.15617377
vn -0.36650833 0.85518610 0.36650833
vn -0.88345224 0.33129457 -0.33129457
vn -0.13608277 0.27216554 -0.95257932
vn -1.00000000 0.00000000 0.00000000
vn -0.93704259 0.31234753 0.15617377
vn -0.43643579 0.21821789 0.87287158
vn -0.57735026 0.57735026 -0.57735026
vn -0.49236596 0.86164045 -0.12309149
vn -0.40824831 0.40824831 -0.81649661
vn -0.21821789 0.43643579 0.87287158
vn -0.49236596 0.61545748 0.61545748
vn -0.50709254 0.84515423 0.16903085
vn -0.94280905 -0.23570226 -0.23570226
vn -0.20507579 -0.20507579 -0.95702028
vn -0.42857143 -0.85714287 -0.28571430
vn 0.08192319 -0.98307830 0.16384639
vn -0.94072086 0.28221625 0.18814418
vn 0.16222142 0.16222142 0.97332853
vn -0.70710677 0.70710677 0.00000000
vn -0.44105428 0.16539535 -0.88210857
vn -0.40824831 0.40824831 0.81649661
vn 0.00000000 0.70710677 0.70710677
vn -0.70014006 0.70014006 0.14002801
vn -0.89442718 0.44721359 0.00000000
vn -0.44232586 0.14744195 -0.88465172
vn -0.70014006 -0.70014006 -0.14002801
vn -0.16222142 -0.16222142 0.97332853
vn -0.50709254 0.84515423 0.16903085
vn 0.89442718 0.44721359 0.00000000
vn -0.95770425 -0.15961738 -0.23942606
vn -0.25916052 -0.43193421 -0.86386842
vn -0.10482848 -0.94345635 -0.31448546
vn -0.23570226 -0.94280905 0.23570226
vn -0.92450035 -0.09245003 0.36980012
vn -0.14744195 -0.44232586 0.88465172
vn -0.98058069 0.00000000 -0.19611613
vn -0.28221625 -0.18814418 -0.94072086
vn -0.11704115 -0.70224690 -0.70224690
vn -0.97014248 0.24253562 0.00000000
vn -0.98639393 0.16439898 0.00000000
vn -0.27216554 -0.68041384 0.68041384
vn -0.94072086 0.28221625 0.18814418
vn -0.19518001 -0.09759001 0.97590005
vn -0.70710677 0.70710677 0.00000000
vn -0.15961738 0.23942606 -0.95770425
vn -0.40824831 0.40824831 0.81649661
vn -0.31234753 0.93704259 0.15617377
vn -0.31622776 0.94868332 0.00000000
vn -0.25400025 0.88900089 0.38100037
vn -0.30151135 0.90453404 0.30151135
vn -0.45584232 -0.68376344 -0.56980288
vn -0.31234753 -0.15617377 -0.93704259
vn 0.00000000 -0.96476382 -0.26311740
vn -0.09950372 -0.99503720 0.00000000
vn 0.00000000 -1.00000000 0.00000000
vn -0.09950372 -0.99503720 0.00000000
vn -0.31622776 -0.94868332 0.00000000
vn -0.80845207 -0.56591648 0.16169041
vn -0.28734788 -0.95782626 0.00000000
vn -0.89442718 -0.44721359 0.00000000
vn -0.44721359 -0.89442718 0.00000000
vn -0.89442718 -0.44721359 0.00000000
vn -0.38851434 -0.87415725 0.29138577
vn -0.85714287 -0.42857143 0.28571430
vn -0.40824831 -0.40824831 0.81649661
vn -0.23570226 -0.23570226 -0.94280905
vn -0.22941573 -0.68824720 0.68824720
vn -0.74420840 0.24806947 0.62017369
vn -0.16222142 -0.16222142 0.97332853
vn 0.00000000 -0.27472112 -0.96152395
vn -0.39056674 -0.65094453 -0.65094453
vn -0.22941573 0.68824720 0.68824720
vn 0.00000000 0.44721359 0.89442718
vn 0.27472112 0.00000000 -0.96152395
vn 0.00000000 0.70710677 0.70710677
vn 0.00000000 0.44721359 0.89442718
vn 0.24253562 0.00000000 -0.97014248
vn 0.45584232 0.68376344 0.56980288
vn 0.00000000 0.96476382 0.26311740
vn 0.25916052 0.43193421 0.86386842
vn 0.09950372 0.99503720 0.00000000
vn 0.00000000 0.94868332 0.31622776
vn 0.28734788 0.00000000 -0.95782626
vn 0.26832816 0.89442718 0.35777089
vn 0.14744195 0.44232586 0.88465172
vn 0.00000000 0.92847669 0.37139067
vn -0.96225047 0.19245009 -0.19245009
vn 0.00000000 -0.16439898 -0.98639393
vn -0.23570226 0.23570226 0.94280905
vn 0.13018891 0.91132236 0.39056674
vn 0.08192319 0.98307830 0.16384639
vn 0.21821789 -0.43643579 -0.87287158
vn -0.10050378 -0.70352650 -0.70352650
vn -0.78446454 -0.19611613 0.58834839
vn -0.24253562 0.00000000 0.97014248
vn 0.64699662 -0.53916389 -0.53916389
vn 0.40824831 -0.40824831 -0.81649661
vn 0.38851434 -0.87415725 -0.29138577
vn 0.24253562 -0.97014248 0.00000000
vn 0.10482848 -0.94345635 -0.31448546
vn -0.80000001 0.00000000 0.60000002
vn -0.44721359 0.00000000 0.89442718
vn -0.89442718 0.44721359 0.00000000
vn 0.00000000 0.00000000 -1.00000000
vn 0.00000000 -1.00000000 0.00000000
vn 0.00000000 0.00000000 1.00000000
vn 0.76200074 0.12700012 -0.63500065
vn 0.43643579 -0.21821789 -0.87287158
vn 0.17277369 -0.95025527 -0.25916052
vn 0.19611613 -0.98058069 0.00000000
vn -0.06237829 -0.99805260 0.00000000
vn -0.07124705 -0.99745870 0.00000000
vn -0.44444445 -0.88888890 -0.11111111
vn -0.38461539 -0.92307693 0.00000000
vn 0.00000000 -1.00000000 0.00000000
vn 0.26832816 -0.89442718 -0.35777089
vn -0.71713716 -0.35856858 0.59761429
vn -0.31622776 0.00000000 0.94868332
vn 0.00000000 1.00000000 0.00000000
vn 0.28221625 0.18814418 -0.94072086
vn 0.23570226 0.23570226 0.94280905
vn 0.25400025 0.88900089 -0.38100037
vn 0.16439898 0.98639393 0.00000000
vn -0.20180184 0.94174188 -0.26906911
vn -0.54545456 0.63636363 -0.54545456
vn -0.40824831 0.40824831 -0.81649661
vn 0.46852130 0.62469506 0.62469506
vn 0.18823674 0.43921906 0.87843812
vn -0.57735026 0.57735026 -0.57735026
vn -0.52981293 0.52981293 -0.66226619
vn -0.14744195 0.44232586 -0.88465172
vn 0.39056674 0.65094453 0.65094453
vn 0.00000000 0.44721359 0.89442718
vn -0.39056674 0.65094453 -0.65094453
vn 0.00000000 0.27472112 -0.96152395
vn -0.78446454 0.19611613 0.58834839
vn -0.43193421 0.25916052 0.86386842
vn -0.39056674 0.65094453 0.65094453
vn 0.31622776 0.00000000 -0.94868332
vn -0.76822126 0.00000000 0.64018440
vn -0.44721359 0.00000000 0.89442718
vn -1.00000000 0.00000000 0.00000000
vn -0.08908708 -0.44543540 -0.89087081
vn 0.00000000 -1.00000000 0.00000000
vn 0.09759001 -0.19518001 0.97590005
vn -0.75257671 0.00000000 -0.65850461
vn -0.06967330 -0.20901990 -0.97542620
vn -0.42857143 0.85714287 -0.28571430
vn -0.18814418 0.28221625 0.94072086
vn -0.43643579 0.87287158 -0.21821789
vn -0.40824831 0.40824831 -0.81649661
vn -0.43643579 0.21821789 0.87287158
vn -0.97014248 0.00000000 -0.24253562
vn -0.44721359 0.00000000 -0.89442718
vn -0.54882127 -0.76834983 -0.32929277
vn -0.07474351 -0.97166562 -0.22423053
vn -0.98994946 0.14142136 0.00000000
vn -0.94280905 0.23570226 0.23570226
vn -0.09759001 0.19518001 0.97590005
vn -0.97014248 0.00000000 -0.24253562
vn 0.00000000 0.00000000 -1.00000000
vn 0.12038586 -0.96308684 -0.24077171
vn 0.00000000 -0.94868332 -0.31622776
vn -0.98994946 0.14142136 0.00000000
vn -0.95782626 0.28734788 0.00000000
vn -0.95770425 0.23942606 0.15961738
vn 0.00000000 0.12403473 0.99227786
vn -0.27216554 0.95257932 -0.13608277
vn -0.20180184 0.94174188 -0.26906911
vn -0.19611613 0.98058069 0.00000000
vn 0.12038586 0.96308684 0.24077171
vn -0.12038586 0.96308684 -0.24077171
vn 0.00000000 1.00000000 0.00000000
vn 0.00000000 1.00000000 0.00000000
vn 0.12038586 0.96308684 0.24077171
vn -0.97014248 0.00000000 -0.24253562
vn -0.12403473 0.00000000 -0.99227786
vn 0.00000000 -0.89442718 -0.44721359
vn -0.19245009 -0.96225047 0.19245009
vn -0.94280905 0.23570226 0.23570226
vn 0.09901475 0.09901475 0.99014753
vn -0.44360697 0.88721395 -0.12674485
vn 0.00000000 0.94868332 0.31622776
vn -0.94280905 -0.23570226 -0.23570226
vn 0.12194216 -0.18291323 -0.97553724
vn -0.36650833 -0.85518610 -0.36650833
vn -0.28221625 -0.94072086 0.18814418
vn -0.96698755 -0.08058230 0.24174689
vn 0.13497639 0.04499213 0.98982680
vn -0.70710677 0.00000000 -0.70710677
vn -0.27617240 -0.27617240 -0.92057461
vn 0.86824316 -0.49613893 0.00000000
vn 0.00000000 0.70710677 0.70710677
vn 0.00000000 -0.16439898 0.98639393
vn 0.97780240 0.00000000 0.20952909
vn -0.89442718 0.44721359 0.00000000
vn 0.09901475 0.09901475 -0.99014753
vn -0.36514837 -0.91287094 0.18257418
vn -0.16439898 0.00000000 0.98639393
vn -0.98639393 0.00000000 -0.16439898
vn -0.43921906 -0.18823674 -0.87843812
vn -0.57735026 -0.57735026 -0.57735026
vn -0.71554178 -0.44721359 -0.53665632
vn -0.57735026 -0.57735026 -0.57735026
vn -0.13608277 -0.95257932 0.27216554
vn -0.08304548 -0.99654573 0.00000000
vn 0.57735026 -0.57735026 0.57735026
vn -0.81110710 -0.32444283 0.48666427
vn -0.44232586 -0.88465172 0.14744195
vn -0.94174188 -0.26906911 0.20180184
vn -0.20180184 -0.26906911 0.94174188
vn 0.00000000 0.98058069 -0.19611613
vn -0.93632919 0.00000000 -0.35112345
vn -0.44721359 0.00000000 -0.89442718
vn -0.99654573 0.08304548 0.00000000
vn -1.00000000 0.00000000 0.00000000
vn -0.80178374 -0.26726124 -0.53452247
vn 0.23570226 0.23570226 0.94280905
vn -0.92847669 0.00000000 -0.37139067
vn -0.23076923 -0.30769232 -0.92307693
vn -1.00000000 0.00000000 0.00000000
vn -0.96152395 0.27472112 0.00000000
vn -0.71247047 0.64122343 0.28498819
vn 0.00000000 0.70710677 0.70710677
vn 0.08908708 0.44543540 0.89087081
vn -0.96225047 0.19245009 -0.19245009
vn 0.00000000 0.00000000 -1.00000000
vn -0.14002801 -0.70014006 -0.70014006
vn -0.98058069 0.19611613 0.00000000
vn -0.86386842 0.43193421 0.25916052
vn -0.40824831 0.40824831 0.81649661
vn -0.31234753 0.93704259 0.15617377
vn -0.15617377 0.93704259 0.31234753
vn 0.00000000 0.98058069 -0.19611613
vn -0.24253562 0.97014248 0.00000000
vn -0.21821789 0.87287158 0.43643579
vn 0.14744195 -0.44232586 -0.88465172
vn 0.23570226 -0.94280905 -0.23570226
vn 0.10482848 -0.94345635 0.31448546
vn 0.25916052 -0.43193421 0.86386842
vn 0.00000000 -0.24253562 -0.97014248
vn 0.00000000 -0.70710677 -0.70710677
vn 0.00000000 -0.70710677 0.70710677
vn 0.00000000 0.00000000 1.00000000
vn 0.31234753 0.15617377 -0.93704259
vn -0.64699662 0.53916389 0.53916389
vn -0.08908708 0.44543540 0.89087081
vn 0.08247861 0.90726471 0.41239306
vn 0.00000000 0.94868332 0.31622776
vn 0.25400025 0.88900089 -0.38100037
vn 0.00000000 0.98058069 0.19611613
vn -0.88465172 -0.44232586 0.14744195
vn -0.21821789 -0.43643579 -0.87287158
vn -0.36514837 -0.91287094 -0.18257418
vn 0.08908708 -0.44543540 0.89087081
vn -0.88465172 -0.44232586 0.14744195
vn -0.08908708 -0.44543540 -0.89087081
vn 0.00000000 -1.00000000 0.00000000
vn 0.08908708 -0.44543540 0.89087081
vn -0.12674485 -0.44360697 -0.88721395
vn -0.31799936 -0.84799832 -0.42399916
vn -0.27472112 -0.96152395 0.00000000
vn -0.24253562 -0.97014248 0.00000000
vn -0.25445667 -0.93300784 -0.25445667
vn 0.00000000 -1.00000000 0.00000000
vn -0.08247861 -0.90726471 0.41239306
vn 0.00000000 -0.98058069 0.19611613
vn -0.64699662 -0.53916389 0.53916389
vn -0.23570226 -0.23570226 0.94280905
vn -0.59628481 -0.29814240 -0.74535596
vn -0.26906911 -0.20180184 -0.94174188
vn -0.39056674 -0.65094453 -0.65094453
vn 0.00000000 0.24253562 0.97014248
vn 0.00000000 0.27472112 -0.96152395
vn 0.00000000 0.70710677 0.70710677
vn 0.00000000 0.44721359 0.89442718
vn 0.00000000 0.70710677 -0.70710677
vn 0.80000001 0.00000000 -0.60000002
vn 0.18814418 0.28221625 -0.94072086
vn 0.00000000 0.70710677 0.70710677
vn 0.00000000 0.44721359 0.89442718
vn 0.81923193 0.00000000 -0.57346237
vn 0.44360697 0.12674485 -0.88721395
vn -0.23570226 0.94280905 0.23570226
vn -0.21821789 0.43643579 0.87287158
vn -0.07124705 0.99745870 0.00000000
vn -0.10482848 0.94345635 0.31448546
vn 0.92998111 0.11624764 -0.34874290
vn 0.53452247 0.80178374 -0.26726124
vn 0.99227786 0.12403473 0.00000000
vn 0.72547626 0.65292865 0.21764287
vn 0.08304548 0.99654573 0.00000000
vn -0.08304548 0.99654573 0.00000000
vn -0.10482848 0.94345635 0.31448546
vn 0.83205032 0.00000000 -0.55470020
vn -0.66666669 0.33333334 0.66666669
vn 0.00000000 -0.28734788 -0.95782626
vn 0.27216554 -0.95257932 0.13608277
vn -0.42600644 -0.30429032 0.85201287
vn 0.94280905 -0.23570226 -0.23570226
vn 0.85749292 -0.51449573 0.00000000
vn -0.80000001 0.00000000 0.60000002
vn 0.00000000 -0.24253562 -0.97014248
vn -0.44721359 0.00000000 0.89442718
vn -0.86657822 -0.43328911 -0.24759379
vn 0.00000000 -0.24253562 -0.97014248
vn -0.09759001 -0.97590005 -0.19518001
vn -0.34188172 -0.91168463 0.22792116
vn -0.84799832 -0.42399916 0.31799936
vn -0.12674485 -0.44360697 0.88721395
vn 0.84799832 -0.42399916 -0.31799936
vn 0.89442718 -0.44721359 0.00000000
vn 0.84515423 -0.50709254 -0.16903085
vn 0.28571430 -0.42857143 -0.85714287
vn 0.42857143 -0.85714287 -0.28571430
vn 0.09667365 -0.87006283 -0.48336825
vn -0.57735026 -0.57735026 0.57735026
vn -0.73165292 0.12194216 0.67068183
vn -0.44721359 0.00000000 0.89442718
vn 0.89442718 0.44721359 0.00000000
vn 0.80845207 -0.16169041 -0.56591648
vn 0.44543540 -0.08908708 -0.89087081
vn 0.57735026 -0.80829036 0.11547005
vn 0.49236596 -0.86164045 0.12309149
vn 0.44022545 -0.17609018 0.88045090
vn 0.43863317 -0.19494808 -0.87726635
vn 0.00000000 -0.92847669 0.37139067
vn 0.00000000 -1.00000000 0.00000000
vn 0.27472112 -0.96152395 0.00000000
vn 0.24253562 -0.97014248 0.00000000
vn 0.25400025 -0.88900089 -0.38100037
vn -0.72760689 0.48507124 0.48507124
vn -0.17609018 0.44022545 0.88045090
vn -0.44721359 0.00000000 -0.89442718
vn -0.94868332 0.31622776 0.00000000
vn -0.81649661 -0.40824831 0.40824831
vn -0.43193421 -0.25916052 0.86386842
vn 0.87287158 0.43643579 -0.21821789
vn 0.85518610 0.36650833 -0.36650833
vn 0.92307693 0.23076923 -0.30769232
vn 0.57735026 -0.57735026 -0.57735026
vn 0.44721359 0.00000000 -0.89442718
vn 0.70436072 0.35218036 0.61631566
vn 0.00000000 0.70710677 0.70710677
vn 0.08908708 0.44543540 0.89087081
vn -0.87287158 0.43643579 -0.21821789
vn -0.15617377 0.31234753 -0.93704259
vn -0.44232586 0.14744195 0.88465172
vn -0.07053456 0.14106913 -0.98748386
vn -0.62469506 0.46852130 -0.62469506
vn 0.45584232 0.56980288 0.68376344
vn -0.27216554 0.68041384 0.68041384
vn 0.16222142 0.16222142 0.97332853
vn -0.61721343 0.77151674 0.15430336
vn -0.08192319 0.98307830 -0.16384639
vn 0.00000000 0.91914505 -0.39391929
vn 0.00000000 0.44721359 -0.89442718
vn -0.28221625 -0.18814418 0.94072086
vn 0.00000000 0.70710677 -0.70710677
vn -0.17609018 0.44022545 -0.88045090
vn -0.95702028 -0.20507579 0.20507579
vn -0.55708599 -0.74278134 0.37139067
vn -0.99503720 -0.09950372 0.00000000
vn -0.62017369 -0.74420840 0.24806947
vn -0.94072086 0.28221625 0.18814418
vn -0.44543540 -0.08908708 0.89087081
vn 0.00000000 0.70710677 -0.70710677
vn 0.80000001 0.00000000 -0.60000002
vn -0.16222142 0.16222142 -0.97332853
vn -0.93632919 0.00000000 0.35112345
vn -0.92313266 -0.19781414 0.32969025
vn -0.43193421 0.25916052 0.86386842
vn -0.49236596 0.61545748 0.61545748
vn 0.96308684 0.12038586 -0.24077171
vn 0.83205032 0.00000000 -0.55470020
vn 0.20180184 0.26906911 -0.94174188
vn -0.89087081 0.44543540 0.08908708
vn -0.89442718 0.00000000 -0.44721359
vn 0.07124705 0.00000000 0.99745870
vn 0.92717266 0.26490647 0.26490647
vn 0.88465172 0.14744195 0.44232586
vn 0.94280905 0.23570226 -0.23570226
vn 0.99745870 0.07124705 0.00000000
vn 0.95782626 0.28734788 0.00000000
vn 0.00000000 0.97439122 -0.22485951
vn 0.91168463 0.34188172 0.22792116
vn -0.61631566 0.70436072 -0.35218036
vn -0.61721343 0.77151674 -0.15430336
vn -0.40824831 0.40824831 -0.81649661
vn -0.40824831 0.40824831 0.81649661
vn -0.81649661 0.57154763 -0.08164966
vn -0.74926865 0.65561008 0.09365858
vn -0.40824831 0.40824831 -0.81649661
vn -0.44721359 0.00000000 0.89442718
vn -0.50709254 0.84515423 -0.16903085
vn -0.81649661 0.40824831 -0.40824831
vn -0.28734788 0.00000000 -0.95782626
vn -0.17407766 -0.69631064 0.69631064
vn 0.74535596 -0.29814240 0.59628481
vn 0.06375767 -0.44630370 0.89260739
vn -0.97780240 0.00000000 -0.20952909
vn -0.42857143 0.28571430 -0.85714287
vn -0.57735026 0.57735026 0.57735026
vn -0.11704115 -0.70224690 0.70224690
vn -0.94072086 0.18814418 0.28221625
vn -0.24174689 -0.08058230 0.96698755
vn 0.89442718 0.00000000 -0.44721359
vn -0.36514837 0.91287094 -0.18257418
vn 0.97780240 0.00000000 0.20952909
vn -0.46499056 0.81373346 0.34874290
vn -0.57735026 -0.57735026 -0.57735026
vn -0.21821789 -0.43643579 -0.87287158
vn 0.00000000 -0.98994946 0.14142136
vn 0.00000000 -0.44721359 0.89442718
vn -0.55470020 -0.83205032 0.00000000
vn -0.83205032 -0.55470020 0.00000000
vn 0.00000000 -0.44721359 -0.89442718
vn -0.21821789 -0.87287158 -0.43643579
vn -0.44721359 -0.89442718 0.00000000
vn -0.95447999 -0.29827499 0.00000000
vn -0.23570226 -0.94280905 0.23570226
vn -0.84799832 -0.42399916 0.31799936
vn -0.23570226 -0.23570226 0.94280905
vn 0.48507124 -0.48507124 -0.72760689
vn 0.29981267 -0.67457855 -0.67457855
vn 0.00000000 -0.44721359 -0.89442718
vn -0.57735026 -0.57735026 -0.57735026
vn 0.36514837 -0.91287094 -0.18257418
vn 0.00000000 0.27472112 0.96152395
vn -0.29617444 -0.11846977 -0.94775820
vn -0.96225047 0.19245009 -0.19245009
vn 0.11704115 -0.70224690 -0.70224690
vn -0.88345224 0.33129457 -0.33129457
vn 0.70436072 0.35218036 0.61631566
vn 0.00000000 0.70710677 0.70710677
vn 0.21821789 0.43643579 0.87287158
vn -0.28221625 0.94072086 -0.18814418
vn -0.36650833 0.85518610 -0.36650833
vn 0.00000000 0.31622776 -0.94868332
vn 0.60131681 0.52615219 0.60131681
vn 0.00000000 0.70710677 0.70710677
vn 0.00000000 0.24253562 0.97014248
vn 0.71713716 0.35856858 -0.59761429
vn 0.00000000 0.18428853 -0.98287219
vn -0.68376344 0.45584232 0.56980288
vn -0.44360697 0.12674485 0.88721395
vn -0.09667365 0.87006283 -0.48336825
vn 0.00000000 1.00000000 0.00000000
vn -0.34815532 0.87038827 0.34815532
vn 0.84799832 -0.42399916 -0.31799936
vn 0.88045090 -0.44022545 0.17609018
vn 0.16439898 0.00000000 -0.98639393
vn 0.23570226 -0.94280905 -0.23570226
vn 0.29827499 -0.95447999 0.00000000
vn 0.33633640 -0.94174188 0.00000000
vn -0.21821789 -0.87287158 0.43643579
vn -0.24253562 0.00000000 0.97014248
vn 0.36650833 0.85518610 -0.36650833
vn 0.88045090 0.44022545 -0.17609018
vn 0.61885273 0.72199488 0.30942637
vn 0.35112345 0.93632919 0.00000000
vn 0.09950372 0.99503720 0.00000000
vn 0.00000000 0.92847669 0.37139067
vn -0.97590005 0.09759001 -0.19518001
vn 0.09901475 -0.09901475 -0.99014753
vn -0.46625242 -0.83925432 -0.27975145
vn -0.27216554 -0.95257932 0.13608277
vn -0.92998111 -0.11624764 0.34874290
vn -0.43193421 -0.25916052 0.86386842
vn -0.39056674 0.65094453 -0.65094453
vn -0.88465172 0.44232586 -0.14744195
vn -0.20180184 0.26906911 -0.94174188
vn -0.44721359 0.00000000 0.89442718
vn -0.87287158 0.43643579 -0.21821789
vn 0.16222142 0.16222142 -0.97332853
vn -0.23942606 0.15961738 0.95770425
vn 0.36650833 0.85518610 0.36650833
vn -0.88045090 -0.44022545 -0.17609018
vn 0.06375767 -0.44630370 -0.89260739
vn -0.36650833 -0.85518610 -0.36650833
vn 0.12403473 -0.99227786 0.00000000
vn -0.89442718 -0.44721359 0.00000000
vn 0.24096580 -0.88354129 0.40160966
vn -0.70710677 -0.70710677 0.00000000
vn 0.25916052 -0.43193421 0.86386842
vn 0.00000000 -0.89442718 0.44721359
vn 0.88465172 -0.44232586 -0.14744195
vn -0.45584232 -0.68376344 -0.56980288
vn -0.07053456 -0.14106913 -0.98748386
vn 0.00000000 -0.98639393 -0.16439898
vn 0.00000000 -0.87415725 -0.48564294
vn 0.28718325 -0.93334562 0.21538745
vn 0.12403473 -0.99227786 0.00000000
vn 0.36244625 -0.93200469 0.00000000
vn 0.28734788 -0.95782626 0.00000000
vn 0.10482848 -0.94345635 0.31448546
vn 0.23942606 -0.15961738 0.95770425
vn 0.00000000 0.00000000 -1.00000000
vn 0.18814418 0.28221625 0.94072086
vn 0.00000000 0.24253562 -0.97014248
vn 0.57735026 0.57735026 0.57735026
vn 0.14744195 0.44232586 0.88465172
vn 0.00000000 0.70710677 -0.70710677
vn 0.00000000 0.44721359 -0.89442718
vn 0.57735026 0.57735026 0.57735026
vn 0.14744195 0.44232586 0.88465172
vn 0.00000000 0.70710677 -0.70710677
vn 0.71713716 0.35856858 -0.59761429
vn 0.12674485 0.44360697 -0.88721395
vn -0.85714287 0.42857143 0.28571430
vn -0.80845207 0.56591648 0.16169041
vn -0.16539535 0.44105428 0.88210857
vn 0.11704115 0.70224690 0.70224690
vn -0.25630730 0.68348610 -0.68348610
vn -0.66666669 0.66666669 -0.33333334
vn -0.44022545 0.17609018 -0.88045090
vn -0.84515423 0.50709254 0.16903085
vn -0.40824831 0.40824831 0.81649661
vn -0.57436651 0.78975397 0.21538745
vn -0.53452247 0.80178374 0.26726124
vn -0.20507579 -0.20507579 -0.95702028
vn -0.40824831 -0.81649661 -0.40824831
vn -0.38461539 -0.92307693 0.00000000
vn -0.70014006 0.14002801 0.70014006
vn -0.70710677 0.70710677 0.00000000
vn -0.43643579 -0.21821789 0.87287158
vn -0.54882127 0.76834983 0.32929277
vn -0.87287158 -0.43643579 -0.21821789
vn 0.00000000 -0.24253562 -0.97014248
vn -0.09759001 -0.97590005 -0.19518001
vn -0.19611613 -0.98058069 0.00000000
vn -0.99503720 -0.09950372 0.00000000
vn -0.44721359 -0.89442718 0.00000000
vn -1.00000000 0.00000000 0.00000000
vn -0.44721359 -0.89442718 0.00000000
vn -1.00000000 0.00000000 0.00000000
vn -0.44022545 -0.88045090 0.17609018
vn -0.94280905 0.23570226 0.23570226
vn -0.16222142 -0.16222142 0.97332853
vn -0.18814418 -0.28221625 -0.94072086
vn -0.95346260 -0.09534626 0.28603879
vn -0.57735026 -0.57735026 0.57735026
vn -0.95782626 0.00000000 0.28734788
vn -0.43193421 -0.25916052 0.86386842
vn 0.79602975 -0.09950372 -0.59702229
vn 0.44721359 0.00000000 -0.89442718
vn -0.30151135 0.90453404 0.30151135
vn 0.33557802 0.06711560 0.93961847
vn -0.24253562 0.97014248 0.00000000
vn -0.24253562 0.97014248 0.00000000
vn -0.25400025 0.88900089 0.38100037
vn 0.00000000 -0.44721359 -0.89442718
vn 0.00000000 -0.91914505 -0.39391929
vn -0.31234753 -0.93704259 -0.15617377
vn -0.91287094 -0.36514837 0.18257418
vn -0.94868332 0.00000000 0.31622776
vn -0.44232586 -0.14744195 0.88465172
vn 0.88465172 0.44232586 0.14744195
vn 0.66666669 -0.33333334 -0.66666669
vn 0.43643579 -0.21821789 -0.87287158
vn 0.08737040 -0.96107447 0.26211122
vn 0.08304548 -0.99654573 0.00000000
vn 0.00000000 -1.00000000 0.00000000
vn 0.00000000 -1.00000000 0.00000000
vn 0.00000000 -0.94868332 -0.31622776
vn -0.97014248 0.24253562 0.00000000
vn -0.89442718 -0.26832816 0.35777089
vn -0.57735026 -0.57735026 0.57735026
vn -0.94868332 0.00000000 0.31622776
vn -0.40824831 -0.40824831 0.81649661
vn 0.64465839 0.24174689 -0.72524065
vn 0.42857143 -0.28571430 -0.85714287
vn 0.50767308 -0.60920769 -0.60920769
vn -0.81649661 0.08164966 0.57154763
vn -0.42857143 0.28571430 0.85714287
vn -0.70710677 0.70710677 0.00000000
vn -0.23570226 0.23570226 -0.94280905
vn -0.94868332 0.00000000 0.31622776
vn -0.99654573 -0.08304548 0.00000000
vn -0.57735026 -0.57735026 0.57735026
vn -0.94868332 0.00000000 0.31622776
vn -0.40824831 -0.40824831 0.81649661
vn 0.71713716 0.35856858 -0.59761429
vn 0.44232586 0.14744195 -0.88465172
vn -0.97014248 0.00000000 0.24253562
vn -0.92998111 0.11624764 0.34874290
vn -0.44721359 0.00000000 0.89442718
vn -0.92057461 0.27617240 -0.27617240
vn -0.43643579 0.21821789 -0.87287158
vn -0.99227786 0.12403473 0.00000000
vn -0.95447999 0.29827499 0.00000000
vn -0.99503720 -0.09950372 0.00000000
vn -0.57735026 -0.57735026 0.57735026
vn -0.93704259 0.31234753 0.15617377
vn -0.44543540 -0.08908708 0.89087081
vn 0.19802950 0.69310325 -0.69310325
vn 0.00000000 0.31622776 -0.94868332
vn -0.91168463 -0.34188172 0.22792116
vn -0.94280905 -0.23570226 0.23570226
vn -0.43921906 -0.18823674 0.87843812
vn -0.64699662 0.53916389 -0.53916389
vn -0.76822126 0.64018440 0.00000000
vn -0.44232586 0.14744195 -0.88465172
vn -0.43193421 0.25916052 0.86386842
vn -0.76200074 0.63500065 -0.12700012
vn -0.49236596 0.86164045 -0.12309149
vn -0.40824831 0.40824831 -0.81649661
vn -0.40824831 0.40824831 0.81649661
vn -0.57735026 0.57735026 0.57735026
vn -0.66666669 0.33333334 -0.66666669
vn 0.07053456 0.14106913 -0.98748386
vn -0.33333334 -0.66666669 0.66666669
vn -0.81649661 -0.08164966 0.57154763
vn -0.43193421 -0.25916052 0.86386842
vn -1.00000000 0.00000000 0.00000000
vn -0.44721359 0.00000000 -0.89442718
vn -0.44721359 0.00000000 0.89442718
vn -0.70014006 0.70014006 0.14002801
vn -0.50767308 0.60920769 -0.60920769
vn -0.52981293 0.52981293 -0.66226619
vn -0.12674485 0.44360697 -0.88721395
vn -0.97014248 0.00000000 0.24253562
vn -0.92998111 0.11624764 0.34874290
vn -0.44721359 0.00000000 0.89442718
vn -0.88045090 0.44022545 0.17609018
vn -0.43193421 0.25916052 -0.86386842
vn -0.20952909 0.00000000 0.97780240
vn -0.96225047 -0.19245009 -0.19245009
vn -0.44232586 -0.14744195 -0.88465172
vn -0.61885273 -0.72199488 -0.30942637
vn -0.44721359 -0.89442718 0.00000000
vn -0.97014248 -0.24253562 0.00000000
vn -0.44022545 -0.88045090 0.17609018
vn -0.92450035 -0.09245003 0.36980012
vn -0.12674485 -0.44360697 0.88721395
vn -0.39056674 0.65094453 -0.65094453
vn 0.00000000 0.31622776 -0.94868332
vn -0.95782626 0.00000000 0.28734788
vn -0.95782626 0.00000000 0.28734788
vn -0.44721359 0.00000000 0.89442718
vn -0.72760689 0.48507124 -0.48507124
vn -0.28221625 0.18814418 -0.94072086
vn -0.69631064 0.69631064 -0.17407766
vn -0.33333334 -0.66666669 0.66666669
vn 0.09901475 0.09901475 0.99014753
vn -0.93632919 0.00000000 -0.35112345
vn -0.44721359 0.00000000 -0.89442718
vn -1.00000000 0.00000000 0.00000000
vn -0.99654573 -0.08304548 0.00000000
vn -0.42640144 -0.63960212 0.63960212
vn -0.95782626 0.00000000 0.28734788
vn -0.43643579 -0.21821789 0.87287158
vn -0.89442718 0.44721359 0.00000000
vn 0.00000000 0.00000000 -1.00000000
vn 0.00000000 -1.00000000 0.00000000
vn 0.00000000 0.00000000 1.00000000
vn -0.81649661 0.40824831 -0.40824831
vn -0.20507579 0.20507579 -0.95702028
vn -0.88045090 0.44022545 -0.17609018
vn -0.98639393 0.00000000 -0.16439898
vn -0.91287094 -0.36514837 0.18257418
vn -0.94868332 0.00000000 0.31622776
vn -0.44232586 -0.14744195 0.88465172
vn 0.00000000 1.00000000 0.00000000
vn -0.85714287 0.28571430 -0.42857143
vn -0.18814418 0.28221625 -0.94072086
vn -0.97014248 0.24253562 0.00000000
vn -0.97014248 0.24253562 0.00000000
vn -0.94072086 0.28221625 0.18814418
vn -0.28221625 0.18814418 0.94072086
vn 0.00000000 1.00000000 0.00000000
vn -0.28221625 0.94072086 -0.18814418
vn -0.38461539 0.92307693 0.00000000
vn -0.26832816 0.89442718 -0.35777089
vn -0.59628481 0.74535596 -0.29814240
vn -0.40824831 0.40824831 -0.81649661
vn -0.97590005 -0.09759001 -0.19518001
vn -0.79555726 -0.55689007 0.23866719
vn -0.57735026 -0.57735026 0.57735026
vn -0.94280905 0.23570226 0.23570226
vn -0.44543540 -0.08908708 0.89087081
vn -0.28221625 0.94072086 -0.18814418
vn -0.37139067 0.92847669 0.00000000
vn -0.18428853 0.98287219 0.00000000
vn -0.36650833 0.85518610 0.36650833
vn -0.97590005 0.09759001 -0.19518001
vn -0.16222142 0.16222142 -0.97332853
vn -0.10482848 -0.94345635 -0.31448546
vn -0.23570226 -0.94280905 0.23570226
vn -0.92998111 -0.11624764 0.34874290
vn -0.18814418 -0.28221625 0.94072086
vn -0.45083481 0.63116872 -0.63116872
vn -0.57469577 0.28734788 -0.76626104
vn -0.44232586 0.14744195 -0.88465172
vn -0.51832104 0.60470790 0.60470790
vn -0.24253562 0.00000000 0.97014248
vn -0.57735026 0.57735026 -0.57735026
vn -0.59628481 0.74535596 -0.29814240
vn -0.40824831 0.40824831 -0.81649661
vn -0.17896500 0.23862000 0.95447999
vn -0.92057461 -0.27617240 -0.27617240
vn -0.44721359 0.00000000 -0.89442718
vn -0.95447999 0.29827499 0.00000000
vn -0.97014248 -0.24253562 0.00000000
vn -0.57735026 -0.57735026 0.57735026
vn -0.91168463 -0.22792116 0.34188172
vn -0.40824831 -0.40824831 0.81649661
vn -0.42857143 0.85714287 -0.28571430
vn -0.18814418 -0.28221625 -0.94072086
vn -0.53452247 0.80178374 0.26726124
vn -0.24253562 0.00000000 0.97014248
vn -0.14106913 0.07053456 -0.98748386
vn -0.19802950 -0.69310325 0.69310325
vn 0.00000000 -0.27472112 0.96152395
vn -0.18823674 -0.43921906 -0.87843812
vn -0.46852130 -0.62469506 -0.62469506
vn -0.36514837 -0.91287094 0.18257418
vn -0.30578831 0.25482360 0.91736495
vn 0.00000000 -0.07124705 -0.99745870
vn -0.39056674 -0.65094453 -0.65094453
vn 0.00000000 0.70710677 0.70710677
vn -0.18814418 0.28221625 0.94072086
vn 0.00000000 0.94868332 -0.31622776
vn 0.00000000 0.94868332 -0.31622776
vn 0.00000000 -0.07124705 -0.99745870
vn -0.80000001 0.00000000 0.60000002
vn -0.44721359 0.00000000 0.89442718
vn -0.59628481 0.29814240 -0.74535596
vn -0.16222142 0.16222142 -0.97332853
vn 0.00000000 -0.70710677 -0.70710677
vn -0.71713716 0.35856858 0.59761429
vn -0.23570226 0.23570226 0.94280905
vn -0.44232586 0.88465172 -0.14744195
vn -0.40824831 0.81649661 -0.40824831
vn -0.44444445 0.88888890 -0.11111111
vn -0.40824831 0.40824831 -0.81649661
vn -0.40824831 0.40824831 0.81649661
vn -0.38851434 0.87415725 0.29138577
vn -0.38851434 0.87415725 0.29138577
vn -0.42857143 0.85714287 0.28571430
vn 0.94280905 0.23570226 -0.23570226
vn 0.95346260 -0.09534626 -0.28603879
vn 0.44543540 -0.08908708 -0.89087081
vn 0.38851434 -0.87415725 -0.29138577
vn 0.16439898 -0.98639393 0.00000000
vn 0.09759001 -0.97590005 0.19518001
vn -0.76200074 0.12700012 0.63500065
vn 0.00000000 0.00000000 1.00000000
vn 0.21821789 0.87287158 -0.43643579
vn 0.24253562 0.97014248 0.00000000
vn 0.00000000 0.98058069 0.19611613
vn -0.97590005 0.09759001 -0.19518001
vn -0.19518001 0.09759001 -0.97590005
vn -0.48795003 -0.78072006 -0.39036003
vn -0.50709254 -0.84515423 0.16903085
vn -0.92450035 -0.09245003 0.36980012
vn -0.40824831 -0.40824831 0.81649661
vn -0.57735026 0.57735026 -0.57735026
vn -0.87287158 0.21821789 -0.43643579
vn -0.23570226 0.23570226 -0.94280905
vn -0.54882127 -0.76834983 0.32929277
vn -0.98994946 -0.14142136 0.00000000
vn -0.44721359 -0.89442718 0.00000000
vn -0.95782626 -0.28734788 0.00000000
vn -0.23570226 -0.94280905 0.23570226
vn -0.94072086 0.28221625 0.18814418
vn -0.16439898 0.00000000 0.98639393
vn -0.93632919 0.00000000 -0.35112345
vn -0.05345225 0.26726124 -0.96214050
vn -0.94385839 -0.33035043 0.00000000
vn -0.91287094 0.18257418 0.36514837
vn -0.43193421 0.25916052 0.86386842
vn -0.39056674 0.65094453 0.65094453
vn 0.60000002 0.00000000 -0.80000001
vn -0.22941573 0.68824720 -0.68824720
vn -0.57735026 -0.57735026 -0.57735026
vn 0.25482360 0.30578831 -0.91736495
vn -0.73960024 -0.18490006 0.64715022
vn -0.44721359 0.00000000 0.89442718
vn 0.26906911 0.20180184 -0.94174188
vn -0.83205032 0.00000000 0.55470020
vn -0.28734788 0.00000000 0.95782626
vn 0.29981267 0.67457855 -0.67457855
vn -0.57735026 0.57735026 -0.57735026
vn -0.57735026 0.57735026 0.57735026
vn 0.16539535 0.44105428 -0.88210857
vn -0.34815532 0.87038827 0.34815532
vn 0.00000000 0.16439898 0.98639393
vn -0.19245009 0.96225047 -0.19245009
vn -0.97014248 0.00000000 0.24253562
vn -0.28221625 -0.18814418 -0.94072086
vn -0.31622776 -0.94868332 0.00000000
vn -0.40824831 -0.40824831 0.81649661
vn -1.00000000 0.00000000 0.00000000
vn -0.40824831 -0.40824831 -0.81649661
vn -0.78446454 -0.58834839 0.19611613
vn -0.43643579 -0.21821789 0.87287158
vn -0.88465172 0.14744195 -0.44232586
vn -0.15961738 0.23942606 -0.95770425
vn -0.57735026 -0.57735026 0.57735026
vn -0.94072086 0.28221625 0.18814418
vn -0.44543540 -0.08908708 0.89087081
vn -0.97014248 0.00000000 -0.24253562
vn -0.16439898 0.00000000 -0.98639393
vn -0.42857143 -0.85714287 -0.28571430
vn -0.36514837 -0.91287094 -0.18257418
vn -0.97618705 0.21693046 0.00000000
vn -0.92998111 -0.11624764 0.34874290
vn -0.32478490 0.25982791 0.90939772
vn -0.28221625 0.94072086 -0.18814418
vn -0.21821789 0.87287158 0.43643579
vn 0.00000000 0.94868332 -0.31622776
vn 0.18428853 0.98287219 0.00000000
vn 0.87287158 -0.21821789 -0.43643579
vn -0.11111111 0.88888890 0.44444445
vn 0.96152395 -0.27472112 0.00000000
vn 0.88045090 -0.44022545 0.17609018
vn 0.64699662 -0.53916389 -0.53916389
vn 0.40824831 -0.40824831 -0.81649661
vn 0.17277369 -0.95025527 -0.25916052
vn 0.33633640 -0.94174188 0.00000000
vn 0.24253562 -0.97014248 0.00000000
vn 0.27472112 -0.96152395 0.00000000
vn 0.12403473 -0.99227786 0.00000000
vn 0.23076923 -0.92307693 0.30769232
vn 0.84215194 -0.42107597 0.33686078
vn 0.44543540 0.08908708 0.89087081
vn 0.97014248 -0.24253562 0.00000000
vn 0.94280905 -0.23570226 0.23570226
vn 0.00000000 -0.27472112 -0.96152395
vn 0.19802950 -0.69310325 -0.69310325
vn 0.95770425 -0.23942606 0.15961738
vn 0.49236596 0.61545748 0.61545748
vn 0.14106913 -0.07053456 0.98748386
vn 0.99503720 0.09950372 0.00000000
vn 1.00000000 0.00000000 0.00000000
vn 0.92057461 0.27617240 0.27617240
vn 0.00000000 0.24253562 -0.97014248
vn 0.57735026 -0.57735026 0.57735026
vn 0.44360697 -0.12674485 0.88721395
vn 0.76822126 -0.38411063 0.51214755
vn 0.81110710 0.48666427 0.32444283
vn 0.00000000 0.70710677 -0.70710677
vn 0.00000000 0.44721359 -0.89442718
vn 0.42163703 0.52704626 0.73786479
vn 0.31622776 0.00000000 0.94868332
vn -0.97014248 0.00000000 0.24253562
vn -0.28221625 -0.18814418 -0.94072086
vn -0.19245009 -0.96225047 -0.19245009
vn -0.40824831 -0.40824831 0.81649661
vn 0.00000000 0.70710677 -0.70710677
vn -0.28221625 0.18814418 -0.94072086
vn -0.31234753 -0.15617377 0.93704259
vn -0.92998111 -0.11624764 -0.34874290
vn -0.44721359 0.00000000 -0.89442718
vn -0.57735026 -0.57735026 0.57735026
vn -0.94868332 0.00000000 0.31622776
vn -0.40824831 -0.40824831 0.81649661
vn -0.59628481 -0.29814240 -0.74535596
vn -0.43643579 -0.21821789 -0.87287158
vn -0.94573247 0.07881104 0.31524417
vn -0.99745870 -0.07124705 0.00000000
vn -0.50767308 -0.60920769 0.60920769
vn -0.88045090 0.44022545 0.17609018
vn -0.12403473 0.00000000 0.99227786
vn -0.88345224 -0.33129457 -0.33129457
vn -0.23076923 -0.30769232 -0.92307693
vn -0.94868332 -0.31622776 0.00000000
vn -0.57735026 -0.57735026 0.57735026
vn -0.92057461 -0.27617240 0.27617240
vn -0.43643579 -0.21821789 0.87287158
vn -0.52981293 -0.52981293 -0.66226619
vn -0.44232586 -0.14744195 -0.88465172
vn -0.46625242 -0.83925432 -0.27975145
vn -0.38851434 -0.87415725 -0.29138577
vn -0.91287094 -0.36514837 0.18257418
vn -0.98994946 0.14142136 0.00000000
vn -0.99503720 0.09950372 0.00000000
vn -0.91234308 0.15205719 0.38014296
vn -0.44543540 0.08908708 0.89087081
vn -0.57735026 0.57735026 0.57735026
vn 0.80845207 -0.16169041 -0.56591648
vn 0.44543540 -0.08908708 -0.89087081
vn 0.19802950 -0.69310325 -0.69310325
vn -0.23570226 0.23570226 0.94280905
vn -0.53452247 -0.26726124 -0.80178374
vn -0.43193421 -0.25916052 -0.86386842
vn -0.91287094 -0.18257418 0.36514837
vn -1.00000000 0.00000000 0.00000000
vn -0.99654573 -0.08304548 0.00000000
vn -0.57735026 -0.57735026 0.57735026
vn -0.95782626 0.00000000 0.28734788
vn -0.43193421 -0.25916052 0.86386842
vn 0.97014248 0.24253562 0.00000000
vn 0.48666427 0.81110710 -0.32444283
vn 0.00000000 1.00000000 0.00000000
vn 0.00000000 1.00000000 0.00000000
vn 0.00000000 0.92847669 0.37139067
vn 0.21821789 -0.43643579 -0.87287158
vn -0.33333334 -0.66666669 -0.66666669
vn -0.91287094 -0.36514837 0.18257418
vn -1.00000000 0.00000000 0.00000000
vn -1.00000000 0.00000000 0.00000000
vn -0.95782626 0.00000000 0.28734788
vn -0.44721359 0.00000000 0.89442718
vn 0.85714287 -0.42857143 -0.28571430
vn 0.91234308 -0.38014296 -0.15205719
vn 0.40824831 -0.40824831 -0.81649661
vn 0.17277369 -0.95025527 -0.25916052
vn 0.08304548 -0.99654573 0.00000000
vn 0.00000000 -1.00000000 0.00000000
vn 0.00000000 -0.92847669 -0.37139067
vn -0.83045483 -0.49827287 0.24913643
vn -1.00000000 0.00000000 0.00000000
vn -0.94868332 0.00000000 0.31622776
vn -0.44232586 -0.14744195 0.88465172
vn 0.79602975 -0.09950372 -0.59702229
vn 0.42857143 -0.28571430 -0.85714287
vn 0.41015157 -0.88866168 -0.20507579
vn 0.31799936 -0.84799832 -0.42399916
vn -0.98639393 0.00000000 0.16439898
vn -0.83045483 -0.49827287 0.24913643
vn -0.99654573 -0.08304548 0.00000000
vn -0.54882127 -0.76834983 0.32929277
vn -0.98994946 -0.14142136 0.00000000
vn -0.50709254 -0.84515423 0.16903085
vn -0.92998111 -0.11624764 0.34874290
vn -0.43193421 -0.25916052 0.86386842
vn 0.71713716 0.35856858 -0.59761429
vn 0.44721359 0.00000000 -0.89442718
vn -0.99227786 0.00000000 -0.12403473
vn -0.91234308 -0.15205719 0.38014296
vn -1.00000000 0.00000000 0.00000000
vn -0.93704259 0.31234753 0.15617377
vn -0.44232586 0.14744195 0.88465172
vn 0.23570226 0.23570226 -0.94280905
vn -0.94072086 -0.28221625 0.18814418
vn -0.98058069 0.00000000 -0.19611613
vn -1.00000000 0.00000000 0.00000000
vn -0.96152395 0.00000000 0.27472112
vn -0.99227786 0.12403473 0.00000000
vn -0.87287158 0.43643579 0.21821789
vn -0.40824831 0.40824831 0.81649661
vn -0.57735026 0.57735026 0.57735026
vn -0.99503720 0.00000000 0.09950372
vn -0.40824831 -0.40824831 -0.81649661
vn -0.24253562 -0.97014248 0.00000000
vn -0.14744195 -0.44232586 0.88465172
vn 0.27216554 0.68041384 -0.68041384
vn 0.71713716 0.35856858 -0.59761429
vn 0.20180184 0.26906911 -0.94174188
vn -0.93704259 -0.31234753 0.15617377
vn -0.84799832 0.42399916 0.31799936
vn -0.98287219 0.18428853 0.00000000
vn -0.92847669 0.37139067 0.00000000
vn -0.86386842 0.43193421 0.25916052
vn -0.40824831 0.40824831 0.81649661
vn -0.57735026 0.57735026 0.57735026
vn -0.98639393 0.00000000 -0.16439898
vn -0.44232586 -0.14744195 -0.88465172
vn -0.64699662 -0.53916389 -0.53916389
vn -0.97014248 -0.24253562 0.00000000
vn -0.30151135 -0.90453404 0.30151135
vn -0.93632919 -0.35112345 0.00000000
vn -0.19611613 -0.98058069 0.00000000
vn -0.89442718 -0.44721359 0.00000000
vn -0.19245009 -0.96225047 0.19245009
vn -0.84799832 -0.42399916 0.31799936
vn 0.07053456 -0.14106913 0.98748386
vn 0.00000000 0.19611613 -0.98058069
vn -0.99227786 0.00000000 -0.12403473
vn -0.23942606 0.95770425 0.15961738
vn -0.15617377 0.31234753 0.93704259
vn -0.44721359 0.89442718 0.00000000
vn -0.18428853 0.98287219 0.00000000
vn -0.31799936 0.84799832 0.42399916
vn -0.88345224 0.33129457 -0.33129457
vn -0.43193421 0.25916052 -0.86386842
vn -0.84799832 -0.31799936 -0.42399916
vn 0.00000000 -0.28734788 0.95782626
vn -0.25630730 0.68348610 -0.68348610
vn -0.27216554 0.13608277 -0.95257932
vn -0.95346260 0.09534626 0.28603879
vn -0.99654573 -0.08304548 0.00000000
vn 0.48507124 0.48507124 0.72760689
vn -0.23942606 -0.15961738 0.95770425
vn -0.50767308 0.60920769 -0.60920769
vn -0.42163703 0.52704626 -0.73786479
vn -0.14744195 0.44232586 -0.88465172
vn 0.00000000 -0.91914505 0.39391929
vn 0.00000000 -0.98639393 0.16439898
vn -0.76200074 0.12700012 0.63500065
vn 0.00000000 0.00000000 1.00000000
vn 0.89442718 0.44721359 0.00000000
vn 0.00000000 0.24253562 -0.97014248
vn -0.91287094 -0.36514837 0.18257418
vn -1.00000000 0.00000000 0.00000000
vn -0.33333334 -0.66666669 0.66666669
vn -0.94868332 0.00000000 0.31622776
vn -0.40824831 -0.40824831 0.81649661
vn -0.39056674 0.65094453 -0.65094453
vn 0.00000000 0.44721359 -0.89442718
vn 0.17407766 0.69631064 0.69631064
vn 0.16539535 0.44105428 0.88210857
vn -0.38235956 0.84119105 -0.38235956
vn -0.34815532 0.87038827 -0.34815532
vn -0.54545456 0.63636363 -0.54545456
vn -0.40824831 0.40824831 -0.81649661
vn -0.91234308 -0.15205719 0.38014296
vn -0.99654573 -0.08304548 0.00000000
vn -0.49236596 -0.61545748 0.61545748
vn -0.95782626 0.00000000 0.28734788
vn -0.15617377 -0.31234753 0.93704259
vn 0.00000000 0.94868332 -0.31622776
vn -0.08247861 0.90726471 -0.41239306
vn -0.44444445 0.88888890 -0.11111111
vn 0.08908708 0.44543540 -0.89087081
vn 0.00000000 0.44721359 0.89442718
vn 0.14002801 0.70014006 0.70014006
vn -0.29012942 -0.23210354 -0.92841417
vn -0.42857143 -0.85714287 -0.28571430
vn -0.33104235 -0.91036648 0.24828176
vn -0.23570226 -0.23570226 0.94280905
vn -0.68599433 0.51449573 -0.51449573
vn -0.59628481 0.29814240 -0.74535596
vn -0.44232586 0.14744195 -0.88465172
vn -0.93704259 -0.31234753 0.15617377
vn -0.99503720 0.09950372 0.00000000
vn -1.00000000 0.00000000 0.00000000
vn -0.93704259 0.31234753 0.15617377
vn -0.44360697 0.12674485 0.88721395
vn 0.00000000 1.00000000 0.00000000
vn -0.66666669 0.33333334 -0.66666669
vn -0.28221625 0.18814418 -0.94072086
vn -0.32478490 -0.25982791 0.90939772
vn -0.55470020 0.00000000 -0.83205032
vn -0.44721359 0.00000000 -0.89442718
vn -0.83045483 -0.49827287 0.24913643
vn -0.84799832 0.42399916 0.31799936
vn -0.40824831 0.40824831 0.81649661
vn -0.57735026 0.57735026 0.57735026
vn -0.62254304 0.55337155 -0.55337155
vn -0.95346260 0.09534626 -0.28603879
vn -0.17609018 0.44022545 -0.88045090
vn -0.48189989 -0.61958557 0.61958557
vn -0.87287158 0.43643579 0.21821789
vn -0.19518001 0.09759001 0.97590005
vn -0.66666669 -0.33333334 -0.66666669
vn -0.43193421 -0.25916052 -0.86386842
vn -0.89442718 -0.44721359 0.00000000
vn -0.37463433 0.65561008 0.65561008
vn -0.19518001 -0.09759001 0.97590005
vn -0.18257418 0.91287094 -0.36514837
vn 0.00000000 0.92847669 0.37139067
vn -0.45584232 -0.56980288 -0.68376344
vn -0.44444445 -0.11111111 -0.88888890
vn -0.57735026 -0.57735026 -0.57735026
vn -0.27216554 -0.68041384 0.68041384
vn -0.66666669 0.33333334 0.66666669
vn -0.12403473 0.00000000 0.99227786
vn 0.00000000 0.28734788 -0.95782626
vn -0.79602975 0.09950372 0.59702229
vn -0.42857143 0.28571430 0.85714287
vn -0.64699662 0.53916389 0.53916389
vn -0.13018891 0.91132236 -0.39056674
vn 0.00000000 0.96476382 -0.26311740
vn -0.19518001 -0.09759001 -0.97590005
vn -0.71713716 0.35856858 0.59761429
vn -0.43643579 0.21821789 0.87287158
vn -0.26490647 -0.26490647 -0.92717266
vn -0.46852130 -0.62469506 -0.62469506
vn -0.27216554 0.68041384 0.68041384
vn -0.15617377 0.31234753 0.93704259
vn -0.84799832 0.42399916 -0.31799936
vn -0.43643579 0.21821789 -0.87287158
vn -0.94280905 0.23570226 -0.23570226
vn -0.84799832 0.42399916 0.31799936
vn -0.88045090 0.44022545 0.17609018
vn -0.43863317 0.19494808 0.87726635
vn -0.64699662 0.53916389 -0.53916389
vn -0.34174305 0.93979341 0.00000000
vn -0.40824831 0.40824831 -0.81649661
vn -0.42107597 0.84215194 0.33686078
vn -0.40824831 0.40824831 0.81649661
vn -0.44721359 0.89442718 0.00000000
vn -0.36650833 0.85518610 0.36650833
vn -0.70014006 0.70014006 0.14002801
vn 0.94280905 0.23570226 -0.23570226
vn 1.00000000 0.00000000 0.00000000
vn 0.97014248 0.00000000 0.24253562
vn -0.97014248 0.00000000 -0.24253562
vn -0.44543540 0.08908708 -0.89087081
vn -0.31799936 -0.84799832 -0.42399916
vn -0.07124705 -0.99745870 0.00000000
vn -1.00000000 0.00000000 0.00000000
vn 0.00000000 -1.00000000 0.00000000
vn -0.99745870 0.07124705 0.00000000
vn -0.12038586 -0.96308684 0.24077171
vn -0.92450035 -0.09245003 0.36980012
vn 0.08908708 -0.44543540 0.89087081
vn -0.94072086 -0.18814418 -0.28221625
vn -0.08908708 -0.44543540 -0.89087081
vn 0.12038586 -0.96308684 -0.24077171
vn -0.12038586 -0.96308684 0.24077171
vn -0.94072086 0.28221625 0.18814418
vn 0.00000000 0.00000000 1.00000000
vn -0.30151135 0.90453404 -0.30151135
vn 0.07124705 0.99745870 0.00000000
vn -0.10482848 0.94345635 -0.31448546
vn -0.72760689 0.48507124 -0.48507124
vn 0.08908708 0.44543540 -0.89087081
vn 0.00000000 -1.00000000 0.00000000
vn -0.98287219 0.18428853 0.00000000
vn -0.84799832 0.42399916 0.31799936
vn -0.08908708 0.44543540 0.89087081
vn 0.27216554 0.68041384 0.68041384
vn -0.12038586 0.96308684 -0.24077171
vn 0.00000000 1.00000000 0.00000000
vn 0.12038586 0.96308684 0.24077171
vn -0.86386842 0.43193421 0.25916052
vn 0.00000000 0.00000000 -1.00000000
vn -0.36514837 -0.91287094 0.18257418
vn -0.18814418 -0.28221625 0.94072086
vn -0.33333334 0.66666669 -0.66666669
vn -0.24253562 0.00000000 -0.97014248
vn -0.95782626 0.00000000 -0.28734788
vn -0.60000002 -0.80000001 0.00000000
vn -0.44721359 -0.89442718 0.00000000
vn -0.97014248 -0.24253562 0.00000000
vn -0.44721359 -0.89442718 0.00000000
vn -0.97014248 -0.24253562 0.00000000
vn -0.44721359 -0.89442718 0.00000000
vn -0.97014248 -0.24253562 0.00000000
vn -0.44721359 -0.89442718 0.00000000
vn -0.97014248 -0.24253562 0.00000000
vn -0.50709254 -0.84515423 0.16903085
vn -0.92998111 -0.11624764 0.34874290
vn -0.43193421 -0.25916052 0.86386842
vn -0.89442718 0.35777089 -0.26832816
vn 0.16222142 0.16222142 -0.97332853
vn -0.97014248 -0.24253562 0.00000000
vn -0.96152395 -0.27472112 0.00000000
vn -1.00000000 0.00000000 0.00000000
vn -1.00000000 0.00000000 0.00000000
vn -0.93704259 0.31234753 0.15617377
vn 0.07053456 0.14106913 0.98748386
vn 0.50767308 0.60920769 -0.60920769
vn 0.18823674 0.43921906 -0.87843812
vn -0.80812204 -0.50507629 0.30304575
vn -0.92450035 -0.09245003 0.36980012
vn 0.00000000 0.00000000 1.00000000
vn 0.27216554 0.68041384 0.68041384
vn -0.89442718 0.44721359 0.00000000
vn -0.14106913 -0.07053456 -0.98748386
vn 0.00000000 -0.94868332 -0.31622776
vn -0.19518001 -0.09759001 0.97590005
vn 0.33333334 0.66666669 -0.66666669
vn 0.21821789 0.43643579 -0.87287158
vn 0.10050378 -0.70352650 0.70352650
vn 0.28221625 -0.18814418 0.94072086
vn -0.36514837 0.91287094 0.18257418
vn 0.39056674 0.65094453 -0.65094453
vn 0.71713716 0.35856858 -0.59761429
vn 0.43643579 0.21821789 -0.87287158
vn -0.80000001 0.00000000 0.60000002
vn -0.07124705 0.00000000 0.99745870
vn 0.23570226 0.23570226 -0.94280905
vn -0.71713716 0.35856858 0.59761429
vn -0.09759001 0.19518001 0.97590005
vn 0.39056674 0.65094453 -0.65094453
vn 0.66666669 0.33333334 -0.66666669
vn 0.40824831 0.40824831 -0.81649661
vn 0.39056674 0.65094453 0.65094453
vn 0.11111111 0.44444445 0.88888890
vn 0.78446454 0.58834839 0.19611613
vn 0.30151135 0.90453404 -0.30151135
vn -0.87287158 -0.43643579 -0.21821789
vn -0.08908708 -0.44543540 -0.89087081
vn 0.00000000 -1.00000000 0.00000000
vn 0.00000000 -0.44721359 0.89442718
vn 0.15961738 -0.23942606 -0.95770425
vn 0.12038586 -0.96308684 -0.24077171
vn 0.14142136 -0.98994946 0.00000000
vn -0.82416338 -0.54944223 0.13736056
vn 0.00000000 -1.00000000 0.00000000
vn -0.95782626 -0.28734788 0.00000000
vn 0.00000000 -1.00000000 0.00000000
vn -0.98287219 -0.18428853 0.00000000
vn 0.10482848 -0.94345635 -0.31448546
vn -0.72760689 -0.48507124 -0.48507124
vn 0.11704115 -0.70224690 0.70224690
vn -0.74420840 0.24806947 0.62017369
vn 0.00000000 0.00000000 1.00000000
vn 0.28221625 0.18814418 -0.94072086
vn -0.43643579 0.21821789 0.87287158
vn 0.89442718 0.44721359 0.00000000
vn 0.30151135 0.90453404 0.30151135
vn 0.21821789 0.43643579 0.87287158
vn 0.92057461 0.27617240 -0.27617240
vn 0.34188172 0.91168463 -0.22792116
vn 0.40824831 0.40824831 -0.81649661
vn 0.39056674 0.65094453 0.65094453
vn 0.12674485 0.44360697 0.88721395
vn 0.25400025 0.88900089 -0.38100037
vn 0.24253562 0.97014248 0.00000000
vn -0.21055873 0.91242111 0.35093120
vn 0.30151135 0.90453404 -0.30151135
vn 0.64699662 -0.53916389 -0.53916389
vn 0.40824831 -0.40824831 -0.81649661
vn 0.38851434 -0.87415725 -0.29138577
vn 0.24253562 -0.97014248 0.00000000
vn 0.24253562 -0.97014248 0.00000000
vn 0.34815532 -0.87038827 0.34815532
vn 0.59628481 -0.29814240 0.74535596
vn 0.44360697 -0.12674485 0.88721395
vn 0.15961738 -0.23942606 -0.95770425
vn 0.23570226 -0.94280905 -0.23570226
vn 0.38851434 -0.87415725 -0.29138577
vn 0.28734788 0.00000000 0.95782626
vn 0.28221625 0.18814418 -0.94072086
vn 0.59628481 -0.29814240 0.74535596
vn 0.44022545 -0.17609018 0.88045090
vn -0.95257932 -0.13608277 -0.27216554
vn 0.14744195 -0.44232586 -0.88465172
vn -0.09759001 -0.97590005 -0.19518001
vn -0.12038586 -0.96308684 0.24077171
vn -0.92450035 -0.09245003 0.36980012
vn -0.14744195 -0.44232586 0.88465172
vn 0.22941573 0.68824720 -0.68824720
vn 0.00000000 0.31622776 -0.94868332
vn 0.29002094 -0.67671555 0.67671555
vn 0.14744195 -0.44232586 0.88465172
vn 0.19494808 -0.43863317 -0.87726635
vn -0.29002094 -0.67671555 -0.67671555
vn -0.84515423 -0.50709254 0.16903085
vn -0.99654573 -0.08304548 0.00000000
vn -0.27216554 -0.68041384 0.68041384
vn -0.94868332 0.00000000 0.31622776
vn -0.14744195 -0.44232586 0.88465172
vn -0.70710677 0.00000000 -0.70710677
vn -0.26906911 -0.20180184 -0.94174188
vn 0.00000000 -0.70710677 0.70710677
vn -0.71713716 -0.35856858 0.59761429
vn 0.07053456 -0.14106913 0.98748386
vn -0.59628481 0.29814240 -0.74535596
vn 0.09901475 0.09901475 -0.99014753
vn 0.00000000 -0.70710677 -0.70710677
vn -0.83045483 -0.49827287 0.24913643
vn -0.99654573 -0.08304548 0.00000000
vn -0.30151135 -0.90453404 0.30151135
vn -0.98639393 -0.16439898 0.00000000
vn -0.30151135 -0.90453404 -0.30151135
vn -0.95447999 -0.29827499 0.00000000
vn -0.81649661 -0.40824831 -0.40824831
vn 0.00000000 -0.28734788 0.95782626
vn 0.00000000 0.70710677 -0.70710677
vn -0.26906911 0.20180184 -0.94174188
vn -0.91287094 -0.18257418 0.36514837
vn -0.84799832 -0.31799936 -0.42399916
vn -0.88721395 -0.44360697 0.12674485
vn -0.33333334 -0.66666669 0.66666669
vn -0.92450035 0.09245003 0.36980012
vn -0.14744195 -0.44232586 0.88465172
vn 0.71713716 0.35856858 -0.59761429
vn 0.26906911 0.20180184 -0.94174188
vn -0.89943802 0.37476584 0.22485951
vn -0.93632919 0.00000000 -0.35112345
vn -0.89442718 -0.26832816 0.35777089
vn -0.27216554 -0.68041384 0.68041384
vn -0.94868332 0.00000000 0.31622776
vn -0.14744195 -0.44232586 0.88465172
vn -0.11111111 0.88888890 -0.44444445
vn -0.14142136 0.98994946 0.00000000
vn -0.24253562 0.97014248 0.00000000
vn -0.29827499 0.95447999 0.00000000
vn 0.70224690 -0.11704115 -0.70224690
vn -0.42857143 0.85714287 -0.28571430
vn 0.00000000 0.24253562 -0.97014248
vn -0.95782626 0.00000000 0.28734788
vn -0.99654573 -0.08304548 0.00000000
vn -0.27216554 -0.68041384 0.68041384
vn -0.95782626 0.00000000 0.28734788
vn -0.18814418 -0.28221625 0.94072086
vn 0.64699662 -0.53916389 -0.53916389
vn 0.40824831 -0.40824831 -0.81649661
vn -0.18257418 -0.91287094 -0.36514837
vn -0.06237829 -0.99805260 0.00000000
vn -0.24253562 -0.97014248 0.00000000
vn 0.00000000 -1.00000000 0.00000000
vn 0.00000000 -0.24253562 0.97014248
vn 0.80000001 -0.60000002 0.00000000
vn 0.00000000 0.70710677 -0.70710677
vn 0.00000000 0.00000000 -1.00000000
vn -0.91168463 -0.34188172 0.22792116
vn -0.96152395 -0.27472112 0.00000000
vn -0.94868332 0.00000000 0.31622776
vn -0.44360697 -0.12674485 0.88721395
vn 0.78446454 -0.19611613 -0.58834839
vn 0.43193421 -0.25916052 -0.86386842
vn 0.38851434 -0.87415725 -0.29138577
vn 0.38851434 -0.87415725 -0.29138577
vn 0.00000000 -1.00000000 0.00000000
vn -0.89442718 -0.26832816 0.35777089
vn -0.53452247 -0.80178374 0.26726124
vn -0.98994946 -0.14142136 0.00000000
vn -0.23570226 -0.94280905 0.23570226
vn -0.92450035 -0.09245003 0.36980012
vn -0.14744195 -0.44232586 0.88465172
vn 0.80000001 0.00000000 -0.60000002
vn 0.44721359 0.00000000 -0.89442718
vn -0.94868332 0.00000000 0.31622776
vn -1.00000000 0.00000000 0.00000000
vn -0.99654573 -0.08304548 0.00000000
vn -0.27216554 -0.68041384 0.68041384
vn -0.94868332 0.00000000 0.31622776
vn -0.14744195 -0.44232586 0.88465172
vn 0.71713716 0.35856858 -0.59761429
vn 0.31622776 0.00000000 -0.94868332
vn -0.96152395 0.00000000 0.27472112
vn -0.99503720 0.09950372 0.00000000
vn -1.00000000 0.00000000 0.00000000
vn -1.00000000 0.00000000 0.00000000
vn -0.88045090 -0.44022545 -0.17609018
vn -0.40422603 -0.64676166 0.64676166
vn -0.25916052 -0.43193421 0.86386842
vn -0.27472112 0.00000000 -0.96152395
vn -0.92057461 0.27617240 0.27617240
vn -0.92847669 0.37139067 0.00000000
vn -0.97014248 0.24253562 0.00000000
vn -0.96152395 0.27472112 0.00000000
vn -0.84799832 -0.31799936 -0.42399916
vn -0.30151135 -0.90453404 0.30151135
vn 0.08247861 -0.90726471 0.41239306
vn 0.45584232 -0.68376344 0.56980288
vn -0.08908708 -0.44543540 0.89087081
vn -0.15617377 -0.31234753 -0.93704259
vn -0.80845207 0.16169041 0.56591648
vn -0.44543540 0.08908708 0.89087081
vn -0.49236596 0.86164045 -0.12309149
vn -0.54545456 0.81818181 -0.18181819
vn -0.28221625 0.18814418 -0.94072086
vn -0.08908708 0.44543540 0.89087081
vn 0.08247861 0.90726471 0.41239306
vn -0.27472112 0.96152395 0.00000000
vn -0.24253562 0.97014248 0.00000000
vn -0.37139067 0.92847669 0.00000000
vn -0.46625242 0.83925432 -0.27975145
vn -0.42163703 0.52704626 -0.73786479
vn -0.40824831 0.40824831 -0.81649661
vn 0.14002801 -0.70014006 0.70014006
vn 0.00000000 -0.44721359 0.89442718
vn -0.88045090 0.44022545 -0.17609018
vn -0.14106913 0.07053456 -0.98748386
vn -0.49236596 -0.61545748 -0.61545748
vn -0.94280905 0.23570226 -0.23570226
vn -0.88045090 -0.44022545 0.17609018
vn -0.68599433 -0.51449573 0.51449573
vn -0.81110710 0.32444283 0.48666427
vn -0.72760689 0.48507124 0.48507124
vn -0.16439898 0.00000000 0.98639393
vn -0.28718325 0.93334562 -0.21538745
vn 0.00000000 0.91914505 -0.39391929
vn 0.00000000 0.44721359 -0.89442718
vn 0.29002094 -0.67671555 0.67671555
vn 0.75257671 0.00000000 0.65850461
vn 0.44543540 0.08908708 0.89087081
vn -0.44022545 0.88045090 -0.17609018
vn -0.46499056 0.81373346 -0.34874290
vn -0.14106913 -0.07053456 -0.98748386
vn -0.60920769 -0.50767308 0.60920769
vn -0.27472112 0.00000000 0.96152395
vn 0.19802950 0.69310325 -0.69310325
vn 0.25916052 0.43193421 -0.86386842
vn 0.60131681 0.52615219 0.60131681
vn 0.46852130 0.62469506 0.62469506
vn 0.40824831 0.40824831 0.81649661
vn -0.86657822 -0.43328911 -0.24759379
vn -0.40824831 -0.40824831 -0.81649661
vn -0.30151135 -0.90453404 -0.30151135
vn -0.44721359 -0.89442718 0.00000000
vn -0.89442718 -0.44721359 0.00000000
vn -0.50709254 -0.84515423 -0.16903085
vn -0.98994946 0.14142136 0.00000000
vn -1.00000000 0.00000000 0.00000000
vn -0.94072086 0.18814418 -0.28221625
vn 0.00000000 -0.29827499 0.95447999
vn 0.25400025 0.88900089 -0.38100037
vn 0.31622776 0.94868332 0.00000000
vn 0.48154342 0.84270096 0.24077171
vn 0.23942606 0.95770425 0.15961738
vn -0.54944223 -0.13736056 -0.82416338
vn -0.19518001 -0.09759001 -0.97590005
vn -0.39056674 -0.65094453 -0.65094453
vn -0.91287094 -0.18257418 0.36514837
vn -1.00000000 0.00000000 0.00000000
vn -0.99654573 0.08304548 0.00000000
vn -0.98058069 0.00000000 -0.19611613
vn 0.00000000 -0.70710677 0.70710677
vn -0.81923193 0.00000000 0.57346237
vn 0.09759001 -0.19518001 0.97590005
vn -0.51832104 0.60470790 -0.60470790
vn -0.14106913 -0.07053456 -0.98748386
vn -0.94868332 0.00000000 0.31622776
vn -1.00000000 0.00000000 0.00000000
vn -1.00000000 0.00000000 0.00000000
vn -0.93632919 0.00000000 -0.35112345
vn -0.94280905 0.23570226 0.23570226
vn -0.87287158 0.43643579 0.21821789
vn -0.09759001 0.19518001 0.97590005
vn -0.95770425 -0.15961738 -0.23942606
vn -0.40824831 -0.40824831 -0.81649661
vn -0.53452247 -0.80178374 -0.26726124
vn -0.50709254 -0.84515423 -0.16903085
vn -0.98994946 0.14142136 0.00000000
vn -1.00000000 0.00000000 0.00000000
vn 0.18291323 0.97553724 0.12194216
vn -0.23570226 0.23570226 0.94280905
vn 0.94174188 0.33633640 0.00000000
vn 0.57735026 0.57735026 0.57735026
vn -0.34188172 0.91168463 -0.22792116
vn 0.84799832 0.52999896 0.00000000
vn 0.00000000 0.28734788 -0.95782626
vn -1.00000000 0.00000000 0.00000000
vn -1.00000000 0.00000000 0.00000000
vn -0.92057461 -0.27617240 -0.27617240
vn -0.74420840 -0.24806947 0.62017369
vn 0.00000000 0.24253562 0.97014248
vn -0.30151135 0.90453404 0.30151135
vn 0.12038586 0.96308684 0.24077171
vn -0.96225047 0.19245009 -0.19245009
vn -0.14106913 0.07053456 -0.98748386
vn -0.49236596 -0.61545748 -0.61545748
vn -0.98058069 0.19611613 0.00000000
vn -0.97014248 0.24253562 0.00000000
vn -0.81110710 0.48666427 0.32444283
vn -0.44360697 0.12674485 0.88721395
vn -0.27216554 0.13608277 -0.95257932
vn -0.68376344 0.56980288 -0.45584232
vn -0.92847669 0.00000000 -0.37139067
vn 0.00000000 -0.28734788 0.95782626
vn -0.44022545 0.88045090 -0.17609018
vn -0.44721359 0.89442718 0.00000000
vn -0.44721359 0.89442718 0.00000000
vn -0.54882127 0.76834983 0.32929277
vn -0.25445667 0.93300784 -0.25445667
vn -0.46460631 0.86284029 -0.19911699
vn -0.21821789 0.43643579 -0.87287158
vn -0.94280905 -0.23570226 0.23570226
vn -0.33333334 -0.66666669 0.66666669
vn -0.86141104 0.43070552 0.26919094
vn -0.15961738 -0.23942606 0.95770425
vn -0.37463433 0.65561008 -0.65561008
vn -0.75257671 0.00000000 -0.65850461
vn -0.44543540 -0.08908708 -0.89087081
vn -0.52981293 0.52981293 0.66226619
vn -0.40824831 0.40824831 0.81649661
vn -0.81649661 0.40824831 0.40824831
vn -0.43863317 0.19494808 -0.87726635
vn -0.69631064 0.69631064 -0.17407766
vn -0.57735026 -0.57735026 0.57735026
vn -0.19518001 -0.09759001 0.97590005
vn -0.96225047 -0.19245009 -0.19245009
vn -0.44232586 -0.14744195 -0.88465172
vn -0.61885273 -0.72199488 -0.30942637
vn -0.44022545 -0.88045090 -0.17609018
vn -0.72760689 -0.48507124 -0.48507124
vn -0.79602975 0.09950372 0.59702229
vn -0.42857143 0.28571430 0.85714287
vn -0.63636363 0.54545456 0.54545456
vn -0.50709254 0.84515423 0.16903085
vn -0.99503720 0.00000000 0.09950372
vn -0.40824831 -0.40824831 -0.81649661
vn -0.76200074 -0.63500065 -0.12700012
vn -0.40824831 -0.40824831 0.81649661
vn -0.92847669 0.00000000 -0.37139067
vn -0.43193421 -0.25916052 -0.86386842
vn -0.92847669 0.00000000 -0.37139067
vn -0.66666669 0.33333334 0.66666669
vn -0.43643579 0.21821789 0.87287158
vn -0.95770425 0.23942606 -0.15961738
vn -0.16439898 0.00000000 -0.98639393
vn -0.49236596 -0.61545748 -0.61545748
vn -0.98058069 -0.19611613 0.00000000
vn -0.70014006 -0.70014006 0.14002801
vn -1.00000000 0.00000000 0.00000000
vn -0.99227786 -0.12403473 0.00000000
vn -0.93632919 0.35112345 0.00000000
vn -0.97014248 0.00000000 -0.24253562
vn -0.92450035 0.09245003 0.36980012
vn -0.89442718 0.44721359 0.00000000
vn -0.84515423 0.50709254 0.16903085
vn -0.40824831 0.40824831 0.81649661
vn -0.50767308 0.60920769 0.60920769
vn -0.57735026 0.57735026 -0.57735026
vn -0.74278134 0.55708599 -0.37139067
vn -0.12674485 0.44360697 -0.88721395
vn -1.00000000 0.00000000 0.00000000
vn -0.87287158 0.43643579 0.21821789
vn -0.40824831 0.40824831 0.81649661
vn -0.76200074 0.63500065 -0.12700012
vn -0.70436072 0.61631566 -0.35218036
vn -0.40824831 0.40824831 -0.81649661
vn -1.00000000 0.00000000 0.00000000
vn -0.79555726 0.55689007 0.23866719
vn -0.40824831 0.40824831 0.81649661
vn -0.50709254 0.84515423 0.16903085
vn -0.36650833 0.85518610 0.36650833
vn -0.57735026 0.57735026 -0.57735026
vn -0.49236596 0.86164045 -0.12309149
vn -0.40824831 0.40824831 -0.81649661
vn -0.40824831 0.40824831 0.81649661
vn -0.57735026 0.57735026 0.57735026
vn -0.64699662 0.53916389 -0.53916389
vn -0.49236596 0.86164045 -0.12309149
vn -0.40824831 0.40824831 -0.81649661
vn -0.40824831 0.40824831 0.81649661
vn -0.57735026 0.57735026 0.57735026
vn -0.27216554 0.95257932 0.13608277
vn -0.70014006 0.70014006 0.14002801
vn -0.96225047 -0.19245009 -0.19245009
vn -0.44232586 -0.14744195 -0.88465172
vn -0.59373224 -0.76337004 -0.25445667
vn -0.24253562 -0.97014248 0.00000000
vn -0.97014248 -0.24253562 0.00000000
vn -0.38851434 -0.87415725 0.29138577
vn -0.92450035 -0.09245003 0.36980012
vn -0.40824831 -0.40824831 0.81649661
vn -0.85714287 0.28571430 -0.42857143
vn -0.43643579 0.21821789 -0.87287158
vn -0.96152395 0.27472112 0.00000000
vn -0.99654573 -0.08304548 0.00000000
vn -0.46499056 -0.81373346 0.34874290
vn -0.98994946 -0.14142136 0.00000000
vn -0.16222142 -0.97332853 0.16222142
vn -0.92450035 -0.09245003 0.36980012
vn 0.08908708 -0.44543540 0.89087081
vn -0.20180184 0.94174188 -0.26906911
vn -0.40824831 0.81649661 -0.40824831
vn -0.68376344 0.56980288 -0.45584232
vn 0.08908708 0.44543540 -0.89087081
vn -0.97014248 0.24253562 0.00000000
vn -0.98639393 0.16439898 0.00000000
vn 0.08737040 -0.96107447 0.26211122
vn -0.95346260 -0.09534626 -0.28603879
vn 0.31799936 -0.84799832 0.42399916
vn 0.91168463 -0.22792116 0.34188172
vn 0.44543540 0.08908708 0.89087081
vn 0.99745870 0.07124705 0.00000000
vn 0.94072086 -0.18814418 0.28221625
vn 0.92450035 -0.09245003 -0.36980012
vn 0.97590005 0.09759001 0.19518001
vn -0.12038586 0.96308684 -0.24077171
vn 0.00000000 1.00000000 0.00000000
vn 0.00000000 1.00000000 0.00000000
vn -0.07124705 0.99745870 0.00000000
vn 0.30151135 0.90453404 0.30151135
vn 0.84799832 0.42399916 -0.31799936
vn 0.98287219 0.18428853 0.00000000
vn 0.72760689 0.48507124 0.48507124
vn 0.66666669 0.33333334 -0.66666669
vn 0.38235956 -0.84119105 -0.38235956
vn 0.19245009 -0.19245009 -0.96225047
vn -0.80000001 -0.60000002 0.00000000
vn 0.00000000 -1.00000000 0.00000000
vn -0.89442718 -0.44721359 0.00000000
vn -0.14142136 -0.98994946 0.00000000
vn -0.89442718 -0.44721359 0.00000000
vn -0.16439898 -0.98639393 0.00000000
vn -0.89442718 -0.44721359 0.00000000
vn -0.24253562 -0.97014248 0.00000000
vn -0.89442718 -0.44721359 0.00000000
vn -0.24253562 -0.97014248 0.00000000
vn -0.89442718 -0.44721359 0.00000000
vn -0.19611613 -0.98058069 0.00000000
vn -0.97014248 -0.24253562 0.00000000
vn -0.19245009 -0.96225047 0.19245009
vn -0.92998111 -0.11624764 0.34874290
vn 0.09759001 -0.19518001 0.97590005
vn 0.23570226 0.23570226 -0.94280905
vn -0.89943802 0.22485951 0.37476584
vn -0.95782626 0.00000000 0.28734788
vn 0.00000000 0.00000000 1.00000000
vn 0.39056674 0.65094453 -0.65094453
vn 0.66666669 0.33333334 -0.66666669
vn 0.40824831 0.40824831 -0.81649661
vn 0.94072086 0.18814418 0.28221625
vn 0.61885273 0.72199488 0.30942637
vn 0.40824831 0.40824831 0.81649661
vn 0.82956135 0.51847583 0.20739034
vn 0.29827499 0.95447999 0.00000000
vn 0.00000000 0.94868332 -0.31622776
vn -0.75257671 0.65850461 0.00000000
vn 0.08908708 0.44543540 -0.89087081
vn -0.07124705 0.00000000 0.99745870
vn 0.85496461 0.49872935 -0.14249410
vn 0.31799936 0.84799832 -0.42399916
vn 0.97014248 0.24253562 0.00000000
vn 0.44721359 0.89442718 0.00000000
vn 0.99745870 0.07124705 0.00000000
vn 0.50709254 0.84515423 0.16903085
vn 0.78072006 0.39036003 0.48795003
vn 0.57735026 0.57735026 -0.57735026
vn 0.23570226 0.23570226 -0.94280905
vn 0.00000000 -0.70710677 0.70710677
vn 0.19518001 0.09759001 0.97590005
vn 0.83045483 0.49827287 -0.24913643
vn 1.00000000 0.00000000 0.00000000
vn 0.99654573 -0.08304548 0.00000000
vn 0.98058069 0.00000000 0.19611613
vn 0.36514837 0.91287094 -0.18257418
vn 0.91287094 0.18257418 -0.36514837
vn 1.00000000 0.00000000 0.00000000
vn 0.93632919 0.00000000 0.35112345
vn 0.91287094 0.36514837 -0.18257418
vn 1.00000000 0.00000000 0.00000000
vn 0.92057461 0.27617240 0.27617240
vn 0.49236596 0.86164045 0.12309149
vn 0.99503720 0.00000000 -0.09950372
vn 0.95346260 -0.09534626 -0.28603879
vn 0.97014248 -0.24253562 0.00000000
vn 0.95782626 -0.28734788 0.00000000
vn 0.99745870 0.07124705 0.00000000
vn 0.99227786 0.12403473 0.00000000
vn 0.97014248 -0.24253562 0.00000000
vn 0.95770425 0.23942606 0.15961738
vn 0.91168463 0.34188172 -0.22792116
vn 0.97014248 0.24253562 0.00000000
vn 0.78072006 0.48795003 0.39036003
vn 0.49236596 0.86164045 0.12309149
vn 0.85714287 -0.42857143 -0.28571430
vn 0.89442718 -0.44721359 0.00000000
vn 0.89442718 -0.44721359 0.00000000
vn 0.94280905 -0.23570226 0.23570226
vn 0.92998111 -0.11624764 -0.34874290
vn 0.85496461 -0.49872935 -0.14249410
vn 0.40824831 -0.40824831 -0.81649661
vn 0.57436651 -0.78975397 -0.21538745
vn 0.44721359 -0.89442718 0.00000000
vn 0.61885273 -0.72199488 0.30942637
vn 0.44232586 -0.14744195 0.88465172
vn 0.46499056 -0.34874290 0.81373346
vn 0.70224690 0.11704115 -0.70224690
vn 0.43643579 -0.21821789 -0.87287158
vn 0.57735026 -0.57735026 -0.57735026
vn 0.61885273 -0.30942637 0.72199488
vn 0.43643579 -0.21821789 0.87287158
vn 0.57735026 -0.57735026 -0.57735026
vn 0.40824831 -0.40824831 -0.81649661
vn 0.31622776 -0.94868332 0.00000000
vn 0.25916052 -0.43193421 0.86386842
vn 0.27472112 0.00000000 -0.96152395
vn 0.52615219 -0.60131681 0.60131681
vn 0.60920769 -0.50767308 0.60920769
vn 0.40824831 -0.40824831 0.81649661
vn 0.62469506 -0.46852130 -0.62469506
vn 0.40824831 -0.40824831 -0.81649661
vn 0.63636363 -0.54545456 -0.54545456
vn 0.11704115 -0.70224690 0.70224690
vn 0.25916052 -0.43193421 0.86386842
vn 0.00000000 -0.31622776 -0.94868332
vn 0.52615219 -0.60131681 0.60131681
vn 0.52981293 -0.52981293 0.66226619
vn 0.40824831 -0.40824831 0.81649661
vn 0.76200074 -0.12700012 -0.63500065
vn 0.40824831 -0.40824831 -0.81649661
vn 0.50767308 -0.60920769 -0.60920769
vn 0.30151135 -0.90453404 0.30151135
vn 0.10482848 -0.94345635 -0.31448546
vn 0.29002094 -0.67671555 0.67671555
vn 0.17609018 -0.44022545 0.88045090
vn -0.20507579 -0.20507579 -0.95702028
vn -0.66666669 0.33333334 -0.66666669
vn 0.27216554 -0.68041384 -0.68041384
vn 0.00000000 -0.70710677 0.70710677
vn 0.21821789 -0.43643579 0.87287158
vn 0.37463433 0.65561008 -0.65561008
vn 0.24759379 0.43328911 -0.86657822
vn 0.00000000 -0.70710677 0.70710677
vn 0.21821789 -0.43643579 0.87287158
vn 0.00000000 0.70710677 -0.70710677
vn -0.80812204 0.50507629 -0.30304575
vn -0.40824831 0.40824831 -0.81649661
vn -0.98639393 -0.16439898 0.00000000
vn -1.00000000 0.00000000 0.00000000
vn -0.97014248 0.00000000 -0.24253562
vn 0.00000000 -0.70710677 0.70710677
vn 0.17609018 -0.44022545 0.88045090
vn 0.42163703 -0.52704626 -0.73786479
vn -0.33333334 0.66666669 -0.66666669
vn -0.57735026 -0.57735026 -0.57735026
vn 0.16222142 0.16222142 -0.97332853
vn -0.80000001 -0.60000002 0.00000000
vn 0.00000000 -0.70710677 0.70710677
vn -0.71713716 -0.35856858 0.59761429
vn 0.08908708 -0.44543540 0.89087081
vn 0.92998111 -0.11624764 -0.34874290
vn 0.85496461 -0.49872935 -0.14249410
vn 0.40824831 -0.40824831 -0.81649661
vn 0.22941573 -0.68824720 -0.68824720
vn 0.00000000 -0.70710677 0.70710677
vn 0.00000000 -0.44721359 0.89442718
vn 0.60920769 -0.50767308 -0.60920769
vn 0.08908708 -0.44543540 -0.89087081
vn 0.00000000 -0.70710677 -0.70710677
vn 0.00000000 -0.70710677 0.70710677
vn 0.00000000 -0.44721359 0.89442718
vn -0.14744195 -0.44232586 -0.88465172
vn -0.17407766 -0.69631064 -0.69631064
vn 0.00000000 -0.91914505 0.39391929
vn 0.00000000 -0.98639393 0.16439898
vn -0.64699662 -0.53916389 0.53916389
vn 0.08908708 -0.44543540 0.89087081
vn -0.62469506 0.00000000 -0.78086883
vn -0.44232586 -0.14744195 -0.88465172
vn -0.57735026 -0.57735026 -0.57735026
vn 0.00000000 -0.87415725 0.48564294
vn 0.00000000 -0.98639393 0.16439898
vn -0.64699662 -0.53916389 0.53916389
vn -0.09759001 -0.19518001 0.97590005
vn -0.53452247 -0.26726124 -0.80178374
vn -0.44721359 0.00000000 -0.89442718
vn -0.66666669 -0.33333334 0.66666669
vn 0.15617377 0.93704259 0.31234753
vn 0.27216554 0.13608277 0.95257932
vn 0.42399916 0.84799832 0.31799936
vn 0.09950372 0.99503720 0.00000000
vn 0.00000000 1.00000000 0.00000000
vn 0.00000000 1.00000000 0.00000000
vn -0.08247861 0.90726471 -0.41239306
vn -0.45584232 0.68376344 -0.56980288
vn 0.08908708 0.44543540 -0.89087081
vn -0.31622776 0.00000000 0.94868332
vn -0.28734788 0.00000000 -0.95782626
vn 0.00000000 0.00000000 1.00000000
vn -0.08192319 0.98307830 -0.16384639
vn 0.00000000 1.00000000 0.00000000
vn 0.18257418 0.91287094 -0.36514837
vn 0.25916052 0.43193421 -0.86386842
vn 0.99503720 0.00000000 -0.09950372
vn 0.42857143 0.85714287 0.28571430
vn 0.40824831 0.40824831 0.81649661
vn 0.14744195 0.44232586 -0.88465172
vn 0.70436072 0.35218036 0.61631566
vn 0.06967330 0.20901990 0.97542620
vn -0.97014248 0.00000000 0.24253562
vn -0.28221625 -0.18814418 -0.94072086
vn -0.62017369 -0.74420840 -0.24806947
vn -0.40824831 -0.40824831 0.81649661
vn -0.91168463 -0.22792116 -0.34188172
vn -0.43643579 -0.21821789 -0.87287158
vn -0.97014248 0.00000000 -0.24253562
vn -0.27472112 0.00000000 0.96152395
vn 0.36650833 0.85518610 -0.36650833
vn 0.91234308 0.38014296 -0.15205719
vn 0.31234753 0.93704259 0.15617377
vn 0.89442718 0.44721359 0.00000000
vn 0.27216554 0.95257932 0.13608277
vn 0.78072006 0.48795003 0.39036003
vn -0.52981293 -0.52981293 -0.66226619
vn -0.27472112 0.00000000 -0.96152395
vn -0.57735026 -0.80829036 0.11547005
vn 0.35112345 0.00000000 0.93632919
vn -0.20180184 -0.26906911 -0.94174188
vn 0.70710677 0.00000000 0.70710677
vn 0.26490647 0.26490647 0.92717266
vn -0.96308684 -0.12038586 -0.24077171
vn -0.40824831 -0.40824831 -0.81649661
vn -0.57735026 -0.57735026 -0.57735026
vn -0.85714287 -0.42857143 -0.28571430
vn 0.92841417 0.29012942 0.23210354
vn 0.14002801 0.70014006 0.70014006
vn 0.08908708 0.44543540 0.89087081
vn 0.81649661 0.40824831 0.40824831
vn -0.45584232 -0.56980288 -0.68376344
vn -0.26906911 -0.20180184 -0.94174188
vn -0.39056674 -0.65094453 -0.65094453
vn -0.80845207 0.16169041 0.56591648
vn -0.44543540 0.08908708 0.89087081
vn -0.31622776 0.94868332 0.00000000
vn -0.16222142 0.16222142 -0.97332853
vn 0.54944223 0.13736056 0.82416338
vn -0.27216554 0.68041384 0.68041384
vn 0.00000000 0.00000000 1.00000000
vn 0.00000000 0.00000000 -1.00000000
vn -0.94573247 -0.07881104 0.31524417
vn -0.68599433 -0.51449573 0.51449573
vn -0.97014248 0.24253562 0.00000000
vn 0.82416338 -0.13736056 -0.54944223
vn -0.33333334 0.66666669 -0.66666669
vn -0.23570226 -0.23570226 0.94280905
vn 0.16222142 -0.16222142 -0.97332853
vn 0.00000000 -0.70710677 0.70710677
vn -0.21821789 -0.43643579 0.87287158
vn -0.81649661 0.40824831 -0.40824831
vn -0.20507579 0.20507579 -0.95702028
vn -0.89442718 0.44721359 0.00000000
vn -0.95782626 0.28734788 0.00000000
vn -0.93200469 0.36244625 0.00000000
vn -0.99503720 0.09950372 0.00000000
vn -1.00000000 0.00000000 0.00000000
vn -0.30151135 -0.90453404 -0.30151135
vn -0.98994946 0.14142136 0.00000000
vn -0.57735026 0.57735026 -0.57735026
vn -0.97780240 0.00000000 -0.20952909
vn -0.33333334 -0.66666669 0.66666669
vn -0.16539535 -0.44105428 0.88210857
vn -0.43643579 0.87287158 -0.21821789
vn -0.46625242 0.83925432 -0.27975145
vn -0.70014006 0.70014006 0.14002801
vn -0.40824831 0.40824831 -0.81649661
vn -0.43921906 0.18823674 0.87843812
vn -0.76200074 0.63500065 -0.12700012
vn -0.86386842 0.25916052 -0.43193421
vn -0.44543540 -0.08908708 -0.89087081
vn -1.00000000 0.00000000 0.00000000
vn -1.00000000 0.00000000 0.00000000
vn -0.97780240 -0.20952909 0.00000000
vn -0.96225047 -0.19245009 -0.19245009
vn -0.80000001 -0.60000002 0.00000000
vn -0.57735026 -0.57735026 0.57735026
vn -0.48189989 -0.61958557 0.61958557
vn 0.27407548 -0.06851887 0.95926422
vn -0.57735026 0.57735026 -0.57735026
vn -0.20507579 0.20507579 -0.95702028
vn -0.89943802 0.37476584 -0.22485951
vn -0.87038827 -0.34815532 -0.34815532
vn -0.99227786 -0.12403473 0.00000000
vn -0.95447999 -0.29827499 0.00000000
vn -0.84799832 -0.31799936 -0.42399916
vn -0.95782626 0.00000000 0.28734788
vn -0.64956981 0.71452677 0.25982791
vn 0.00000000 0.70710677 0.70710677
vn 0.08908708 0.44543540 0.89087081
vn -0.57735026 0.57735026 -0.57735026
vn -0.43643579 -0.21821789 -0.87287158
vn -0.26906911 0.20180184 -0.94174188
vn -0.70710677 -0.70710677 0.00000000
vn -0.52981293 0.52981293 0.66226619
vn 0.11111111 0.44444445 0.88888890
vn 0.00000000 0.70710677 0.70710677
vn 0.31234753 0.15617377 -0.93704259
vn -0.62469506 0.46852130 0.62469506
vn -0.40824831 0.40824831 0.81649661
vn -0.42640144 0.63960212 0.63960212
vn 0.22941573 0.68824720 -0.68824720
vn 0.00000000 0.31622776 -0.94868332
vn -0.99503720 0.00000000 0.09950372
vn -0.94573247 0.07881104 0.31524417
vn -0.92057461 0.27617240 0.27617240
vn -0.42857143 0.28571430 0.85714287
vn -0.63636363 0.54545456 0.54545456
vn -0.59628481 0.29814240 -0.74535596
vn 0.07053456 0.14106913 -0.98748386
vn -0.92307693 0.30769232 0.23076923
vn -0.98058069 0.19611613 0.00000000
vn -0.97014248 0.00000000 -0.24253562
vn -0.96152395 0.00000000 0.27472112
vn -0.99227786 0.12403473 0.00000000
vn -0.93704259 0.31234753 0.15617377
vn -0.43643579 0.21821789 0.87287158
vn -0.08192319 0.98307830 -0.16384639
vn -0.12403473 0.99227786 0.00000000
vn -0.46569031 0.85376561 -0.23284516
vn -0.68376344 0.56980288 -0.45584232
vn -0.40824831 0.40824831 -0.81649661
vn -0.94868332 0.31622776 0.00000000
vn -0.98287219 0.18428853 0.00000000
vn -0.92847669 0.37139067 0.00000000
vn -0.86386842 0.43193421 0.25916052
vn -0.40824831 0.40824831 0.81649661
vn -0.39056674 0.65094453 0.65094453
vn -0.25445667 0.93300784 -0.25445667
vn -0.24253562 0.97014248 0.00000000
vn -0.24253562 0.97014248 0.00000000
vn -0.24253562 0.97014248 0.00000000
vn -0.21821789 0.87287158 0.43643579
vn -0.97014248 0.00000000 0.24253562
vn -0.44232586 -0.14744195 -0.88465172
vn -0.57735026 -0.80829036 -0.11547005
vn -0.40824831 -0.40824831 0.81649661
vn -0.92998111 -0.11624764 -0.34874290
vn -0.44721359 0.00000000 -0.89442718
vn -0.53452247 -0.80178374 0.26726124
vn -0.98639393 -0.16439898 0.00000000
vn -0.38851434 -0.87415725 0.29138577
vn -0.86386842 -0.43193421 0.25916052
vn -0.40824831 -0.40824831 0.81649661
vn -0.93632919 0.00000000 -0.35112345
vn -0.44721359 0.00000000 -0.89442718
vn -0.84799832 -0.31799936 -0.42399916
vn -0.26832816 -0.89442718 0.35777089
vn 0.00000000 -1.00000000 0.00000000
vn 0.00000000 -0.98639393 0.16439898
vn -0.68599433 -0.51449573 0.51449573
vn 0.09759001 -0.19518001 0.97590005
vn -0.85714287 0.28571430 -0.42857143
vn -0.43193421 0.25916052 -0.86386842
vn -0.90453404 0.30151135 -0.30151135
vn 0.43921906 0.18823674 0.87843812
vn 0.79602975 -0.09950372 0.59702229
vn -0.25445667 0.93300784 -0.25445667
vn -0.43685204 0.78633368 -0.43685204
vn -0.54944223 0.82416338 -0.13736056
vn 0.08908708 0.44543540 -0.89087081
vn -0.08908708 0.44543540 0.89087081
vn 0.19069251 0.85811633 0.47673130
vn 0.80845207 0.56591648 -0.16169041
vn 0.29827499 0.95447999 0.00000000
vn 0.96152395 0.27472112 0.00000000
vn 0.50709254 0.84515423 0.16903085
vn 0.95782626 0.28734788 0.00000000
vn 0.98994946 0.14142136 0.00000000
vn 0.97014248 0.00000000 0.24253562
vn 0.00000000 1.00000000 0.00000000
vn 0.95346260 -0.09534626 -0.28603879
vn 0.97014248 -0.24253562 0.00000000
vn 0.90453404 -0.30151135 -0.30151135
vn 0.44543540 -0.08908708 -0.89087081
vn 0.38851434 -0.87415725 -0.29138577
vn 0.24253562 -0.97014248 0.00000000
vn 0.24253562 -0.97014248 0.00000000
vn 0.34815532 -0.87038827 0.34815532
vn 0.63960212 -0.42640144 0.63960212
vn 0.44543540 0.08908708 0.89087081
vn 0.91287094 0.36514837 -0.18257418
vn 1.00000000 0.00000000 0.00000000
vn 0.99654573 0.08304548 0.00000000
vn 0.54882127 0.76834983 -0.32929277
vn 0.98639393 0.16439898 0.00000000
vn 0.89442718 0.44721359 0.00000000
vn 0.44721359 0.89442718 0.00000000
vn 0.89442718 0.44721359 0.00000000
vn 0.44721359 0.89442718 0.00000000
vn 0.95447999 0.29827499 0.00000000
vn 0.50709254 0.84515423 0.16903085
vn 0.88465172 0.14744195 0.44232586
vn 0.80812204 0.50507629 -0.30304575
vn 0.97014248 0.24253562 0.00000000
vn 0.78072006 0.48795003 0.39036003
vn 0.76200074 0.63500065 0.12700012
vn 0.51214755 0.76822126 -0.38411063
vn 0.92450035 -0.09245003 -0.36980012
vn 0.89442718 -0.44721359 0.00000000
vn 0.94280905 -0.23570226 0.23570226
vn 0.95782626 0.00000000 -0.28734788
vn 0.79555726 -0.55689007 -0.23866719
vn 0.40824831 -0.40824831 -0.81649661
vn 0.76200074 -0.63500065 0.12700012
vn 0.40824831 -0.40824831 0.81649661
vn 0.51449573 -0.51449573 0.68599433
vn 0.99503720 0.00000000 -0.09950372
vn 0.60920769 -0.50767308 -0.60920769
vn 0.40824831 -0.40824831 -0.81649661
vn 0.57735026 -0.57735026 -0.57735026
vn 0.68599433 -0.51449573 0.51449573
vn 0.60920769 -0.50767308 0.60920769
vn 0.40824831 -0.40824831 0.81649661
vn 0.94280905 -0.23570226 -0.23570226
vn 0.89442718 -0.44721359 0.00000000
vn 0.97014248 0.00000000 0.24253562
vn 0.15617377 -0.31234753 -0.93704259
vn 0.49236596 -0.61545748 -0.61545748
vn 0.68599433 -0.51449573 0.51449573
vn 0.60920769 -0.50767308 0.60920769
vn 0.40824831 -0.40824831 0.81649661
vn 0.62469506 -0.46852130 -0.62469506
vn 0.40824831 -0.40824831 -0.81649661
vn 0.57436651 -0.78975397 -0.21538745
vn 0.61885273 -0.72199488 0.30942637
vn 0.40824831 -0.40824831 0.81649661
vn 0.63960212 -0.63960212 0.42640144
vn 0.96152395 -0.27472112 0.00000000
vn 0.88045090 -0.44022545 -0.17609018
vn 0.44360697 -0.12674485 -0.88721395
vn 0.68599433 -0.51449573 0.51449573
vn 0.60920769 -0.50767308 0.60920769
vn 0.40824831 -0.40824831 0.81649661
vn 0.69631064 0.17407766 -0.69631064
vn 0.44721359 0.00000000 -0.89442718
vn 0.63636363 -0.54545456 -0.54545456
vn 0.50709254 -0.84515423 0.16903085
vn 0.27472112 -0.96152395 0.00000000
vn 0.31799936 -0.84799832 -0.42399916
vn 0.68599433 -0.51449573 0.51449573
vn 0.60920769 -0.50767308 0.60920769
vn 0.40824831 -0.40824831 0.81649661
vn 0.76200074 0.12700012 -0.63500065
vn 0.36563620 0.65814519 -0.65814519
vn -0.16222142 0.16222142 -0.97332853
vn 0.52615219 -0.60131681 0.60131681
vn 0.60920769 -0.50767308 0.60920769
vn 0.40824831 -0.40824831 0.81649661
vn -0.26425821 -0.15855493 -0.95132959
vn -0.71713716 0.35856858 -0.59761429
vn -0.14002801 -0.70014006 -0.70014006
vn 0.52615219 -0.60131681 0.60131681
vn 0.60920769 -0.50767308 0.60920769
vn 0.40824831 -0.40824831 0.81649661
vn -0.63636363 0.54545456 -0.54545456
vn -0.59628481 0.29814240 -0.74535596
vn -0.26919094 0.43070552 -0.86141104
vn 0.57735026 -0.57735026 0.57735026
vn 0.52981293 -0.52981293 0.66226619
vn 0.14744195 -0.44232586 0.88465172
vn 0.66666669 -0.33333334 -0.66666669
vn -0.50767308 0.60920769 -0.60920769
vn 0.00000000 0.00000000 -1.00000000
vn 0.31234753 -0.93704259 0.15617377
vn 0.00000000 -0.91914505 0.39391929
vn 0.00000000 -0.44721359 0.89442718
vn -0.60131681 -0.60131681 -0.52615219
vn -0.40824831 -0.40824831 -0.81649661
vn -0.26832816 -0.89442718 -0.35777089
vn -0.38461539 -0.92307693 0.00000000
vn 0.00000000 -0.98058069 -0.19611613
vn 0.00000000 -0.70710677 0.70710677
vn 0.00000000 -0.44721359 0.89442718
vn -0.95770425 -0.15961738 -0.23942606
vn -0.25916052 -0.43193421 -0.86386842
vn -0.10482848 -0.94345635 -0.31448546
vn -0.28734788 -0.95782626 0.00000000
vn -0.97014248 -0.24253562 0.00000000
vn -0.44721359 -0.89442718 0.00000000
vn -0.95782626 -0.28734788 0.00000000
vn -0.44022545 -0.88045090 -0.17609018
vn -0.70436072 -0.61631566 -0.35218036
vn 0.29002094 -0.67671555 0.67671555
vn 0.45584232 -0.68376344 0.56980288
vn 0.14744195 -0.44232586 0.88465172
vn -0.98639393 0.00000000 -0.16439898
vn -0.28221625 -0.18814418 -0.94072086
vn -0.11704115 -0.70224690 -0.70224690
vn -0.99503720 -0.09950372 0.00000000
vn -1.00000000 0.00000000 0.00000000
vn -0.84799832 -0.31799936 -0.42399916
vn 0.89442718 -0.44721359 0.00000000
vn 0.42857143 0.85714287 0.28571430
vn 0.44543540 -0.08908708 0.89087081
vn 0.19518001 0.09759001 -0.97590005
vn 0.44022545 -0.88045090 0.17609018
vn 0.08247861 -0.90726471 0.41239306
vn 0.60131681 -0.60131681 0.52615219
vn 0.17609018 -0.44022545 0.88045090
vn -0.88345224 0.33129457 -0.33129457
vn -0.13608277 0.27216554 -0.95257932
vn -1.00000000 0.00000000 0.00000000
vn -1.00000000 0.00000000 0.00000000
vn -0.93632919 0.00000000 -0.35112345
vn 0.31622776 -0.94868332 0.00000000
vn 0.59628481 0.29814240 0.74535596
vn 0.00000000 0.98639393 0.16439898
vn 0.00000000 0.00000000 1.00000000
vn 0.00000000 1.00000000 0.00000000
vn 0.00000000 1.00000000 0.00000000
vn 0.00000000 1.00000000 0.00000000
vn 0.00000000 1.00000000 0.00000000
vn 0.08304548 0.99654573 0.00000000
vn 0.64699662 0.53916389 -0.53916389
vn 0.17277369 0.95025527 -0.25916052
vn 0.40824831 0.40824831 -0.81649661
vn -0.23570226 -0.94280905 0.23570226
vn 0.09759001 -0.97590005 0.19518001
vn -0.79602975 -0.09950372 0.59702229
vn -0.18814418 -0.28221625 0.94072086
vn -0.57735026 0.57735026 -0.57735026
vn -0.77849895 0.54494923 -0.31139958
vn -0.40824831 0.40824831 -0.81649661
vn -0.96152395 -0.27472112 0.00000000
vn -0.93632919 0.00000000 -0.35112345
vn 0.14002801 -0.70014006 0.70014006
vn 0.00000000 -0.44721359 0.89442718
vn 0.21821789 0.87287158 -0.43643579
vn 0.33633640 0.94174188 0.00000000
vn 0.80845207 0.56591648 -0.16169041
vn 0.08304548 0.99654573 0.00000000
vn 0.61885273 0.72199488 0.30942637
vn 0.36244625 0.93200469 0.00000000
vn 0.08543576 0.85435766 -0.51261461
vn 0.00000000 0.44721359 -0.89442718
vn -0.71713716 0.35856858 0.59761429
vn 0.00000000 0.16439898 0.98639393
vn -0.46852130 0.62469506 -0.62469506
vn -0.17896500 0.23862000 -0.95447999
vn -0.70710677 -0.70710677 0.00000000
vn 0.00000000 -0.70710677 0.70710677
vn -0.74278134 0.37139067 0.55708599
vn -0.16439898 0.00000000 0.98639393
vn 0.00000000 0.91914505 -0.39391929
vn 0.08192319 0.98307830 0.16384639
vn -0.15617377 -0.31234753 -0.93704259
vn 0.69631064 -0.17407766 0.69631064
vn -0.16222142 0.97332853 0.16222142
vn 0.00000000 0.00000000 1.00000000
vn -0.25400025 0.88900089 0.38100037
vn -0.70436072 -0.35218036 -0.61631566
vn -0.21821789 -0.43643579 -0.87287158
vn -0.39056674 -0.65094453 -0.65094453
vn 0.14002801 -0.70014006 0.70014006
vn 0.00000000 -0.33633640 0.94174188
vn -0.45584232 -0.56980288 -0.68376344
vn -0.31234753 -0.15617377 -0.93704259
vn 0.00000000 -0.70710677 -0.70710677
vn -0.81923193 0.00000000 0.57346237
vn -0.44721359 0.00000000 0.89442718
vn 0.27472112 0.00000000 -0.96152395
vn -0.89442718 -0.44721359 0.00000000
vn -0.93704259 -0.31234753 0.15617377
vn -0.92450035 0.09245003 0.36980012
vn -0.44232586 -0.14744195 0.88465172
vn 0.24253562 0.00000000 -0.97014248
vn -0.80000001 -0.60000002 0.00000000
vn -0.79555726 -0.55689007 0.23866719
vn -0.53452247 -0.80178374 0.26726124
vn -0.98994946 -0.14142136 0.00000000
vn -0.23570226 -0.94280905 0.23570226
vn -0.92998111 -0.11624764 0.34874290
vn -0.18814418 -0.28221625 0.94072086
vn 0.28221625 0.18814418 -0.94072086
vn -0.85714287 -0.28571430 0.42857143
vn -0.93704259 0.31234753 0.15617377
vn -0.20507579 0.20507579 0.95702028
vn 0.00000000 0.70710677 -0.70710677
vn -0.45584232 0.68376344 -0.56980288
vn 0.08908708 0.44543540 -0.89087081
vn -0.87287158 -0.43643579 0.21821789
vn 0.08908708 0.44543540 0.89087081
vn 0.65538555 0.49153915 0.57346237
vn -0.43643579 0.87287158 0.21821789
vn -0.17277369 0.95025527 0.25916052
vn -0.19245009 0.96225047 -0.19245009
vn 0.47639307 0.77413875 -0.41684392
vn -0.57735026 0.57735026 -0.57735026
vn 0.16539535 0.44105428 -0.88210857
vn 0.60131681 0.52615219 0.60131681
vn -0.27216554 0.68041384 0.68041384
vn 0.08908708 0.44543540 0.89087081
vn 0.52615219 0.60131681 -0.60131681
vn 0.21821789 0.43643579 -0.87287158
vn 0.61885273 0.30942637 0.72199488
vn -0.14002801 0.70014006 0.70014006
vn 0.24253562 0.00000000 0.97014248
vn 0.27216554 0.68041384 -0.68041384
vn 0.71713716 0.35856858 -0.59761429
vn 0.20180184 0.26906911 -0.94174188
vn -0.94573247 -0.07881104 0.31524417
vn 0.15617377 -0.93704259 0.31234753
vn -0.35093120 -0.91242111 0.21055873
vn -0.97014248 0.00000000 0.24253562
vn 0.20180184 -0.26906911 0.94174188
vn 0.26906911 0.20180184 -0.94174188
vn -0.97014248 0.00000000 0.24253562
vn -0.99227786 0.12403473 0.00000000
vn -0.93704259 0.31234753 0.15617377
vn -0.09759001 0.19518001 0.97590005
vn 0.27216554 0.68041384 -0.68041384
vn 0.71713716 0.35856858 -0.59761429
vn 0.12674485 0.44360697 -0.88721395
vn -0.90453404 0.30151135 0.30151135
vn -0.86386842 0.43193421 0.25916052
vn -0.25916052 0.43193421 0.86386842
vn 0.11704115 0.70224690 0.70224690
vn -0.07832605 0.70493442 -0.70493442
vn -0.45584232 0.68376344 -0.56980288
vn 0.08908708 0.44543540 -0.89087081
vn -0.68376344 0.45584232 0.56980288
vn -0.40824831 0.40824831 0.81649661
vn -0.41015157 0.88866168 0.20507579
vn -0.36650833 0.85518610 0.36650833
vn -0.08192319 0.98307830 -0.16384639
vn 0.00000000 1.00000000 0.00000000
vn 0.00000000 1.00000000 0.00000000
vn 0.00000000 1.00000000 0.00000000
vn 0.00000000 1.00000000 0.00000000
vn 0.00000000 1.00000000 0.00000000
vn -0.26832816 0.89442718 0.35777089
vn -0.52981293 -0.52981293 -0.66226619
vn -0.44232586 -0.14744195 -0.88465172
vn -0.23076923 -0.92307693 -0.30769232
vn -0.12403473 -0.99227786 0.00000000
vn 0.00000000 -0.98639393 0.16439898
vn -0.64699662 -0.53916389 0.53916389
vn 0.08908708 -0.44543540 0.89087081
vn -0.55470020 0.00000000 -0.83205032
vn -0.44721359 0.00000000 -0.89442718
vn 0.00000000 -0.87415725 0.48564294
vn 0.00000000 -0.98639393 0.16439898
vn -0.64699662 -0.53916389 0.53916389
vn 0.08908708 -0.44543540 0.89087081
vn -0.55470020 0.00000000 -0.83205032
vn -0.44721359 0.00000000 -0.89442718
vn 0.33333334 -0.66666669 0.66666669
vn 0.63960212 -0.42640144 0.63960212
vn 0.44543540 0.08908708 0.89087081
vn -0.53452247 0.26726124 -0.80178374
vn -0.43193421 0.25916052 -0.86386842
vn 0.95770425 0.23942606 0.15961738
vn 0.64699662 0.53916389 0.53916389
vn 0.40824831 0.40824831 0.81649661
vn 0.81649661 0.40824831 0.40824831
vn -0.28718325 0.93334562 -0.21538745
vn 0.00000000 1.00000000 0.00000000
vn 0.33633640 0.94174188 0.00000000
vn 0.44444445 0.88888890 0.11111111
vn 0.18428853 0.98287219 0.00000000
vn 0.38851434 0.87415725 0.29138577
vn 0.94280905 0.23570226 -0.23570226
vn 1.00000000 0.00000000 0.00000000
vn 1.00000000 0.00000000 0.00000000
vn 0.97014248 0.00000000 0.24253562
vn 0.99503720 0.00000000 -0.09950372
vn 0.96152395 0.00000000 -0.27472112
vn 0.98058069 -0.19611613 0.00000000
vn 0.97014248 0.00000000 0.24253562
vn 0.97014248 0.00000000 -0.24253562
vn 0.99503720 -0.09950372 0.00000000
vn 1.00000000 0.00000000 0.00000000
vn 0.99654573 -0.08304548 0.00000000
vn 0.97014248 0.00000000 0.24253562
vn 0.94573247 -0.07881104 -0.31524417
vn 0.94072086 -0.18814418 0.28221625
vn 0.88345224 -0.33129457 -0.33129457
vn 0.97014248 -0.24253562 0.00000000
vn 0.97014248 -0.24253562 0.00000000
vn 0.97014248 -0.24253562 0.00000000
vn 0.94174188 -0.33633640 0.00000000
vn 0.97014248 0.00000000 0.24253562
vn 0.97014248 0.00000000 -0.24253562
vn 0.91914505 -0.39391929 0.00000000
vn 0.94868332 -0.31622776 0.00000000
vn 0.96152395 -0.27472112 0.00000000
vn 0.80845207 -0.56591648 -0.16169041
vn 0.40824831 -0.40824831 -0.81649661
vn 0.38851434 -0.87415725 -0.29138577
vn 0.44721359 -0.89442718 0.00000000
vn 0.44721359 -0.89442718 0.00000000
vn 0.44721359 -0.89442718 0.00000000
vn 0.44721359 -0.89442718 0.00000000
vn 0.61885273 -0.72199488 0.30942637
vn 0.40824831 -0.40824831 0.81649661
vn 0.63960212 -0.63960212 0.42640144
vn 0.94174188 -0.26906911 0.20180184
vn -0.25854385 -0.25854385 -0.93075782
vn -0.45584232 -0.56980288 -0.68376344
vn 0.23942606 -0.95770425 -0.15961738
vn 0.16439898 -0.98639393 0.00000000
vn 0.57735026 -0.57735026 -0.57735026
vn 0.24253562 -0.97014248 0.00000000
vn 0.24253562 -0.97014248 0.00000000
vn 0.21821789 -0.87287158 -0.43643579
vn 0.36760733 -0.88225752 0.29408586
vn 0.66666669 -0.66666669 0.33333334
vn 0.60920769 -0.50767308 0.60920769
vn 0.40824831 -0.40824831 0.81649661
vn -0.32969025 0.19781414 -0.92313266
vn 0.52615219 -0.60131681 0.60131681
vn 0.52981293 -0.52981293 0.66226619
vn 0.40824831 -0.40824831 0.81649661
vn -0.11704115 0.70224690 -0.70224690
vn -0.16222142 -0.16222142 -0.97332853
vn 0.28718325 -0.93334562 0.21538745
vn 0.00000000 -0.91914505 0.39391929
vn 0.00000000 -0.44721359 0.89442718
vn -0.98639393 0.00000000 -0.16439898
vn -0.25916052 -0.43193421 -0.86386842
vn -0.50767308 -0.60920769 -0.60920769
vn -0.85714287 -0.42857143 -0.28571430
vn 0.00000000 -0.94868332 0.31622776
vn 0.00000000 -0.94868332 0.31622776
vn 0.00000000 -0.44721359 0.89442718
vn -0.88045090 -0.44022545 -0.17609018
vn -0.21821789 -0.43643579 -0.87287158
vn -0.25445667 -0.93300784 -0.25445667
vn -0.07124705 -0.99745870 0.00000000
vn -0.61885273 -0.72199488 -0.30942637
vn -0.11111111 -0.88888890 -0.44444445
vn 0.00000000 -0.70710677 0.70710677
vn 0.00000000 -0.44721359 0.89442718
vn -0.18823674 -0.43921906 -0.87843812
vn -0.42857143 -0.85714287 -0.28571430
vn -0.25445667 -0.93300784 -0.25445667
vn 0.00000000 -0.70710677 0.70710677
vn 0.00000000 -0.44721359 0.89442718
vn -0.26171196 -0.20936957 -0.94216305
vn -0.46852130 -0.62469506 -0.62469506
vn 0.59628481 0.29814240 0.74535596
vn -0.19245009 0.96225047 0.19245009
vn 0.00000000 0.00000000 1.00000000
vn 0.00000000 0.91914505 -0.39391929
vn -0.19518001 -0.09759001 -0.97590005
vn 0.08804509 -0.70436072 0.70436072
vn 0.00000000 -0.93632919 0.35112345
vn -0.09534626 -0.28603879 0.95346260
vn 0.21821789 -0.87287158 -0.43643579
vn 0.00000000 -0.28734788 -0.95782626
vn -0.78446454 -0.19611613 0.58834839
vn 0.00000000 -0.24253562 0.97014248
vn 0.00000000 0.00000000 -1.00000000
vn 0.19245009 -0.96225047 0.19245009
vn -0.34188172 -0.91168463 -0.22792116
vn -0.76200074 -0.12700012 0.63500065
vn -0.43643579 0.21821789 0.87287158
vn -0.17277369 0.95025527 0.25916052
vn -0.08304548 0.99654573 0.00000000
vn 0.00000000 1.00000000 0.00000000
vn 0.00000000 1.00000000 0.00000000
vn 0.00000000 1.00000000 0.00000000
vn 0.08304548 0.99654573 0.00000000
vn 0.80845207 0.56591648 -0.16169041
vn 0.07124705 0.99745870 0.00000000
vn 0.84799832 0.42399916 -0.31799936
vn 0.38851434 0.87415725 -0.29138577
vn 0.40824831 0.40824831 -0.81649661
vn 0.93704259 0.31234753 -0.15617377
vn 0.72760689 0.48507124 0.48507124
vn 0.40824831 0.40824831 0.81649661
vn 1.00000000 0.00000000 0.00000000
vn 0.43643579 0.21821789 -0.87287158
vn 0.73960024 -0.64715022 0.18490006
vn 1.00000000 0.00000000 0.00000000
vn 0.21693046 0.00000000 0.97618705
vn 0.00000000 0.00000000 -1.00000000
vn 0.00000000 -0.70710677 0.70710677
vn 0.00000000 0.07124705 0.99745870
vn -0.70710677 0.00000000 -0.70710677
vn -0.27472112 0.00000000 -0.96152395
vn -0.28221625 -0.18814418 0.94072086
vn 0.27216554 0.95257932 -0.13608277
vn 0.66226619 0.52981293 -0.52981293
vn 0.57735026 0.57735026 -0.57735026
vn 1.00000000 0.00000000 0.00000000
vn 0.27216554 0.13608277 -0.95257932
vn 0.43193421 0.25916052 0.86386842
vn 0.61721343 0.15430336 0.77151674
vn 0.57735026 0.57735026 0.57735026
vn -0.84799832 0.42399916 -0.31799936
vn -0.44022545 0.17609018 -0.88045090
vn -0.98058069 0.00000000 -0.19611613
vn -0.22941573 -0.68824720 0.68824720
vn 0.00000000 -0.31622776 0.94868332
vn 0.31622776 0.94868332 0.00000000
vn -0.45083481 0.63116872 -0.63116872
vn -0.49236596 0.12309149 -0.86164045
vn -0.44444445 0.11111111 -0.88888890
vn -0.94072086 -0.28221625 0.18814418
vn -0.87287158 0.43643579 0.21821789
vn -0.23862000 0.17896500 0.95447999
vn 0.00000000 -0.31622776 -0.94868332
vn -0.37463433 0.65561008 0.65561008
vn -0.19518001 -0.09759001 0.97590005
vn 0.16439898 0.00000000 -0.98639393
vn 0.00000000 -0.70710677 -0.70710677
vn -0.27216554 -0.68041384 0.68041384
vn -0.80000001 0.00000000 0.60000002
vn -0.15617377 -0.31234753 0.93704259
vn 0.27216554 0.68041384 -0.68041384
vn 0.80000001 0.00000000 -0.60000002
vn 0.15617377 0.31234753 -0.93704259
vn -0.71713716 -0.35856858 0.59761429
vn -0.20507579 -0.20507579 0.95702028
vn 0.81923193 0.00000000 -0.57346237
vn 0.20507579 0.20507579 -0.95702028
vn 0.00000000 -0.70710677 0.70710677
vn 0.00000000 -0.24253562 0.97014248
vn 0.88045090 0.44022545 -0.17609018
vn 0.25400025 0.88900089 -0.38100037
vn 0.98994946 0.14142136 0.00000000
vn 0.92998111 0.11624764 -0.34874290
vn 0.19245009 0.96225047 -0.19245009
vn 0.00000000 0.24253562 -0.97014248
vn 0.00000000 0.00000000 1.00000000
vn 0.80812204 0.50507629 -0.30304575
vn 0.94280905 0.23570226 -0.23570226
vn 0.44105428 0.16539535 -0.88210857
vn -0.92450035 0.09245003 0.36980012
vn -0.88465172 0.44232586 0.14744195
vn -0.23862000 0.17896500 0.95447999
vn 0.62469506 0.46852130 -0.62469506
vn 0.33333334 0.66666669 -0.66666669
vn 0.40824831 0.40824831 -0.81649661
vn -0.96152395 0.00000000 0.27472112
vn -0.84799832 0.31799936 0.42399916
vn -0.43643579 0.21821789 0.87287158
vn -0.39056674 0.65094453 0.65094453
vn 0.68376344 0.45584232 -0.56980288
vn 0.33333334 0.66666669 -0.66666669
vn 0.43643579 0.21821789 -0.87287158
vn 0.93704259 0.15617377 0.31234753
vn -0.19245009 0.96225047 0.19245009
vn 0.28221625 0.18814418 0.94072086
vn -0.99227786 0.12403473 0.00000000
vn 0.00000000 0.44721359 -0.89442718
vn -0.99227786 0.12403473 0.00000000
vn -0.93704259 0.31234753 0.15617377
vn -0.23570226 0.23570226 0.94280905
vn 0.23570226 0.23570226 -0.94280905
vn 0.88345224 -0.33129457 0.33129457
vn 0.43643579 -0.21821789 0.87287158
vn -0.17277369 0.95025527 -0.25916052
vn 1.00000000 0.00000000 0.00000000
vn 0.91168463 0.22792116 0.34188172
vn -0.37139067 0.92847669 0.00000000
vn -0.17277369 0.95025527 0.25916052
vn 0.27216554 0.68041384 -0.68041384
vn 0.71713716 0.35856858 -0.59761429
vn 0.20180184 0.26906911 -0.94174188
vn 0.64699662 -0.53916389 0.53916389
vn 0.40824831 -0.40824831 0.81649661
vn 0.77849895 -0.54494923 0.31139958
vn 0.91168463 0.22792116 0.34188172
vn 0.31234753 0.15617377 -0.93704259
vn 0.46852130 -0.62469506 0.62469506
vn 0.14106913 -0.07053456 0.98748386
vn 0.38851434 0.87415725 -0.29138577
vn 0.64699662 0.53916389 -0.53916389
vn 0.17277369 0.95025527 -0.25916052
vn 0.40824831 0.40824831 -0.81649661
vn -0.64699662 0.53916389 0.53916389
vn -0.08908708 0.44543540 0.89087081
vn 0.33333334 0.66666669 0.66666669
vn 0.21821789 0.87287158 -0.43643579
vn 0.24253562 0.97014248 0.00000000
vn 0.24253562 0.97014248 0.00000000
vn 0.24253562 0.97014248 0.00000000
vn 0.24253562 0.97014248 0.00000000
vn 0.24253562 0.97014248 0.00000000
vn 0.00000000 0.98058069 0.19611613
vn -0.96225047 -0.19245009 -0.19245009
vn 0.00000000 -0.16439898 -0.98639393
vn 0.12038586 -0.96308684 -0.24077171
vn 0.07124705 -0.99745870 0.00000000
vn -0.71713716 -0.59761429 -0.35856858
vn 0.19611613 -0.98058069 0.00000000
vn 0.34815532 -0.87038827 0.34815532
vn 0.45584232 -0.68376344 0.56980288
vn 0.40824831 -0.40824831 0.81649661
vn -0.88345224 0.33129457 -0.33129457
vn -0.15617377 0.31234753 -0.93704259
vn -0.93632919 0.00000000 -0.35112345
vn 0.49872935 -0.85496461 0.14249410
vn 0.40824831 -0.81649661 0.40824831
vn 0.63960212 -0.42640144 0.63960212
vn 0.44232586 -0.14744195 0.88465172
vn -0.57735026 0.57735026 -0.57735026
vn -0.46499056 0.34874290 -0.81373346
vn -0.44022545 0.17609018 -0.88045090
vn 0.88888890 -0.11111111 0.44444445
vn 0.43193421 0.25916052 0.86386842
vn 0.95770425 0.23942606 0.15961738
vn -0.53452247 0.26726124 -0.80178374
vn 0.16222142 0.16222142 -0.97332853
vn 0.88045090 0.44022545 0.17609018
vn 0.61885273 0.72199488 0.30942637
vn 0.40824831 0.40824831 0.81649661
vn 0.96152395 0.27472112 0.00000000
vn 0.50709254 0.84515423 0.16903085
vn 0.63960212 0.63960212 0.42640144
vn -0.19245009 0.96225047 -0.19245009
vn 0.28734788 0.95782626 0.00000000
vn 0.25445667 0.93300784 0.25445667
vn 0.84799832 -0.42399916 -0.31799936
vn 0.89442718 -0.44721359 0.00000000
vn 0.89442718 -0.44721359 0.00000000
vn 0.89442718 -0.44721359 0.00000000
vn 0.89442718 -0.44721359 0.00000000
vn 0.87287158 -0.43643579 0.21821789
vn 0.68599433 -0.51449573 -0.51449573
vn 0.40824831 -0.40824831 -0.81649661
vn 0.38851434 -0.87415725 -0.29138577
vn 0.24253562 -0.97014248 0.00000000
vn 0.24253562 -0.97014248 0.00000000
vn 0.24253562 -0.97014248 0.00000000
vn 0.44721359 -0.89442718 0.00000000
vn 0.44721359 -0.89442718 0.00000000
vn 0.44721359 -0.89442718 0.00000000
vn 0.44721359 -0.89442718 0.00000000
vn 0.44721359 -0.89442718 0.00000000
vn 0.66666669 -0.66666669 0.33333334
vn 0.71713716 -0.59761429 0.35856858
vn 0.40824831 -0.40824831 0.81649661
vn 0.87287158 -0.43643579 0.21821789
vn -0.76200074 -0.12700012 -0.63500065
vn -0.28221625 -0.18814418 -0.94072086
vn 0.00000000 -0.97439122 -0.22485951
vn 0.11111111 -0.88888890 -0.44444445
vn 0.38851434 -0.87415725 0.29138577
vn 0.54494923 -0.77849895 0.31139958
vn 0.52981293 -0.52981293 0.66226619
vn 0.40824831 -0.40824831 0.81649661
vn -0.86386842 0.43193421 -0.25916052
vn -0.43643579 0.21821789 -0.87287158
vn -0.96225047 -0.19245009 -0.19245009
vn 0.28718325 -0.93334562 0.21538745
vn 0.12403473 -0.99227786 0.00000000
vn 0.00000000 -0.96476382 0.26311740
vn 0.25916052 -0.43193421 0.86386842
vn -0.46852130 0.62469506 -0.62469506
vn -0.14106913 0.07053456 -0.98748386
vn 0.00000000 -0.92847669 0.37139067
vn 0.00000000 -0.94868332 0.31622776
vn 0.00000000 -0.44721359 0.89442718
vn -0.86657822 -0.43328911 -0.24759379
vn -0.08908708 -0.44543540 -0.89087081
vn -0.09759001 -0.97590005 -0.19518001
vn 0.07432941 -0.89195299 0.44597650
vn -0.70710677 -0.70710677 0.00000000
vn -0.25916052 -0.43193421 0.86386842
vn 0.00000000 -0.94868332 -0.31622776
vn 0.00000000 -0.44721359 -0.89442718
vn -0.13018891 -0.91132236 -0.39056674
vn -0.28221625 -0.94072086 -0.18814418
vn 0.00000000 -0.70710677 0.70710677
vn 0.00000000 -0.44721359 0.89442718
vn -0.60131681 -0.52615219 -0.60131681
vn -0.21821789 -0.43643579 -0.87287158
vn 0.00000000 -0.70710677 -0.70710677
vn 0.00000000 -1.00000000 0.00000000
vn -0.19802950 -0.69310325 0.69310325
vn -0.25916052 -0.43193421 0.86386842
vn -0.54944223 -0.13736056 -0.82416338
vn 0.00000000 0.00000000 -1.00000000
vn 0.00000000 -0.70710677 -0.70710677
vn -0.94280905 -0.23570226 0.23570226
vn -0.97014248 0.00000000 -0.24253562
vn -0.13018891 -0.91132236 0.39056674
vn 0.22019276 -0.93581921 0.27524093
vn -0.48507124 -0.72760689 0.48507124
vn 0.28221625 -0.18814418 0.94072086
vn 0.48507124 -0.48507124 0.72760689
vn -0.14002801 0.70014006 -0.70014006
vn 0.00000000 0.29827499 -0.95447999
vn -0.78446454 0.19611613 0.58834839
vn 0.06967330 0.20901990 0.97542620
vn 0.09667365 0.87006283 0.48336825
vn 0.27472112 0.96152395 0.00000000
vn 0.24253562 0.97014248 0.00000000
vn 0.27472112 0.96152395 0.00000000
vn 0.00000000 1.00000000 0.00000000
vn 0.29827499 0.95447999 0.00000000
vn 0.09950372 0.99503720 0.00000000
vn 0.44444445 0.88888890 0.11111111
vn 0.24253562 0.97014248 0.00000000
vn 0.24253562 0.97014248 0.00000000
vn 0.57469577 0.76626104 -0.28734788
vn 0.28734788 0.95782626 0.00000000
vn 0.18814418 0.28221625 -0.94072086
vn -0.96225047 -0.19245009 -0.19245009
vn 0.60000002 -0.80000001 0.00000000
vn 0.00000000 -0.91914505 0.39391929
vn 0.19518001 0.09759001 0.97590005
vn 0.00000000 -0.29827499 -0.95447999
vn -0.71713716 -0.35856858 0.59761429
vn -0.31622776 0.00000000 0.94868332
vn -0.20628425 0.92827910 -0.30942637
vn 0.40406102 0.90913731 -0.10101525
vn 0.43643579 0.87287158 0.21821789
vn -0.66666669 0.33333334 -0.66666669
vn 0.00000000 0.00000000 -1.00000000
vn 0.00000000 -0.70710677 -0.70710677
vn -0.27472112 0.00000000 0.96152395
vn -0.50767308 0.60920769 -0.60920769
vn -0.52981293 0.52981293 -0.66226619
vn -0.11111111 0.44444445 -0.88888890
vn -0.31622776 0.00000000 0.94868332
vn -0.39056674 0.65094453 -0.65094453
vn -0.26906911 0.20180184 -0.94174188
vn -0.71713716 -0.35856858 0.59761429
vn -0.33633640 0.00000000 0.94174188
vn 0.71713716 0.35856858 -0.59761429
vn 0.33633640 0.00000000 -0.94174188
vn 0.00000000 0.00000000 1.00000000
vn 0.00000000 0.00000000 -1.00000000
vn -0.31234753 -0.15617377 0.93704259
vn 0.00000000 0.24253562 -0.97014248
vn -0.22941573 -0.68824720 0.68824720
vn 0.00000000 -0.27472112 0.96152395
vn -0.29002094 0.67671555 -0.67671555
vn -0.60131681 0.60131681 -0.52615219
vn -0.14744195 0.44232586 -0.88465172
vn 0.00000000 0.00000000 1.00000000
vn -0.12038586 0.96308684 -0.24077171
vn 0.07124705 0.99745870 0.00000000
vn 0.85496461 0.49872935 -0.14249410
vn 0.97014248 0.24253562 0.00000000
vn 0.19611613 0.98058069 0.00000000
vn 0.92998111 0.11624764 -0.34874290
vn 0.19245009 0.96225047 -0.19245009
vn 0.00000000 0.24253562 -0.97014248
vn 0.00000000 0.00000000 1.00000000
vn 0.83045483 0.49827287 -0.24913643
vn 0.95782626 0.00000000 -0.28734788
vn 0.44721359 0.00000000 -0.89442718
vn -0.71713716 0.35856858 0.59761429
vn -0.07053456 0.14106913 0.98748386
vn 0.73960024 0.18490006 -0.64715022
vn 0.44721359 0.00000000 -0.89442718
vn 0.57735026 0.80829036 0.11547005
vn 0.00000000 0.44721359 0.89442718
vn 0.27617240 0.27617240 -0.92057461
vn 0.17407766 0.69631064 0.69631064
vn 0.23210354 0.29012942 0.92841417
vn 0.71713716 0.35856858 -0.59761429
vn 0.31622776 0.00000000 -0.94868332
vn 0.70710677 0.00000000 0.70710677
vn 0.00000000 0.70710677 0.70710677
vn 0.28221625 0.18814418 0.94072086
vn -0.81649661 0.40824831 -0.40824831
vn 0.00000000 0.16439898 -0.98639393
vn -0.89442718 0.44721359 0.00000000
vn -0.88045090 0.44022545 0.17609018
vn -0.16222142 0.16222142 0.97332853
vn 0.26906911 0.20180184 -0.94174188
vn 0.92998111 -0.11624764 0.34874290
vn 0.44721359 0.00000000 0.89442718
vn 0.96698755 0.08058230 0.24174689
vn 0.00000000 0.97014248 -0.24253562
vn 0.00000000 1.00000000 0.00000000
vn 0.12038586 0.96308684 0.24077171
vn -0.97014248 0.00000000 0.24253562
vn -0.44232586 -0.14744195 -0.88465172
vn -0.42857143 -0.85714287 -0.28571430
vn -0.12674485 -0.44360697 0.88721395
vn 0.39056674 0.65094453 -0.65094453
vn 0.71713716 0.35856858 -0.59761429
vn 0.40824831 0.40824831 -0.81649661
vn 0.92847669 0.00000000 0.37139067
vn 0.43193421 0.25916052 0.86386842
vn 0.99503720 -0.09950372 0.00000000
vn 0.95770425 0.23942606 0.15961738
vn -0.88465172 0.14744195 -0.44232586
vn -0.43193421 0.25916052 -0.86386842
vn -0.27216554 -0.68041384 0.68041384
vn -0.94072086 0.28221625 0.18814418
vn 0.09901475 0.09901475 0.99014753
vn 0.31799936 0.84799832 -0.42399916
vn 0.80845207 0.56591648 -0.16169041
vn 0.27472112 0.96152395 0.00000000
vn 0.89442718 0.44721359 0.00000000
vn 0.44721359 0.89442718 0.00000000
vn 0.89442718 0.44721359 0.00000000
vn 0.44721359 0.89442718 0.00000000
vn 0.89442718 0.44721359 0.00000000
vn 0.44721359 0.89442718 0.00000000
vn 0.96152395 0.27472112 0.00000000
vn 0.50709254 0.84515423 0.16903085
vn 0.92847669 0.37139067 0.00000000
vn 0.78072006 0.48795003 0.39036003
vn -0.49236596 0.86164045 -0.12309149
vn 0.00000000 0.94868332 0.31622776
vn 0.86386842 -0.43193421 -0.25916052
vn 0.97014248 -0.24253562 0.00000000
vn 0.97014248 -0.24253562 0.00000000
vn 0.94072086 -0.18814418 0.28221625
vn 0.15617377 -0.31234753 -0.93704259
vn 0.70014006 -0.70014006 0.14002801
vn 0.40824831 -0.40824831 0.81649661
vn 0.68376344 -0.56980288 0.45584232
vn 0.96152395 -0.27472112 0.00000000
vn 0.99654573 -0.08304548 0.00000000
vn 0.99745870 -0.07124705 0.00000000
vn 0.94280905 -0.23570226 0.23570226
vn -0.72428596 0.27160725 -0.63375020
vn 0.00000000 0.16439898 -0.98639393
vn 0.44022545 -0.88045090 0.17609018
vn 0.61885273 -0.72199488 0.30942637
vn 0.44543540 0.08908708 0.89087081
vn 0.80812204 -0.30304575 0.50507629
vn 0.96152395 0.27472112 0.00000000
vn 0.91168463 0.22792116 0.34188172
vn 0.15617377 0.93704259 -0.31234753
vn 0.27472112 0.96152395 0.00000000
vn 0.84515423 0.50709254 -0.16903085
vn 0.96152395 0.27472112 0.00000000
vn 0.50709254 0.84515423 0.16903085
vn 0.63960212 0.63960212 0.42640144
vn 0.84799832 -0.42399916 -0.31799936
vn 0.89442718 -0.44721359 0.00000000
vn 0.89442718 -0.44721359 0.00000000
vn 0.89442718 -0.44721359 0.00000000
vn 0.89442718 -0.44721359 0.00000000
vn 0.89442718 -0.44721359 0.00000000
vn 0.89442718 -0.44721359 0.00000000
vn 0.89442718 -0.44721359 0.00000000
vn 0.89442718 -0.44721359 0.00000000
vn 0.88045090 -0.44022545 0.17609018
vn 0.12674485 -0.44360697 -0.88721395
vn 0.00000000 -0.98058069 -0.19611613
vn 0.08304548 -0.99654573 0.00000000
vn 0.27472112 -0.96152395 0.00000000
vn 0.24253562 -0.97014248 0.00000000
vn 0.24253562 -0.97014248 0.00000000
vn 0.24253562 -0.97014248 0.00000000
vn 0.24253562 -0.97014248 0.00000000
vn 0.24253562 -0.97014248 0.00000000
vn 0.24253562 -0.97014248 0.00000000
vn 0.24253562 -0.97014248 0.00000000
vn 0.37139067 -0.92847669 0.00000000
vn 0.35112345 -0.93632919 0.00000000
vn 0.40824831 -0.81649661 0.40824831
vn 0.45584232 -0.68376344 0.56980288
vn 0.40824831 -0.40824831 0.81649661
vn -0.70710677 0.00000000 -0.70710677
vn -0.44232586 -0.14744195 -0.88465172
vn -0.25630730 -0.68348610 -0.68348610
vn 0.28718325 -0.93334562 0.21538745
vn 0.12403473 -0.99227786 0.00000000
vn 0.23076923 -0.92307693 0.30769232
vn 0.45584232 -0.68376344 0.56980288
vn 0.40824831 -0.40824831 0.81649661
vn -0.88225752 -0.29408586 -0.36760733
vn -0.43193421 -0.25916052 -0.86386842
vn -0.96225047 -0.19245009 -0.19245009
vn 0.28718325 -0.93334562 0.21538745
vn 0.00000000 -1.00000000 0.00000000
vn -0.18257418 -0.91287094 0.36514837
vn -0.25916052 -0.43193421 0.86386842
vn 0.64699662 -0.53916389 -0.53916389
vn 0.08908708 -0.44543540 -0.89087081
vn -0.40824831 -0.81649661 -0.40824831
vn -0.23942606 -0.95770425 -0.15961738
vn -0.48154342 -0.84270096 -0.24077171
vn -0.52615219 -0.60131681 0.60131681
vn -0.25916052 -0.43193421 0.86386842
vn 0.26490647 -0.26490647 -0.92717266
vn -0.38851434 -0.87415725 -0.29138577
vn 0.14002801 -0.98019606 -0.14002801
vn -0.36650833 -0.85518610 0.36650833
vn -0.23942606 -0.95770425 0.15961738
vn -0.68599433 -0.51449573 0.51449573
vn -0.15617377 -0.31234753 0.93704259
vn 0.71713716 0.35856858 -0.59761429
vn 0.33633640 0.00000000 -0.94174188
vn 0.88045090 0.44022545 0.17609018
vn 0.10482848 0.94345635 0.31448546
vn 0.25916052 0.43193421 0.86386842
vn 0.89442718 0.44721359 0.00000000
vn 0.24253562 0.97014248 0.00000000
vn 0.84799832 0.42399916 -0.31799936
vn 0.38851434 0.87415725 -0.29138577
vn 0.40824831 0.40824831 -0.81649661
vn 0.88465172 0.44232586 -0.14744195
vn 0.57735026 0.80829036 0.11547005
vn 0.40824831 0.40824831 0.81649661
vn 0.40824831 0.40824831 -0.81649661
vn 0.93704259 0.31234753 -0.15617377
vn 0.42857143 0.85714287 0.28571430
vn 0.40824831 0.40824831 0.81649661
vn 0.14744195 0.44232586 -0.88465172
vn 0.29361010 0.17616607 0.93955237
vn 0.74420840 0.24806947 0.62017369
vn 0.00000000 0.00000000 -1.00000000
vn 0.59628481 0.29814240 0.74535596
vn 0.00000000 0.98639393 0.16439898
vn 0.00000000 0.00000000 1.00000000
vn 0.00000000 0.89442718 0.44721359
vn 0.27216554 0.95257932 -0.13608277
vn 0.27216554 0.95257932 -0.13608277
vn 0.00000000 1.00000000 0.00000000
vn 0.71554178 0.53665632 -0.44721359
vn 0.97014248 0.00000000 0.24253562
vn 0.00000000 0.00000000 -1.00000000
vn 0.14002801 -0.70014006 0.70014006
vn 0.00000000 -0.44721359 0.89442718
vn 0.71713716 0.35856858 -0.59761429
vn 0.44721359 0.00000000 -0.89442718
vn 0.00000000 -0.70710677 0.70710677
vn -0.80000001 0.00000000 0.60000002
vn -0.18814418 -0.28221625 0.94072086
vn 0.28734788 0.00000000 -0.95782626
vn -0.71713716 0.35856858 0.59761429
vn -0.20507579 0.20507579 0.95702028
vn -0.59628481 0.29814240 -0.74535596
vn 0.00000000 0.16439898 -0.98639393
vn -0.27216554 0.68041384 0.68041384
vn -0.17896500 0.23862000 0.95447999
vn 0.37463433 0.65561008 -0.65561008
vn 0.20180184 0.26906911 -0.94174188
vn 0.00000000 -0.33633640 0.94174188
vn 0.24253562 0.00000000 -0.97014248
vn 0.00000000 -0.70710677 0.70710677
vn -0.71713716 -0.35856858 0.59761429
vn 0.07053456 -0.14106913 0.98748386
vn 0.28221625 0.18814418 -0.94072086
vn 0.00000000 0.00000000 1.00000000
vn 0.33333334 0.66666669 -0.66666669
vn 0.25916052 0.43193421 -0.86386842
vn 0.27472112 0.00000000 0.96152395
vn 0.25400025 0.88900089 -0.38100037
vn 0.24253562 0.97014248 0.00000000
vn 0.00000000 0.94868332 -0.31622776
vn -0.60131681 0.60131681 -0.52615219
vn -0.12674485 0.44360697 -0.88721395
vn 0.15617377 0.31234753 0.93704259
vn -0.12038586 0.96308684 -0.24077171
vn 0.00000000 0.98058069 -0.19611613
vn 0.79602975 0.09950372 -0.59702229
vn 0.18814418 0.28221625 -0.94072086
vn 0.97332853 -0.16222142 0.16222142
vn -0.12038586 0.96308684 0.24077171
vn -0.16222142 -0.16222142 0.97332853
vn 0.89442718 0.44721359 0.00000000
vn 0.14142136 0.98994946 0.00000000
vn 0.92450035 0.09245003 -0.36980012
vn 0.30151135 0.90453404 -0.30151135
vn 0.40824831 0.40824831 -0.81649661
vn 0.70436072 0.35218036 0.61631566
vn 0.46852130 0.62469506 0.62469506
vn 0.40824831 0.40824831 0.81649661
vn 0.71713716 -0.35856858 -0.59761429
vn 0.44360697 -0.12674485 -0.88721395
vn 0.00000000 -0.70710677 0.70710677
vn 0.21411510 -0.16058631 0.96351790
vn 0.89442718 0.26832816 -0.35777089
vn 0.54882127 0.76834983 -0.32929277
vn 0.98994946 0.14142136 0.00000000
vn 0.72760689 0.48507124 0.48507124
vn 0.44022545 0.88045090 0.17609018
vn 0.14106913 -0.07053456 -0.98748386
vn 0.49236596 -0.61545748 -0.61545748
vn 0.57735026 0.57735026 0.57735026
vn 0.12674485 0.44360697 0.88721395
vn 0.91168463 0.34188172 -0.22792116
vn 0.97014248 0.24253562 0.00000000
vn 0.91168463 0.22792116 0.34188172
vn 0.36650833 0.85518610 -0.36650833
vn 0.88465172 0.44232586 -0.14744195
vn 0.92450035 0.09245003 -0.36980012
vn 0.62017369 0.74420840 -0.24806947
vn 0.40824831 0.40824831 -0.81649661
vn 0.70710677 0.00000000 0.70710677
vn 0.57735026 0.57735026 0.57735026
vn 0.40824831 0.40824831 0.81649661
vn -0.52981293 -0.52981293 -0.66226619
vn -0.44232586 -0.14744195 -0.88465172
vn -0.23076923 -0.92307693 -0.30769232
vn -0.13018891 -0.91132236 0.39056674
vn 0.00000000 -0.28734788 0.95782626
vn 0.76626104 0.57469577 -0.28734788
vn 0.54882127 0.76834983 -0.32929277
vn 0.94174188 0.33633640 0.00000000
vn 0.89442718 0.44721359 0.00000000
vn 0.44721359 0.89442718 0.00000000
vn 0.89442718 0.44721359 0.00000000
vn 0.44721359 0.89442718 0.00000000
vn 0.96152395 0.27472112 0.00000000
vn 0.50709254 0.84515423 0.16903085
vn 0.81649661 0.40824831 0.40824831
vn -0.65079135 0.00000000 -0.75925660
vn -0.44721359 0.00000000 -0.89442718
vn 0.78086883 0.00000000 0.62469506
vn 0.05415304 -0.21661215 0.97475463
vn -0.81649661 0.40824831 -0.40824831
vn -0.43193421 0.25916052 -0.86386842
vn -0.98893636 0.14834045 0.00000000
vn -0.57735026 0.57735026 0.57735026
vn -0.11704115 -0.70224690 0.70224690
vn -0.88045090 0.44022545 0.17609018
vn 0.00000000 -0.28734788 0.95782626
vn -0.25445667 0.93300784 -0.25445667
vn -0.28734788 0.95782626 0.00000000
vn 0.19245009 0.96225047 0.19245009
vn 1.00000000 0.00000000 0.00000000
vn 0.94280905 0.23570226 -0.23570226
vn 0.98994946 0.14142136 0.00000000
vn 0.97014248 0.00000000 0.24253562
vn -0.99503720 0.00000000 0.09950372
vn -0.25916052 -0.43193421 -0.86386842
vn -0.31622776 -0.94868332 0.00000000
vn -0.40824831 -0.40824831 0.81649661
vn 0.64699662 -0.53916389 -0.53916389
vn 0.40824831 -0.40824831 -0.81649661
vn 0.38851434 -0.87415725 -0.29138577
vn 0.24253562 -0.97014248 0.00000000
vn 0.24253562 -0.97014248 0.00000000
vn 0.24253562 -0.97014248 0.00000000
vn 0.24253562 -0.97014248 0.00000000
vn 0.24253562 -0.97014248 0.00000000
vn 0.24253562 -0.97014248 0.00000000
vn 0.24253562 -0.97014248 0.00000000
vn 0.24253562 -0.97014248 0.00000000
vn 0.34815532 -0.87038827 0.34815532
vn 0.61885273 -0.72199488 0.30942637
vn 0.40824831 -0.40824831 0.81649661
vn 0.88045090 -0.44022545 0.17609018
vn -0.98639393 0.00000000 -0.16439898
vn -0.44232586 -0.14744195 -0.88465172
vn -0.37463433 -0.65561008 -0.65561008
vn -0.98058069 -0.19611613 0.00000000
vn -0.54882127 -0.76834983 0.32929277
vn -0.98994946 -0.14142136 0.00000000
vn -0.44721359 -0.89442718 0.00000000
vn -0.97014248 -0.24253562 0.00000000
vn -0.44721359 -0.89442718 0.00000000
vn -0.97014248 -0.24253562 0.00000000
vn -0.14142136 -0.98994946 0.00000000
vn -0.71713716 -0.59761429 -0.35856858
vn -0.09950372 -0.99503720 0.00000000
vn 0.26832816 -0.89442718 -0.35777089
vn 0.25445667 -0.93300784 0.25445667
vn 0.27472112 -0.96152395 0.00000000
vn 0.12403473 -0.99227786 0.00000000
vn 0.23076923 -0.92307693 0.30769232
vn 0.45584232 -0.68376344 0.56980288
vn 0.40824831 -0.40824831 0.81649661
vn -0.85714287 0.28571430 -0.42857143
vn -0.43193421 0.25916052 -0.86386842
vn -0.96152395 0.27472112 0.00000000
vn -1.00000000 0.00000000 0.00000000
vn -1.00000000 0.00000000 0.00000000
vn -0.96152395 -0.27472112 0.00000000
vn -0.91168463 -0.22792116 -0.34188172
vn 0.28718325 -0.93334562 0.21538745
vn 0.00000000 -1.00000000 0.00000000
vn 0.00000000 -1.00000000 0.00000000
vn -0.08304548 -0.99654573 0.00000000
vn 0.00000000 -0.98058069 0.19611613
vn -0.57735026 -0.57735026 0.57735026
vn -0.18823674 -0.43921906 0.87843812
vn -0.38851434 0.87415725 -0.29138577
vn -0.46625242 0.83925432 -0.27975145
vn -0.84799832 0.31799936 -0.42399916
vn -0.40824831 0.40824831 -0.81649661
vn -0.84270096 -0.48154342 -0.24077171
vn -0.09245003 -0.92450035 0.36980012
vn -0.84515423 -0.50709254 0.16903085
vn -0.23570226 -0.94280905 0.23570226
vn -0.84799832 -0.42399916 0.31799936
vn -0.23570226 -0.23570226 0.94280905
vn 0.51449573 -0.51449573 -0.68599433
vn -0.33333334 0.66666669 -0.66666669
vn -0.57735026 -0.57735026 -0.57735026
vn 0.16222142 0.16222142 -0.97332853
vn 0.27472112 0.00000000 0.96152395
vn 0.17616607 -0.29361010 -0.93955237
vn -0.14002801 -0.70014006 -0.70014006
vn 0.00000000 0.94868332 0.31622776
vn 0.00000000 0.44721359 0.89442718
vn 0.00000000 1.00000000 0.00000000
vn 0.08304548 0.99654573 0.00000000
vn 0.44444445 0.88888890 0.11111111
vn 0.00000000 1.00000000 0.00000000
vn 0.19611613 0.98058069 0.00000000
vn 0.44444445 0.88888890 0.11111111
vn 0.00000000 1.00000000 0.00000000
vn 0.25400025 0.88900089 -0.38100037
vn 0.28571430 0.42857143 -0.85714287
vn 0.18814418 0.28221625 0.94072086
vn 0.24253562 0.00000000 -0.97014248
vn -0.76200074 -0.12700012 0.63500065
vn -0.30769232 0.23076923 0.92307693
vn -0.19802950 0.69310325 0.69310325
vn 0.36514837 0.91287094 -0.18257418
vn 0.23570226 0.23570226 -0.94280905
vn 0.00000000 -0.27472112 0.96152395
vn 0.57735026 0.57735026 -0.57735026
vn 0.80000001 0.00000000 -0.60000002
vn 0.43193421 0.25916052 -0.86386842
vn 0.00000000 -0.70710677 0.70710677
vn 0.23942606 -0.15961738 0.95770425
vn 0.80000001 0.00000000 -0.60000002
vn 0.44721359 0.00000000 -0.89442718
vn 0.28734788 0.00000000 0.95782626
vn 0.66666669 0.33333334 -0.66666669
vn 0.43921906 0.18823674 -0.87843812
vn -0.71713716 0.35856858 0.59761429
vn -0.16222142 0.16222142 0.97332853
vn 0.79602975 0.09950372 -0.59702229
vn 0.52615219 0.60131681 -0.60131681
vn 0.43193421 0.25916052 -0.86386842
vn 0.39056674 0.65094453 0.65094453
vn 0.20180184 0.26906911 0.94174188
vn 0.81923193 0.00000000 -0.57346237
vn 0.44232586 0.14744195 -0.88465172
vn 0.59628481 -0.29814240 0.74535596
vn 0.44022545 -0.17609018 0.88045090
vn 0.88045090 0.44022545 -0.17609018
vn 0.57735026 0.57735026 -0.57735026
vn 0.94868332 0.00000000 -0.31622776
vn 0.40824831 0.40824831 -0.81649661
vn 0.29002094 -0.67671555 0.67671555
vn 0.14106913 0.07053456 0.98748386
vn 0.76626104 0.57469577 -0.28734788
vn 0.54882127 0.76834983 -0.32929277
vn 0.94174188 0.33633640 0.00000000
vn 0.89442718 0.44721359 0.00000000
vn 0.44721359 0.89442718 0.00000000
vn 0.93704259 -0.15617377 -0.31234753
vn 0.50709254 0.84515423 -0.16903085
vn 0.44543540 0.08908708 -0.89087081
vn 0.62469506 0.00000000 0.78086883
vn 0.46852130 0.62469506 0.62469506
vn 0.43921906 0.18823674 0.87843812
vn 0.51832104 -0.60470790 -0.60470790
vn 0.24253562 0.00000000 -0.97014248
vn 0.66666669 0.33333334 0.66666669
vn 0.43193421 0.25916052 0.86386842
vn 0.25400025 0.88900089 -0.38100037
vn 0.49805826 0.80934465 -0.31128639
vn 0.21821789 0.43643579 -0.87287158
vn -0.92450035 0.09245003 0.36980012
vn -0.82416338 0.54944223 0.13736056
vn -0.25916052 0.43193421 0.86386842
vn -0.09245003 0.92450035 0.36980012
vn 0.80845207 0.56591648 -0.16169041
vn 0.08304548 0.99654573 0.00000000
vn 0.63960212 0.63960212 0.42640144
vn 0.44232586 0.88465172 0.14744195
vn 0.38851434 0.87415725 -0.29138577
vn 0.93704259 0.15617377 -0.31234753
vn 0.94072086 -0.28221625 -0.18814418
vn 0.38851434 0.87415725 -0.29138577
vn 0.44543540 0.08908708 -0.89087081
vn 0.97780240 0.00000000 0.20952909
vn 0.25298220 0.94868332 0.18973666
vn 0.25916052 0.43193421 0.86386842
vn 0.57735026 0.57735026 0.57735026
vn -0.08304548 0.99654573 0.00000000
vn 0.79555726 0.55689007 0.23866719
vn -0.08737040 0.96107447 0.26211122
vn 0.94072086 0.28221625 -0.18814418
vn 0.88465172 -0.14744195 -0.44232586
vn 0.44721359 0.00000000 -0.89442718
vn 0.57735026 -0.57735026 -0.57735026
vn 0.97014248 0.00000000 0.24253562
vn 0.37463433 0.65561008 0.65561008
vn 0.40824831 0.40824831 0.81649661
vn 0.70436072 0.61631566 0.35218036
vn 0.84515423 0.50709254 -0.16903085
vn 0.31799936 0.84799832 -0.42399916
vn 0.89442718 0.44721359 0.00000000
vn 0.44721359 0.89442718 0.00000000
vn 0.96152395 0.27472112 0.00000000
vn 0.50709254 0.84515423 0.16903085
vn 0.63960212 0.63960212 0.42640144
vn -0.52981293 -0.52981293 -0.66226619
vn -0.44232586 -0.14744195 -0.88465172
vn -0.23076923 -0.92307693 -0.30769232
vn 0.00000000 -1.00000000 0.00000000
vn 0.00000000 -0.96476382 0.26311740
vn 0.17609018 -0.44022545 0.88045090
vn -0.55470020 0.00000000 -0.83205032
vn -0.44721359 0.00000000 -0.89442718
vn 0.00000000 -0.70710677 0.70710677
vn -0.76822126 0.00000000 0.64018440
vn -0.09901475 0.09901475 0.99014753
vn -0.53452247 0.26726124 -0.80178374
vn 0.16222142 0.16222142 -0.97332853
vn 0.40824831 0.40824831 0.81649661
vn 0.66666669 0.33333334 0.66666669
vn 0.00000000 0.70710677 0.70710677
vn -0.19245009 0.96225047 -0.19245009
vn 0.28734788 0.95782626 0.00000000
vn 0.25445667 0.93300784 0.25445667
vn 0.14744195 -0.44232586 -0.88465172
vn 0.12038586 -0.96308684 -0.24077171
vn 0.00000000 -1.00000000 0.00000000
vn -0.80845207 -0.56591648 0.16169041
vn -0.16439898 -0.98639393 0.00000000
vn -0.89442718 -0.44721359 0.00000000
vn -0.38851434 -0.87415725 0.29138577
vn -0.84799832 -0.42399916 0.31799936
vn -0.40824831 -0.40824831 0.81649661
vn 0.84799832 -0.42399916 -0.31799936
vn 0.89442718 -0.44721359 0.00000000
vn 0.89442718 -0.44721359 0.00000000
vn 0.89442718 -0.44721359 0.00000000
vn 0.89442718 -0.44721359 0.00000000
vn 0.89442718 -0.44721359 0.00000000
vn 0.89442718 -0.44721359 0.00000000
vn 0.89442718 -0.44721359 0.00000000
vn 0.89442718 -0.44721359 0.00000000
vn 0.88045090 -0.44022545 0.17609018
vn -0.52981293 -0.52981293 -0.66226619
vn -0.09759001 -0.19518001 -0.97590005
vn 0.00000000 -0.98639393 -0.16439898
vn 0.00000000 -0.89442718 -0.44721359
vn -0.26832816 -0.89442718 0.35777089
vn 0.00000000 -1.00000000 0.00000000
vn 0.00000000 -1.00000000 0.00000000
vn 0.27472112 -0.96152395 0.00000000
vn 0.24253562 -0.97014248 0.00000000
vn 0.24253562 -0.97014248 0.00000000
vn 0.24253562 -0.97014248 0.00000000
vn 0.24253562 -0.97014248 0.00000000
vn 0.24253562 -0.97014248 0.00000000
vn 0.24253562 -0.97014248 0.00000000
vn 0.24253562 -0.97014248 0.00000000
vn 0.24253562 -0.97014248 0.00000000
vn 0.27472112 -0.96152395 0.00000000
vn 0.12403473 -0.99227786 0.00000000
vn 0.14142136 -0.98994946 0.00000000
vn 0.34815532 -0.87038827 0.34815532
vn 0.45584232 -0.68376344 0.56980288
vn 0.40824831 -0.40824831 0.81649661
vn -0.53452247 0.26726124 -0.80178374
vn 0.09759001 0.19518001 -0.97590005
vn 0.28718325 -0.93334562 0.21538745
vn 0.00000000 -1.00000000 0.00000000
vn 0.00000000 -1.00000000 0.00000000
vn 0.00000000 -1.00000000 0.00000000
vn 0.09950372 -0.99503720 0.00000000
vn 0.00000000 -0.96476382 0.26311740
vn 0.25916052 -0.43193421 0.86386842
vn -0.08192319 0.98307830 -0.16384639
vn -0.31799936 0.84799832 -0.42399916
vn -0.54545456 0.63636363 -0.54545456
vn -0.14744195 0.44232586 -0.88465172
vn 0.30151135 -0.90453404 0.30151135
vn 0.10482848 -0.94345635 0.31448546
vn 0.16222142 0.16222142 0.97332853
vn -0.63636363 0.54545456 -0.54545456
vn -0.59628481 0.29814240 -0.74535596
vn -0.24112141 0.43401855 -0.86803710
vn 0.75257671 0.00000000 0.65850461
vn 0.57735026 0.57735026 0.57735026
vn 0.40824831 0.40824831 0.81649661
vn 0.75257671 0.00000000 -0.65850461
vn 0.00000000 0.70710677 -0.70710677
vn 0.43193421 0.25916052 -0.86386842
vn 0.54882127 0.76834983 0.32929277
vn 0.14744195 0.44232586 0.88465172
vn 0.24253562 0.97014248 0.00000000
vn 0.24253562 0.97014248 0.00000000
vn 0.24253562 0.97014248 0.00000000
vn 0.24253562 0.97014248 0.00000000
vn 0.24253562 0.97014248 0.00000000
vn 0.42857143 0.85714287 0.28571430
vn 0.69631064 0.69631064 0.17407766
vn 0.80000001 0.00000000 -0.60000002
vn 0.44721359 0.00000000 -0.89442718
vn 0.57735026 0.57735026 0.57735026
vn 0.20507579 0.20507579 0.95702028
vn 0.66666669 0.33333334 -0.66666669
vn 0.43921906 0.18823674 -0.87843812
vn 0.31622776 0.00000000 0.94868332
vn 0.79602975 0.09950372 -0.59702229
vn 0.52615219 0.60131681 -0.60131681
vn 0.43193421 0.25916052 -0.86386842
vn 0.62469506 0.00000000 0.78086883
vn 0.31622776 0.00000000 0.94868332
vn 0.80000001 0.00000000 -0.60000002
vn 0.44721359 0.00000000 -0.89442718
vn 0.65079135 0.00000000 0.75925660
vn 0.23570226 0.23570226 0.94280905
vn 0.66666669 0.33333334 -0.66666669
vn 0.43921906 0.18823674 -0.87843812
vn 0.98058069 0.00000000 0.19611613
vn 0.37463433 0.65561008 0.65561008
vn 0.44232586 0.14744195 0.88465172
vn 0.84799832 0.42399916 0.31799936
vn 0.81649661 0.08164966 -0.57154763
vn 0.33333334 0.66666669 -0.66666669
vn 0.40824831 0.40824831 -0.81649661
vn 0.46499056 0.34874290 0.81373346
vn 0.44721359 0.00000000 0.89442718
vn 0.88045090 0.44022545 -0.17609018
vn 0.57735026 0.57735026 -0.57735026
vn 0.94868332 0.00000000 -0.31622776
vn 0.40824831 0.40824831 -0.81649661
vn 0.61885273 -0.30942637 0.72199488
vn 0.43193421 -0.25916052 0.86386842
vn 0.76626104 0.57469577 -0.28734788
vn 0.54882127 0.76834983 -0.32929277
vn 0.94174188 0.33633640 0.00000000
vn 0.89442718 0.44721359 0.00000000
vn 0.44721359 0.89442718 0.00000000
vn 0.92998111 0.11624764 -0.34874290
vn 0.62017369 0.74420840 -0.24806947
vn 0.43643579 0.21821789 -0.87287158
vn 0.68599433 -0.51449573 0.51449573
vn 0.73960024 0.18490006 0.64715022
vn 0.44543540 0.08908708 0.89087081
vn 0.77151674 0.15430336 -0.61721343
vn 0.28734788 0.00000000 -0.95782626
vn 0.51214755 0.38411063 0.76822126
vn 0.57735026 0.57735026 0.57735026
vn 0.44232586 0.14744195 0.88465172
vn 0.94072086 0.28221625 -0.18814418
vn 0.93704259 0.15617377 -0.31234753
vn 0.44105428 0.16539535 -0.88210857
vn 0.53452247 0.26726124 0.80178374
vn 0.43193421 0.25916052 0.86386842
vn 0.68376344 0.45584232 -0.56980288
vn 0.52615219 0.60131681 -0.60131681
vn 0.40824831 0.40824831 -0.81649661
vn 0.42857143 0.85714287 0.28571430
vn 0.18823674 0.43921906 0.87843812
vn 0.25445667 0.93300784 0.25445667
vn 0.34815532 0.87038827 -0.34815532
vn 0.82416338 0.13736056 -0.54944223
vn 0.09759001 0.97590005 -0.19518001
vn 0.40824831 0.40824831 -0.81649661
vn 0.31799936 0.84799832 0.42399916
vn 0.14744195 0.44232586 0.88465172
vn 0.27472112 0.96152395 0.00000000
vn 0.28221625 0.94072086 0.18814418
vn 0.94072086 0.28221625 -0.18814418
vn 0.95782626 0.28734788 0.00000000
vn 0.38851434 0.87415725 -0.29138577
vn 0.76626104 0.57469577 0.28734788
vn 0.43643579 0.87287158 0.21821789
vn -0.63960212 -0.42640144 -0.63960212
vn -0.40824831 -0.40824831 -0.81649661
vn -0.46569031 -0.85376561 -0.23284516
vn -0.09950372 -0.99503720 0.00000000
vn 0.26832816 -0.89442718 0.35777089
vn 0.54545456 -0.63636363 0.54545456
vn 0.17609018 -0.44022545 0.88045090
vn -0.98058069 0.00000000 -0.19611613
vn -0.44022545 -0.17609018 -0.88045090
vn -0.64699662 -0.53916389 -0.53916389
vn -0.89260739 0.31878835 -0.31878835
vn 0.66226619 -0.52981293 0.52981293
vn 0.73960024 0.18490006 0.64715022
vn 0.44543540 0.08908708 0.89087081
vn -0.70710677 0.70710677 0.00000000
vn 0.16222142 0.16222142 -0.97332853
vn -0.08908708 0.44543540 0.89087081
vn 0.09245003 0.92450035 0.36980012
vn 0.08304548 0.99654573 0.00000000
vn 0.84515423 0.50709254 -0.16903085
vn 0.89442718 0.44721359 0.00000000
vn 0.44721359 0.89442718 0.00000000
vn 0.63960212 0.63960212 0.42640144
vn 0.44022545 0.88045090 0.17609018
vn 0.00000000 1.00000000 0.00000000
vn 0.84799832 -0.42399916 -0.31799936
vn 0.80845207 -0.56591648 -0.16169041
vn 0.40824831 -0.40824831 -0.81649661
vn 0.38851434 -0.87415725 -0.29138577
vn 0.16439898 -0.98639393 0.00000000
vn 0.09759001 -0.97590005 0.19518001
vn -0.64699662 -0.53916389 0.53916389
vn 0.08908708 -0.44543540 0.89087081
vn 0.78446454 -0.19611613 -0.58834839
vn 0.43193421 -0.25916052 -0.86386842
vn 0.38851434 -0.87415725 -0.29138577
vn 0.44721359 -0.89442718 0.00000000
vn 0.54882127 -0.76834983 -0.32929277
vn 0.00000000 -0.91036648 0.41380295
vn 0.00000000 -1.00000000 0.00000000
vn 0.00000000 -1.00000000 0.00000000
vn 0.00000000 -1.00000000 0.00000000
vn 0.09950372 -0.99503720 0.00000000
vn 0.14142136 -0.98994946 0.00000000
vn 0.24253562 -0.97014248 0.00000000
vn 0.24253562 -0.97014248 0.00000000
vn 0.24253562 -0.97014248 0.00000000
vn 0.24253562 -0.97014248 0.00000000
vn 0.24253562 -0.97014248 0.00000000
vn 0.24253562 -0.97014248 0.00000000
vn 0.34815532 -0.87038827 0.34815532
vn 0.61885273 -0.72199488 0.30942637
vn 0.40824831 -0.40824831 0.81649661
vn 0.88045090 -0.44022545 0.17609018
vn 0.71713716 0.35856858 -0.59761429
vn 0.44232586 0.14744195 -0.88465172
vn 0.36760733 -0.88225752 0.29408586
vn 0.44721359 -0.89442718 0.00000000
vn 0.28734788 -0.95782626 0.00000000
vn 0.24253562 -0.97014248 0.00000000
vn 0.24253562 -0.97014248 0.00000000
vn 0.24253562 -0.97014248 0.00000000
vn 0.34815532 -0.87038827 0.34815532
vn 0.63960212 -0.42640144 0.63960212
vn 0.44232586 -0.14744195 0.88465172
vn 0.29002094 0.67671555 -0.67671555
vn 0.25916052 0.43193421 -0.86386842
vn 0.92450035 -0.09245003 0.36980012
vn 0.43193421 0.25916052 0.86386842
vn 0.99654573 -0.08304548 0.00000000
vn 0.97590005 0.09759001 0.19518001
vn 0.33333334 0.66666669 -0.66666669
vn 0.25916052 0.43193421 -0.86386842
vn 0.94072086 0.18814418 0.28221625
vn 0.61885273 0.72199488 0.30942637
vn 0.40824831 0.40824831 0.81649661
vn 0.89442718 0.44721359 0.00000000
vn 0.44721359 0.89442718 0.00000000
vn 0.89442718 0.44721359 0.00000000
vn 0.44721359 0.89442718 0.00000000
vn 0.89442718 0.44721359 0.00000000
vn 0.44721359 0.89442718 0.00000000
vn 0.89442718 0.44721359 0.00000000
vn 0.44721359 0.89442718 0.00000000
vn 0.96152395 0.27472112 0.00000000
vn 0.50709254 0.84515423 0.16903085
vn 0.92847669 0.37139067 0.00000000
vn 0.78072006 0.48795003 0.39036003
vn 0.36650833 0.85518610 -0.36650833
vn 0.78446454 0.19611613 -0.58834839
vn 0.23942606 0.95770425 -0.15961738
vn 0.15617377 0.31234753 -0.93704259
vn 0.98058069 0.00000000 0.19611613
vn 0.64699662 0.53916389 0.53916389
vn 0.44232586 0.14744195 0.88465172
vn 0.70436072 0.61631566 0.35218036
vn 0.80000001 0.00000000 -0.60000002
vn 0.44721359 0.00000000 -0.89442718
vn 0.46499056 0.34874290 0.81373346
vn 0.44721359 0.00000000 0.89442718
vn 0.66666669 0.33333334 -0.66666669
vn 0.43921906 0.18823674 -0.87843812
vn 0.53452247 -0.26726124 0.80178374
vn 0.43193421 -0.25916052 0.86386842
vn 0.81649661 0.08164966 -0.57154763
vn 0.33333334 0.66666669 -0.66666669
vn 0.40824831 0.40824831 -0.81649661
vn 0.49236596 -0.61545748 0.61545748
vn 0.20507579 -0.20507579 0.95702028
vn 0.95346260 0.09534626 -0.28603879
vn 0.57735026 0.57735026 -0.57735026
vn 0.94868332 0.00000000 -0.31622776
vn 0.40824831 0.40824831 -0.81649661
vn 0.18814418 0.28221625 0.94072086
vn 0.91287094 0.36514837 -0.18257418
vn 0.99654573 0.08304548 0.00000000
vn 0.57735026 0.57735026 -0.57735026
vn 0.94868332 0.00000000 -0.31622776
vn 0.40824831 0.40824831 -0.81649661
vn 0.95770425 0.15961738 0.23942606
vn 0.40824831 0.81649661 0.40824831
vn 0.40824831 0.40824831 0.81649661
vn 0.71713716 0.59761429 0.35856858
vn 0.35112345 0.93632919 0.00000000
vn 0.43643579 0.87287158 0.21821789
vn 0.83045483 0.49827287 -0.24913643
vn 0.99654573 0.08304548 0.00000000
vn 0.57735026 0.57735026 -0.57735026
vn 0.94868332 0.00000000 -0.31622776
vn 0.40824831 0.40824831 -0.81649661
vn 0.96225047 -0.19245009 0.19245009
vn 0.64699662 0.53916389 0.53916389
vn 0.44543540 -0.08908708 0.89087081
vn 0.97014248 -0.24253562 0.00000000
vn 0.93632919 0.00000000 0.35112345
vn 0.80812204 0.50507629 -0.30304575
vn 0.94868332 0.31622776 0.00000000
vn 0.57735026 0.57735026 -0.57735026
vn 0.94280905 0.23570226 -0.23570226
vn 0.40824831 0.40824831 -0.81649661
vn 0.50709254 -0.84515423 0.16903085
vn 0.61885273 -0.72199488 0.30942637
vn 0.44232586 -0.14744195 0.88465172
vn 0.57469577 -0.28734788 0.76626104
vn 0.74420840 -0.24806947 -0.62017369
vn 0.33333334 0.66666669 -0.66666669
vn 0.43643579 0.21821789 -0.87287158
vn 0.88888890 -0.11111111 0.44444445
vn 0.43193421 0.25916052 0.86386842
vn 0.95770425 0.23942606 0.15961738
vn 0.14106913 -0.07053456 -0.98748386
vn 0.72760689 -0.48507124 -0.48507124
vn 0.44721359 0.00000000 0.89442718
vn 0.80000001 -0.60000002 0.00000000
vn 0.90453404 0.30151135 -0.30151135
vn 0.43643579 0.21821789 -0.87287158
vn 0.98639393 0.00000000 0.16439898
vn 0.64699662 0.53916389 0.53916389
vn 0.44360697 0.12674485 0.88721395
vn 0.72760689 0.48507124 0.48507124
vn 0.76249284 0.45749572 -0.45749572
vn 0.69631064 0.17407766 -0.69631064
vn 1.00000000 0.00000000 0.00000000
vn 0.42857143 0.28571430 -0.85714287
vn 0.44721359 0.00000000 0.89442718
vn 0.80000001 -0.60000002 0.00000000
vn 0.90453404 0.30151135 -0.30151135
vn 0.43193421 0.25916052 -0.86386842
vn 0.86154979 0.35897908 0.35897908
vn 0.19781414 0.32969025 0.92313266
vn 0.91168463 0.22792116 0.34188172
vn 0.71713716 0.35856858 -0.59761429
vn 0.39056674 0.65094453 -0.65094453
vn -1.00000000 0.00000000 0.00000000
vn -0.09534626 0.28603879 -0.95346260
vn 0.00000000 0.24253562 0.97014248
vn 0.99654573 -0.08304548 0.00000000
vn 0.57735026 0.57735026 -0.57735026
vn -0.18823674 0.43921906 -0.87843812
vn 0.88045090 0.44022545 0.17609018
vn -0.12038586 0.96308684 0.24077171
vn 0.08908708 0.44543540 0.89087081
vn 0.63960212 0.63960212 0.42640144
vn 0.00000000 0.97014248 0.24253562
vn 0.00000000 0.99388373 0.11043153
vn 0.78446454 0.58834839 -0.19611613
vn -0.08737040 0.96107447 -0.26211122
vn 0.76626104 0.57469577 0.28734788
vn -0.21821789 0.87287158 0.43643579
vn -0.96225047 -0.19245009 -0.19245009
vn -0.44360697 -0.12674485 -0.88721395
vn -0.61885273 -0.72199488 -0.30942637
vn -0.44721359 -0.89442718 0.00000000
vn -0.97014248 -0.24253562 0.00000000
vn -0.44721359 -0.89442718 0.00000000
vn -0.95782626 -0.28734788 0.00000000
vn -0.62017369 -0.74420840 0.24806947
vn -0.86386842 -0.43193421 0.25916052
vn -0.40824831 -0.40824831 0.81649661
vn -0.88345224 0.33129457 -0.33129457
vn -0.18814418 0.28221625 -0.94072086
vn -1.00000000 0.00000000 0.00000000
vn -0.81110710 -0.48666427 -0.32444283
vn -0.11111111 -0.88888890 0.44444445
vn 0.00000000 -0.97439122 0.22485951
vn 0.16222142 0.16222142 0.97332853
vn -0.57735026 0.57735026 -0.57735026
vn -0.59628481 0.29814240 -0.74535596
vn -0.14744195 0.44232586 -0.88465172
vn 0.98639393 0.00000000 0.16439898
vn 0.57735026 0.57735026 0.57735026
vn 0.40824831 0.40824831 0.81649661
vn 0.85714287 0.42857143 0.28571430
vn -0.12038586 0.96308684 -0.24077171
vn 0.00000000 1.00000000 0.00000000
vn 0.49236596 0.86164045 0.12309149
vn 0.12403473 0.99227786 0.00000000
vn 0.28718325 0.93334562 0.21538745
vn 0.92450035 -0.09245003 -0.36980012
vn 0.89442718 -0.44721359 0.00000000
vn 0.88045090 -0.44022545 0.17609018
vn 0.95346260 -0.09534626 -0.28603879
vn 0.97014248 -0.24253562 0.00000000
vn 0.98639393 -0.16439898 0.00000000
vn 0.79555726 -0.55689007 -0.23866719
vn 0.40824831 -0.40824831 -0.81649661
vn 0.50709254 -0.84515423 -0.16903085
vn 0.29827499 -0.95447999 0.00000000
vn 0.09950372 -0.99503720 0.00000000
vn 0.00000000 -1.00000000 0.00000000
vn 0.00000000 -1.00000000 0.00000000
vn 0.09950372 -0.99503720 0.00000000
vn 0.23076923 -0.92307693 0.30769232
vn 0.61885273 -0.72199488 0.30942637
vn 0.40824831 -0.40824831 0.81649661
vn 0.89442718 -0.44721359 0.00000000
vn 0.89442718 -0.44721359 0.00000000
vn 0.89442718 -0.44721359 0.00000000
vn 0.89442718 -0.44721359 0.00000000
vn 0.89442718 -0.44721359 0.00000000
vn 0.89442718 -0.44721359 0.00000000
vn 0.87287158 -0.43643579 0.21821789
vn 0.91287094 0.36514837 -0.18257418
vn 1.00000000 0.00000000 0.00000000
vn 0.91287094 -0.18257418 -0.36514837
vn 0.43193421 -0.25916052 -0.86386842
vn 0.57735026 -0.57735026 -0.57735026
vn 0.38851434 -0.87415725 0.29138577
vn 0.33633640 -0.94174188 0.00000000
vn 0.44721359 -0.89442718 0.00000000
vn 0.44721359 -0.89442718 0.00000000
vn 0.44721359 -0.89442718 0.00000000
vn 0.44721359 -0.89442718 0.00000000
vn 0.44721359 -0.89442718 0.00000000
vn 0.66666669 -0.66666669 0.33333334
vn 0.89442718 -0.26832816 0.35777089
vn 0.44543540 0.08908708 0.89087081
vn 0.97014248 -0.24253562 0.00000000
vn 0.97014248 -0.24253562 0.00000000
vn 0.97014248 -0.24253562 0.00000000
vn 0.97014248 -0.24253562 0.00000000
vn 0.97014248 -0.24253562 0.00000000
vn 0.94280905 -0.23570226 0.23570226
vn 0.83045483 0.49827287 -0.24913643
vn 0.94868332 0.00000000 -0.31622776
vn 0.44232586 0.14744195 -0.88465172
vn 0.97780240 0.00000000 0.20952909
vn 0.64699662 0.53916389 0.53916389
vn 0.40824831 0.40824831 0.81649661
vn 0.99227786 0.12403473 0.00000000
vn 0.96152395 0.27472112 0.00000000
vn 0.97014248 0.24253562 0.00000000
vn 0.97014248 0.24253562 0.00000000
vn 0.97014248 0.24253562 0.00000000
vn 0.97014248 0.24253562 0.00000000
vn 0.91168463 0.22792116 0.34188172
vn 0.76626104 0.57469577 -0.28734788
vn 0.49236596 0.61545748 -0.61545748
vn 0.92057461 0.27617240 -0.27617240
vn 0.20180184 0.26906911 -0.94174188
vn 0.98639393 0.00000000 0.16439898
vn 0.64699662 0.53916389 0.53916389
vn 0.44232586 0.14744195 0.88465172
vn 0.99227786 0.12403473 0.00000000
vn 0.81110710 0.48666427 0.32444283
vn 0.26906911 0.20180184 -0.94174188
vn 0.93632919 0.00000000 0.35112345
vn 0.44721359 0.00000000 0.89442718
vn 0.84799832 0.31799936 0.42399916
vn 0.27216554 0.68041384 -0.68041384
vn 0.81923193 0.00000000 -0.57346237
vn 0.12674485 0.44360697 -0.88721395
vn 0.88345224 -0.33129457 0.33129457
vn 0.43643579 -0.21821789 0.87287158
vn 0.93632919 0.00000000 0.35112345
vn 0.88045090 0.44022545 -0.17609018
vn 0.27216554 0.68041384 -0.68041384
vn 0.94868332 0.00000000 -0.31622776
vn 0.14744195 0.44232586 -0.88465172
vn 0.45083481 -0.63116872 0.63116872
vn 0.44360697 -0.12674485 0.88721395
vn 0.57469577 -0.28734788 0.76626104
vn 0.79555726 0.55689007 -0.23866719
vn 0.42640144 0.63960212 -0.63960212
vn 0.94868332 0.00000000 -0.31622776
vn 0.40824831 0.40824831 -0.81649661
vn 0.92998111 -0.11624764 0.34874290
vn 0.28734788 0.00000000 0.95782626
vn 0.98058069 0.00000000 0.19611613
vn 0.79555726 0.55689007 -0.23866719
vn 0.53452247 0.80178374 -0.26726124
vn 0.98994946 0.14142136 0.00000000
vn 0.92998111 0.11624764 -0.34874290
vn 0.38851434 0.87415725 -0.29138577
vn 0.43193421 0.25916052 -0.86386842
vn 0.88345224 0.33129457 0.33129457
vn -0.06967330 0.20901990 0.97542620
vn 0.91168463 0.22792116 0.34188172
vn 0.83045483 0.49827287 -0.24913643
vn 0.94868332 0.00000000 -0.31622776
vn 0.44232586 0.14744195 -0.88465172
vn 0.94072086 0.18814418 0.28221625
vn 0.34815532 0.87038827 0.34815532
vn 0.40824831 0.40824831 0.81649661
vn 0.68348610 0.68348610 0.25630730
vn 0.14142136 0.98994946 0.00000000
vn 0.09667365 0.87006283 0.48336825
vn 0.79555726 0.55689007 -0.23866719
vn 0.54882127 0.76834983 -0.32929277
vn 0.98994946 0.14142136 0.00000000
vn 0.97014248 0.24253562 0.00000000
vn 0.44721359 0.89442718 0.00000000
vn 0.97014248 0.24253562 0.00000000
vn 0.44721359 0.89442718 0.00000000
vn 0.97014248 0.24253562 0.00000000
vn 0.44721359 0.89442718 0.00000000
vn 0.97014248 0.24253562 0.00000000
vn 0.44721359 0.89442718 0.00000000
vn 0.99745870 0.07124705 0.00000000
vn 0.50709254 0.84515423 0.16903085
vn 0.78072006 0.39036003 0.48795003
vn 0.83045483 0.49827287 -0.24913643
vn 1.00000000 0.00000000 0.00000000
vn 1.00000000 0.00000000 0.00000000
vn 1.00000000 0.00000000 0.00000000
vn 1.00000000 0.00000000 0.00000000
vn 1.00000000 0.00000000 0.00000000
vn 0.99654573 -0.08304548 0.00000000
vn 0.99745870 -0.07124705 0.00000000
vn 0.94280905 -0.23570226 0.23570226
vn 0.83005738 0.48420012 -0.27668577
vn 1.00000000 0.00000000 0.00000000
vn 1.00000000 0.00000000 0.00000000
vn 1.00000000 0.00000000 0.00000000
vn 1.00000000 0.00000000 0.00000000
vn 1.00000000 0.00000000 0.00000000
vn 1.00000000 0.00000000 0.00000000
vn 0.92057461 0.27617240 0.27617240
vn 0.59702229 0.69652605 0.39801487
vn 0.83005738 0.48420012 -0.27668577
vn 1.00000000 0.00000000 0.00000000
vn 1.00000000 0.00000000 0.00000000
vn 0.96152395 -0.27472112 0.00000000
vn 0.97014248 -0.24253562 0.00000000
vn 0.92847669 0.00000000 0.37139067
vn 0.70710677 0.70710677 0.00000000
vn 0.91287094 0.18257418 -0.36514837
vn 0.87843812 -0.43921906 -0.18823674
vn 0.08908708 -0.44543540 -0.89087081
vn -0.10482848 -0.94345635 -0.31448546
vn -0.07124705 -0.99745870 0.00000000
vn 0.11111111 -0.88888890 0.44444445
vn -0.21821789 -0.43643579 0.87287158
vn -0.89442718 0.44721359 0.00000000
vn 0.00000000 0.00000000 -1.00000000
vn 0.00000000 -1.00000000 0.00000000
vn 0.00000000 0.00000000 1.00000000
vn -0.33699358 -0.28082797 -0.89864951
vn -0.74420840 -0.24806947 -0.62017369
vn -0.09245003 -0.92450035 -0.36980012
vn -0.44721359 -0.89442718 0.00000000
vn -0.89087081 -0.44543540 -0.08908708
vn 0.07124705 -0.99745870 0.00000000
vn -0.14002801 -0.98019606 -0.14002801
vn 0.57735026 -0.57735026 -0.57735026
vn -0.94573247 0.07881104 0.31524417
vn -0.99805260 -0.06237829 0.00000000
vn -0.54494923 -0.77849895 0.31139958
vn -0.99654573 -0.08304548 0.00000000
vn -0.38851434 -0.87415725 0.29138577
vn -0.92450035 -0.09245003 0.36980012
vn -0.40824831 -0.40824831 0.81649661
vn 0.00000000 1.00000000 0.00000000
vn -0.81649661 0.40824831 -0.40824831
vn 0.16222142 0.16222142 -0.97332853
vn -0.98287219 0.18428853 0.00000000
vn -0.89442718 0.44721359 0.00000000
vn -0.96152395 0.27472112 0.00000000
vn -0.94174188 0.33633640 0.00000000
vn -0.92307693 0.38461539 0.00000000
vn -1.00000000 0.00000000 0.00000000
vn -0.96152395 -0.27472112 0.00000000
vn -0.94868332 -0.31622776 0.00000000
vn -0.53452247 -0.80178374 0.26726124
vn -0.94174188 -0.33633640 0.00000000
vn -0.23570226 -0.94280905 0.23570226
vn -0.85714287 -0.42857143 0.28571430
vn -0.16539535 -0.44105428 0.88210857
vn -0.12038586 0.96308684 -0.24077171
vn 0.00000000 1.00000000 0.00000000
vn 0.00000000 1.00000000 0.00000000
vn 0.07124705 0.99745870 0.00000000
vn -0.24253562 0.97014248 0.00000000
vn -0.54882127 0.76834983 -0.32929277
vn -0.43643579 0.21821789 -0.87287158
vn -0.14744195 0.44232586 -0.88465172
vn 0.00000000 -0.70710677 0.70710677
vn -0.71554178 -0.44721359 0.53665632
vn 0.09759001 -0.19518001 0.97590005
vn -0.11704115 0.70224690 -0.70224690
vn 0.21821789 0.43643579 -0.87287158
vn 0.43921906 0.18823674 0.87843812
vn 0.76626104 0.28734788 0.57469577
vn 0.33333334 0.66666669 -0.66666669
vn 0.25916052 0.43193421 -0.86386842
vn 0.45584232 0.56980288 0.68376344
vn 0.46852130 0.62469506 0.62469506
vn 0.40824831 0.40824831 0.81649661
vn 0.25400025 0.88900089 -0.38100037
vn 0.24253562 0.97014248 0.00000000
vn 0.25445667 0.93300784 0.25445667
vn 0.92450035 -0.09245003 -0.36980012
vn 0.82416338 -0.54944223 -0.13736056
vn 0.40824831 -0.40824831 -0.81649661
vn 0.38851434 -0.87415725 -0.29138577
vn 0.24253562 -0.97014248 0.00000000
vn 0.24253562 -0.97014248 0.00000000
vn 0.34815532 -0.87038827 0.34815532
vn 0.45584232 -0.68376344 0.56980288
vn 0.40824831 -0.40824831 0.81649661
vn 0.97014248 0.00000000 -0.24253562
vn 0.84799832 -0.31799936 -0.42399916
vn 0.43193421 -0.25916052 -0.86386842
vn 0.57735026 -0.57735026 -0.57735026
vn 0.49872935 -0.85496461 0.14249410
vn 0.40824831 -0.81649661 0.40824831
vn 0.68348610 -0.68348610 0.25630730
vn 0.40824831 -0.40824831 0.81649661
vn 0.97014248 -0.24253562 0.00000000
vn 0.97014248 -0.24253562 0.00000000
vn 0.97014248 -0.24253562 0.00000000
vn 0.97014248 -0.24253562 0.00000000
vn 0.95782626 -0.28734788 0.00000000
vn 0.97590005 0.09759001 0.19518001
vn 0.91287094 0.36514837 -0.18257418
vn 0.94280905 -0.23570226 -0.23570226
vn 0.44232586 -0.14744195 -0.88465172
vn 0.64699662 -0.53916389 0.53916389
vn 0.40824831 -0.40824831 0.81649661
vn 0.74278134 -0.55708599 0.37139067
vn 1.00000000 0.00000000 0.00000000
vn 1.00000000 0.00000000 0.00000000
vn 1.00000000 0.00000000 0.00000000
vn 0.81110710 0.48666427 0.32444283
vn 0.51832104 -0.60470790 -0.60470790
vn 0.19518001 0.09759001 -0.97590005
vn 0.64699662 -0.53916389 0.53916389
vn 0.40824831 -0.40824831 0.81649661
vn 0.74278134 -0.55708599 0.37139067
vn 1.00000000 0.00000000 0.00000000
vn 0.84799832 0.31799936 0.42399916
vn 0.39056674 0.65094453 -0.65094453
vn 0.71713716 0.35856858 -0.59761429
vn 0.43643579 0.21821789 -0.87287158
vn 0.64699662 -0.53916389 0.53916389
vn 0.40824831 -0.40824831 0.81649661
vn 0.74278134 -0.55708599 0.37139067
vn 0.93632919 0.00000000 0.35112345
vn 0.28221625 0.18814418 -0.94072086
vn 0.45083481 -0.63116872 0.63116872
vn 0.40824831 -0.40824831 0.81649661
vn 0.51449573 -0.51449573 0.68599433
vn 0.52615219 0.60131681 -0.60131681
vn 0.25916052 0.43193421 -0.86386842
vn 0.57735026 -0.57735026 0.57735026
vn 0.52981293 -0.52981293 0.66226619
vn 0.14744195 -0.44232586 0.88465172
vn 0.38851434 0.87415725 -0.29138577
vn 0.64699662 0.53916389 -0.53916389
vn 0.17277369 0.95025527 -0.25916052
vn 0.40824831 0.40824831 -0.81649661
vn 0.11704115 -0.70224690 0.70224690
vn -0.18823674 -0.43921906 0.87843812
vn 0.31799936 0.84799832 -0.42399916
vn 0.80845207 0.16169041 -0.56591648
vn 0.48154342 0.84270096 -0.24077171
vn 0.40824831 0.40824831 -0.81649661
vn -0.27216554 -0.68041384 0.68041384
vn -0.71713716 0.35856858 0.59761429
vn -0.16222142 -0.16222142 0.97332853
vn 0.87287158 0.43643579 -0.21821789
vn 0.54882127 0.76834983 -0.32929277
vn 0.94174188 0.33633640 0.00000000
vn 0.89442718 0.44721359 0.00000000
vn 0.38461539 0.92307693 0.00000000
vn 0.89442718 0.44721359 0.00000000
vn 0.06237829 0.99805260 0.00000000
vn 0.89442718 0.44721359 0.00000000
vn 0.00000000 1.00000000 0.00000000
vn 0.61885273 0.72199488 0.30942637
vn -0.07124705 0.99745870 0.00000000
vn 0.00000000 1.00000000 0.00000000
vn -0.08304548 0.99654573 0.00000000
vn 0.00000000 1.00000000 0.00000000
vn -0.30151135 0.90453404 0.30151135
vn -0.95770425 -0.15961738 -0.23942606
vn -0.40824831 -0.40824831 -0.81649661
vn -0.61885273 -0.72199488 -0.30942637
vn -0.44721359 -0.89442718 0.00000000
vn -0.95782626 -0.28734788 0.00000000
vn -0.44721359 -0.89442718 0.00000000
vn -0.89442718 -0.44721359 0.00000000
vn -0.38851434 -0.87415725 0.29138577
vn -0.84799832 -0.42399916 0.31799936
vn -0.40824831 -0.40824831 0.81649661
vn -0.97332853 0.16222142 -0.16222142
vn 0.09901475 -0.09901475 -0.99014753
vn -0.46625242 -0.83925432 -0.27975145
vn -0.24253562 -0.97014248 0.00000000
vn -0.89442718 -0.44721359 0.00000000
vn -0.50709254 -0.84515423 -0.16903085
vn -0.96152395 -0.27472112 0.00000000
vn -0.92847669 -0.37139067 0.00000000
vn -0.78072006 -0.48795003 -0.39036003
vn -0.34815532 -0.87038827 0.34815532
vn 0.00000000 -0.98058069 0.19611613
vn -0.64699662 -0.53916389 0.53916389
vn -0.14744195 -0.44232586 0.88465172
vn 0.89442718 0.44721359 0.00000000
vn 0.50767308 0.60920769 -0.60920769
vn 0.16539535 0.44105428 -0.88210857
vn 0.00000000 -0.89442718 0.44721359
vn 0.00000000 -0.98639393 0.16439898
vn -0.64699662 -0.53916389 0.53916389
vn 0.00000000 -0.44721359 0.89442718
vn 0.38851434 0.87415725 -0.29138577
vn 0.88045090 0.44022545 -0.17609018
vn 0.89442718 0.44721359 0.00000000
vn 0.24253562 0.97014248 0.00000000
vn 0.89442718 0.44721359 0.00000000
vn 0.24253562 0.97014248 0.00000000
vn 0.84799832 0.42399916 -0.31799936
vn 0.38851434 0.87415725 -0.29138577
vn 0.40824831 0.40824831 -0.81649661
vn 0.00000000 -0.70710677 0.70710677
vn 0.28221625 -0.18814418 0.94072086
vn 0.26832816 0.89442718 -0.35777089
vn 0.18257418 0.91287094 -0.36514837
vn 0.25916052 0.43193421 -0.86386842
vn 0.62469506 0.00000000 0.78086883
vn 0.44721359 0.00000000 0.89442718
vn 0.36650833 0.85518610 -0.36650833
vn 0.82416338 0.54944223 -0.13736056
vn 0.29827499 0.95447999 0.00000000
vn 0.92450035 0.09245003 -0.36980012
vn 0.38851434 0.87415725 -0.29138577
vn 0.40824831 0.40824831 -0.81649661
vn 0.66666669 0.33333334 0.66666669
vn 0.43193421 0.25916052 0.86386842
vn 0.76626104 0.57469577 -0.28734788
vn 0.54882127 0.76834983 -0.32929277
vn 0.94174188 0.33633640 0.00000000
vn 0.63960212 0.63960212 0.42640144
vn 0.44022545 0.88045090 0.17609018
vn 0.94573247 -0.07881104 -0.31524417
vn 0.97014248 -0.24253562 0.00000000
vn 0.97014248 -0.24253562 0.00000000
vn 0.94072086 -0.18814418 0.28221625
vn 0.97014248 0.00000000 -0.24253562
vn 0.99227786 -0.12403473 0.00000000
vn 0.96152395 -0.27472112 0.00000000
vn 0.97014248 -0.24253562 0.00000000
vn 0.94174188 -0.33633640 0.00000000
vn 0.99745870 -0.07124705 0.00000000
vn 0.94072086 -0.18814418 0.28221625
vn 0.92847669 0.00000000 -0.37139067
vn 0.87287158 -0.43643579 -0.21821789
vn 0.40824831 -0.40824831 -0.81649661
vn 0.50709254 -0.84515423 -0.16903085
vn 0.44721359 -0.89442718 0.00000000
vn 0.61885273 -0.72199488 0.30942637
vn 0.40824831 -0.40824831 0.81649661
vn 0.68376344 -0.56980288 0.45584232
vn 0.94174188 -0.33633640 0.00000000
vn 0.97014248 0.00000000 0.24253562
vn 0.93704259 0.31234753 -0.15617377
vn 0.84799832 -0.31799936 -0.42399916
vn 0.43193421 -0.25916052 -0.86386842
vn 0.57735026 -0.57735026 -0.57735026
vn 0.50709254 -0.84515423 0.16903085
vn 0.61885273 -0.72199488 0.30942637
vn 0.40824831 -0.40824831 0.81649661
vn 0.70436072 -0.61631566 0.35218036
vn 0.97014248 0.00000000 0.24253562
vn 0.73960024 0.18490006 -0.64715022
vn 0.44721359 0.00000000 -0.89442718
vn 0.64699662 -0.53916389 0.53916389
vn 0.40824831 -0.40824831 0.81649661
vn 0.63960212 -0.63960212 0.42640144
vn 0.94174188 -0.26906911 0.20180184
vn 0.66666669 0.33333334 -0.66666669
vn 0.43921906 0.18823674 -0.87843812
vn 0.38851434 -0.87415725 0.29138577
vn 0.54494923 -0.77849895 0.31139958
vn 0.52981293 -0.52981293 0.66226619
vn 0.40824831 -0.40824831 0.81649661
vn 0.68376344 0.45584232 -0.56980288
vn 0.33333334 0.66666669 -0.66666669
vn 0.40824831 0.40824831 -0.81649661
vn 0.28718325 -0.93334562 0.21538745
vn -0.21821789 -0.87287158 0.43643579
vn -0.25916052 -0.43193421 0.86386842
vn 0.31799936 0.84799832 -0.42399916
vn 0.80845207 0.56591648 -0.16169041
vn 0.27472112 0.96152395 0.00000000
vn 0.85714287 0.42857143 -0.28571430
vn 0.62017369 0.74420840 -0.24806947
vn 0.40824831 0.40824831 -0.81649661
vn -0.38851434 -0.87415725 0.29138577
vn 0.00000000 -0.98058069 0.19611613
vn -0.64699662 -0.53916389 0.53916389
vn -0.23570226 -0.23570226 0.94280905
vn 0.84515423 0.50709254 -0.16903085
vn 0.21821789 0.87287158 -0.43643579
vn 0.84215194 0.42107597 -0.33686078
vn 0.16222142 0.97332853 -0.16222142
vn -0.16222142 0.16222142 -0.97332853
vn 0.23570226 0.23570226 0.94280905
vn -0.31234753 0.15617377 -0.93704259
vn -0.80178374 0.53452247 -0.26726124
vn -0.89442718 0.44721359 0.00000000
vn -0.89442718 0.44721359 0.00000000
vn -0.80845207 0.56591648 0.16169041
vn -0.25916052 0.43193421 0.86386842
vn -0.21821789 0.87287158 0.43643579
vn 0.27472112 0.96152395 0.00000000
vn 0.28221625 0.94072086 0.18814418
vn -0.53452247 0.80178374 -0.26726124
vn -0.44721359 0.89442718 0.00000000
vn -0.27472112 0.96152395 0.00000000
vn -0.36650833 0.85518610 0.36650833
vn -0.94072086 -0.18814418 -0.28221625
vn -0.40824831 -0.40824831 -0.81649661
vn -0.53452247 -0.80178374 -0.26726124
vn -0.44721359 -0.89442718 0.00000000
vn -0.89442718 -0.44721359 0.00000000
vn -0.44721359 -0.89442718 0.00000000
vn -0.89442718 -0.44721359 0.00000000
vn -0.62017369 -0.74420840 0.24806947
vn -0.84799832 -0.42399916 0.31799936
vn -0.40824831 -0.40824831 0.81649661
vn -0.96225047 -0.19245009 -0.19245009
vn -0.20507579 0.20507579 -0.95702028
vn -0.09759001 -0.97590005 -0.19518001
vn -0.43643579 -0.87287158 -0.21821789
vn -0.94385839 -0.33035043 0.00000000
vn -0.63960212 -0.63960212 -0.42640144
vn -0.34815532 -0.87038827 0.34815532
vn 0.00000000 -0.98058069 0.19611613
vn -0.64699662 -0.53916389 0.53916389
vn -0.14744195 -0.44232586 0.88465172
vn 0.49236596 -0.12309149 -0.86164045
vn -0.22941573 0.68824720 -0.68824720
vn -0.57735026 -0.57735026 -0.57735026
vn 0.21821789 0.43643579 -0.87287158
vn 0.00000000 -0.70710677 0.70710677
vn 0.00000000 -0.44721359 0.89442718
vn 0.68376344 0.45584232 -0.56980288
vn 0.19802950 0.69310325 -0.69310325
vn 0.40824831 0.40824831 -0.81649661
vn 0.29002094 -0.67671555 0.67671555
vn 0.54545456 -0.63636363 0.54545456
vn 0.40824831 -0.40824831 0.81649661
vn 0.21821789 0.87287158 -0.43643579
vn 0.24253562 0.97014248 0.00000000
vn 0.31622776 0.94868332 0.00000000
vn 0.64699662 0.53916389 -0.53916389
vn 0.48154342 0.84270096 -0.24077171
vn 0.40824831 0.40824831 -0.81649661
vn 0.68599433 -0.51449573 0.51449573
vn 0.59628481 -0.29814240 0.74535596
vn 0.44232586 -0.14744195 0.88465172
vn 0.31799936 0.84799832 -0.42399916
vn 0.80845207 0.56591648 -0.16169041
vn 0.27472112 0.96152395 0.00000000
vn 0.84799832 0.42399916 -0.31799936
vn 0.50709254 0.84515423 -0.16903085
vn 0.40824831 0.40824831 -0.81649661
vn 0.65079135 0.00000000 0.75925660
vn 0.43193421 0.25916052 0.86386842
vn 0.31799936 0.84799832 -0.42399916
vn 0.91234308 0.38014296 -0.15205719
vn 0.31234753 0.93704259 0.15617377
vn 0.81649661 0.40824831 0.40824831
vn 0.94573247 -0.07881104 -0.31524417
vn 0.97014248 -0.24253562 0.00000000
vn 0.94072086 -0.18814418 0.28221625
vn 0.97014248 0.00000000 -0.24253562
vn 0.99503720 -0.09950372 0.00000000
vn 1.00000000 0.00000000 0.00000000
vn 0.99654573 -0.08304548 0.00000000
vn 0.99745870 -0.07124705 0.00000000
vn 0.94072086 -0.18814418 0.28221625
vn 0.95782626 0.00000000 -0.28734788
vn 1.00000000 0.00000000 0.00000000
vn 1.00000000 0.00000000 0.00000000
vn 1.00000000 0.00000000 0.00000000
vn 1.00000000 0.00000000 0.00000000
vn 0.94174188 -0.33633640 0.00000000
vn 0.95770425 -0.23942606 0.15961738
vn 0.91287094 0.36514837 -0.18257418
vn 1.00000000 0.00000000 0.00000000
vn 1.00000000 0.00000000 0.00000000
vn 1.00000000 0.00000000 0.00000000
vn 0.87287158 -0.43643579 -0.21821789
vn 0.40824831 -0.40824831 -0.81649661
vn 0.50709254 -0.84515423 -0.16903085
vn 0.44721359 -0.89442718 0.00000000
vn 0.40824831 -0.81649661 0.40824831
vn 0.45584232 -0.68376344 0.56980288
vn 0.40824831 -0.40824831 0.81649661
vn 0.80812204 0.50507629 -0.30304575
vn 0.97014248 0.24253562 0.00000000
vn 0.93632919 0.00000000 -0.35112345
vn 0.44721359 0.00000000 -0.89442718
vn 0.57735026 -0.57735026 -0.57735026
vn 0.28718325 -0.93334562 0.21538745
vn 0.00000000 -1.00000000 0.00000000
vn 0.00000000 -1.00000000 0.00000000
vn 0.00000000 -0.98639393 0.16439898
vn -0.64699662 -0.53916389 0.53916389
vn 0.08908708 -0.44543540 0.89087081
vn 0.71554178 0.44721359 -0.53665632
vn 0.33333334 0.66666669 -0.66666669
vn 0.43193421 0.25916052 -0.86386842
vn 0.10050378 -0.70352650 0.70352650
vn 0.16222142 0.16222142 0.97332853
vn 0.00000000 0.18428853 -0.98287219
vn -0.62469506 0.46852130 -0.62469506
vn 0.88045090 0.44022545 0.17609018
vn 0.53452247 0.80178374 0.26726124
vn 0.40824831 0.40824831 0.81649661
vn 0.81649661 0.40824831 0.40824831
vn 0.44022545 0.88045090 0.17609018
vn 0.00000000 0.70710677 -0.70710677
vn -0.14106913 -0.07053456 -0.98748386
vn 0.39056674 0.65094453 0.65094453
vn 0.18823674 0.43921906 0.87843812
vn -0.95770425 0.23942606 -0.15961738
vn -0.23570226 -0.23570226 -0.94280905
vn -0.49236596 -0.61545748 -0.61545748
vn -1.00000000 0.00000000 0.00000000
vn -0.97014248 0.24253562 0.00000000
vn -0.89442718 0.35777089 0.26832816
vn -0.23076923 0.30769232 0.92307693
vn 0.11704115 0.70224690 0.70224690
vn -0.86154979 -0.35897908 -0.35897908
vn -0.43643579 -0.21821789 -0.87287158
vn -0.97014248 -0.24253562 0.00000000
vn -0.97014248 -0.24253562 0.00000000
vn -0.94280905 -0.23570226 0.23570226
vn -0.20936957 -0.26171196 0.94216305
vn -0.60131681 -0.52615219 -0.60131681
vn -0.18814418 -0.28221625 -0.94072086
vn -0.39056674 -0.65094453 -0.65094453
vn 0.00000000 -0.70710677 0.70710677
vn -0.68376344 -0.45584232 0.56980288
vn 0.08908708 -0.44543540 0.89087081
vn 0.74420840 0.24806947 -0.62017369
vn 0.44721359 0.00000000 -0.89442718
vn 0.10050378 -0.70352650 0.70352650
vn 0.25916052 -0.43193421 0.86386842
vn 0.28221625 0.18814418 -0.94072086
vn 0.11704115 -0.70224690 0.70224690
vn 0.28221625 -0.18814418 0.94072086
vn 0.36650833 0.85518610 -0.36650833
vn 0.80845207 0.56591648 -0.16169041
vn 0.27472112 0.96152395 0.00000000
vn 0.89442718 0.44721359 0.00000000
vn 0.44721359 0.89442718 0.00000000
vn 0.89442718 0.44721359 0.00000000
vn 0.44721359 0.89442718 0.00000000
vn 0.85714287 0.42857143 -0.28571430
vn 0.50709254 0.84515423 -0.16903085
vn 0.40824831 0.40824831 -0.81649661
vn 0.75257671 0.00000000 0.65850461
vn 0.43643579 0.21821789 0.87287158
vn 0.84515423 0.50709254 -0.16903085
vn 0.31799936 0.84799832 -0.42399916
vn 0.89442718 0.44721359 0.00000000
vn 0.44721359 0.89442718 0.00000000
vn 0.95447999 0.29827499 0.00000000
vn 0.50709254 0.84515423 0.16903085
vn 1.00000000 0.00000000 0.00000000
vn 0.98058069 0.00000000 0.19611613
vn 0.80812204 0.50507629 -0.30304575
vn 0.91168463 0.22792116 0.34188172
vn 0.92450035 -0.09245003 -0.36980012
vn 0.89442718 -0.44721359 0.00000000
vn 0.88045090 -0.44022545 0.17609018
vn 0.93704259 0.31234753 -0.15617377
vn 0.84799832 -0.31799936 -0.42399916
vn 0.27617240 -0.27617240 -0.92057461
vn 0.33104235 -0.91036648 -0.24828176
vn 0.27472112 -0.96152395 0.00000000
vn 0.00000000 -1.00000000 0.00000000
vn 0.09950372 -0.99503720 0.00000000
vn 0.23076923 -0.92307693 0.30769232
vn 0.63960212 -0.42640144 0.63960212
vn 0.44232586 -0.14744195 0.88465172
vn 0.73960024 0.18490006 -0.64715022
vn 0.24253562 0.00000000 -0.97014248
vn 0.88225752 0.29408586 0.36760733
vn 0.43193421 0.25916052 0.86386842
vn 0.96225047 0.19245009 0.19245009
vn 0.76822126 0.00000000 -0.64018440
vn 0.20507579 -0.20507579 -0.95702028
vn 0.60131681 0.52615219 0.60131681
vn 0.46852130 0.62469506 0.62469506
vn 0.40824831 0.40824831 0.81649661
vn -0.19047619 -0.23809524 -0.95238096
vn -0.66666669 -0.33333334 -0.66666669
vn 0.27216554 -0.68041384 -0.68041384
vn 0.45584232 0.56980288 0.68376344
vn 0.57735026 0.57735026 0.57735026
vn 0.44360697 0.12674485 0.88721395
vn 0.00000000 -0.33633640 -0.94174188
vn 0.24253562 0.00000000 0.97014248
vn -0.59628481 -0.29814240 -0.74535596
vn -0.16222142 -0.16222142 -0.97332853
vn 0.00000000 -0.70710677 -0.70710677
vn 0.28734788 0.00000000 0.95782626
vn 0.23570226 0.23570226 -0.94280905
vn 0.75257671 0.00000000 0.65850461
vn 0.43643579 0.21821789 0.87287158
vn 0.39056674 0.65094453 -0.65094453
vn 0.81923193 0.00000000 -0.57346237
vn 0.40824831 0.40824831 -0.81649661
vn 0.95770425 0.15961738 0.23942606
vn 0.61885273 0.72199488 0.30942637
vn 0.40824831 0.40824831 0.81649661
vn 0.99745870 0.07124705 0.00000000
vn 0.50709254 0.84515423 0.16903085
vn 1.00000000 0.00000000 0.00000000
vn 0.97014248 0.00000000 0.24253562
vn 0.87287158 0.43643579 -0.21821789
vn 0.54882127 0.76834983 -0.32929277
vn 0.94174188 0.33633640 0.00000000
vn 0.96152395 0.27472112 0.00000000
vn 0.50709254 0.84515423 0.16903085
vn 0.92847669 0.37139067 0.00000000
vn 0.96152395 0.27472112 0.00000000
vn 1.00000000 0.00000000 0.00000000
vn 0.99654573 -0.08304548 0.00000000
vn 0.98058069 0.00000000 0.19611613
vn 0.80812204 0.50507629 -0.30304575
vn 0.97014248 0.24253562 0.00000000
vn 0.91168463 0.22792116 0.34188172
vn -0.97014248 0.00000000 -0.24253562
vn -0.44630370 -0.06375767 -0.89260739
vn -0.15617377 -0.93704259 -0.31234753
vn -0.19245009 -0.96225047 0.19245009
vn -0.94280905 0.23570226 0.23570226
vn 0.00000000 0.00000000 1.00000000
vn -0.30151135 0.90453404 -0.30151135
vn 0.19245009 0.96225047 0.19245009
vn 0.15961738 -0.23942606 -0.95770425
vn 0.23570226 -0.94280905 -0.23570226
vn 0.24253562 -0.97014248 0.00000000
vn 0.24253562 -0.97014248 0.00000000
vn 0.34815532 -0.87038827 0.34815532
vn 0.52981293 -0.52981293 0.66226619
vn 0.44232586 -0.14744195 0.88465172
vn 0.24253562 0.00000000 -0.97014248
vn 0.66666669 0.33333334 0.66666669
vn 0.43193421 0.25916052 0.86386842
vn 0.28734788 0.00000000 -0.95782626
vn 0.94072086 0.18814418 0.28221625
vn 0.61885273 0.72199488 0.30942637
vn 0.40824831 0.40824831 0.81649661
vn 0.70436072 0.61631566 0.35218036
vn 0.44022545 0.88045090 0.17609018
vn 0.71713716 -0.35856858 -0.59761429
vn 0.44360697 -0.12674485 -0.88721395
vn 0.98639393 0.00000000 0.16439898
vn 0.64699662 0.53916389 0.53916389
vn 0.44232586 0.14744195 0.88465172
vn 0.72760689 0.48507124 0.48507124
vn 0.15617377 -0.31234753 -0.93704259
vn 0.49236596 -0.61545748 -0.61545748
vn 0.93632919 0.00000000 0.35112345
vn 0.44721359 0.00000000 0.89442718
vn 0.93632919 0.00000000 0.35112345
vn 0.81923193 0.00000000 -0.57346237
vn 0.44360697 0.12674485 -0.88721395
vn 0.92847669 0.00000000 0.37139067
vn 0.43193421 0.25916052 0.86386842
vn 0.93632919 0.00000000 0.35112345
vn 0.88045090 0.44022545 -0.17609018
vn 0.54882127 0.76834983 -0.32929277
vn 0.98994946 0.14142136 0.00000000
vn 0.99654573 0.08304548 0.00000000
vn 0.50709254 0.84515423 0.16903085
vn 0.92307693 0.38461539 0.00000000
vn 0.91168463 0.22792116 0.34188172
vn 0.80812204 0.50507629 -0.30304575
vn 0.78072006 0.48795003 0.39036003
vn -0.97014248 0.00000000 0.24253562
vn -0.09759001 -0.19518001 -0.97590005
vn 0.00000000 -1.00000000 0.00000000
vn 0.08908708 -0.44543540 0.89087081
vn -0.62469506 0.00000000 -0.78086883
vn 0.09759001 0.19518001 -0.97590005
vn 0.08804509 -0.70436072 0.70436072
vn 0.59628481 -0.29814240 0.74535596
vn 0.44543540 0.08908708 0.89087081
vn -0.19245009 0.96225047 -0.19245009
vn 0.30151135 0.90453404 0.30151135
vn 0.95346260 -0.09534626 -0.28603879
vn 0.97014248 -0.24253562 0.00000000
vn 0.97014248 -0.24253562 0.00000000
vn 0.94280905 -0.23570226 0.23570226
vn 0.95782626 0.00000000 -0.28734788
vn 1.00000000 0.00000000 0.00000000
vn 0.96152395 0.27472112 0.00000000
vn 0.91168463 0.22792116 0.34188172
vn 0.93632919 0.00000000 -0.35112345
vn 0.81110710 0.48666427 0.32444283
vn 0.93632919 0.35112345 0.00000000
vn 0.97014248 0.00000000 -0.24253562
vn 0.88465172 -0.14744195 0.44232586
vn 0.91168463 0.34188172 -0.22792116
vn 0.91168463 0.22792116 0.34188172
vn 1.00000000 0.00000000 0.00000000
vn 0.94280905 0.23570226 -0.23570226
vn 0.96225047 0.19245009 0.19245009
f 3//3 2//2 1//1
f 1//1 4//4 3//3
f 2//2 5//5 1//1
f 1//1 5//5 4//4
f 8//8 7//7 6//6
f 6//6 9//9 8//8
f 7//7 10//10 6//6
f 6//6 10//10 9//9
f 11//11 2//2 3//3
f 4//4 11//11 3//3
f 14//14 13//13 12//12
f 12//12 15//15 14//14
f 11//11 5//5 2//2
f 5//5 11//11 4//4
f 13//13 16//16 12//12
f 12//12 16//16 15//15
f 17//17 7//7 8//8
f 9//9 17//17 8//8
f 17//17 10//10 7//7
f 10//10 17//17 9//9
f 20//20 19//19 18//18
f 22//22 21//21 18//18
f 18//18 21//21 20//20
f 24//24 23//23 22//22
f 22//22 23//23 21//21
f 26//26 25//25 24//24
f 24//24 25//25 23//23
f 26//26 27//27 25//25
f 30//30 29//29 28//28
f 30//30 28//28 19//19
f 28//28 18//18 19//19
f 28//28 31//31 18//18
f 18//18 32//32 22//22
f 18//18 31//31 32//32
f 22//22 33//33 24//24
f 22//22 32//32 33//33
f 35//35 26//26 34//34
f 26//26 33//33 34//34
f 26//26 24//24 33//33
f 26//26 35//35 27//27
f 29//29 36//36 28//28
f 28//28 36//36 31//31
f 31//31 36//36 37//37
f 31//31 37//37 32//32
f 32//32 37//37 38//38
f 32//32 38//38 33//33
f 33//33 38//38 39//39
f 33//33 39//39 34//34
f 40//40 13//13 14//14
f 15//15 40//40 14//14
f 40//40 16//16 13//13
f 16//16 40//40 15//15
f 43//43 42//42 41//41
f 45//45 44//44 41//41
f 41//41 44//44 43//43
f 45//45 46//46 44//44
f 42//42 47//47 41//41
f 49//49 48//48 47//47
f 48//48 41//41 47//47
f 48//48 45//45 41//41
f 46//46 45//45 50//50
f 50//50 45//45 48//48
f 52//52 51//51 20//20
f 20//20 51//51 19//19
f 53//53 20//20 21//21
f 53//53 52//52 20//20
f 23//23 48//48 49//49
f 53//53 23//23 49//49
f 21//21 23//23 53//53
f 54//54 50//50 48//48
f 23//23 54//54 48//48
f 25//25 54//54 23//23
f 56//56 55//55 27//27
f 55//55 25//25 27//27
f 55//55 54//54 25//25
f 56//56 57//57 55//55
f 58//58 29//29 30//30
f 59//59 58//58 30//30
f 19//19 59//59 30//30
f 51//51 59//59 19//19
f 62//62 61//61 60//60
f 64//64 63//63 60//60
f 64//64 60//60 61//61
f 35//35 34//34 63//63
f 64//64 35//35 63//63
f 65//65 35//35 64//64
f 27//27 35//35 56//56
f 35//35 66//66 56//56
f 35//35 65//65 66//66
f 56//56 66//66 57//57
f 58//58 36//36 29//29
f 59//59 67//67 58//58
f 67//67 36//36 58//58
f 67//67 37//37 36//36
f 60//60 38//38 62//62
f 38//38 67//67 62//62
f 38//38 37//37 67//67
f 38//38 60//60 39//39
f 39//39 60//60 63//63
f 39//39 63//63 34//34
f 70//70 69//69 68//68
f 72//72 71//71 68//68
f 68//68 71//71 70//70
f 72//72 42//42 71//71
f 42//42 43//43 71//71
f 74//74 73//73 71//71
f 74//74 71//71 43//43
f 74//74 43//43 75//75
f 43//43 76//76 75//75
f 43//43 44//44 76//76
f 78//78 77//77 46//46
f 77//77 44//44 46//46
f 77//77 76//76 44//44
f 78//78 79//79 77//77
f 68//68 69//69 80//80
f 80//80 69//69 81//81
f 83//83 72//72 82//82
f 72//72 80//80 82//82
f 72//72 68//68 80//80
f 74//74 42//42 72//72
f 42//42 74//74 47//47
f 84//84 47//47 74//74
f 85//85 84//84 74//74
f 84//84 85//85 86//86
f 73//73 86//86 85//85
f 86//86 73//73 83//83
f 72//72 83//83 73//73
f 74//74 72//72 73//73
f 49//49 47//47 84//84
f 75//75 85//85 74//74
f 89//89 88//88 87//87
f 50//50 90//90 46//46
f 90//90 87//87 46//46
f 88//88 46//46 87//87
f 46//46 88//88 78//78
f 91//91 78//78 88//88
f 78//78 91//91 90//90
f 90//90 92//92 78//78
f 50//50 92//92 90//90
f 90//90 91//91 87//87
f 79//79 78//78 93//93
f 93//93 78//78 92//92
f 81//81 94//94 80//80
f 51//51 94//94 95//95
f 94//94 51//51 80//80
f 52//52 80//80 51//51
f 80//80 52//52 82//82
f 96//96 82//82 52//52
f 53//53 84//84 86//86
f 96//96 53//53 86//86
f 52//52 53//53 96//96
f 87//87 97//97 89//89
f 49//49 84//84 53//53
f 50//50 54//54 92//92
f 87//87 91//91 97//97
f 54//54 55//55 92//92
f 55//55 98//98 92//92
f 98//98 93//93 92//92
f 55//55 99//99 98//98
f 57//57 99//99 55//55
f 102//102 101//101 100//100
f 100//100 103//103 102//102
f 105//105 59//59 104//104
f 59//59 95//95 104//104
f 59//59 51//51 95//95
f 61//61 62//62 105//105
f 104//104 61//61 105//105
f 106//106 61//61 104//104
f 106//106 108//108 107//107
f 64//64 106//106 107//107
f 61//61 106//106 64//64
f 64//64 107//107 109//109
f 110//110 64//64 109//109
f 65//65 64//64 110//110
f 99//99 66//66 98//98
f 66//66 110//110 98//98
f 66//66 65//65 110//110
f 66//66 99//99 57//57
f 101//101 111//111 100//100
f 100//100 111//111 103//103
f 105//105 67//67 59//59
f 67//67 105//105 62//62
f 108//108 112//112 107//107
f 107//107 112//112 109//109
f 115//115 114//114 113//113
f 113//113 116//116 115//115
f 114//114 117//117 113//113
f 113//113 117//117 116//116
f 120//120 119//119 118//118
f 122//122 121//121 118//118
f 118//118 121//121 120//120
f 124//124 123//123 122//122
f 122//122 123//123 121//121
f 126//126 125//125 124//124
f 124//124 125//125 123//123
f 126//126 127//127 125//125
f 118//118 119//119 128//128
f 128//128 119//119 129//129
f 118//118 130//130 122//122
f 118//118 128//128 130//130
f 122//122 131//131 124//124
f 122//122 130//130 131//131
f 133//133 126//126 132//132
f 126//126 131//131 132//132
f 126//126 124//124 131//131
f 126//126 133//133 127//127
f 128//128 129//129 134//134
f 134//134 129//129 135//135
f 137//137 130//130 136//136
f 130//130 134//134 136//136
f 130//130 128//128 134//134
f 130//130 137//137 131//131
f 131//131 137//137 138//138
f 131//131 138//138 132//132
f 135//135 139//139 134//134
f 134//134 139//139 136//136
f 141//141 140//140 70//70
f 70//70 140//140 69//69
f 142//142 70//70 71//71
f 142//142 141//141 70//70
f 144//144 143//143 73//73
f 143//143 71//71 73//73
f 143//143 142//142 71//71
f 75//75 76//76 144//144
f 76//76 143//143 144//144
f 76//76 145//145 143//143
f 147//147 145//145 146//146
f 145//145 77//77 146//146
f 145//145 76//76 77//77
f 79//79 146//146 77//77
f 149//149 81//81 148//148
f 81//81 140//140 148//148
f 81//81 69//69 140//140
f 150//150 83//83 82//82
f 151//151 149//149 148//148
f 85//85 144//144 73//73
f 86//86 83//83 150//150
f 75//75 144//144 85//85
f 88//88 89//89 152//152
f 147//147 154//154 153//153
f 147//147 152//152 154//154
f 152//152 147//147 88//88
f 146//146 88//88 147//147
f 88//88 146//146 91//91
f 154//154 91//91 146//146
f 146//146 155//155 154//154
f 154//154 155//155 153//153
f 152//152 91//91 154//154
f 93//93 156//156 79//79
f 157//157 79//79 156//156
f 79//79 157//157 146//146
f 158//158 146//146 157//157
f 146//146 158//158 155//155
f 156//156 159//159 157//157
f 162//162 161//161 160//160
f 160//160 163//163 162//162
f 165//165 94//94 164//164
f 94//94 81//81 164//164
f 164//164 81//81 149//149
f 166//166 164//164 149//149
f 149//149 151//151 166//166
f 150//150 82//82 96//96
f 165//165 95//95 94//94
f 150//150 96//96 86//86
f 97//97 152//152 89//89
f 153//153 168//168 167//167
f 168//168 152//152 167//167
f 97//97 167//167 152//152
f 167//167 97//97 169//169
f 91//91 169//169 97//97
f 169//169 91//91 168//168
f 168//168 155//155 169//169
f 153//153 155//155 168//168
f 168//168 91//91 152//152
f 98//98 156//156 93//93
f 156//156 98//98 170//170
f 169//169 170//170 98//98
f 170//170 169//169 158//158
f 155//155 158//158 169//169
f 170//170 171//171 156//156
f 171//171 172//172 156//156
f 173//173 159//159 156//156
f 173//173 156//156 172//172
f 101//101 102//102 172//172
f 102//102 173//173 172//172
f 102//102 174//174 173//173
f 175//175 160//160 103//103
f 160//160 174//174 103//103
f 174//174 102//102 103//103
f 160//160 161//161 174//174
f 163//163 160//160 176//176
f 176//176 160//160 175//175
f 164//164 177//177 165//165
f 165//165 177//177 95//95
f 177//177 104//104 95//95
f 177//177 178//178 104//104
f 104//104 179//179 106//106
f 178//178 179//179 104//104
f 181//181 180//180 108//108
f 106//106 181//181 108//108
f 179//179 181//181 106//106
f 180//180 181//181 167//167
f 180//180 167//167 169//169
f 109//109 180//180 169//169
f 110//110 109//109 169//169
f 110//110 169//169 98//98
f 171//171 182//182 172//172
f 172//172 182//182 101//101
f 182//182 111//111 101//101
f 182//182 183//183 111//111
f 103//103 111//111 175//175
f 111//111 184//184 175//175
f 111//111 183//183 184//184
f 175//175 184//184 176//176
f 180//180 112//112 108//108
f 112//112 180//180 109//109
f 185//185 114//114 115//115
f 116//116 185//185 115//115
f 185//185 117//117 114//114
f 117//117 185//185 116//116
f 188//188 187//187 186//186
f 190//190 189//189 186//186
f 186//186 189//189 188//188
f 192//192 191//191 190//190
f 190//190 191//191 189//189
f 194//194 193//193 192//192
f 192//192 193//193 191//191
f 196//196 195//195 194//194
f 194//194 195//195 193//193
f 198//198 197//197 196//196
f 196//196 197//197 195//195
f 198//198 199//199 197//197
f 202//202 201//201 200//200
f 202//202 200//200 187//187
f 200//200 186//186 187//187
f 200//200 203//203 186//186
f 203//203 119//119 120//120
f 190//190 203//203 120//120
f 186//186 203//203 190//190
f 190//190 120//120 121//121
f 190//190 121//121 192//192
f 192//192 121//121 123//123
f 192//192 123//123 194//194
f 194//194 123//123 125//125
f 194//194 125//125 196//196
f 196//196 125//125 127//127
f 204//204 196//196 127//127
f 198//198 196//196 204//204
f 199//199 198//198 205//205
f 205//205 198//198 204//204
f 200//200 201//201 206//206
f 206//206 201//201 207//207
f 200//200 208//208 203//203
f 200//200 206//206 208//208
f 208//208 129//129 119//119
f 208//208 119//119 203//203
f 132//132 209//209 133//133
f 209//209 210//210 133//133
f 133//133 210//210 127//127
f 210//210 211//211 127//127
f 211//211 204//204 127//127
f 204//204 211//211 205//205
f 206//206 207//207 212//212
f 212//212 207//207 213//213
f 206//206 214//214 208//208
f 206//206 212//212 214//214
f 214//214 135//135 129//129
f 214//214 129//129 208//208
f 136//136 215//215 137//137
f 216//216 138//138 137//137
f 216//216 137//137 215//215
f 216//216 217//217 138//138
f 138//138 217//217 132//132
f 217//217 218//218 132//132
f 218//218 209//209 132//132
f 209//209 218//218 210//210
f 212//212 213//213 219//219
f 219//219 213//213 220//220
f 222//222 214//214 221//221
f 214//214 219//219 221//221
f 214//214 212//212 219//219
f 214//214 222//222 135//135
f 222//222 139//139 135//135
f 222//222 223//223 139//139
f 136//136 139//139 215//215
f 139//139 224//224 215//215
f 139//139 223//223 224//224
f 215//215 224//224 216//216
f 216//216 224//224 225//225
f 216//216 225//225 217//217
f 220//220 226//226 219//219
f 219//219 226//226 221//221
f 229//229 228//228 227//227
f 227//227 230//230 229//229
f 233//233 232//232 231//231
f 140//140 141//141 231//231
f 141//141 233//233 231//231
f 141//141 234//234 233//233
f 142//142 227//227 228//228
f 234//234 142//142 228//228
f 141//141 142//142 234//234
f 235//235 230//230 227//227
f 142//142 235//235 227//227
f 143//143 235//235 142//142
f 236//236 143//143 145//145
f 236//236 235//235 143//143
f 238//238 237//237 147//147
f 237//237 145//145 147//147
f 237//237 236//236 145//145
f 238//238 239//239 237//237
f 242//242 241//241 240//240
f 244//244 243//243 240//240
f 240//240 243//243 242//242
f 246//246 245//245 244//244
f 244//244 245//245 243//243
f 248//248 247//247 246//246
f 246//246 247//247 245//245
f 250//250 249//249 248//248
f 248//248 249//249 247//247
f 252//252 251//251 250//250
f 250//250 251//251 249//249
f 254//254 253//253 252//252
f 252//252 253//253 251//251
f 254//254 255//255 253//253
f 232//232 256//256 231//231
f 231//231 256//256 140//140
f 256//256 148//148 140//140
f 256//256 257//257 148//148
f 151//151 148//148 257//257
f 151//151 257//257 258//258
f 153//153 259//259 238//238
f 153//153 238//238 147//147
f 239//239 261//261 260//260
f 261//261 239//239 157//157
f 238//238 157//157 239//239
f 157//157 238//238 158//158
f 259//259 158//158 238//238
f 159//159 261//261 157//157
f 240//240 241//241 262//262
f 262//262 241//241 263//263
f 262//262 161//161 162//162
f 244//244 262//262 162//162
f 240//240 262//262 244//244
f 244//244 162//162 163//163
f 264//264 244//244 163//163
f 246//246 244//244 264//264
f 246//246 265//265 248//248
f 246//246 264//264 265//265
f 248//248 266//266 250//250
f 248//248 265//265 266//266
f 250//250 267//267 252//252
f 250//250 266//266 267//267
f 252//252 268//268 254//254
f 252//252 267//267 268//268
f 255//255 254//254 269//269
f 269//269 254//254 268//268
f 271//271 270//270 166//166
f 166//166 270//270 164//164
f 166//166 151//151 258//258
f 166//166 258//258 271//271
f 274//274 273//273 272//272
f 273//273 275//275 259//259
f 167//167 273//273 259//259
f 153//153 167//167 259//259
f 272//272 273//273 167//167
f 260//260 261//261 275//275
f 261//261 170//170 275//275
f 158//158 259//259 275//275
f 158//158 275//275 170//170
f 171//171 170//170 276//276
f 261//261 276//276 170//170
f 276//276 261//261 277//277
f 159//159 277//277 261//261
f 277//277 159//159 173//173
f 174//174 262//262 263//263
f 277//277 174//174 263//263
f 173//173 174//174 277//277
f 262//262 174//174 161//161
f 176//176 278//278 264//264
f 176//176 264//264 163//163
f 280//280 265//265 279//279
f 265//265 278//278 279//279
f 265//265 264//264 278//278
f 282//282 281//281 280//280
f 281//281 265//265 280//280
f 281//281 266//266 265//265
f 266//266 283//283 267//267
f 266//266 281//281 283//283
f 267//267 284//284 268//268
f 267//267 283//283 284//284
f 269//269 268//268 285//285
f 285//285 268//268 284//284
f 270//270 286//286 164//164
f 164//164 286//286 177//177
f 177//177 287//287 178//178
f 286//286 287//287 177//177
f 178//178 288//288 179//179
f 287//287 288//288 178//178
f 272//272 181//181 274//274
f 181//181 288//288 274//274
f 181//181 179//179 288//288
f 181//181 272//272 167//167
f 276//276 289//289 171//171
f 171//171 289//289 182//182
f 289//289 291//291 290//290
f 183//183 289//289 290//290
f 182//182 289//289 183//183
f 183//183 290//290 292//292
f 293//293 183//183 292//292
f 184//184 183//183 293//293
f 176//176 184//184 278//278
f 184//184 294//294 278//278
f 184//184 293//293 294//294
f 278//278 294//294 279//279
f 282//282 295//295 281//281
f 281//281 295//295 283//283
f 283//283 295//295 296//296
f 283//283 296//296 284//284
f 284//284 296//296 297//297
f 284//284 297//297 285//285
f 291//291 298//298 290//290
f 290//290 298//298 292//292
f 301//301 300//300 299//299
f 299//299 302//302 301//301
f 300//300 303//303 299//299
f 299//299 303//303 302//302
f 306//306 305//305 304//304
f 308//308 307//307 304//304
f 304//304 307//307 306//306
f 310//310 309//309 308//308
f 308//308 309//309 307//307
f 310//310 311//311 309//309
f 314//314 313//313 312//312
f 314//314 312//312 305//305
f 305//305 312//312 304//304
f 312//312 187//187 304//304
f 187//187 188//188 304//304
f 304//304 188//188 189//189
f 304//304 189//189 308//308
f 308//308 189//189 191//191
f 308//308 191//191 310//310
f 315//315 311//311 310//310
f 191//191 315//315 310//310
f 193//193 315//315 191//191
f 316//316 193//193 195//195
f 316//316 315//315 193//193
f 317//317 195//195 197//197
f 317//317 316//316 195//195
f 319//319 318//318 199//199
f 318//318 197//197 199//199
f 318//318 317//317 197//197
f 319//319 320//320 318//318
f 323//323 322//322 321//321
f 323//323 321//321 313//313
f 313//313 321//321 312//312
f 321//321 201//201 312//312
f 201//201 202//202 312//312
f 312//312 202//202 187//187
f 205//205 324//324 319//319
f 205//205 319//319 199//199
f 320//320 319//319 325//325
f 325//325 319//319 324//324
f 321//321 322//322 326//326
f 326//326 322//322 327//327
f 326//326 207//207 201//201
f 326//326 201//201 321//321
f 210//210 328//328 211//211
f 328//328 329//329 211//211
f 211//211 329//329 205//205
f 329//329 330//330 205//205
f 330//330 324//324 205//205
f 324//324 330//330 325//325
f 326//326 327//327 331//331
f 331//331 327//327 332//332
f 331//331 213//213 207//207
f 331//331 207//207 326//326
f 334//334 333//333 218//218
f 334//334 218//218 217//217
f 210//210 218//218 328//328
f 218//218 335//335 328//328
f 218//218 333//333 335//335
f 328//328 335//335 329//329
f 331//331 332//332 336//336
f 336//336 332//332 337//337
f 336//336 220//220 213//213
f 336//336 213//213 331//331
f 221//221 338//338 222//222
f 222//222 338//338 339//339
f 340//340 222//222 339//339
f 223//223 222//222 340//340
f 223//223 341//341 224//224
f 340//340 341//341 223//223
f 224//224 342//342 225//225
f 341//341 342//342 224//224
f 217//217 225//225 334//334
f 334//334 225//225 342//342
f 337//337 343//343 336//336
f 336//336 343//343 220//220
f 343//343 226//226 220//220
f 343//343 344//344 226//226
f 221//221 226//226 338//338
f 226//226 345//345 338//338
f 226//226 344//344 345//345
f 338//338 345//345 339//339
f 348//348 347//347 346//346
f 346//346 349//349 348//348
f 350//350 228//228 229//229
f 230//230 350//350 229//229
f 353//353 352//352 351//351
f 355//355 354//354 351//351
f 351//351 354//354 353//353
f 357//357 356//356 355//355
f 355//355 356//356 354//354
f 359//359 358//358 357//357
f 357//357 358//358 356//356
f 358//358 359//359 347//347
f 359//359 346//346 347//347
f 359//359 360//360 346//346
f 349//349 346//346 361//361
f 361//361 346//346 360//360
f 362//362 232//232 233//233
f 234//234 363//363 233//233
f 233//233 363//363 362//362
f 228//228 350//350 234//234
f 350//350 363//363 234//234
f 350//350 364//364 363//363
f 364//364 350//350 230//230
f 365//365 364//364 230//230
f 235//235 365//365 230//230
f 366//366 364//364 365//365
f 367//367 235//235 236//236
f 367//367 365//365 235//235
f 368//368 236//236 237//237
f 368//368 367//367 236//236
f 370//370 369//369 239//239
f 369//369 237//237 239//239
f 369//369 368//368 237//237
f 370//370 371//371 369//369
f 373//373 372//372 242//242
f 242//242 372//372 241//241
f 374//374 242//242 243//243
f 374//374 373//373 242//242
f 245//245 351//351 352//352
f 374//374 245//245 352//352
f 243//243 245//245 374//374
f 351//351 245//245 247//247
f 351//351 247//247 355//355
f 355//355 247//247 249//249
f 355//355 249//249 357//357
f 357//357 249//249 251//251
f 357//357 251//251 359//359
f 359//359 251//251 253//253
f 359//359 253//253 360//360
f 253//253 255//255 360//360
f 255//255 361//361 360//360
f 255//255 375//375 361//361
f 362//362 256//256 232//232
f 256//256 362//362 257//257
f 257//257 362//362 363//363
f 257//257 363//363 258//258
f 363//363 376//376 258//258
f 363//363 364//364 376//376
f 364//364 366//366 377//377
f 378//378 364//364 377//377
f 376//376 364//364 378//378
f 379//379 378//378 377//377
f 260//260 380//380 370//370
f 260//260 370//370 239//239
f 371//371 370//370 381//381
f 370//370 382//382 381//381
f 370//370 380//380 382//382
f 372//372 381//381 382//382
f 263//263 372//372 382//382
f 241//241 372//372 263//263
f 269//269 384//384 383//383
f 375//375 269//269 383//383
f 255//255 269//269 375//375
f 384//384 385//385 383//383
f 386//386 270//270 271//271
f 258//258 376//376 271//271
f 376//376 386//386 271//271
f 376//376 387//387 386//386
f 388//388 376//376 378//378
f 387//387 376//376 388//388
f 389//389 273//273 274//274
f 378//378 389//389 274//274
f 388//388 378//378 274//274
f 389//389 378//378 379//379
f 273//273 390//390 275//275
f 389//389 390//390 273//273
f 260//260 275//275 380//380
f 275//275 391//391 380//380
f 275//275 390//390 391//391
f 393//393 392//392 391//391
f 276//276 391//391 392//392
f 391//391 276//276 380//380
f 277//277 380//380 276//276
f 380//380 277//277 382//382
f 277//277 263//263 382//382
f 392//392 393//393 394//394
f 279//279 395//395 280//280
f 395//395 282//282 280//280
f 397//397 396//396 384//384
f 269//269 397//397 384//384
f 285//285 397//397 269//269
f 384//384 396//396 385//385
f 386//386 286//286 270//270
f 286//286 386//386 287//287
f 287//287 386//386 387//387
f 287//287 387//387 288//288
f 288//288 387//387 388//388
f 288//288 388//388 274//274
f 392//392 289//289 276//276
f 399//399 398//398 291//291
f 399//399 291//291 289//289
f 394//394 399//399 289//289
f 392//392 394//394 289//289
f 400//400 293//293 292//292
f 401//401 398//398 399//399
f 402//402 294//294 293//293
f 402//402 293//293 400//400
f 395//395 279//279 294//294
f 402//402 395//395 294//294
f 403//403 395//395 402//402
f 404//404 295//295 282//282
f 395//395 404//404 282//282
f 403//403 404//404 395//395
f 405//405 296//296 295//295
f 405//405 295//295 404//404
f 296//296 405//405 406//406
f 407//407 296//296 406//406
f 297//297 296//296 407//407
f 285//285 297//297 397//397
f 397//397 297//297 407//407
f 398//398 298//298 291//291
f 408//408 398//398 401//401
f 398//398 408//408 298//298
f 409//409 298//298 408//408
f 298//298 409//409 292//292
f 400//400 292//292 409//409
f 400//400 410//410 402//402
f 400//400 409//409 410//410
f 402//402 411//411 403//403
f 402//402 410//410 411//411
f 413//413 404//404 412//412
f 404//404 411//411 412//412
f 404//404 403//403 411//411
f 404//404 413//413 405//405
f 405//405 413//413 414//414
f 405//405 414//414 406//406
f 409//409 408//408 415//415
f 415//415 408//408 416//416
f 409//409 417//417 410//410
f 409//409 415//415 417//417
f 410//410 418//418 411//411
f 410//410 417//417 418//418
f 412//412 411//411 419//419
f 419//419 411//411 418//418
f 416//416 420//420 415//415
f 422//422 421//421 420//420
f 421//421 415//415 420//420
f 421//421 417//417 415//415
f 424//424 418//418 423//423
f 418//418 421//421 423//423
f 418//418 417//417 421//421
f 418//418 424//424 419//419
f 422//422 425//425 421//421
f 421//421 425//425 423//423
f 428//428 427//427 426//426
f 430//430 429//429 426//426
f 426//426 429//429 428//428
f 430//430 431//431 429//429
f 426//426 427//427 432//432
f 432//432 427//427 433//433
f 435//435 430//430 434//434
f 430//430 432//432 434//434
f 430//430 426//426 432//432
f 430//430 435//435 431//431
f 433//433 436//436 432//432
f 432//432 436//436 434//434
f 439//439 438//438 437//437
f 437//437 440//440 439//439
f 438//438 441//441 437//437
f 437//437 441//441 440//440
f 442//442 300//300 301//301
f 302//302 442//442 301//301
f 442//442 303//303 300//300
f 303//303 442//442 302//302
f 445//445 444//444 443//443
f 447//447 446//446 443//443
f 443//443 446//446 445//445
f 447//447 448//448 446//446
f 451//451 450//450 449//449
f 451//451 449//449 444//444
f 449//449 443//443 444//444
f 449//449 452//452 443//443
f 443//443 453//453 447//447
f 443//443 452//452 453//453
f 448//448 447//447 454//454
f 447//447 455//455 454//454
f 447//447 453//453 455//455
f 455//455 456//456 454//454
f 449//449 450//450 457//457
f 457//457 450//450 458//458
f 460//460 452//452 459//459
f 452//452 457//457 459//459
f 452//452 449//449 457//457
f 452//452 460//460 453//453
f 453//453 460//460 461//461
f 453//453 461//461 455//455
f 455//455 461//461 462//462
f 455//455 462//462 456//456
f 458//458 463//463 457//457
f 457//457 463//463 459//459
f 466//466 465//465 464//464
f 305//305 306//306 464//464
f 306//306 466//466 464//464
f 306//306 467//467 466//466
f 468//468 306//306 307//307
f 468//468 467//467 306//306
f 469//469 307//307 309//309
f 469//469 468//468 307//307
f 471//471 470//470 311//311
f 470//470 309//309 311//311
f 470//470 469//469 309//309
f 473//473 472//472 471//471
f 471//471 472//472 470//470
f 475//475 474//474 473//473
f 473//473 474//474 472//472
f 477//477 476//476 475//475
f 475//475 476//476 474//474
f 477//477 478//478 476//476
f 464//464 465//465 314//314
f 465//465 313//313 314//314
f 465//465 479//479 313//313
f 464//464 314//314 305//305
f 315//315 471//471 311//311
f 471//471 315//315 316//316
f 471//471 316//316 473//473
f 473//473 316//316 317//317
f 473//473 317//317 475//475
f 475//475 317//317 318//318
f 475//475 318//318 477//477
f 481//481 480//480 320//320
f 320//320 480//480 318//318
f 480//480 478//478 318//318
f 478//478 477//477 318//318
f 481//481 482//482 480//480
f 484//484 483//483 323//323
f 323//323 483//483 322//322
f 323//323 313//313 479//479
f 323//323 479//479 484//484
f 486//486 485//485 481//481
f 320//320 486//486 481//481
f 325//325 486//486 320//320
f 481//481 485//485 482//482
f 483//483 327//327 322//322
f 487//487 327//327 483//483
f 489//489 488//488 330//330
f 489//489 330//330 329//329
f 325//325 330//330 486//486
f 486//486 330//330 488//488
f 487//487 332//332 327//327
f 490//490 332//332 487//487
f 493//493 492//492 491//491
f 333//333 334//334 491//491
f 492//492 333//333 491//491
f 494//494 333//333 492//492
f 333//333 495//495 335//335
f 494//494 495//495 333//333
f 329//329 335//335 489//489
f 489//489 335//335 495//495
f 490//490 337//337 332//332
f 496//496 337//337 490//490
f 498//498 497//497 340//340
f 498//498 340//340 339//339
f 340//340 499//499 341//341
f 497//497 499//499 340//340
f 491//491 342//342 493//493
f 342//342 499//499 493//493
f 342//342 341//341 499//499
f 342//342 491//491 334//334
f 343//343 337//337 500//500
f 337//337 501//501 500//500
f 337//337 496//496 501//501
f 343//343 500//500 502//502
f 503//503 343//343 502//502
f 344//344 343//343 503//503
f 344//344 504//504 345//345
f 503//503 504//504 344//344
f 339//339 345//345 498//498
f 498//498 345//345 504//504
f 506//506 505//505 348//348
f 348//348 505//505 347//347
f 507//507 500//500 349//349
f 500//500 506//506 349//349
f 506//506 348//348 349//349
f 500//500 501//501 506//506
f 502//502 500//500 508//508
f 508//508 500//500 507//507
f 509//509 352//352 353//353
f 509//509 353//353 510//510
f 353//353 511//511 510//510
f 353//353 354//354 511//511
f 512//512 354//354 356//356
f 512//512 511//511 354//354
f 513//513 356//356 358//358
f 513//513 512//512 356//356
f 358//358 347//347 505//505
f 358//358 505//505 513//513
f 361//361 514//514 507//507
f 361//361 507//507 349//349
f 508//508 507//507 515//515
f 515//515 507//507 514//514
f 518//518 517//517 516//516
f 516//516 519//519 518//518
f 520//520 366//366 365//365
f 520//520 365//365 521//521
f 365//365 522//522 521//521
f 365//365 367//367 522//522
f 523//523 367//367 368//368
f 523//523 522//522 367//367
f 524//524 368//368 369//369
f 524//524 523//523 368//368
f 526//526 525//525 371//371
f 525//525 369//369 371//371
f 525//525 524//524 369//369
f 372//372 373//373 526//526
f 373//373 525//525 526//526
f 373//373 527//527 525//525
f 528//528 373//373 374//374
f 528//528 527//527 373//373
f 374//374 352//352 509//509
f 529//529 374//374 509//509
f 528//528 374//374 529//529
f 529//529 509//509 510//510
f 375//375 530//530 514//514
f 375//375 514//514 361//361
f 515//515 514//514 531//531
f 531//531 514//514 530//530
f 517//517 532//532 516//516
f 516//516 532//532 519//519
f 520//520 377//377 366//366
f 379//379 377//377 520//520
f 521//521 379//379 520//520
f 533//533 379//379 521//521
f 381//381 526//526 371//371
f 526//526 381//381 372//372
f 383//383 530//530 375//375
f 383//383 385//385 530//530
f 385//385 531//531 530//530
f 385//385 534//534 531//531
f 533//533 535//535 379//379
f 379//379 535//535 389//389
f 389//389 536//536 390//390
f 535//535 536//536 389//389
f 390//390 537//537 391//391
f 536//536 537//537 390//390
f 537//537 539//539 538//538
f 393//393 537//537 538//538
f 391//391 537//537 393//393
f 538//538 394//394 393//393
f 541//541 540//540 396//396
f 541//541 396//396 397//397
f 385//385 396//396 534//534
f 534//534 396//396 540//540
f 539//539 542//542 538//538
f 542//542 544//544 543//543
f 542//542 543//543 399//399
f 538//538 542//542 399//399
f 394//394 538//538 399//399
f 543//543 401//401 399//399
f 546//546 545//545 407//407
f 546//546 407//407 406//406
f 397//397 407//407 541//541
f 541//541 407//407 545//545
f 544//544 547//547 543//543
f 401//401 543//543 547//547
f 548//548 401//401 547//547
f 408//408 401//401 548//548
f 412//412 549//549 413//413
f 413//413 549//549 550//550
f 551//551 413//413 550//550
f 414//414 413//413 551//551
f 406//406 414//414 546//546
f 546//546 414//414 551//551
f 548//548 416//416 408//408
f 552//552 416//416 548//548
f 419//419 553//553 549//549
f 419//419 549//549 412//412
f 550//550 549//549 554//554
f 554//554 549//549 553//553
f 557//557 556//556 555//555
f 555//555 558//558 557//557
f 420//420 416//416 559//559
f 416//416 560//560 559//559
f 416//416 552//552 560//560
f 559//559 422//422 420//420
f 562//562 561//561 424//424
f 562//562 424//424 423//423
f 424//424 561//561 419//419
f 561//561 563//563 419//419
f 563//563 553//553 419//419
f 563//563 561//561 564//564
f 554//554 553//553 565//565
f 565//565 553//553 563//563
f 568//568 567//567 566//566
f 570//570 569//569 566//566
f 566//566 569//569 568//568
f 569//569 570//570 556//556
f 570//570 555//555 556//556
f 570//570 571//571 555//555
f 558//558 555//555 572//572
f 572//572 555//555 571//571
f 575//575 574//574 573//573
f 577//577 576//576 573//573
f 573//573 576//576 575//575
f 576//576 577//577 560//560
f 577//577 559//559 560//560
f 577//577 578//578 559//559
f 579//579 425//425 422//422
f 559//559 579//579 422//422
f 578//578 579//579 559//559
f 579//579 580//580 425//425
f 580//580 423//423 425//425
f 580//580 562//562 423//423
f 564//564 581//581 563//563
f 563//563 581//581 565//565
f 567//567 582//582 566//566
f 566//566 582//582 570//570
f 570//570 582//582 583//583
f 570//570 583//583 571//571
f 571//571 583//583 584//584
f 571//571 584//584 572//572
f 574//574 585//585 573//573
f 573//573 585//585 577//577
f 577//577 585//585 586//586
f 577//577 586//586 578//578
f 578//578 586//586 587//587
f 578//578 587//587 579//579
f 579//579 587//587 588//588
f 579//579 588//588 580//580
f 591//591 590//590 589//589
f 593//593 592//592 589//589
f 589//589 592//592 591//591
f 593//593 594//594 592//592
f 590//590 595//595 589//589
f 589//589 595//595 593//593
f 593//593 595//595 596//596
f 593//593 596//596 594//594
f 599//599 598//598 597//597
f 601//601 600//600 597//597
f 597//597 600//600 599//599
f 601//601 602//602 600//600
f 597//597 598//598 603//603
f 603//603 598//598 604//604
f 607//607 606//606 605//605
f 601//601 427//427 428//428
f 427//427 601//601 603//603
f 597//597 603//603 601//601
f 429//429 601//601 428//428
f 601//601 429//429 602//602
f 608//608 602//602 429//429
f 602//602 608//608 606//606
f 605//605 606//606 608//608
f 431//431 608//608 429//429
f 611//611 610//610 609//609
f 609//609 612//612 611//611
f 615//615 614//614 613//613
f 615//615 613//613 604//604
f 613//613 603//603 604//604
f 613//613 616//616 603//603
f 427//427 617//617 433//433
f 617//617 605//605 433//433
f 618//618 433//433 605//605
f 433//433 618//618 616//616
f 607//607 616//616 618//618
f 616//616 607//607 617//617
f 617//617 603//603 616//616
f 427//427 603//603 617//617
f 617//617 607//607 605//605
f 618//618 620//620 619//619
f 618//618 621//621 620//620
f 621//621 618//618 434//434
f 605//605 434//434 618//618
f 434//434 605//605 435//435
f 620//620 435//435 605//605
f 605//605 608//608 620//620
f 620//620 608//608 619//619
f 621//621 435//435 620//620
f 619//619 608//608 622//622
f 431//431 622//622 608//608
f 622//622 431//431 623//623
f 435//435 623//623 431//431
f 623//623 435//435 621//621
f 623//623 624//624 622//622
f 610//610 625//625 609//609
f 609//609 625//625 612//612
f 613//613 614//614 626//626
f 626//626 614//614 627//627
f 613//613 628//628 616//616
f 613//613 626//626 628//628
f 629//629 436//436 433//433
f 616//616 629//629 433//433
f 628//628 629//629 616//616
f 621//621 434//434 436//436
f 629//629 621//621 436//436
f 630//630 621//621 629//629
f 630//630 438//438 439//439
f 623//623 630//630 439//439
f 621//621 630//630 623//623
f 439//439 440//440 623//623
f 440//440 624//624 623//623
f 440//440 631//631 624//624
f 626//626 627//627 632//632
f 632//632 627//627 633//633
f 626//626 634//634 628//628
f 626//626 632//632 634//634
f 628//628 635//635 629//629
f 628//628 634//634 635//635
f 629//629 636//636 630//630
f 629//629 635//635 636//636
f 630//630 636//636 438//438
f 636//636 637//637 438//438
f 637//637 441//441 438//438
f 636//636 638//638 637//637
f 440//440 441//441 631//631
f 631//631 441//441 637//637
f 641//641 640//640 639//639
f 641//641 639//639 633//633
f 639//639 632//632 633//633
f 639//639 642//642 632//632
f 632//632 643//643 634//634
f 632//632 642//642 643//643
f 645//645 635//635 644//644
f 635//635 643//643 644//644
f 635//635 634//634 643//643
f 635//635 645//645 636//636
f 636//636 645//645 646//646
f 636//636 646//646 638//638
f 640//640 647//647 639//639
f 639//639 647//647 642//642
f 642//642 647//647 648//648
f 642//642 648//648 643//643
f 643//643 648//648 649//649
f 643//643 649//649 644//644
f 651//651 650//650 445//445
f 445//445 650//650 444//444
f 652//652 445//445 446//446
f 652//652 651//651 445//445
f 446//446 448//448 652//652
f 652//652 448//448 653//653
f 655//655 654//654 451//451
f 451//451 654//654 450//450
f 451//451 444//444 650//650
f 451//451 650//650 655//655
f 656//656 653//653 448//448
f 656//656 448//448 454//454
f 454//454 456//456 656//656
f 656//656 456//456 657//657
f 654//654 458//458 450//450
f 658//658 458//458 654//654
f 459//459 659//659 460//460
f 460//460 659//659 660//660
f 661//661 460//460 660//660
f 461//461 460//460 661//661
f 461//461 662//662 462//462
f 661//661 662//662 461//461
f 456//456 462//462 657//657
f 657//657 462//462 662//662
f 658//658 663//663 458//458
f 458//458 663//663 463//463
f 459//459 463//463 659//659
f 463//463 664//664 659//659
f 463//463 663//663 664//664
f 659//659 664//664 660//660
f 667//667 666//666 665//665
f 665//665 668//668 667//667
f 671//671 670//670 669//669
f 669//669 672//672 671//671
f 674//674 673//673 466//466
f 466//466 673//673 465//465
f 675//675 466//466 467//467
f 675//675 674//674 466//466
f 676//676 467//467 468//468
f 676//676 675//675 467//467
f 677//677 468//468 469//469
f 677//677 676//676 468//468
f 470//470 665//665 666//666
f 677//677 470//470 666//666
f 469//469 470//470 677//677
f 678//678 668//668 665//665
f 470//470 678//678 665//665
f 472//472 678//678 470//470
f 474//474 669//669 670//670
f 678//678 474//474 670//670
f 472//472 474//474 678//678
f 679//679 672//672 669//669
f 474//474 679//679 669//669
f 476//476 679//679 474//474
f 681//681 680//680 478//478
f 680//680 476//476 478//478
f 680//680 679//679 476//476
f 681//681 682//682 680//680
f 685//685 684//684 683//683
f 673//673 685//685 683//683
f 479//479 673//673 683//683
f 465//465 673//673 479//479
f 480//480 681//681 478//478
f 480//480 482//482 681//681
f 482//482 682//682 681//681
f 482//482 686//686 682//682
f 683//683 684//684 484//484
f 684//684 483//483 484//484
f 684//684 687//687 483//483
f 683//683 484//484 479//479
f 689//689 688//688 485//485
f 689//689 485//485 486//486
f 482//482 485//485 686//686
f 686//686 485//485 688//688
f 691//691 487//487 690//690
f 487//487 687//687 690//690
f 487//487 483//483 687//687
f 692//692 691//691 690//690
f 694//694 693//693 488//488
f 694//694 488//488 489//489
f 486//486 488//488 689//689
f 689//689 488//488 693//693
f 695//695 490//490 691//691
f 691//691 490//490 487//487
f 691//691 692//692 696//696
f 691//691 696//696 695//695
f 698//698 697//697 492//492
f 698//698 492//492 493//493
f 492//492 699//699 494//494
f 697//697 699//699 492//492
f 494//494 700//700 495//495
f 699//699 700//700 494//494
f 489//489 495//495 694//694
f 694//694 495//495 700//700
f 701//701 496//496 695//695
f 695//695 496//496 490//490
f 695//695 696//696 702//702
f 703//703 695//695 702//702
f 701//701 695//695 703//703
f 705//705 704//704 703//703
f 705//705 703//703 702//702
f 497//497 498//498 704//704
f 705//705 497//497 704//704
f 706//706 497//497 705//705
f 497//497 707//707 499//499
f 706//706 707//707 497//497
f 493//493 499//499 698//698
f 698//698 499//499 707//707
f 708//708 501//501 701//701
f 701//701 501//501 496//496
f 709//709 503//503 502//502
f 711//711 710//710 703//703
f 708//708 703//703 710//710
f 703//703 708//708 701//701
f 503//503 709//709 504//504
f 712//712 504//504 709//709
f 504//504 712//712 704//704
f 711//711 704//704 712//712
f 704//704 711//711 703//703
f 504//504 704//704 498//498
f 713//713 505//505 506//506
f 501//501 708//708 506//506
f 708//708 713//713 506//506
f 708//708 714//714 713//713
f 709//709 502//502 715//715
f 508//508 715//715 502//502
f 716//716 708//708 710//710
f 708//708 716//716 714//714
f 712//712 709//709 717//717
f 717//717 709//709 715//715
f 720//720 719//719 718//718
f 722//722 721//721 718//718
f 718//718 721//721 720//720
f 722//722 723//723 721//721
f 724//724 510//510 511//511
f 512//512 725//725 511//511
f 511//511 725//725 724//724
f 513//513 726//726 512//512
f 512//512 726//726 725//725
f 727//727 726//726 513//513
f 727//727 513//513 505//505
f 728//728 727//727 505//505
f 713//713 728//728 505//505
f 728//728 713//713 714//714
f 728//728 714//714 729//729
f 515//515 730//730 508//508
f 515//515 714//714 730//730
f 714//714 515//515 729//729
f 731//731 729//729 515//515
f 729//729 731//731 716//716
f 730//730 716//716 731//731
f 731//731 715//715 730//730
f 730//730 715//715 508//508
f 714//714 716//716 730//730
f 717//717 715//715 732//732
f 732//732 715//715 731//731
f 733//733 517//517 518//518
f 519//519 733//733 518//518
f 734//734 521//521 522//522
f 734//734 522//522 735//735
f 522//522 736//736 735//735
f 522//522 523//523 736//736
f 738//738 736//736 737//737
f 736//736 524//524 737//737
f 736//736 523//523 524//524
f 719//719 739//739 718//718
f 739//739 524//524 718//718
f 524//524 525//525 718//718
f 524//524 739//739 737//737
f 718//718 525//525 527//527
f 718//718 527//527 722//722
f 740//740 723//723 722//722
f 527//527 740//740 722//722
f 528//528 740//740 527//527
f 741//741 528//528 529//529
f 741//741 740//740 528//528
f 529//529 510//510 724//724
f 742//742 529//529 724//724
f 741//741 529//529 742//742
f 742//742 724//724 725//725
f 742//742 725//725 743//743
f 743//743 725//725 726//726
f 743//743 726//726 744//744
f 744//744 726//726 727//727
f 746//746 745//745 731//731
f 515//515 746//746 731//731
f 531//531 746//746 515//515
f 745//745 747//747 731//731
f 747//747 748//748 731//731
f 749//749 732//732 731//731
f 749//749 731//731 748//748
f 748//748 750//750 749//749
f 733//733 532//532 517//517
f 532//532 733//733 519//519
f 751//751 533//533 734//734
f 734//734 533//533 521//521
f 734//734 735//735 752//752
f 753//753 734//734 752//752
f 751//751 734//734 753//753
f 738//738 737//737 754//754
f 752//752 755//755 753//753
f 754//754 737//737 739//739
f 758//758 757//757 756//756
f 757//757 746//746 756//756
f 746//746 534//534 756//756
f 746//746 531//531 534//534
f 748//748 747//747 759//759
f 759//759 747//747 760//760
f 750//750 748//748 761//761
f 761//761 748//748 759//759
f 751//751 535//535 533//533
f 535//535 751//751 536//536
f 536//536 751//751 753//753
f 537//537 536//536 753//753
f 762//762 537//537 753//753
f 755//755 762//762 753//753
f 763//763 537//537 762//762
f 763//763 539//539 537//537
f 766//766 765//765 764//764
f 764//764 765//765 758//758
f 764//764 758//758 756//756
f 541//541 764//764 756//756
f 540//540 541//541 756//756
f 540//540 756//756 534//534
f 760//760 767//767 759//759
f 759//759 767//767 761//761
f 762//762 768//768 763//763
f 763//763 768//768 539//539
f 768//768 542//542 539//539
f 768//768 769//769 542//542
f 544//544 542//542 769//769
f 544//544 769//769 770//770
f 766//766 764//764 545//545
f 546//546 766//766 545//545
f 771//771 766//766 546//546
f 545//545 764//764 541//541
f 770//770 772//772 544//544
f 544//544 772//772 547//547
f 548//548 547//547 772//772
f 548//548 772//772 773//773
f 550//550 774//774 551//551
f 771//771 546//546 775//775
f 546//546 774//774 775//775
f 774//774 776//776 775//775
f 546//546 551//551 774//774
f 778//778 777//777 776//776
f 776//776 777//777 775//775
f 778//778 779//779 777//777
f 781//781 552//552 780//780
f 552//552 773//773 780//780
f 552//552 548//548 773//773
f 782//782 781//781 780//780
f 554//554 783//783 774//774
f 554//554 774//774 550//550
f 774//774 784//784 776//776
f 774//774 783//783 784//784
f 786//786 778//778 785//785
f 778//778 784//784 785//785
f 778//778 776//776 784//784
f 787//787 556//556 557//557
f 786//786 779//779 778//778
f 558//558 787//787 557//557
f 788//788 560//560 781//781
f 781//781 560//560 552//552
f 781//781 782//782 789//789
f 781//781 789//789 788//788
f 562//562 790//790 561//561
f 790//790 564//564 561//561
f 565//565 791//791 783//783
f 565//565 783//783 554//554
f 791//791 567//567 568//568
f 784//784 791//791 568//568
f 783//783 791//791 784//784
f 568//568 569//569 784//784
f 569//569 792//792 784//784
f 792//792 785//785 784//784
f 569//569 793//793 792//792
f 556//556 787//787 569//569
f 787//787 793//793 569//569
f 787//787 794//794 793//793
f 572//572 794//794 558//558
f 558//558 794//794 787//787
f 795//795 574//574 575//575
f 576//576 796//796 575//575
f 575//575 796//796 795//795
f 560//560 788//788 576//576
f 788//788 796//796 576//576
f 788//788 797//797 796//796
f 788//788 789//789 798//798
f 799//799 788//788 798//798
f 797//797 788//788 799//799
f 798//798 800//800 790//790
f 580//580 798//798 790//790
f 562//562 580//580 790//790
f 799//799 798//798 580//580
f 800//800 802//802 801//801
f 800//800 801//801 581//581
f 790//790 800//800 581//581
f 564//564 790//790 581//581
f 801//801 803//803 581//581
f 581//581 803//803 565//565
f 803//803 804//804 565//565
f 804//804 791//791 565//565
f 804//804 806//806 805//805
f 804//804 805//805 582//582
f 791//791 804//804 582//582
f 567//567 791//791 582//582
f 807//807 792//792 793//793
f 582//582 807//807 793//793
f 583//583 582//582 793//793
f 807//807 582//582 805//805
f 583//583 793//793 584//584
f 584//584 793//793 794//794
f 584//584 794//794 572//572
f 795//795 585//585 574//574
f 585//585 795//795 586//586
f 586//586 795//795 796//796
f 586//586 796//796 587//587
f 587//587 796//796 797//797
f 587//587 797//797 588//588
f 588//588 797//797 799//799
f 588//588 799//799 580//580
f 802//802 808//808 801//801
f 801//801 808//808 803//803
f 806//806 809//809 805//805
f 590//590 809//809 810//810
f 809//809 590//590 805//805
f 591//591 805//805 590//590
f 805//805 591//591 807//807
f 811//811 807//807 591//591
f 813//813 811//811 812//812
f 811//811 592//592 812//812
f 811//811 591//591 592//592
f 594//594 812//812 592//592
f 595//595 590//590 814//814
f 590//590 815//815 814//814
f 590//590 810//810 815//815
f 595//595 816//816 596//596
f 595//595 812//812 816//816
f 812//812 595//595 813//813
f 814//814 813//813 595//595
f 813//813 814//814 817//817
f 816//816 817//817 814//814
f 814//814 818//818 816//816
f 816//816 818//818 596//596
f 812//812 817//817 816//816
f 817//817 812//812 819//819
f 812//812 594//594 819//819
f 596//596 818//818 819//819
f 596//596 819//819 594//594
f 821//821 820//820 815//815
f 820//820 598//598 815//815
f 599//599 814//814 815//815
f 599//599 815//815 598//598
f 823//823 822//822 821//821
f 820//820 821//821 822//822
f 814//814 600//600 818//818
f 600//600 814//814 599//599
f 822//822 823//823 602//602
f 823//823 819//819 602//602
f 818//818 600//600 602//602
f 818//818 602//602 819//819
f 826//826 825//825 824//824
f 598//598 824//824 604//604
f 824//824 598//598 826//826
f 820//820 826//826 598//598
f 826//826 820//820 827//827
f 828//828 827//827 820//820
f 829//829 606//606 607//607
f 831//831 830//830 822//822
f 828//828 822//822 830//830
f 822//822 828//828 820//820
f 831//831 822//822 832//832
f 602//602 832//832 822//822
f 832//832 602//602 833//833
f 606//606 833//833 602//602
f 833//833 606//606 829//829
f 835//835 834//834 833//833
f 833//833 834//834 832//832
f 835//835 836//836 834//834
f 837//837 610//610 611//611
f 839//839 837//837 838//838
f 837//837 611//611 838//838
f 612//612 840//840 838//838
f 612//612 838//838 611//611
f 838//838 840//840 825//825
f 825//825 840//840 824//824
f 840//840 614//614 824//824
f 614//614 615//615 824//824
f 828//828 841//841 827//827
f 604//604 824//824 615//615
f 607//607 618//618 829//829
f 828//828 830//830 841//841
f 829//829 618//618 619//619
f 829//829 619//619 833//833
f 833//833 619//619 622//622
f 833//833 622//622 835//835
f 622//622 624//624 835//835
f 624//624 836//836 835//835
f 624//624 842//842 836//836
f 844//844 625//625 843//843
f 625//625 610//610 843//843
f 843//843 610//610 837//837
f 845//845 843//843 837//837
f 839//839 845//845 837//837
f 844//844 612//612 625//625
f 612//612 844//844 840//840
f 846//846 840//840 844//844
f 846//846 627//627 614//614
f 846//846 614//614 840//840
f 849//849 848//848 847//847
f 848//848 842//842 847//847
f 842//842 631//631 847//847
f 842//842 624//624 631//631
f 843//843 850//850 844//844
f 844//844 850//850 846//846
f 846//846 850//850 851//851
f 627//627 846//846 851//851
f 852//852 627//627 851//851
f 633//633 627//627 852//852
f 855//855 854//854 853//853
f 853//853 854//854 849//849
f 853//853 849//849 847//847
f 638//638 853//853 847//847
f 637//637 638//638 847//847
f 637//637 847//847 631//631
f 856//856 640//640 641//641
f 857//857 856//856 641//641
f 633//633 857//857 641//641
f 852//852 857//857 633//633
f 644//644 858//858 645//645
f 859//859 855//855 853//853
f 645//645 859//859 853//853
f 646//646 645//645 853//853
f 859//859 645//645 858//858
f 646//646 853//853 638//638
f 856//856 647//647 640//640
f 857//857 860//860 856//856
f 860//860 647//647 856//856
f 860//860 648//648 647//647
f 648//648 861//861 649//649
f 860//860 861//861 648//648
f 644//644 649//649 858//858
f 649//649 862//862 858//858
f 649//649 861//861 862//862
f 858//858 862//862 859//859
f 863//863 650//650 651//651
f 652//652 864//864 651//651
f 651//651 864//864 863//863
f 653//653 864//864 652//652
f 866//866 865//865 655//655
f 655//655 865//865 654//654
f 655//655 650//650 863//863
f 867//867 655//655 863//863
f 866//866 655//655 867//867
f 867//867 863//863 864//864
f 867//867 864//864 868//868
f 868//868 864//864 653//653
f 656//656 868//868 653//653
f 869//869 868//868 656//656
f 656//656 657//657 869//869
f 869//869 657//657 870//870
f 872//872 658//658 871//871
f 658//658 865//865 871//871
f 658//658 654//654 865//865
f 874//874 873//873 872//872
f 874//874 872//872 871//871
f 661//661 660//660 873//873
f 874//874 661//661 873//873
f 875//875 661//661 874//874
f 661//661 876//876 662//662
f 875//875 876//876 661//661
f 657//657 662//662 870//870
f 870//870 662//662 876//876
f 872//872 663//663 658//658
f 663//663 872//872 664//664
f 664//664 872//872 873//873
f 664//664 873//873 660//660
f 879//879 878//878 877//877
f 881//881 880//880 877//877
f 877//877 880//880 879//879
f 881//881 882//882 880//880
f 878//878 883//883 877//877
f 885//885 884//884 883//883
f 884//884 877//877 883//883
f 884//884 881//881 877//877
f 882//882 881//881 886//886
f 886//886 881//881 884//884
f 884//884 885//885 887//887
f 887//887 885//885 888//888
f 886//886 884//884 889//889
f 889//889 884//884 887//887
f 888//888 890//890 887//887
f 887//887 890//890 889//889
f 893//893 892//892 891//891
f 895//895 894//894 891//891
f 891//891 894//894 893//893
f 897//897 896//896 895//895
f 895//895 896//896 894//894
f 897//897 666//666 896//896
f 666//666 667//667 896//896
f 899//899 898//898 896//896
f 899//899 896//896 667//667
f 668//668 899//899 667//667
f 900//900 670//670 671//671
f 672//672 900//900 671//671
f 903//903 902//902 901//901
f 673//673 674//674 901//901
f 674//674 903//903 901//901
f 674//674 904//904 903//903
f 675//675 891//891 892//892
f 904//904 675//675 892//892
f 674//674 675//675 904//904
f 891//891 675//675 676//676
f 891//891 676//676 895//895
f 895//895 676//676 677//677
f 895//895 677//677 897//897
f 899//899 905//905 898//898
f 666//666 897//897 677//677
f 905//905 899//899 668//668
f 678//678 905//905 668//668
f 906//906 905//905 678//678
f 678//678 670//670 900//900
f 907//907 678//678 900//900
f 906//906 678//678 907//907
f 907//907 900//900 672//672
f 679//679 907//907 672//672
f 908//908 907//907 679//679
f 909//909 679//679 680//680
f 909//909 908//908 679//679
f 680//680 682//682 909//909
f 909//909 682//682 910//910
f 901//901 902//902 685//685
f 902//902 684//684 685//685
f 902//902 911//911 684//684
f 901//901 685//685 673//673
f 686//686 910//910 682//682
f 686//686 912//912 910//910
f 911//911 687//687 684//684
f 913//913 687//687 911//911
f 915//915 914//914 688//688
f 915//915 688//688 689//689
f 686//686 688//688 912//912
f 912//912 688//688 914//914
f 913//913 916//916 687//687
f 687//687 916//916 690//690
f 692//692 690//690 916//916
f 692//692 916//916 917//917
f 919//919 918//918 693//693
f 919//919 693//693 694//694
f 689//689 693//693 915//915
f 915//915 693//693 918//918
f 921//921 696//696 920//920
f 696//696 917//917 920//920
f 696//696 692//692 917//917
f 922//922 921//921 920//920
f 698//698 923//923 697//697
f 924//924 699//699 697//697
f 924//924 697//697 923//923
f 699//699 924//924 925//925
f 926//926 699//699 925//925
f 700//700 699//699 926//926
f 694//694 700//700 919//919
f 919//919 700//700 926//926
f 921//921 702//702 696//696
f 922//922 927//927 921//921
f 927//927 702//702 921//921
f 927//927 705//705 702//702
f 927//927 929//929 928//928
f 706//706 927//927 928//928
f 705//705 927//927 706//706
f 930//930 707//707 706//706
f 930//930 706//706 928//928
f 930//930 931//931 707//707
f 707//707 931//931 698//698
f 931//931 932//932 698//698
f 932//932 923//923 698//698
f 923//923 932//932 924//924
f 924//924 932//932 933//933
f 924//924 933//933 925//925
f 935//935 934//934 711//711
f 711//711 934//934 710//710
f 937//937 936//936 712//712
f 936//936 711//711 712//712
f 936//936 935//935 711//711
f 939//939 938//938 937//937
f 938//938 928//928 937//937
f 929//929 936//936 937//937
f 929//929 937//937 928//928
f 928//928 938//938 930//930
f 930//930 938//938 940//940
f 930//930 940//940 931//931
f 943//943 942//942 941//941
f 945//945 944//944 941//941
f 941//941 944//944 943//943
f 947//947 946//946 945//945
f 945//945 946//946 944//944
f 949//949 948//948 947//947
f 947//947 948//948 946//946
f 951//951 950//950 949//949
f 949//949 950//950 948//948
f 951//951 952//952 950//950
f 934//934 716//716 710//710
f 953//953 716//716 934//934
f 717//717 954//954 937//937
f 717//717 937//937 712//712
f 939//939 937//937 955//955
f 937//937 956//956 955//955
f 937//937 954//954 956//956
f 956//956 957//957 955//955
f 958//958 719//719 720//720
f 942//942 959//959 941//941
f 959//959 720//720 941//941
f 720//720 721//721 941//941
f 720//720 959//959 958//958
f 945//945 941//941 960//960
f 941//941 723//723 960//960
f 723//723 961//961 960//960
f 723//723 941//941 721//721
f 945//945 960//960 947//947
f 947//947 960//960 962//962
f 947//947 962//962 949//949
f 949//949 962//962 963//963
f 949//949 963//963 951//951
f 951//951 963//963 964//964
f 951//951 964//964 952//952
f 966//966 965//965 728//728
f 728//728 965//965 727//727
f 967//967 728//728 729//729
f 967//967 966//966 728//728
f 729//729 716//716 953//953
f 729//729 953//953 967//967
f 732//732 968//968 954//954
f 732//732 954//954 717//717
f 954//954 969//969 956//956
f 954//954 968//968 969//969
f 957//957 956//956 970//970
f 970//970 956//956 969//969
f 971//971 735//735 736//736
f 738//738 971//971 736//736
f 972//972 739//739 958//958
f 958//958 739//739 719//719
f 958//958 959//959 973//973
f 958//958 973//973 972//972
f 974//974 961//961 723//723
f 974//974 723//723 740//740
f 975//975 740//740 741//741
f 975//975 974//974 740//740
f 976//976 741//741 742//742
f 976//976 975//975 741//741
f 977//977 742//742 743//743
f 977//977 976//976 742//742
f 978//978 743//743 744//744
f 978//978 977//977 743//743
f 744//744 727//727 965//965
f 744//744 965//965 978//978
f 746//746 979//979 745//745
f 749//749 968//968 732//732
f 747//747 745//745 979//979
f 968//968 749//749 750//750
f 980//980 968//968 750//750
f 969//969 968//968 980//980
f 970//970 969//969 981//981
f 969//969 982//982 981//981
f 969//969 980//980 982//982
f 982//982 983//983 981//981
f 971//971 752//752 735//735
f 755//755 752//752 984//984
f 752//752 971//971 984//984
f 738//738 754//754 984//984
f 738//738 984//984 971//971
f 985//985 984//984 754//754
f 985//985 754//754 739//739
f 986//986 985//985 739//739
f 972//972 986//986 739//739
f 986//986 972//972 973//973
f 758//758 987//987 757//757
f 987//987 988//988 757//757
f 757//757 988//988 746//746
f 988//988 989//989 746//746
f 989//989 979//979 746//746
f 747//747 979//979 989//989
f 990//990 747//747 989//989
f 760//760 747//747 990//990
f 761//761 991//991 980//980
f 761//761 980//980 750//750
f 980//980 992//992 982//982
f 980//980 991//991 992//992
f 983//983 982//982 993//993
f 982//982 994//994 993//993
f 982//982 992//992 994//994
f 994//994 995//995 993//993
f 996//996 762//762 984//984
f 984//984 762//762 755//755
f 984//984 985//985 997//997
f 984//984 997//997 996//996
f 766//766 998//998 765//765
f 987//987 758//758 765//765
f 998//998 987//987 765//765
f 999//999 987//987 998//998
f 988//988 987//987 1000//1000
f 1000//1000 987//987 999//999
f 767//767 760//760 1001//1001
f 760//760 1002//1002 1001//1001
f 760//760 990//990 1002//1002
f 991//991 761//761 767//767
f 1001//1001 991//991 767//767
f 1003//1003 991//991 1001//1001
f 991//991 1004//1004 992//992
f 991//991 1003//1003 1004//1004
f 992//992 1005//1005 994//994
f 992//992 1004//1004 1005//1005
f 995//995 994//994 1006//1006
f 994//994 1007//1007 1006//1006
f 994//994 1005//1005 1007//1007
f 1007//1007 1008//1008 1006//1006
f 996//996 768//768 762//762
f 997//997 1009//1009 996//996
f 1009//1009 768//768 996//996
f 1009//1009 769//769 768//768
f 770//770 769//769 1009//1009
f 770//770 1009//1009 1010//1010
f 771//771 1011//1011 998//998
f 771//771 998//998 766//766
f 998//998 1012//1012 999//999
f 998//998 1011//1011 1012//1012
f 1000//1000 999//999 1013//1013
f 1013//1013 999//999 1012//1012
f 1002//1002 1014//1014 1001//1001
f 1016//1016 1015//1015 1014//1014
f 1015//1015 1001//1001 1014//1014
f 1015//1015 1003//1003 1001//1001
f 1018//1018 1004//1004 1017//1017
f 1004//1004 1015//1015 1017//1017
f 1004//1004 1003//1003 1015//1015
f 1020//1020 1019//1019 1018//1018
f 1019//1019 1004//1004 1018//1018
f 1019//1019 1005//1005 1004//1004
f 1022//1022 1007//1007 1021//1021
f 1007//1007 1019//1019 1021//1021
f 1007//1007 1005//1005 1019//1019
f 1007//1007 1022//1022 1008//1008
f 772//772 770//770 1023//1023
f 770//770 1024//1024 1023//1023
f 770//770 1010//1010 1024//1024
f 1023//1023 773//773 772//772
f 775//775 1011//1011 771//771
f 1011//1011 775//775 777//777
f 1011//1011 777//777 1012//1012
f 1026//1026 1025//1025 779//779
f 779//779 1025//1025 777//777
f 1025//1025 1013//1013 777//777
f 1013//1013 1012//1012 777//777
f 1026//1026 1027//1027 1025//1025
f 1015//1015 1016//1016 1028//1028
f 1028//1028 1016//1016 1029//1029
f 1017//1017 1015//1015 1030//1030
f 1030//1030 1015//1015 1028//1028
f 1020//1020 1031//1031 1019//1019
f 1019//1019 1031//1031 1021//1021
f 1024//1024 1032//1032 1023//1023
f 1032//1032 1034//1034 1033//1033
f 1032//1032 1033//1033 780//780
f 1023//1023 1032//1032 780//780
f 773//773 1023//1023 780//780
f 1033//1033 782//782 780//780
f 785//785 1035//1035 786//786
f 1026//1026 779//779 786//786
f 1035//1035 1026//1026 786//786
f 1036//1036 1026//1026 1035//1035
f 1027//1027 1026//1026 1037//1037
f 1037//1037 1026//1026 1036//1036
f 1028//1028 1029//1029 1038//1038
f 1038//1038 1029//1029 1039//1039
f 1030//1030 1028//1028 1040//1040
f 1040//1040 1028//1028 1038//1038
f 1043//1043 1042//1042 1041//1041
f 1045//1045 1044//1044 1041//1041
f 1041//1041 1044//1044 1043//1043
f 1047//1047 1046//1046 1045//1045
f 1045//1045 1046//1046 1044//1044
f 1047//1047 1048//1048 1046//1046
f 1034//1034 1049//1049 1033//1033
f 782//782 1033//1033 1049//1049
f 1050//1050 782//782 1049//1049
f 789//789 782//782 1050//1050
f 792//792 1051//1051 1035//1035
f 792//792 1035//1035 785//785
f 1035//1035 1052//1052 1036//1036
f 1035//1035 1051//1051 1052//1052
f 1037//1037 1036//1036 1053//1053
f 1053//1053 1036//1036 1052//1052
f 1039//1039 1054//1054 1038//1038
f 1054//1054 1055//1055 1038//1038
f 1055//1055 1056//1056 1038//1038
f 1057//1057 1040//1040 1038//1038
f 1057//1057 1038//1038 1056//1056
f 1056//1056 1058//1058 1057//1057
f 1041//1041 1042//1042 1059//1059
f 1059//1059 1042//1042 1060//1060
f 1041//1041 1061//1061 1045//1045
f 1041//1041 1059//1059 1061//1061
f 1045//1045 1062//1062 1047//1047
f 1045//1045 1061//1061 1062//1062
f 1048//1048 1047//1047 1063//1063
f 1047//1047 1064//1064 1063//1063
f 1047//1047 1062//1062 1064//1064
f 1064//1064 1065//1065 1063//1063
f 1068//1068 1067//1067 1066//1066
f 1066//1066 1069//1069 1068//1068
f 798//798 789//789 1070//1070
f 789//789 1071//1071 1070//1070
f 789//789 1050//1050 1071//1071
f 1072//1072 800//800 798//798
f 1072//1072 798//798 1070//1070
f 1072//1072 802//802 800//800
f 803//803 1073//1073 804//804
f 1073//1073 806//806 804//804
f 807//807 1074//1074 1051//1051
f 807//807 1051//1051 792//792
f 1051//1051 1075//1075 1052//1052
f 1051//1051 1074//1074 1075//1075
f 1053//1053 1052//1052 1076//1076
f 1076//1076 1052//1052 1075//1075
f 1055//1055 1077//1077 1056//1056
f 1056//1056 1077//1077 1058//1058
f 1059//1059 1060//1060 1078//1078
f 1078//1078 1060//1060 1079//1079
f 1059//1059 1080//1080 1061//1061
f 1059//1059 1078//1078 1080//1080
f 1061//1061 1081//1081 1062//1062
f 1061//1061 1080//1080 1081//1081
f 1062//1062 1082//1082 1064//1064
f 1062//1062 1081//1081 1082//1082
f 1065//1065 1064//1064 1083//1083
f 1083//1083 1064//1064 1082//1082
f 1067//1067 1084//1084 1066//1066
f 1066//1066 1084//1084 1069//1069
f 1071//1071 1085//1085 1070//1070
f 1070//1070 1085//1085 1072//1072
f 1072//1072 1085//1085 1086//1086
f 1072//1072 1086//1086 802//802
f 1086//1086 808//808 802//802
f 1086//1086 1087//1087 808//808
f 808//808 1087//1087 803//803
f 1087//1087 1088//1088 803//803
f 1088//1088 1073//1073 803//803
f 1088//1088 1087//1087 1089//1089
f 1090//1090 809//809 806//806
f 1073//1073 1090//1090 806//806
f 1088//1088 1090//1090 1073//1073
f 811//811 1074//1074 807//807
f 810//810 809//809 1090//1090
f 1074//1074 811//811 813//813
f 1091//1091 1074//1074 813//813
f 1075//1075 1074//1074 1091//1091
f 1076//1076 1075//1075 1092//1092
f 1075//1075 1093//1093 1092//1092
f 1075//1075 1091//1091 1093//1093
f 1093//1093 1094//1094 1092//1092
f 1079//1079 1095//1095 1078//1078
f 1078//1078 1095//1095 1080//1080
f 1080//1080 1095//1095 1096//1096
f 1080//1080 1096//1096 1081//1081
f 1081//1081 1096//1096 1097//1097
f 1081//1081 1097//1097 1082//1082
f 1082//1082 1097//1097 1098//1098
f 1082//1082 1098//1098 1083//1083
f 1101//1101 1100//1100 1099//1099
f 1103//1103 1102//1102 1099//1099
f 1099//1099 1102//1102 1101//1101
f 1103//1103 1104//1104 1102//1102
f 1089//1089 1105//1105 1088//1088
f 1107//1107 1106//1106 1105//1105
f 1106//1106 1088//1088 1105//1105
f 1106//1106 1090//1090 1088//1088
f 1106//1106 815//815 810//810
f 1106//1106 810//810 1090//1090
f 817//817 1091//1091 813//813
f 1093//1093 1091//1091 1108//1108
f 1091//1091 819//819 1108//1108
f 819//819 1109//1109 1108//1108
f 819//819 1091//1091 817//817
f 1093//1093 1108//1108 1094//1094
f 1100//1100 1110//1110 1099//1099
f 1112//1112 1111//1111 1110//1110
f 1111//1111 1099//1099 1110//1110
f 1111//1111 1103//1103 1099//1099
f 1104//1104 1103//1103 1113//1113
f 1113//1113 1103//1103 1111//1111
f 1106//1106 1107//1107 1114//1114
f 1114//1114 1107//1107 1115//1115
f 1116//1116 821//821 815//815
f 1106//1106 1116//1116 815//815
f 1114//1114 1116//1116 1106//1106
f 1117//1117 823//823 821//821
f 1117//1117 821//821 1116//1116
f 1109//1109 819//819 1118//1118
f 819//819 1117//1117 1118//1118
f 1117//1117 1119//1119 1118//1118
f 819//819 823//823 1117//1117
f 1119//1119 1120//1120 1118//1118
f 1112//1112 1121//1121 1111//1111
f 1111//1111 1121//1121 1113//1113
f 1114//1114 1115//1115 826//826
f 1115//1115 825//825 826//826
f 1115//1115 1122//1122 825//825
f 1116//1116 1114//1114 1123//1123
f 1114//1114 827//827 1123//1123
f 827//827 1124//1124 1123//1123
f 827//827 1114//1114 826//826
f 1125//1125 830//830 831//831
f 1116//1116 1125//1125 831//831
f 1117//1117 1116//1116 831//831
f 1123//1123 1125//1125 1116//1116
f 1117//1117 831//831 832//832
f 1117//1117 832//832 1119//1119
f 1126//1126 1120//1120 1119//1119
f 832//832 1126//1126 1119//1119
f 834//834 1126//1126 832//832
f 834//834 836//836 1126//1126
f 1126//1126 836//836 1127//1127
f 1129//1129 1128//1128 838//838
f 838//838 1128//1128 839//839
f 838//838 825//825 1122//1122
f 838//838 1122//1122 1129//1129
f 1130//1130 1124//1124 827//827
f 1130//1130 827//827 841//841
f 841//841 830//830 1125//1125
f 841//841 1125//1125 1130//1130
f 842//842 1127//1127 836//836
f 842//842 1131//1131 1127//1127
f 1133//1133 1132//1132 845//845
f 845//845 1132//1132 843//843
f 845//845 839//839 1128//1128
f 845//845 1128//1128 1133//1133
f 1135//1135 1134//1134 848//848
f 1135//1135 848//848 849//849
f 842//842 848//848 1131//1131
f 1131//1131 848//848 1134//1134
f 1132//1132 1136//1136 843//843
f 843//843 1136//1136 850//850
f 850//850 1137//1137 851//851
f 1136//1136 1137//1137 850//850
f 852//852 851//851 1137//1137
f 852//852 1137//1137 1138//1138
f 855//855 1139//1139 854//854
f 1139//1139 1140//1140 854//854
f 1140//1140 849//849 854//854
f 1140//1140 1135//1135 849//849
f 1143//1143 1142//1142 1141//1141
f 1138//1138 1143//1143 1141//1141
f 857//857 1138//1138 1141//1141
f 852//852 1138//1138 857//857
f 859//859 1144//1144 1139//1139
f 859//859 1139//1139 855//855
f 1140//1140 1139//1139 1145//1145
f 1145//1145 1139//1139 1144//1144
f 1142//1142 1146//1146 1141//1141
f 1141//1141 1146//1146 857//857
f 1146//1146 860//860 857//857
f 1146//1146 1147//1147 860//860
f 1147//1147 1149//1149 1148//1148
f 861//861 1147//1147 1148//1148
f 860//860 1147//1147 861//861
f 861//861 1148//1148 1150//1150
f 1151//1151 861//861 1150//1150
f 862//862 861//861 1151//1151
f 859//859 862//862 1144//1144
f 862//862 1152//1152 1144//1144
f 862//862 1151//1151 1152//1152
f 1144//1144 1152//1152 1145//1145
f 1149//1149 1153//1153 1148//1148
f 1148//1148 1153//1153 1150//1150
f 1154//1154 865//865 866//866
f 867//867 1155//1155 866//866
f 866//866 1155//1155 1154//1154
f 1155//1155 867//867 1156//1156
f 867//867 1157//1157 1156//1156
f 867//867 868//868 1157//1157
f 1158//1158 868//868 869//869
f 1158//1158 1157//1157 868//868
f 1160//1160 1159//1159 870//870
f 1159//1159 869//869 870//870
f 1159//1159 1158//1158 869//869
f 1160//1160 1161//1161 1159//1159
f 1154//1154 871//871 865//865
f 871//871 1154//1154 874//874
f 874//874 1154//1154 1155//1155
f 1156//1156 1162//1162 1155//1155
f 1162//1162 874//874 1155//1155
f 1162//1162 875//875 874//874
f 875//875 1163//1163 876//876
f 1162//1162 1163//1163 875//875
f 870//870 876//876 1160//1160
f 876//876 1164//1164 1160//1160
f 876//876 1163//1163 1164//1164
f 1160//1160 1164//1164 1161//1161
f 1167//1167 1166//1166 1165//1165
f 1169//1169 1168//1168 1165//1165
f 1165//1165 1168//1168 1167//1167
f 1169//1169 1170//1170 1168//1168
f 1166//1166 1171//1171 1165//1165
f 1173//1173 1172//1172 1171//1171
f 1172//1172 1165//1165 1171//1171
f 1172//1172 1169//1169 1165//1165
f 1170//1170 1169//1169 1174//1174
f 1169//1169 1175//1175 1174//1174
f 1169//1169 1172//1172 1175//1175
f 1177//1177 1176//1176 1175//1175
f 1175//1175 1176//1176 1174//1174
f 1179//1179 1178//1178 1177//1177
f 1177//1177 1178//1178 1176//1176
f 1179//1179 1180//1180 1178//1178
f 1172//1172 1173//1173 1181//1181
f 1181//1181 1173//1173 1182//1182
f 1172//1172 1183//1183 1175//1175
f 1172//1172 1181//1181 1183//1183
f 1175//1175 1184//1184 1177//1177
f 1175//1175 1183//1183 1184//1184
f 1186//1186 1179//1179 1185//1185
f 1179//1179 1184//1184 1185//1185
f 1179//1179 1177//1177 1184//1184
f 1179//1179 1186//1186 1180//1180
f 1188//1188 1187//1187 1182//1182
f 1187//1187 878//878 1182//1182
f 879//879 1181//1181 1182//1182
f 879//879 1182//1182 878//878
f 880//880 1189//1189 879//879
f 880//880 1187//1187 1189//1189
f 1187//1187 880//880 1190//1190
f 1183//1183 1190//1190 880//880
f 1190//1190 1183//1183 1188//1188
f 1189//1189 1188//1188 1183//1183
f 1183//1183 1181//1181 1189//1189
f 1189//1189 1181//1181 879//879
f 1187//1187 1188//1188 1189//1189
f 1183//1183 880//880 882//882
f 1191//1191 1183//1183 882//882
f 1184//1184 1183//1183 1191//1191
f 1185//1185 1184//1184 1192//1192
f 1192//1192 1184//1184 1191//1191
f 1187//1187 883//883 878//878
f 885//885 883//883 1187//1187
f 1190//1190 885//885 1187//1187
f 1193//1193 885//885 1190//1190
f 886//886 1194//1194 1191//1191
f 886//886 1191//1191 882//882
f 1192//1192 1191//1191 1195//1195
f 1195//1195 1191//1191 1194//1194
f 1197//1197 888//888 1196//1196
f 888//888 1193//1193 1196//1196
f 888//888 885//885 1193//1193
f 889//889 1198//1198 886//886
f 1198//1198 1197//1197 886//886
f 1196//1196 886//886 1197//1197
f 886//886 1196//1196 1194//1194
f 1199//1199 1194//1194 1196//1196
f 1194//1194 1199//1199 1198//1198
f 1198//1198 1200//1200 1194//1194
f 889//889 1200//1200 1198//1198
f 1198//1198 1199//1199 1197//1197
f 1195//1195 1194//1194 1201//1201
f 1201//1201 1194//1194 1200//1200
f 1197//1197 890//890 888//888
f 1197//1197 1199//1199 890//890
f 1199//1199 1202//1202 890//890
f 1200//1200 889//889 890//890
f 1200//1200 890//890 1202//1202
f 1200//1200 1202//1202 1201//1201
f 1205//1205 1204//1204 1203//1203
f 1203//1203 1206//1206 1205//1205
f 1209//1209 1208//1208 1207//1207
f 1207//1207 1210//1210 1209//1209
f 1203//1203 1204//1204 1211//1211
f 1211//1211 1204//1204 1212//1212
f 1206//1206 1203//1203 1213//1213
f 1203//1203 1214//1214 1213//1213
f 1203//1203 1211//1211 1214//1214
f 1214//1214 1215//1215 1213//1213
f 1218//1218 1217//1217 1216//1216
f 1220//1220 1219//1219 1216//1216
f 1216//1216 1219//1219 1218//1218
f 1219//1219 1220//1220 1208//1208
f 1220//1220 1207//1207 1208//1208
f 1220//1220 1221//1221 1207//1207
f 1210//1210 1207//1207 1222//1222
f 1222//1222 1207//1207 1221//1221
f 1212//1212 1223//1223 1211//1211
f 1211//1211 1223//1223 1214//1214
f 1214//1214 1223//1223 1224//1224
f 1214//1214 1224//1224 1215//1215
f 1217//1217 1225//1225 1216//1216
f 1216//1216 1225//1225 1220//1220
f 1220//1220 1225//1225 1226//1226
f 1228//1228 1227//1227 1226//1226
f 892//892 1226//1226 1227//1227
f 1226//1226 892//892 1220//1220
f 893//893 1220//1220 892//892
f 1220//1220 893//893 1221//1221
f 894//894 1221//1221 893//893
f 1221//1221 894//894 1222//1222
f 1229//1229 1222//1222 894//894
f 1222//1222 1229//1229 1228//1228
f 1227//1227 1228//1228 1229//1229
f 896//896 1230//1230 894//894
f 894//894 1230//1230 1229//1229
f 898//898 1230//1230 896//896
f 1231//1231 902//902 903//903
f 1231//1231 903//903 1232//1232
f 903//903 1233//1233 1232//1232
f 903//903 904//904 1233//1233
f 904//904 892//892 1227//1227
f 1234//1234 904//904 1227//1227
f 1233//1233 904//904 1234//1234
f 1234//1234 1227//1227 1229//1229
f 1234//1234 1229//1229 1235//1235
f 1235//1235 1229//1229 1230//1230
f 1235//1235 1230//1230 1236//1236
f 1236//1236 1230//1230 898//898
f 905//905 1236//1236 898//898
f 1237//1237 1236//1236 905//905
f 1238//1238 905//905 906//906
f 1238//1238 1237//1237 905//905
f 1240//1240 1238//1238 1239//1239
f 1238//1238 907//907 1239//1239
f 1238//1238 906//906 907//907
f 908//908 1241//1241 907//907
f 907//907 1241//1241 1239//1239
f 909//909 1242//1242 908//908
f 908//908 1242//1242 1241//1241
f 910//910 1242//1242 909//909
f 1244//1244 1243//1243 1231//1231
f 1243//1243 902//902 1231//1231
f 1243//1243 911//911 902//902
f 1244//1244 1231//1231 1232//1232
f 1247//1247 1246//1246 1245//1245
f 1245//1245 1246//1246 1240//1240
f 1239//1239 1245//1245 1240//1240
f 1248//1248 1245//1245 1239//1239
f 1249//1249 1239//1239 1241//1241
f 1248//1248 1239//1239 1249//1249
f 1250//1250 1241//1241 1242//1242
f 1249//1249 1241//1241 1250//1250
f 912//912 1250//1250 910//910
f 910//910 1250//1250 1242//1242
f 1243//1243 913//913 911//911
f 1251//1251 913//913 1243//1243
f 1252//1252 1247//1247 1245//1245
f 1254//1254 1253//1253 1252//1252
f 1245//1245 1254//1254 1252//1252
f 1248//1248 1254//1254 1245//1245
f 1255//1255 1248//1248 1249//1249
f 1254//1254 1248//1248 1255//1255
f 915//915 1255//1255 914//914
f 1255//1255 1250//1250 914//914
f 1255//1255 1249//1249 1250//1250
f 914//914 1250//1250 912//912
f 1251//1251 1256//1256 913//913
f 913//913 1256//1256 916//916
f 917//917 916//916 1256//1256
f 917//917 1256//1256 1257//1257
f 1253//1253 1254//1254 1258//1258
f 1253//1253 1258//1258 1259//1259
f 919//919 1258//1258 918//918
f 1258//1258 1255//1255 918//918
f 1258//1258 1254//1254 1255//1255
f 918//918 1255//1255 915//915
f 1262//1262 1261//1261 1260//1260
f 1260//1260 1263//1263 1262//1262
f 1257//1257 1264//1264 917//917
f 917//917 1264//1264 920//920
f 922//922 920//920 1264//1264
f 922//922 1264//1264 1265//1265
f 1259//1259 1258//1258 926//926
f 925//925 1259//1259 926//926
f 1266//1266 1259//1259 925//925
f 926//926 1258//1258 919//919
f 1260//1260 1261//1261 1267//1267
f 1267//1267 1261//1261 1268//1268
f 1263//1263 1260//1260 1269//1269
f 1260//1260 1270//1270 1269//1269
f 1260//1260 1267//1267 1270//1270
f 1270//1270 1271//1271 1269//1269
f 927//927 922//922 1272//1272
f 922//922 1273//1273 1272//1272
f 922//922 1265//1265 1273//1273
f 1272//1272 929//929 927//927
f 931//931 1274//1274 932//932
f 1275//1275 933//933 932//932
f 1275//1275 932//932 1274//1274
f 1266//1266 925//925 1276//1276
f 925//925 1275//1275 1276//1276
f 1275//1275 1277//1277 1276//1276
f 925//925 933//933 1275//1275
f 1277//1277 1278//1278 1276//1276
f 1267//1267 1268//1268 1279//1279
f 1279//1279 1268//1268 1280//1280
f 1267//1267 1281//1281 1270//1270
f 1267//1267 1279//1279 1281//1281
f 1271//1271 1270//1270 1282//1282
f 1270//1270 1283//1283 1282//1282
f 1270//1270 1281//1281 1283//1283
f 1283//1283 1284//1284 1282//1282
f 1287//1287 1286//1286 1285//1285
f 934//934 935//935 1285//1285
f 935//935 1287//1287 1285//1285
f 935//935 1288//1288 1287//1287
f 936//936 1272//1272 1273//1273
f 1288//1288 936//936 1273//1273
f 935//935 936//936 1288//1288
f 929//929 1272//1272 936//936
f 938//938 939//939 1289//1289
f 1290//1290 940//940 938//938
f 1290//1290 938//938 1289//1289
f 1274//1274 931//931 940//940
f 1290//1290 1274//1274 940//940
f 1291//1291 1274//1274 1290//1290
f 1274//1274 1292//1292 1275//1275
f 1274//1274 1291//1291 1292//1292
f 1294//1294 1277//1277 1293//1293
f 1277//1277 1292//1292 1293//1293
f 1277//1277 1275//1275 1292//1292
f 1277//1277 1294//1294 1278//1278
f 1295//1295 942//942 943//943
f 1295//1295 943//943 1296//1296
f 943//943 1297//1297 1296//1296
f 943//943 944//944 1297//1297
f 946//946 1279//1279 1280//1280
f 1297//1297 946//946 1280//1280
f 944//944 946//946 1297//1297
f 1279//1279 946//946 948//948
f 1279//1279 948//948 1281//1281
f 1281//1281 948//948 950//950
f 1281//1281 950//950 1283//1283
f 950//950 952//952 1283//1283
f 952//952 1284//1284 1283//1283
f 952//952 1298//1298 1284//1284
f 1285//1285 1286//1286 1299//1299
f 1299//1299 1286//1286 1300//1300
f 1299//1299 953//953 934//934
f 1299//1299 934//934 1285//1285
f 955//955 1289//1289 939//939
f 1289//1289 955//955 957//957
f 1301//1301 1289//1289 957//957
f 1290//1290 1289//1289 1301//1301
f 1290//1290 1302//1302 1291//1291
f 1290//1290 1301//1301 1302//1302
f 1291//1291 1303//1303 1292//1292
f 1291//1291 1302//1302 1303//1303
f 1293//1293 1292//1292 1304//1304
f 1292//1292 1305//1305 1304//1304
f 1292//1292 1303//1303 1305//1305
f 1305//1305 1306//1306 1304//1304
f 1307//1307 959//959 1295//1295
f 1295//1295 959//959 942//942
f 1308//1308 960//960 961//961
f 1295//1295 1308//1308 961//961
f 1307//1307 1295//1295 961//961
f 1308//1308 1295//1295 1296//1296
f 960//960 1309//1309 962//962
f 1308//1308 1309//1309 960//960
f 962//962 1310//1310 963//963
f 1309//1309 1310//1310 962//962
f 963//963 1311//1311 964//964
f 1310//1310 1311//1311 963//963
f 952//952 964//964 1298//1298
f 1298//1298 964//964 1311//1311
f 1313//1313 1312//1312 966//966
f 966//966 1312//1312 965//965
f 967//967 1299//1299 1300//1300
f 1313//1313 967//967 1300//1300
f 966//966 967//967 1313//1313
f 1299//1299 967//967 953//953
f 970//970 1314//1314 1301//1301
f 970//970 1301//1301 957//957
f 1301//1301 1315//1315 1302//1302
f 1301//1301 1314//1314 1315//1315
f 1302//1302 1316//1316 1303//1303
f 1302//1302 1315//1315 1316//1316
f 1303//1303 1317//1317 1305//1305
f 1303//1303 1316//1316 1317//1317
f 1306//1306 1305//1305 1318//1318
f 1318//1318 1305//1305 1317//1317
f 1319//1319 973//973 1307//1307
f 1307//1307 973//973 959//959
f 974//974 1320//1320 961//961
f 1320//1320 1307//1307 961//961
f 1320//1320 1319//1319 1307//1307
f 1320//1320 974//974 1321//1321
f 974//974 1322//1322 1321//1321
f 974//974 975//975 1322//1322
f 1323//1323 975//975 976//976
f 1323//1323 1322//1322 975//975
f 1324//1324 976//976 977//977
f 1324//1324 1323//1323 976//976
f 1325//1325 977//977 978//978
f 1325//1325 1324//1324 977//977
f 978//978 965//965 1312//1312
f 978//978 1312//1312 1325//1325
f 981//981 1314//1314 970//970
f 1314//1314 981//981 983//983
f 1326//1326 1314//1314 983//983
f 1315//1315 1314//1314 1326//1326
f 1315//1315 1327//1327 1316//1316
f 1315//1315 1326//1326 1327//1327
f 1316//1316 1328//1328 1317//1317
f 1316//1316 1327//1327 1328//1328
f 1318//1318 1317//1317 1329//1329
f 1329//1329 1317//1317 1328//1328
f 1330//1330 985//985 986//986
f 1331//1331 1330//1330 986//986
f 1331//1331 986//986 973//973
f 1332//1332 1331//1331 973//973
f 1319//1319 1332//1332 973//973
f 1332//1332 1319//1319 1320//1320
f 1332//1332 1320//1320 1333//1333
f 1333//1333 1320//1320 1321//1321
f 988//988 1334//1334 989//989
f 1334//1334 990//990 989//989
f 993//993 1326//1326 983//983
f 1326//1326 993//993 995//995
f 1335//1335 1326//1326 995//995
f 1327//1327 1326//1326 1335//1335
f 1327//1327 1336//1336 1328//1328
f 1327//1327 1335//1335 1336//1336
f 1329//1329 1328//1328 1337//1337
f 1328//1328 1338//1338 1337//1337
f 1328//1328 1336//1336 1338//1338
f 1340//1340 1339//1339 1338//1338
f 1338//1338 1339//1339 1337//1337
f 1340//1340 1341//1341 1339//1339
f 1342//1342 997//997 1330//1330
f 1330//1330 997//997 985//985
f 1330//1330 1331//1331 1343//1343
f 1330//1330 1343//1343 1342//1342
f 1000//1000 1344//1344 1334//1334
f 1000//1000 1334//1334 988//988
f 1344//1344 1002//1002 990//990
f 1344//1344 990//990 1334//1334
f 1006//1006 1335//1335 995//995
f 1335//1335 1006//1006 1008//1008
f 1345//1345 1335//1335 1008//1008
f 1336//1336 1335//1335 1345//1345
f 1336//1336 1346//1346 1338//1338
f 1336//1336 1345//1345 1346//1346
f 1338//1338 1347//1347 1340//1340
f 1338//1338 1346//1346 1347//1347
f 1341//1341 1340//1340 1348//1348
f 1348//1348 1340//1340 1347//1347
f 1342//1342 1009//1009 997//997
f 1010//1010 1009//1009 1342//1342
f 1343//1343 1010//1010 1342//1342
f 1349//1349 1010//1010 1343//1343
f 1013//1013 1350//1350 1344//1344
f 1013//1013 1344//1344 1000//1000
f 1351//1351 1014//1014 1002//1002
f 1344//1344 1351//1351 1002//1002
f 1350//1350 1351//1351 1344//1344
f 1351//1351 1016//1016 1014//1014
f 1017//1017 1352//1352 1018//1018
f 1352//1352 1020//1020 1018//1018
f 1021//1021 1353//1353 1022//1022
f 1345//1345 1008//1008 1022//1022
f 1353//1353 1345//1345 1022//1022
f 1354//1354 1345//1345 1353//1353
f 1345//1345 1355//1355 1346//1346
f 1345//1345 1354//1354 1355//1355
f 1357//1357 1347//1347 1356//1356
f 1347//1347 1355//1355 1356//1356
f 1347//1347 1346//1346 1355//1355
f 1347//1347 1357//1357 1348//1348
f 1360//1360 1359//1359 1358//1358
f 1358//1358 1361//1361 1360//1360
f 1363//1363 1024//1024 1362//1362
f 1024//1024 1349//1349 1362//1362
f 1024//1024 1010//1010 1349//1349
f 1364//1364 1363//1363 1362//1362
f 1025//1025 1350//1350 1013//1013
f 1350//1350 1025//1025 1027//1027
f 1365//1365 1350//1350 1027//1027
f 1351//1351 1350//1350 1365//1365
f 1365//1365 1029//1029 1016//1016
f 1365//1365 1016//1016 1351//1351
f 1030//1030 1366//1366 1352//1352
f 1030//1030 1352//1352 1017//1017
f 1367//1367 1031//1031 1020//1020
f 1352//1352 1367//1367 1020//1020
f 1366//1366 1367//1367 1352//1352
f 1353//1353 1021//1021 1031//1031
f 1367//1367 1353//1353 1031//1031
f 1368//1368 1353//1353 1367//1367
f 1353//1353 1369//1369 1354//1354
f 1353//1353 1368//1368 1369//1369
f 1371//1371 1355//1355 1370//1370
f 1355//1355 1369//1369 1370//1370
f 1355//1355 1354//1354 1369//1369
f 1355//1355 1371//1371 1356//1356
f 1374//1374 1373//1373 1372//1372
f 1374//1374 1372//1372 1359//1359
f 1372//1372 1358//1358 1359//1359
f 1372//1372 1375//1375 1358//1358
f 1361//1361 1358//1358 1376//1376
f 1358//1358 1377//1377 1376//1376
f 1358//1358 1375//1375 1377//1377
f 1379//1379 1378//1378 1377//1377
f 1377//1377 1378//1378 1376//1376
f 1381//1381 1380//1380 1379//1379
f 1379//1379 1380//1380 1378//1378
f 1381//1381 1382//1382 1380//1380
f 1363//1363 1032//1032 1024//1024
f 1034//1034 1032//1032 1363//1363
f 1364//1364 1034//1034 1363//1363
f 1383//1383 1034//1034 1364//1364
f 1037//1037 1384//1384 1365//1365
f 1037//1037 1365//1365 1027//1027
f 1384//1384 1039//1039 1029//1029
f 1384//1384 1029//1029 1365//1365
f 1386//1386 1385//1385 1366//1366
f 1030//1030 1386//1386 1366//1366
f 1040//1040 1386//1386 1030//1030
f 1366//1366 1385//1385 1367//1367
f 1367//1367 1385//1385 1387//1387
f 1367//1367 1387//1387 1368//1368
f 1368//1368 1387//1387 1388//1388
f 1368//1368 1388//1388 1369//1369
f 1369//1369 1388//1388 1389//1389
f 1369//1369 1389//1389 1370//1370
f 1372//1372 1373//1373 1390//1390
f 1390//1390 1373//1373 1391//1391
f 1372//1372 1392//1392 1375//1375
f 1372//1372 1390//1390 1392//1392
f 1392//1392 1042//1042 1043//1043
f 1377//1377 1392//1392 1043//1043
f 1375//1375 1392//1392 1377//1377
f 1377//1377 1043//1043 1044//1044
f 1377//1377 1044//1044 1379//1379
f 1379//1379 1044//1044 1046//1046
f 1379//1379 1046//1046 1381//1381
f 1046//1046 1048//1048 1381//1381
f 1048//1048 1382//1382 1381//1381
f 1048//1048 1393//1393 1382//1382
f 1383//1383 1394//1394 1034//1034
f 1034//1034 1394//1394 1049//1049
f 1050//1050 1049//1049 1394//1394
f 1050//1050 1394//1394 1395//1395
f 1053//1053 1396//1396 1384//1384
f 1053//1053 1384//1384 1037//1037
f 1397//1397 1054//1054 1039//1039
f 1384//1384 1397//1397 1039//1039
f 1396//1396 1397//1397 1384//1384
f 1055//1055 1054//1054 1397//1397
f 1057//1057 1398//1398 1040//1040
f 1399//1399 1040//1040 1398//1398
f 1040//1040 1399//1399 1386//1386
f 1058//1058 1398//1398 1057//1057
f 1391//1391 1400//1400 1390//1390
f 1402//1402 1401//1401 1400//1400
f 1401//1401 1390//1390 1400//1400
f 1401//1401 1392//1392 1390//1390
f 1401//1401 1060//1060 1042//1042
f 1401//1401 1042//1042 1392//1392
f 1403//1403 1393//1393 1048//1048
f 1403//1403 1048//1048 1063//1063
f 1405//1405 1404//1404 1065//1065
f 1404//1404 1063//1063 1065//1065
f 1404//1404 1403//1403 1063//1063
f 1405//1405 1406//1406 1404//1404
f 1407//1407 1067//1067 1068//1068
f 1069//1069 1407//1407 1068//1068
f 1395//1395 1071//1071 1050//1050
f 1408//1408 1071//1071 1395//1395
f 1076//1076 1409//1409 1396//1396
f 1076//1076 1396//1396 1053//1053
f 1396//1396 1410//1410 1397//1397
f 1396//1396 1409//1409 1410//1410
f 1411//1411 1399//1399 1398//1398
f 1397//1397 1077//1077 1055//1055
f 1077//1077 1397//1397 1412//1412
f 1410//1410 1412//1412 1397//1397
f 1411//1411 1398//1398 1413//1413
f 1398//1398 1058//1058 1413//1413
f 1077//1077 1412//1412 1413//1413
f 1077//1077 1413//1413 1058//1058
f 1402//1402 1414//1414 1401//1401
f 1060//1060 1401//1401 1414//1414
f 1415//1415 1060//1060 1414//1414
f 1079//1079 1060//1060 1415//1415
f 1417//1417 1416//1416 1405//1405
f 1065//1065 1417//1417 1405//1405
f 1083//1083 1417//1417 1065//1065
f 1405//1405 1416//1416 1406//1406
f 1407//1407 1084//1084 1067//1067
f 1084//1084 1407//1407 1069//1069
f 1408//1408 1418//1418 1071//1071
f 1071//1071 1418//1418 1085//1085
f 1085//1085 1419//1419 1086//1086
f 1418//1418 1419//1419 1085//1085
f 1419//1419 1421//1421 1420//1420
f 1087//1087 1419//1419 1420//1420
f 1086//1086 1419//1419 1087//1087
f 1420//1420 1089//1089 1087//1087
f 1092//1092 1409//1409 1076//1076
f 1409//1409 1092//1092 1094//1094
f 1422//1422 1409//1409 1094//1094
f 1410//1410 1409//1409 1422//1422
f 1410//1410 1423//1423 1412//1412
f 1410//1410 1422//1422 1423//1423
f 1413//1413 1412//1412 1424//1424
f 1412//1412 1425//1425 1424//1424
f 1412//1412 1423//1423 1425//1425
f 1425//1425 1426//1426 1424//1424
f 1415//1415 1427//1427 1079//1079
f 1079//1079 1427//1427 1095//1095
f 1095//1095 1428//1428 1096//1096
f 1427//1427 1428//1428 1095//1095
f 1428//1428 1430//1430 1429//1429
f 1097//1097 1428//1428 1429//1429
f 1096//1096 1428//1428 1097//1097
f 1097//1097 1429//1429 1431//1431
f 1432//1432 1097//1097 1431//1431
f 1098//1098 1097//1097 1432//1432
f 1083//1083 1098//1098 1417//1417
f 1417//1417 1098//1098 1432//1432
f 1434//1434 1433//1433 1101//1101
f 1101//1101 1433//1433 1100//1100
f 1435//1435 1101//1101 1102//1102
f 1435//1435 1434//1434 1101//1101
f 1102//1102 1104//1104 1435//1435
f 1435//1435 1104//1104 1436//1436
f 1421//1421 1437//1437 1420//1420
f 1437//1437 1439//1439 1438//1438
f 1437//1437 1438//1438 1105//1105
f 1420//1420 1437//1437 1105//1105
f 1089//1089 1420//1420 1105//1105
f 1438//1438 1107//1107 1105//1105
f 1109//1109 1440//1440 1108//1108
f 1422//1422 1094//1094 1108//1108
f 1440//1440 1422//1422 1108//1108
f 1441//1441 1422//1422 1440//1440
f 1422//1422 1442//1442 1423//1423
f 1422//1422 1441//1441 1442//1442
f 1423//1423 1443//1443 1425//1425
f 1423//1423 1442//1442 1443//1443
f 1426//1426 1425//1425 1444//1444
f 1444//1444 1425//1425 1443//1443
f 1430//1430 1445//1445 1429//1429
f 1429//1429 1445//1445 1431//1431
f 1110//1110 1100//1100 1446//1446
f 1100//1100 1447//1447 1446//1446
f 1100//1100 1433//1433 1447//1447
f 1446//1446 1112//1112 1110//1110
f 1113//1113 1436//1436 1104//1104
f 1113//1113 1448//1448 1436//1436
f 1438//1438 1439//1439 1449//1449
f 1449//1449 1439//1439 1450//1450
f 1449//1449 1115//1115 1107//1107
f 1449//1449 1107//1107 1438//1438
f 1118//1118 1440//1440 1109//1109
f 1440//1440 1118//1118 1120//1120
f 1451//1451 1440//1440 1120//1120
f 1441//1441 1440//1440 1451//1451
f 1441//1441 1452//1452 1442//1442
f 1441//1441 1451//1451 1452//1452
f 1454//1454 1443//1443 1453//1453
f 1443//1443 1452//1452 1453//1453
f 1443//1443 1442//1442 1452//1452
f 1443//1443 1454//1454 1444//1444
f 1447//1447 1455//1455 1446//1446
f 1455//1455 1457//1457 1456//1456
f 1455//1455 1456//1456 1121//1121
f 1446//1446 1455//1455 1121//1121
f 1112//1112 1446//1446 1121//1121
f 1448//1448 1113//1113 1458//1458
f 1113//1113 1456//1456 1458//1458
f 1456//1456 1459//1459 1458//1458
f 1113//1113 1121//1121 1456//1456
f 1459//1459 1460//1460 1458//1458
f 1449//1449 1450//1450 1461//1461
f 1461//1461 1450//1450 1462//1462
f 1461//1461 1122//1122 1115//1115
f 1461//1461 1115//1115 1449//1449
f 1124//1124 1463//1463 1123//1123
f 1463//1463 1125//1125 1123//1123
f 1126//1126 1451//1451 1120//1120
f 1452//1452 1451//1451 1464//1464
f 1451//1451 1127//1127 1464//1464
f 1127//1127 1465//1465 1464//1464
f 1127//1127 1451//1451 1126//1126
f 1452//1452 1464//1464 1453//1453
f 1457//1457 1466//1466 1456//1456
f 1456//1456 1466//1466 1459//1459
f 1459//1459 1466//1466 1467//1467
f 1459//1459 1467//1467 1460//1460
f 1470//1470 1469//1469 1468//1468
f 1470//1470 1468//1468 1462//1462
f 1462//1462 1468//1468 1461//1461
f 1468//1468 1128//1128 1461//1461
f 1128//1128 1129//1129 1461//1461
f 1461//1461 1129//1129 1122//1122
f 1130//1130 1463//1463 1124//1124
f 1463//1463 1130//1130 1125//1125
f 1131//1131 1472//1472 1471//1471
f 1465//1465 1131//1131 1471//1471
f 1127//1127 1131//1131 1465//1465
f 1472//1472 1473//1473 1471//1471
f 1468//1468 1469//1469 1133//1133
f 1469//1469 1132//1132 1133//1133
f 1469//1469 1474//1474 1132//1132
f 1468//1468 1133//1133 1128//1128
f 1135//1135 1475//1475 1134//1134
f 1475//1475 1476//1476 1134//1134
f 1134//1134 1476//1476 1131//1131
f 1476//1476 1477//1477 1131//1131
f 1477//1477 1472//1472 1131//1131
f 1472//1472 1477//1477 1473//1473
f 1474//1474 1478//1478 1132//1132
f 1132//1132 1478//1478 1136//1136
f 1136//1136 1479//1479 1137//1137
f 1478//1478 1479//1479 1136//1136
f 1138//1138 1137//1137 1479//1479
f 1138//1138 1479//1479 1480//1480
f 1140//1140 1481//1481 1475//1475
f 1140//1140 1475//1475 1135//1135
f 1476//1476 1475//1475 1482//1482
f 1482//1482 1475//1475 1481//1481
f 1484//1484 1483//1483 1143//1143
f 1143//1143 1483//1483 1142//1142
f 1143//1143 1138//1138 1480//1480
f 1143//1143 1480//1480 1484//1484
f 1486//1486 1485//1485 1481//1481
f 1140//1140 1486//1486 1481//1481
f 1145//1145 1486//1486 1140//1140
f 1481//1481 1485//1485 1482//1482
f 1146//1146 1142//1142 1487//1487
f 1142//1142 1488//1488 1487//1487
f 1142//1142 1483//1483 1488//1488
f 1489//1489 1147//1147 1146//1146
f 1489//1489 1146//1146 1487//1487
f 1489//1489 1149//1149 1147//1147
f 1150//1150 1490//1490 1151//1151
f 1491//1491 1152//1152 1151//1151
f 1491//1491 1151//1151 1490//1490
f 1491//1491 1492//1492 1152//1152
f 1492//1492 1145//1145 1152//1152
f 1492//1492 1486//1486 1145//1145
f 1488//1488 1493//1493 1487//1487
f 1495//1495 1494//1494 1493//1493
f 1494//1494 1487//1487 1493//1493
f 1494//1494 1489//1489 1487//1487
f 1489//1489 1494//1494 1149//1149
f 1494//1494 1496//1496 1149//1149
f 1496//1496 1153//1153 1149//1149
f 1494//1494 1497//1497 1496//1496
f 1150//1150 1153//1153 1490//1490
f 1153//1153 1498//1498 1490//1490
f 1153//1153 1496//1496 1498//1498
f 1490//1490 1498//1498 1491//1491
f 1491//1491 1498//1498 1499//1499
f 1491//1491 1499//1499 1492//1492
f 1495//1495 1500//1500 1494//1494
f 1494//1494 1500//1500 1497//1497
f 1501//1501 1156//1156 1157//1157
f 1158//1158 1502//1502 1157//1157
f 1157//1157 1502//1502 1501//1501
f 1159//1159 1503//1503 1158//1158
f 1158//1158 1503//1503 1502//1502
f 1161//1161 1503//1503 1159//1159
f 1501//1501 1162//1162 1156//1156
f 1162//1162 1501//1501 1163//1163
f 1163//1163 1501//1501 1502//1502
f 1163//1163 1502//1502 1164//1164
f 1164//1164 1502//1502 1503//1503
f 1164//1164 1503//1503 1161//1161
f 1506//1506 1505//1505 1504//1504
f 1508//1508 1507//1507 1504//1504
f 1504//1504 1507//1507 1506//1506
f 1510//1510 1509//1509 1508//1508
f 1508//1508 1509//1509 1507//1507
f 1512//1512 1511//1511 1510//1510
f 1510//1510 1511//1511 1509//1509
f 1512//1512 1513//1513 1511//1511
f 1516//1516 1515//1515 1514//1514
f 1518//1518 1517//1517 1514//1514
f 1514//1514 1517//1517 1516//1516
f 1518//1518 1519//1519 1517//1517
f 1505//1505 1520//1520 1504//1504
f 1504//1504 1520//1520 1508//1508
f 1508//1508 1520//1520 1521//1521
f 1508//1508 1521//1521 1510//1510
f 1510//1510 1521//1521 1522//1522
f 1524//1524 1523//1523 1522//1522
f 1523//1523 1510//1510 1522//1522
f 1523//1523 1512//1512 1510//1510
f 1513//1513 1512//1512 1525//1525
f 1512//1512 1526//1526 1525//1525
f 1512//1512 1523//1523 1526//1526
f 1525//1525 1526//1526 1515//1515
f 1526//1526 1514//1514 1515//1515
f 1526//1526 1527//1527 1514//1514
f 1529//1529 1518//1518 1528//1528
f 1518//1518 1527//1527 1528//1528
f 1518//1518 1514//1514 1527//1527
f 1518//1518 1529//1529 1519//1519
f 1524//1524 1530//1530 1523//1523
f 1523//1523 1530//1530 1526//1526
f 1526//1526 1530//1530 1531//1531
f 1526//1526 1531//1531 1527//1527
f 1527//1527 1531//1531 1532//1532
f 1527//1527 1532//1532 1528//1528
f 1535//1535 1534//1534 1533//1533
f 1533//1533 1536//1536 1535//1535
f 1534//1534 1537//1537 1533//1533
f 1537//1537 1538//1538 1533//1533
f 1538//1538 1539//1539 1533//1533
f 1540//1540 1536//1536 1533//1533
f 1540//1540 1533//1533 1539//1539
f 1542//1542 1541//1541 1539//1539
f 1539//1539 1541//1541 1540//1540
f 1544//1544 1543//1543 1542//1542
f 1542//1542 1543//1543 1541//1541
f 1546//1546 1545//1545 1544//1544
f 1544//1544 1545//1545 1543//1543
f 1548//1548 1547//1547 1546//1546
f 1546//1546 1547//1547 1545//1545
f 1550//1550 1549//1549 1548//1548
f 1548//1548 1549//1549 1547//1547
f 1550//1550 1551//1551 1549//1549
f 1539//1539 1538//1538 1552//1552
f 1552//1552 1538//1538 1553//1553
f 1539//1539 1554//1554 1542//1542
f 1539//1539 1552//1552 1554//1554
f 1542//1542 1555//1555 1544//1544
f 1542//1542 1554//1554 1555//1555
f 1544//1544 1556//1556 1546//1546
f 1544//1544 1555//1555 1556//1556
f 1546//1546 1557//1557 1548//1548
f 1546//1546 1556//1556 1557//1557
f 1548//1548 1558//1558 1550//1550
f 1548//1548 1557//1557 1558//1558
f 1551//1551 1550//1550 1559//1559
f 1559//1559 1550//1550 1558//1558
f 1553//1553 1560//1560 1552//1552
f 1561//1561 1166//1166 1167//1167
f 1552//1552 1561//1561 1167//1167
f 1554//1554 1552//1552 1167//1167
f 1560//1560 1561//1561 1552//1552
f 1554//1554 1167//1167 1168//1168
f 1554//1554 1168//1168 1555//1555
f 1555//1555 1168//1168 1170//1170
f 1562//1562 1555//1555 1170//1170
f 1556//1556 1555//1555 1562//1562
f 1556//1556 1563//1563 1557//1557
f 1556//1556 1562//1562 1563//1563
f 1565//1565 1558//1558 1564//1564
f 1558//1558 1563//1563 1564//1564
f 1558//1558 1557//1557 1563//1563
f 1558//1558 1565//1565 1559//1559
f 1568//1568 1567//1567 1566//1566
f 1566//1566 1569//1569 1568//1568
f 1561//1561 1570//1570 1166//1166
f 1166//1166 1570//1570 1171//1171
f 1173//1173 1171//1171 1570//1570
f 1173//1173 1570//1570 1571//1571
f 1174//1174 1562//1562 1170//1170
f 1562//1562 1174//1174 1176//1176
f 1562//1562 1176//1176 1563//1563
f 1572//1572 1564//1564 1563//1563
f 1176//1176 1572//1572 1563//1563
f 1178//1178 1572//1572 1176//1176
f 1178//1178 1180//1180 1572//1572
f 1572//1572 1180//1180 1573//1573
f 1567//1567 1574//1574 1566//1566
f 1566//1566 1574//1574 1569//1569
f 1576//1576 1182//1182 1575//1575
f 1182//1182 1571//1571 1575//1575
f 1182//1182 1173//1173 1571//1571
f 1577//1577 1576//1576 1575//1575
f 1185//1185 1578//1578 1186//1186
f 1578//1578 1579//1579 1186//1186
f 1579//1579 1180//1180 1186//1186
f 1579//1579 1573//1573 1180//1180
f 1576//1576 1188//1188 1182//1182
f 1190//1190 1188//1188 1576//1576
f 1577//1577 1190//1190 1576//1576
f 1580//1580 1190//1190 1577//1577
f 1192//1192 1581//1581 1578//1578
f 1192//1192 1578//1578 1185//1185
f 1579//1579 1578//1578 1582//1582
f 1582//1582 1578//1578 1581//1581
f 1584//1584 1193//1193 1583//1583
f 1193//1193 1580//1580 1583//1583
f 1193//1193 1190//1190 1580//1580
f 1585//1585 1584//1584 1583//1583
f 1587//1587 1586//1586 1581//1581
f 1192//1192 1587//1587 1581//1581
f 1195//1195 1587//1587 1192//1192
f 1581//1581 1586//1586 1582//1582
f 1584//1584 1196//1196 1193//1193
f 1589//1589 1588//1588 1199//1199
f 1589//1589 1199//1199 1196//1196
f 1585//1585 1589//1589 1196//1196
f 1584//1584 1585//1585 1196//1196
f 1589//1589 1587//1587 1588//1588
f 1587//1587 1201//1201 1588//1588
f 1587//1587 1195//1195 1201//1201
f 1588//1588 1202//1202 1199//1199
f 1202//1202 1588//1588 1201//1201
f 1592//1592 1591//1591 1590//1590
f 1590//1590 1593//1593 1592//1592
f 1595//1595 1594//1594 1205//1205
f 1205//1205 1594//1594 1204//1204
f 1597//1597 1596//1596 1206//1206
f 1596//1596 1205//1205 1206//1206
f 1596//1596 1595//1595 1205//1205
f 1599//1599 1598//1598 1597//1597
f 1597//1597 1598//1598 1596//1596
f 1601//1601 1600//1600 1599//1599
f 1599//1599 1600//1600 1598//1598
f 1603//1603 1602//1602 1601//1601
f 1601//1601 1602//1602 1600//1600
f 1602//1602 1603//1603 1591//1591
f 1591//1591 1603//1603 1590//1590
f 1603//1603 1208//1208 1590//1590
f 1208//1208 1209//1209 1590//1590
f 1605//1605 1604//1604 1210//1210
f 1210//1210 1604//1604 1209//1209
f 1604//1604 1593//1593 1209//1209
f 1593//1593 1590//1590 1209//1209
f 1605//1605 1606//1606 1604//1604
f 1594//1594 1212//1212 1204//1204
f 1607//1607 1212//1212 1594//1594
f 1213//1213 1597//1597 1206//1206
f 1597//1597 1213//1213 1215//1215
f 1608//1608 1597//1597 1215//1215
f 1599//1599 1597//1597 1608//1608
f 1611//1611 1610//1610 1609//1609
f 1601//1601 1217//1217 1218//1218
f 1217//1217 1601//1601 1608//1608
f 1599//1599 1608//1608 1601//1601
f 1613//1613 1612//1612 1610//1610
f 1609//1609 1610//1610 1612//1612
f 1601//1601 1219//1219 1603//1603
f 1219//1219 1601//1601 1218//1218
f 1219//1219 1208//1208 1603//1603
f 1612//1612 1613//1613 1614//1614
f 1616//1616 1615//1615 1605//1605
f 1210//1210 1616//1616 1605//1605
f 1222//1222 1616//1616 1210//1210
f 1605//1605 1615//1615 1606//1606
f 1607//1607 1617//1617 1212//1212
f 1212//1212 1617//1617 1223//1223
f 1223//1223 1618//1618 1224//1224
f 1617//1617 1618//1618 1223//1223
f 1215//1215 1224//1224 1608//1608
f 1224//1224 1619//1619 1608//1608
f 1224//1224 1618//1618 1619//1619
f 1611//1611 1609//1609 1619//1619
f 1609//1609 1225//1225 1619//1619
f 1217//1217 1608//1608 1619//1619
f 1217//1217 1619//1619 1225//1225
f 1225//1225 1609//1609 1226//1226
f 1226//1226 1609//1609 1612//1612
f 1614//1614 1620//1620 1612//1612
f 1620//1620 1226//1226 1612//1612
f 1620//1620 1228//1228 1226//1226
f 1222//1222 1228//1228 1616//1616
f 1616//1616 1228//1228 1620//1620
f 1621//1621 1232//1232 1233//1233
f 1621//1621 1233//1233 1622//1622
f 1233//1233 1623//1623 1622//1622
f 1233//1233 1234//1234 1623//1623
f 1624//1624 1234//1234 1235//1235
f 1624//1624 1623//1623 1234//1234
f 1625//1625 1235//1235 1236//1236
f 1625//1625 1624//1624 1235//1235
f 1626//1626 1236//1236 1237//1237
f 1626//1626 1625//1625 1236//1236
f 1628//1628 1626//1626 1627//1627
f 1626//1626 1238//1238 1627//1627
f 1626//1626 1237//1237 1238//1238
f 1240//1240 1627//1627 1238//1238
f 1630//1630 1629//1629 1244//1244
f 1244//1244 1629//1629 1243//1243
f 1244//1244 1232//1232 1621//1621
f 1631//1631 1244//1244 1621//1621
f 1630//1630 1244//1244 1631//1631
f 1631//1631 1621//1621 1622//1622
f 1628//1628 1627//1627 1246//1246
f 1247//1247 1628//1628 1246//1246
f 1632//1632 1628//1628 1247//1247
f 1246//1246 1627//1627 1240//1240
f 1629//1629 1251//1251 1243//1243
f 1633//1633 1251//1251 1629//1629
f 1247//1247 1252//1252 1634//1634
f 1635//1635 1247//1247 1634//1634
f 1632//1632 1247//1247 1635//1635
f 1253//1253 1634//1634 1252//1252
f 1638//1638 1637//1637 1636//1636
f 1640//1640 1639//1639 1636//1636
f 1636//1636 1639//1639 1638//1638
f 1640//1640 1641//1641 1639//1639
f 1633//1633 1642//1642 1251//1251
f 1251//1251 1642//1642 1256//1256
f 1257//1257 1256//1256 1642//1642
f 1257//1257 1642//1642 1643//1643
f 1644//1644 1635//1635 1634//1634
f 1634//1634 1253//1253 1644//1644
f 1253//1253 1645//1645 1644//1644
f 1253//1253 1259//1259 1645//1645
f 1647//1647 1646//1646 1262//1262
f 1262//1262 1646//1646 1261//1261
f 1648//1648 1636//1636 1263//1263
f 1636//1636 1647//1647 1263//1263
f 1647//1647 1262//1262 1263//1263
f 1636//1636 1637//1637 1647//1647
f 1636//1636 1649//1649 1640//1640
f 1636//1636 1648//1648 1649//1649
f 1641//1641 1640//1640 1650//1650
f 1640//1640 1651//1651 1650//1650
f 1640//1640 1649//1649 1651//1651
f 1651//1651 1652//1652 1650//1650
f 1264//1264 1257//1257 1653//1653
f 1257//1257 1654//1654 1653//1653
f 1257//1257 1643//1643 1654//1654
f 1653//1653 1265//1265 1264//1264
f 1266//1266 1656//1656 1655//1655
f 1645//1645 1266//1266 1655//1655
f 1259//1259 1266//1266 1645//1645
f 1656//1656 1657//1657 1655//1655
f 1660//1660 1659//1659 1658//1658
f 1646//1646 1660//1660 1658//1658
f 1268//1268 1646//1646 1658//1658
f 1261//1261 1646//1646 1268//1268
f 1269//1269 1648//1648 1263//1263
f 1648//1648 1269//1269 1271//1271
f 1661//1661 1648//1648 1271//1271
f 1649//1649 1648//1648 1661//1661
f 1649//1649 1662//1662 1651//1651
f 1649//1649 1661//1661 1662//1662
f 1652//1652 1651//1651 1663//1663
f 1651//1651 1664//1664 1663//1663
f 1651//1651 1662//1662 1664//1664
f 1666//1666 1665//1665 1664//1664
f 1664//1664 1665//1665 1663//1663
f 1665//1665 1666//1666 1654//1654
f 1666//1666 1653//1653 1654//1654
f 1666//1666 1667//1667 1653//1653
f 1667//1667 1273//1273 1265//1265
f 1667//1667 1265//1265 1653//1653
f 1276//1276 1656//1656 1266//1266
f 1276//1276 1278//1278 1656//1656
f 1278//1278 1657//1657 1656//1656
f 1278//1278 1668//1668 1657//1657
f 1659//1659 1669//1669 1658//1658
f 1268//1268 1658//1658 1669//1669
f 1670//1670 1268//1268 1669//1669
f 1280//1280 1268//1268 1670//1670
f 1282//1282 1661//1661 1271//1271
f 1661//1661 1282//1282 1284//1284
f 1671//1671 1661//1661 1284//1284
f 1662//1662 1661//1661 1671//1671
f 1662//1662 1672//1672 1664//1664
f 1662//1662 1671//1671 1672//1672
f 1672//1672 1286//1286 1287//1287
f 1666//1666 1672//1672 1287//1287
f 1664//1664 1672//1672 1666//1666
f 1666//1666 1287//1287 1288//1288
f 1666//1666 1288//1288 1667//1667
f 1667//1667 1288//1288 1273//1273
f 1293//1293 1673//1673 1294//1294
f 1668//1668 1278//1278 1674//1674
f 1278//1278 1673//1673 1674//1674
f 1673//1673 1675//1675 1674//1674
f 1278//1278 1294//1294 1673//1673
f 1675//1675 1676//1676 1674//1674
f 1677//1677 1296//1296 1297//1297
f 1678//1678 1677//1677 1297//1297
f 1280//1280 1678//1678 1297//1297
f 1670//1670 1678//1678 1280//1280
f 1298//1298 1679//1679 1671//1671
f 1298//1298 1671//1671 1284//1284
f 1671//1671 1680//1680 1672//1672
f 1671//1671 1679//1679 1680//1680
f 1680//1680 1300//1300 1286//1286
f 1680//1680 1286//1286 1672//1672
f 1304//1304 1673//1673 1293//1293
f 1673//1673 1304//1304 1306//1306
f 1681//1681 1673//1673 1306//1306
f 1675//1675 1673//1673 1681//1681
f 1676//1676 1675//1675 1682//1682
f 1675//1675 1683//1683 1682//1682
f 1675//1675 1681//1681 1683//1683
f 1683//1683 1684//1684 1682//1682
f 1677//1677 1308//1308 1296//1296
f 1678//1678 1685//1685 1677//1677
f 1685//1685 1308//1308 1677//1677
f 1685//1685 1309//1309 1308//1308
f 1309//1309 1686//1686 1310//1310
f 1685//1685 1686//1686 1309//1309
f 1310//1310 1687//1687 1311//1311
f 1686//1686 1687//1687 1310//1310
f 1298//1298 1311//1311 1679//1679
f 1311//1311 1688//1688 1679//1679
f 1311//1311 1687//1687 1688//1688
f 1690//1690 1689//1689 1688//1688
f 1312//1312 1688//1688 1689//1689
f 1688//1688 1312//1312 1679//1679
f 1313//1313 1679//1679 1312//1312
f 1679//1679 1313//1313 1680//1680
f 1313//1313 1300//1300 1680//1680
f 1689//1689 1690//1690 1691//1691
f 1318//1318 1692//1692 1681//1681
f 1318//1318 1681//1681 1306//1306
f 1681//1681 1693//1693 1683//1683
f 1681//1681 1692//1692 1693//1693
f 1684//1684 1683//1683 1694//1694
f 1683//1683 1695//1695 1694//1694
f 1683//1683 1693//1693 1695//1695
f 1695//1695 1696//1696 1694//1694
f 1697//1697 1321//1321 1322//1322
f 1697//1697 1322//1322 1698//1698
f 1322//1322 1699//1699 1698//1698
f 1322//1322 1323//1323 1699//1699
f 1700//1700 1323//1323 1324//1324
f 1700//1700 1699//1699 1323//1323
f 1701//1701 1324//1324 1325//1325
f 1701//1701 1700//1700 1324//1324
f 1325//1325 1312//1312 1689//1689
f 1702//1702 1325//1325 1689//1689
f 1701//1701 1325//1325 1702//1702
f 1705//1705 1704//1704 1703//1703
f 1691//1691 1702//1702 1689//1689
f 1706//1706 1704//1704 1705//1705
f 1329//1329 1707//1707 1692//1692
f 1329//1329 1692//1692 1318//1318
f 1692//1692 1708//1708 1693//1693
f 1692//1692 1707//1707 1708//1708
f 1693//1693 1709//1709 1695//1695
f 1693//1693 1708//1708 1709//1709
f 1696//1696 1695//1695 1710//1710
f 1710//1710 1695//1695 1709//1709
f 1711//1711 1331//1331 1332//1332
f 1711//1711 1332//1332 1712//1712
f 1332//1332 1713//1713 1712//1712
f 1332//1332 1333//1333 1713//1713
f 1333//1333 1321//1321 1697//1697
f 1714//1714 1333//1333 1697//1697
f 1713//1713 1333//1333 1714//1714
f 1714//1714 1697//1697 1698//1698
f 1715//1715 1703//1703 1704//1704
f 1715//1715 1704//1704 1706//1706
f 1337//1337 1707//1707 1329//1329
f 1707//1707 1337//1337 1339//1339
f 1707//1707 1339//1339 1708//1708
f 1708//1708 1339//1339 1341//1341
f 1716//1716 1708//1708 1341//1341
f 1709//1709 1708//1708 1716//1716
f 1710//1710 1709//1709 1717//1717
f 1709//1709 1718//1718 1717//1717
f 1709//1709 1716//1716 1718//1718
f 1720//1720 1719//1719 1718//1718
f 1718//1718 1719//1719 1717//1717
f 1720//1720 1721//1721 1719//1719
f 1722//1722 1343//1343 1711//1711
f 1711//1711 1343//1343 1331//1331
f 1711//1711 1712//1712 1723//1723
f 1711//1711 1723//1723 1722//1722
f 1348//1348 1724//1724 1716//1716
f 1348//1348 1716//1716 1341//1341
f 1716//1716 1725//1725 1718//1718
f 1716//1716 1724//1724 1725//1725
f 1718//1718 1726//1726 1720//1720
f 1718//1718 1725//1725 1726//1726
f 1721//1721 1720//1720 1727//1727
f 1720//1720 1728//1728 1727//1727
f 1720//1720 1726//1726 1728//1728
f 1728//1728 1729//1729 1727//1727
f 1730//1730 1349//1349 1722//1722
f 1722//1722 1349//1349 1343//1343
f 1722//1722 1723//1723 1731//1731
f 1722//1722 1731//1731 1730//1730
f 1356//1356 1732//1732 1357//1357
f 1724//1724 1348//1348 1357//1357
f 1732//1732 1724//1724 1357//1357
f 1733//1733 1724//1724 1732//1732
f 1724//1724 1734//1734 1725//1725
f 1724//1724 1733//1733 1734//1734
f 1725//1725 1735//1735 1726//1726
f 1725//1725 1734//1734 1735//1735
f 1726//1726 1736//1736 1728//1728
f 1726//1726 1735//1735 1736//1736
f 1360//1360 1737//1737 1359//1359
f 1737//1737 1728//1728 1359//1359
f 1728//1728 1736//1736 1359//1359
f 1728//1728 1737//1737 1729//1729
f 1360//1360 1361//1361 1737//1737
f 1737//1737 1361//1361 1738//1738
f 1730//1730 1362//1362 1349//1349
f 1364//1364 1362//1362 1730//1730
f 1731//1731 1364//1364 1730//1730
f 1739//1739 1364//1364 1731//1731
f 1370//1370 1740//1740 1371//1371
f 1732//1732 1356//1356 1371//1371
f 1740//1740 1732//1732 1371//1371
f 1741//1741 1732//1732 1740//1740
f 1732//1732 1742//1742 1733//1733
f 1732//1732 1741//1741 1742//1742
f 1733//1733 1743//1743 1734//1734
f 1733//1733 1742//1742 1743//1743
f 1734//1734 1744//1744 1735//1735
f 1734//1734 1743//1743 1744//1744
f 1744//1744 1373//1373 1374//1374
f 1736//1736 1744//1744 1374//1374
f 1735//1735 1744//1744 1736//1736
f 1736//1736 1374//1374 1359//1359
f 1745//1745 1738//1738 1361//1361
f 1745//1745 1361//1361 1376//1376
f 1746//1746 1376//1376 1378//1378
f 1746//1746 1745//1745 1376//1376
f 1748//1748 1746//1746 1747//1747
f 1746//1746 1380//1380 1747//1747
f 1746//1746 1378//1378 1380//1380
f 1382//1382 1747//1747 1380//1380
f 1739//1739 1383//1383 1364//1364
f 1749//1749 1383//1383 1739//1739
f 1386//1386 1750//1750 1385//1385
f 1385//1385 1750//1750 1751//1751
f 1752//1752 1385//1385 1751//1751
f 1387//1387 1385//1385 1752//1752
f 1752//1752 1754//1754 1753//1753
f 1388//1388 1752//1752 1753//1753
f 1387//1387 1752//1752 1388//1388
f 1388//1388 1753//1753 1755//1755
f 1756//1756 1388//1388 1755//1755
f 1389//1389 1388//1388 1756//1756
f 1370//1370 1389//1389 1740//1740
f 1389//1389 1757//1757 1740//1740
f 1389//1389 1756//1756 1757//1757
f 1740//1740 1757//1757 1741//1741
f 1741//1741 1757//1757 1758//1758
f 1741//1741 1758//1758 1742//1742
f 1742//1742 1758//1758 1759//1759
f 1742//1742 1759//1759 1743//1743
f 1743//1743 1759//1759 1760//1760
f 1762//1762 1761//1761 1760//1760
f 1761//1761 1743//1743 1760//1760
f 1761//1761 1744//1744 1743//1743
f 1761//1761 1391//1391 1373//1373
f 1761//1761 1373//1373 1744//1744
f 1763//1763 1748//1748 1747//1747
f 1747//1747 1382//1382 1763//1763
f 1382//1382 1764//1764 1763//1763
f 1382//1382 1393//1393 1764//1764
f 1767//1767 1766//1766 1765//1765
f 1765//1765 1768//1768 1394//1394
f 1749//1749 1765//1765 1394//1394
f 1383//1383 1749//1749 1394//1394
f 1765//1765 1749//1749 1767//1767
f 1768//1768 1395//1395 1394//1394
f 1399//1399 1769//1769 1750//1750
f 1399//1399 1750//1750 1386//1386
f 1751//1751 1750//1750 1770//1770
f 1750//1750 1771//1771 1770//1770
f 1750//1750 1769//1769 1771//1771
f 1773//1773 1772//1772 1771//1771
f 1772//1772 1753//1753 1771//1771
f 1754//1754 1770//1770 1771//1771
f 1754//1754 1771//1771 1753//1753
f 1753//1753 1772//1772 1755//1755
f 1762//1762 1774//1774 1761//1761
f 1761//1761 1774//1774 1391//1391
f 1774//1774 1400//1400 1391//1391
f 1774//1774 1775//1775 1400//1400
f 1402//1402 1400//1400 1775//1775
f 1402//1402 1775//1775 1776//1776
f 1777//1777 1764//1764 1393//1393
f 1777//1777 1393//1393 1403//1403
f 1779//1779 1777//1777 1778//1778
f 1777//1777 1404//1404 1778//1778
f 1777//1777 1403//1403 1404//1404
f 1406//1406 1778//1778 1404//1404
f 1766//1766 1780//1780 1765//1765
f 1765//1765 1780//1780 1768//1768
f 1768//1768 1780//1780 1781//1781
f 1395//1395 1768//1768 1781//1781
f 1782//1782 1395//1395 1781//1781
f 1408//1408 1395//1395 1782//1782
f 1411//1411 1769//1769 1399//1399
f 1769//1769 1411//1411 1413//1413
f 1783//1783 1769//1769 1413//1413
f 1771//1771 1769//1769 1783//1783
f 1773//1773 1771//1771 1784//1784
f 1784//1784 1771//1771 1783//1783
f 1776//1776 1785//1785 1402//1402
f 1402//1402 1785//1785 1414//1414
f 1415//1415 1414//1414 1785//1785
f 1415//1415 1785//1785 1786//1786
f 1789//1789 1788//1788 1787//1787
f 1787//1787 1788//1788 1779//1779
f 1787//1787 1779//1779 1778//1778
f 1417//1417 1787//1787 1778//1778
f 1416//1416 1417//1417 1778//1778
f 1416//1416 1778//1778 1406//1406
f 1792//1792 1791//1791 1790//1790
f 1794//1794 1793//1793 1790//1790
f 1790//1790 1793//1793 1792//1792
f 1796//1796 1795//1795 1794//1794
f 1794//1794 1795//1795 1793//1793
f 1796//1796 1797//1797 1418//1418
f 1782//1782 1796//1796 1418//1418
f 1408//1408 1782//1782 1418//1418
f 1796//1796 1782//1782 1795//1795
f 1798//1798 1419//1419 1418//1418
f 1798//1798 1418//1418 1797//1797
f 1798//1798 1421//1421 1419//1419
f 1424//1424 1783//1783 1413//1413
f 1424//1424 1426//1426 1783//1783
f 1426//1426 1784//1784 1783//1783
f 1426//1426 1799//1799 1784//1784
f 1786//1786 1800//1800 1415//1415
f 1415//1415 1800//1800 1427//1427
f 1427//1427 1801//1801 1428//1428
f 1800//1800 1801//1801 1427//1427
f 1803//1803 1802//1802 1430//1430
f 1428//1428 1803//1803 1430//1430
f 1801//1801 1803//1803 1428//1428
f 1802//1802 1803//1803 1789//1789
f 1802//1802 1789//1789 1787//1787
f 1431//1431 1802//1802 1787//1787
f 1432//1432 1431//1431 1787//1787
f 1432//1432 1787//1787 1417//1417
f 1806//1806 1805//1805 1804//1804
f 1806//1806 1804//1804 1791//1791
f 1791//1791 1804//1804 1790//1790
f 1804//1804 1433//1433 1790//1790
f 1433//1433 1434//1434 1790//1790
f 1790//1790 1434//1434 1435//1435
f 1790//1790 1435//1435 1794//1794
f 1794//1794 1435//1435 1436//1436
f 1807//1807 1794//1794 1436//1436
f 1796//1796 1794//1794 1807//1807
f 1796//1796 1808//1808 1797//1797
f 1796//1796 1807//1807 1808//1808
f 1797//1797 1809//1809 1798//1798
f 1797//1797 1808//1808 1809//1809
f 1810//1810 1437//1437 1421//1421
f 1798//1798 1810//1810 1421//1421
f 1809//1809 1810//1810 1798//1798
f 1810//1810 1439//1439 1437//1437
f 1444//1444 1812//1812 1811//1811
f 1799//1799 1444//1444 1811//1811
f 1426//1426 1444//1444 1799//1799
f 1812//1812 1813//1813 1811//1811
f 1802//1802 1445//1445 1430//1430
f 1445//1445 1802//1802 1431//1431
f 1805//1805 1814//1814 1804//1804
f 1433//1433 1804//1804 1814//1814
f 1815//1815 1433//1433 1814//1814
f 1447//1447 1433//1433 1815//1815
f 1448//1448 1816//1816 1807//1807
f 1448//1448 1807//1807 1436//1436
f 1807//1807 1817//1817 1808//1808
f 1807//1807 1816//1816 1817//1817
f 1808//1808 1818//1818 1809//1809
f 1808//1808 1817//1817 1818//1818
f 1809//1809 1819//1819 1810//1810
f 1809//1809 1818//1818 1819//1819
f 1819//1819 1450//1450 1439//1439
f 1819//1819 1439//1439 1810//1810
f 1453//1453 1820//1820 1454//1454
f 1812//1812 1444//1444 1454//1454
f 1820//1820 1812//1812 1454//1454
f 1821//1821 1812//1812 1820//1820
f 1813//1813 1812//1812 1822//1822
f 1822//1822 1812//1812 1821//1821
f 1825//1825 1824//1824 1823//1823
f 1827//1827 1826//1826 1823//1823
f 1823//1823 1826//1826 1825//1825
f 1827//1827 1828//1828 1455//1455
f 1815//1815 1827//1827 1455//1455
f 1447//1447 1815//1815 1455//1455
f 1827//1827 1815//1815 1826//1826
f 1457//1457 1455//1455 1828//1828
f 1831//1831 1830//1830 1829//1829
f 1833//1833 1832//1832 1829//1829
f 1832//1832 1816//1816 1829//1829
f 1448//1448 1829//1829 1816//1816
f 1829//1829 1448//1448 1831//1831
f 1458//1458 1831//1831 1448//1448
f 1831//1831 1458//1458 1832//1832
f 1832//1832 1834//1834 1831//1831
f 1833//1833 1834//1834 1832//1832
f 1832//1832 1458//1458 1816//1816
f 1833//1833 1835//1835 1834//1834
f 1836//1836 1458//1458 1460//1460
f 1458//1458 1836//1836 1816//1816
f 1817//1817 1816//1816 1836//1836
f 1817//1817 1837//1837 1818//1818
f 1817//1817 1836//1836 1837//1837
f 1818//1818 1838//1838 1819//1819
f 1818//1818 1837//1837 1838//1838
f 1838//1838 1462//1462 1450//1450
f 1838//1838 1450//1450 1819//1819
f 1465//1465 1839//1839 1464//1464
f 1839//1839 1840//1840 1464//1464
f 1464//1464 1840//1840 1453//1453
f 1840//1840 1841//1841 1453//1453
f 1841//1841 1820//1820 1453//1453
f 1820//1820 1841//1841 1821//1821
f 1821//1821 1841//1841 1842//1842
f 1821//1821 1842//1842 1822//1822
f 1845//1845 1844//1844 1843//1843
f 1845//1845 1843//1843 1824//1824
f 1843//1843 1823//1823 1824//1824
f 1843//1843 1846//1846 1823//1823
f 1823//1823 1847//1847 1827//1827
f 1823//1823 1846//1846 1847//1847
f 1827//1827 1848//1848 1828//1828
f 1827//1827 1847//1847 1848//1848
f 1830//1830 1831//1831 1849//1849
f 1466//1466 1849//1849 1831//1831
f 1849//1849 1466//1466 1848//1848
f 1457//1457 1848//1848 1466//1466
f 1848//1848 1457//1457 1828//1828
f 1466//1466 1831//1831 1467//1467
f 1467//1467 1831//1831 1834//1834
f 1850//1850 1834//1834 1835//1835
f 1834//1834 1850//1850 1467//1467
f 1851//1851 1467//1467 1850//1850
f 1467//1467 1851//1851 1460//1460
f 1836//1836 1460//1460 1851//1851
f 1836//1836 1852//1852 1837//1837
f 1836//1836 1851//1851 1852//1852
f 1852//1852 1469//1469 1470//1470
f 1838//1838 1852//1852 1470//1470
f 1837//1837 1852//1852 1838//1838
f 1838//1838 1470//1470 1462//1462
f 1471//1471 1839//1839 1465//1465
f 1471//1471 1473//1473 1839//1839
f 1473//1473 1840//1840 1839//1839
f 1473//1473 1853//1853 1840//1840
f 1844//1844 1854//1854 1843//1843
f 1843//1843 1854//1854 1846//1846
f 1846//1846 1854//1854 1855//1855
f 1846//1846 1855//1855 1847//1847
f 1847//1847 1855//1855 1856//1856
f 1847//1847 1856//1856 1848//1848
f 1848//1848 1856//1856 1857//1857
f 1848//1848 1857//1857 1849//1849
f 1850//1850 1858//1858 1851//1851
f 1851//1851 1858//1858 1852//1852
f 1852//1852 1858//1858 1859//1859
f 1469//1469 1852//1852 1859//1859
f 1860//1860 1469//1469 1859//1859
f 1474//1474 1469//1469 1860//1860
f 1476//1476 1861//1861 1477//1477
f 1853//1853 1473//1473 1862//1862
f 1473//1473 1861//1861 1862//1862
f 1861//1861 1863//1863 1862//1862
f 1473//1473 1477//1477 1861//1861
f 1863//1863 1864//1864 1862//1862
f 1860//1860 1865//1865 1474//1474
f 1474//1474 1865//1865 1478//1478
f 1865//1865 1867//1867 1866//1866
f 1479//1479 1865//1865 1866//1866
f 1478//1478 1865//1865 1479//1479
f 1866//1866 1480//1480 1479//1479
f 1482//1482 1868//1868 1861//1861
f 1482//1482 1861//1861 1476//1476
f 1870//1870 1863//1863 1869//1869
f 1863//1863 1868//1868 1869//1869
f 1863//1863 1861//1861 1868//1868
f 1870//1870 1871//1871 1863//1863
f 1871//1871 1872//1872 1863//1863
f 1873//1873 1864//1864 1863//1863
f 1873//1873 1863//1863 1872//1872
f 1872//1872 1874//1874 1873//1873
f 1877//1877 1876//1876 1875//1875
f 1879//1879 1878//1878 1875//1875
f 1875//1875 1878//1878 1877//1877
f 1878//1878 1879//1879 1867//1867
f 1867//1867 1879//1879 1866//1866
f 1879//1879 1483//1483 1866//1866
f 1483//1483 1484//1484 1866//1866
f 1866//1866 1484//1484 1480//1480
f 1486//1486 1880//1880 1485//1485
f 1880//1880 1881//1881 1485//1485
f 1485//1485 1881//1881 1482//1482
f 1881//1881 1882//1882 1482//1482
f 1882//1882 1868//1868 1482//1482
f 1868//1868 1882//1882 1869//1869
f 1871//1871 1883//1883 1872//1872
f 1872//1872 1883//1883 1874//1874
f 1886//1886 1885//1885 1884//1884
f 1884//1884 1887//1887 1886//1886
f 1875//1875 1876//1876 1888//1888
f 1888//1888 1876//1876 1889//1889
f 1875//1875 1890//1890 1879//1879
f 1875//1875 1888//1888 1890//1890
f 1890//1890 1488//1488 1483//1483
f 1890//1890 1483//1483 1879//1879
f 1492//1492 1891//1891 1880//1880
f 1492//1492 1880//1880 1486//1486
f 1881//1881 1880//1880 1892//1892
f 1892//1892 1880//1880 1891//1891
f 1895//1895 1894//1894 1893//1893
f 1895//1895 1893//1893 1885//1885
f 1893//1893 1884//1884 1885//1885
f 1893//1893 1896//1896 1884//1884
f 1887//1887 1884//1884 1897//1897
f 1884//1884 1898//1898 1897//1897
f 1884//1884 1896//1896 1898//1898
f 1897//1897 1898//1898 1889//1889
f 1898//1898 1888//1888 1889//1889
f 1898//1898 1899//1899 1888//1888
f 1888//1888 1900//1900 1890//1890
f 1888//1888 1899//1899 1900//1900
f 1901//1901 1493//1493 1488//1488
f 1890//1890 1901//1901 1488//1488
f 1900//1900 1901//1901 1890//1890
f 1901//1901 1495//1495 1493//1493
f 1497//1497 1902//1902 1496//1496
f 1903//1903 1498//1498 1496//1496
f 1903//1903 1496//1496 1902//1902
f 1904//1904 1499//1499 1498//1498
f 1904//1904 1498//1498 1903//1903
f 1904//1904 1905//1905 1499//1499
f 1499//1499 1905//1905 1492//1492
f 1905//1905 1906//1906 1492//1492
f 1906//1906 1891//1891 1492//1492
f 1891//1891 1906//1906 1892//1892
f 1894//1894 1907//1907 1893//1893
f 1909//1909 1908//1908 1907//1907
f 1908//1908 1893//1893 1907//1907
f 1908//1908 1896//1896 1893//1893
f 1896//1896 1910//1910 1898//1898
f 1896//1896 1908//1908 1910//1910
f 1898//1898 1911//1911 1899//1899
f 1898//1898 1910//1910 1911//1911
f 1913//1913 1900//1900 1912//1912
f 1900//1900 1911//1911 1912//1912
f 1900//1900 1899//1899 1911//1911
f 1915//1915 1914//1914 1913//1913
f 1914//1914 1900//1900 1913//1913
f 1914//1914 1901//1901 1900//1900
f 1916//1916 1500//1500 1495//1495
f 1901//1901 1916//1916 1495//1495
f 1914//1914 1916//1916 1901//1901
f 1902//1902 1497//1497 1500//1500
f 1916//1916 1902//1902 1500//1500
f 1917//1917 1902//1902 1916//1916
f 1919//1919 1903//1903 1918//1918
f 1903//1903 1917//1917 1918//1918
f 1903//1903 1902//1902 1917//1917
f 1903//1903 1919//1919 1904//1904
f 1904//1904 1919//1919 1920//1920
f 1904//1904 1920//1920 1905//1905
f 1909//1909 1921//1921 1908//1908
f 1923//1923 1922//1922 1921//1921
f 1922//1922 1908//1908 1921//1921
f 1922//1922 1910//1910 1908//1908
f 1925//1925 1911//1911 1924//1924
f 1911//1911 1922//1922 1924//1924
f 1911//1911 1910//1910 1922//1922
f 1911//1911 1925//1925 1912//1912
f 1915//1915 1926//1926 1914//1914
f 1928//1928 1927//1927 1926//1926
f 1927//1927 1914//1914 1926//1926
f 1927//1927 1916//1916 1914//1914
f 1930//1930 1917//1917 1929//1929
f 1917//1917 1927//1927 1929//1929
f 1917//1917 1916//1916 1927//1927
f 1917//1917 1930//1930 1918//1918
f 1923//1923 1931//1931 1922//1922
f 1922//1922 1931//1931 1924//1924
f 1928//1928 1932//1932 1927//1927
f 1927//1927 1932//1932 1929//1929
f 1935//1935 1934//1934 1933//1933
f 1937//1937 1936//1936 1933//1933
f 1933//1933 1936//1936 1935//1935
f 1939//1939 1938//1938 1937//1937
f 1937//1937 1938//1938 1936//1936
f 1939//1939 1940//1940 1938//1938
f 1933//1933 1934//1934 1941//1941
f 1941//1941 1934//1934 1942//1942
f 1933//1933 1943//1943 1937//1937
f 1933//1933 1941//1941 1943//1943
f 1937//1937 1944//1944 1939//1939
f 1937//1937 1943//1943 1944//1944
f 1940//1940 1939//1939 1945//1945
f 1939//1939 1946//1946 1945//1945
f 1939//1939 1944//1944 1946//1946
f 1948//1948 1947//1947 1946//1946
f 1946//1946 1947//1947 1945//1945
f 1948//1948 1949//1949 1947//1947
f 1942//1942 1950//1950 1941//1941
f 1941//1941 1950//1950 1943//1943
f 1943//1943 1950//1950 1951//1951
f 1953//1953 1952//1952 1951//1951
f 1952//1952 1943//1943 1951//1951
f 1952//1952 1944//1944 1943//1943
f 1944//1944 1954//1954 1946//1946
f 1944//1944 1952//1952 1954//1954
f 1946//1946 1955//1955 1948//1948
f 1946//1946 1954//1954 1955//1955
f 1949//1949 1948//1948 1956//1956
f 1948//1948 1957//1957 1956//1956
f 1948//1948 1955//1955 1957//1957
f 1505//1505 1506//1506 1957//1957
f 1506//1506 1956//1956 1957//1957
f 1506//1506 1958//1958 1956//1956
f 1960//1960 1958//1958 1959//1959
f 1958//1958 1507//1507 1959//1959
f 1958//1958 1506//1506 1507//1507
f 1509//1509 1961//1961 1507//1507
f 1507//1507 1961//1961 1959//1959
f 1511//1511 1962//1962 1509//1509
f 1509//1509 1962//1962 1961//1961
f 1513//1513 1962//1962 1511//1511
f 1963//1963 1515//1515 1516//1516
f 1517//1517 1964//1964 1516//1516
f 1516//1516 1964//1964 1963//1963
f 1519//1519 1964//1964 1517//1517
f 1953//1953 1965//1965 1952//1952
f 1952//1952 1965//1965 1954//1954
f 1954//1954 1965//1965 1966//1966
f 1954//1954 1966//1966 1955//1955
f 1955//1955 1966//1966 1967//1967
f 1955//1955 1967//1967 1957//1957
f 1957//1957 1967//1967 1968//1968
f 1957//1957 1968//1968 1505//1505
f 1968//1968 1520//1520 1505//1505
f 1968//1968 1969//1969 1520//1520
f 1959//1959 1521//1521 1960//1960
f 1521//1521 1969//1969 1960//1960
f 1521//1521 1520//1520 1969//1969
f 1521//1521 1959//1959 1522//1522
f 1522//1522 1959//1959 1961//1961
f 1522//1522 1961//1961 1524//1524
f 1961//1961 1970//1970 1524//1524
f 1961//1961 1962//1962 1970//1970
f 1525//1525 1971//1971 1513//1513
f 1971//1971 1962//1962 1513//1513
f 1971//1971 1970//1970 1962//1962
f 1515//1515 1963//1963 1525//1525
f 1963//1963 1971//1971 1525//1525
f 1963//1963 1972//1972 1971//1971
f 1528//1528 1972//1972 1529//1529
f 1972//1972 1964//1964 1529//1529
f 1972//1972 1963//1963 1964//1964
f 1529//1529 1964//1964 1519//1519
f 1970//1970 1530//1530 1524//1524
f 1530//1530 1970//1970 1531//1531
f 1531//1531 1970//1970 1971//1971
f 1531//1531 1971//1971 1532//1532
f 1532//1532 1971//1971 1972//1972
f 1532//1532 1972//1972 1528//1528
f 1973//1973 1534//1534 1535//1535
f 1975//1975 1973//1973 1974//1974
f 1973//1973 1535//1535 1974//1974
f 1536//1536 1976//1976 1974//1974
f 1536//1536 1974//1974 1535//1535
f 1978//1978 1977//1977 1976//1976
f 1976//1976 1977//1977 1974//1974
f 1980//1980 1979//1979 1978//1978
f 1978//1978 1979//1979 1977//1977
f 1982//1982 1981//1981 1980//1980
f 1980//1980 1981//1981 1979//1979
f 1984//1984 1983//1983 1982//1982
f 1982//1982 1983//1983 1981//1981
f 1986//1986 1985//1985 1984//1984
f 1984//1984 1985//1985 1983//1983
f 1988//1988 1987//1987 1986//1986
f 1986//1986 1987//1987 1985//1985
f 1990//1990 1989//1989 1988//1988
f 1988//1988 1989//1989 1987//1987
f 1990//1990 1991//1991 1989//1989
f 1973//1973 1537//1537 1534//1534
f 1536//1536 1540//1540 1976//1976
f 1537//1537 1973//1973 1538//1538
f 1975//1975 1538//1538 1973//1973
f 1538//1538 1975//1975 1992//1992
f 1976//1976 1540//1540 1541//1541
f 1976//1976 1541//1541 1978//1978
f 1978//1978 1541//1541 1543//1543
f 1978//1978 1543//1543 1980//1980
f 1980//1980 1543//1543 1545//1545
f 1980//1980 1545//1545 1982//1982
f 1982//1982 1545//1545 1547//1547
f 1982//1982 1547//1547 1984//1984
f 1984//1984 1547//1547 1549//1549
f 1984//1984 1549//1549 1986//1986
f 1986//1986 1549//1549 1551//1551
f 1993//1993 1986//1986 1551//1551
f 1988//1988 1986//1986 1993//1993
f 1988//1988 1994//1994 1990//1990
f 1988//1988 1993//1993 1994//1994
f 1991//1991 1990//1990 1995//1995
f 1995//1995 1990//1990 1994//1994
f 1997//1997 1553//1553 1996//1996
f 1553//1553 1992//1992 1996//1996
f 1553//1553 1538//1538 1992//1992
f 1998//1998 1997//1997 1996//1996
f 2001//2001 2000//2000 1999//1999
f 2003//2003 2002//2002 1999//1999
f 2003//2003 1999//1999 2000//2000
f 2003//2003 2004//2004 1993//1993
f 1559//1559 2003//2003 1993//1993
f 1551//1551 1559//1559 1993//1993
f 2002//2002 2003//2003 1559//1559
f 2006//2006 2005//2005 2004//2004
f 2005//2005 1993//1993 2004//2004
f 2005//2005 1994//1994 1993//1993
f 1995//1995 1994//1994 2007//2007
f 2007//2007 1994//1994 2005//2005
f 1997//1997 1560//1560 1553//1553
f 2009//2009 2008//2008 1561//1561
f 2009//2009 1561//1561 1560//1560
f 1998//1998 2009//2009 1560//1560
f 1997//1997 1998//1998 1560//1560
f 2011//2011 2010//2010 2008//2008
f 2011//2011 2008//2008 2009//2009
f 2013//2013 2012//2012 2010//2010
f 2013//2013 2010//2010 2011//2011
f 2012//2012 2013//2013 2001//2001
f 1999//1999 2012//2012 2001//2001
f 2014//2014 2012//2012 1999//1999
f 1564//1564 2014//2014 1565//1565
f 2014//2014 2002//2002 1565//1565
f 2014//2014 1999//1999 2002//2002
f 1565//1565 2002//2002 1559//1559
f 2006//2006 2015//2015 2005//2005
f 1567//1567 2015//2015 2016//2016
f 2015//2015 1567//1567 2005//2005
f 1568//1568 2005//2005 1567//1567
f 2005//2005 1568//1568 2007//2007
f 2017//2017 2007//2007 1568//1568
f 1568//1568 1569//1569 2017//2017
f 2017//2017 1569//1569 2018//2018
f 2008//2008 1570//1570 1561//1561
f 1570//1570 2008//2008 1571//1571
f 2008//2008 2019//2019 1571//1571
f 2008//2008 2010//2010 2019//2019
f 2020//2020 2010//2010 2012//2012
f 2019//2019 2010//2010 2020//2020
f 2021//2021 2012//2012 2014//2014
f 2020//2020 2012//2012 2021//2021
f 1572//1572 2022//2022 1564//1564
f 2022//2022 2014//2014 1564//1564
f 2022//2022 2021//2021 2014//2014
f 1573//1573 2022//2022 1572//1572
f 2016//2016 2023//2023 1567//1567
f 1567//1567 2023//2023 1574//1574
f 1569//1569 1574//1574 2018//2018
f 2018//2018 1574//1574 2023//2023
f 2019//2019 1575//1575 1571//1571
f 1575//1575 2019//2019 1577//1577
f 2019//2019 2024//2024 1577//1577
f 2019//2019 2020//2020 2024//2024
f 2025//2025 2020//2020 2021//2021
f 2024//2024 2020//2020 2025//2025
f 2026//2026 2021//2021 2022//2022
f 2025//2025 2021//2021 2026//2026
f 1579//1579 2026//2026 1573//1573
f 1573//1573 2026//2026 2022//2022
f 2027//2027 1580//1580 2024//2024
f 2024//2024 1580//1580 1577//1577
f 2028//2028 2024//2024 2025//2025
f 2027//2027 2024//2024 2028//2028
f 2029//2029 2025//2025 2026//2026
f 2028//2028 2025//2025 2029//2029
f 1582//1582 2029//2029 1579//1579
f 1579//1579 2029//2029 2026//2026
f 2027//2027 1583//1583 1580//1580
f 1583//1583 2027//2027 1585//1585
f 2027//2027 2030//2030 1585//1585
f 2027//2027 2028//2028 2030//2030
f 1587//1587 2030//2030 1586//1586
f 2030//2030 2029//2029 1586//1586
f 2030//2030 2028//2028 2029//2029
f 1586//1586 2029//2029 1582//1582
f 2030//2030 1589//1589 1585//1585
f 1589//1589 2030//2030 1587//1587
f 2031//2031 1591//1591 1592//1592
f 1593//1593 2031//2031 1592//1592
f 2032//2032 1594//1594 1595//1595
f 1596//1596 2033//2033 1595//1595
f 1595//1595 2033//2033 2032//2032
f 1598//1598 2034//2034 1596//1596
f 1596//1596 2034//2034 2033//2033
f 1600//1600 2035//2035 1598//1598
f 1598//1598 2035//2035 2034//2034
f 1602//1602 2036//2036 1600//1600
f 1600//1600 2036//2036 2035//2035
f 1591//1591 2031//2031 1602//1602
f 2031//2031 2036//2036 1602//1602
f 2031//2031 2037//2037 2036//2036
f 1604//1604 2038//2038 1593//1593
f 2038//2038 2031//2031 1593//1593
f 2038//2038 2037//2037 2031//2031
f 1606//1606 2038//2038 1604//1604
f 2039//2039 1607//1607 2032//2032
f 2032//2032 1607//1607 1594//1594
f 2040//2040 2032//2032 2033//2033
f 2039//2039 2032//2032 2040//2040
f 2041//2041 2033//2033 2034//2034
f 2040//2040 2033//2033 2041//2041
f 1611//1611 2041//2041 1610//1610
f 2041//2041 2035//2035 1610//1610
f 2041//2041 2034//2034 2035//2035
f 1610//1610 2035//2035 1613//1613
f 1613//1613 2035//2035 2036//2036
f 1613//1613 2036//2036 1614//1614
f 2036//2036 2042//2042 1614//1614
f 2036//2036 2037//2037 2042//2042
f 1616//1616 2042//2042 1615//1615
f 2042//2042 2038//2038 1615//1615
f 2042//2042 2037//2037 2038//2038
f 1615//1615 2038//2038 1606//1606
f 2039//2039 1617//1617 1607//1607
f 1617//1617 2039//2039 1618//1618
f 1618//1618 2039//2039 2040//2040
f 1618//1618 2040//2040 1619//1619
f 1619//1619 2040//2040 2041//2041
f 1619//1619 2041//2041 1611//1611
f 2042//2042 1620//1620 1614//1614
f 1620//1620 2042//2042 1616//1616
f 2043//2043 1622//1622 1623//1623
f 1624//1624 2044//2044 1623//1623
f 1623//1623 2044//2044 2043//2043
f 1625//1625 2045//2045 1624//1624
f 1624//1624 2045//2045 2044//2044
f 1626//1626 2046//2046 1625//1625
f 1625//1625 2046//2046 2045//2045
f 1628//1628 2046//2046 1626//1626
f 2047//2047 1629//1629 1630//1630
f 1631//1631 2048//2048 1630//1630
f 1630//1630 2048//2048 2047//2047
f 2049//2049 2048//2048 1631//1631
f 2049//2049 1631//1631 1622//1622
f 2050//2050 2049//2049 1622//1622
f 2043//2043 2050//2050 1622//1622
f 2050//2050 2043//2043 2044//2044
f 2050//2050 2044//2044 2051//2051
f 2051//2051 2044//2044 2045//2045
f 2051//2051 2045//2045 2052//2052
f 2054//2054 2053//2053 2052//2052
f 2045//2045 2054//2054 2052//2052
f 2046//2046 2054//2054 2045//2045
f 1632//1632 2054//2054 1628//1628
f 1628//1628 2054//2054 2046//2046
f 2055//2055 1633//1633 2047//2047
f 2047//2047 1633//1633 1629//1629
f 2048//2048 2057//2057 2056//2056
f 2055//2055 2048//2048 2056//2056
f 2047//2047 2048//2048 2055//2055
f 2057//2057 2048//2048 2049//2049
f 2053//2053 2054//2054 2058//2058
f 2053//2053 2058//2058 2059//2059
f 1635//1635 2058//2058 1632//1632
f 1632//1632 2058//2058 2054//2054
f 2060//2060 1637//1637 1638//1638
f 2060//2060 1638//1638 2061//2061
f 1638//1638 2062//2062 2061//2061
f 1638//1638 1639//1639 2062//2062
f 1639//1639 1641//1641 2062//2062
f 2062//2062 1641//1641 2063//2063
f 2055//2055 1642//1642 1633//1633
f 1643//1643 1642//1642 2055//2055
f 2056//2056 1643//1643 2055//2055
f 2064//2064 1643//1643 2056//2056
f 2065//2065 2059//2059 2058//2058
f 2067//2067 2065//2065 2066//2066
f 2066//2066 2065//2065 1644//1644
f 2065//2065 2058//2058 1644//1644
f 2058//2058 1635//1635 1644//1644
f 1645//1645 2066//2066 1644//1644
f 2068//2068 1646//1646 1647//1647
f 2069//2069 2068//2068 1647//1647
f 2069//2069 1647//1647 1637//1637
f 2070//2070 2069//2069 1637//1637
f 2060//2060 2070//2070 1637//1637
f 2070//2070 2060//2060 2061//2061
f 2071//2071 2063//2063 1641//1641
f 2071//2071 1641//1641 1650//1650
f 1650//1650 1652//1652 2071//2071
f 2071//2071 1652//1652 2072//2072
f 2064//2064 1654//1654 1643//1643
f 2073//2073 1654//1654 2064//2064
f 2074//2074 2067//2067 2066//2066
f 2076//2076 2074//2074 2075//2075
f 2075//2075 2074//2074 1655//1655
f 2074//2074 2066//2066 1655//1655
f 2066//2066 1645//1645 1655//1655
f 1657//1657 2075//2075 1655//1655
f 2077//2077 1659//1659 1660//1660
f 2078//2078 2077//2077 1660//1660
f 2078//2078 1660//1660 1646//1646
f 2079//2079 2078//2078 1646//1646
f 2068//2068 2079//2079 1646//1646
f 2079//2079 2068//2068 2069//2069
f 2080//2080 2072//2072 1652//1652
f 2080//2080 1652//1652 1663//1663
f 2081//2081 1663//1663 1665//1665
f 2081//2081 2080//2080 1663//1663
f 1665//1665 1654//1654 2073//2073
f 1665//1665 2073//2073 2081//2081
f 2082//2082 2076//2076 2075//2075
f 2075//2075 1657//1657 2082//2082
f 1657//1657 2083//2083 2082//2082
f 1657//1657 1668//1668 2083//2083
f 2085//2085 1669//1669 2084//2084
f 1669//1669 1659//1659 2084//2084
f 2084//2084 1659//1659 2077//2077
f 2086//2086 2084//2084 2077//2077
f 2077//2077 2078//2078 2086//2086
f 1669//1669 2085//2085 1670//1670
f 2087//2087 2083//2083 1668//1668
f 2087//2087 1668//1668 1674//1674
f 1674//1674 1676//1676 2087//2087
f 2087//2087 1676//1676 2088//2088
f 2084//2084 2089//2089 2085//2085
f 1670//1670 2085//2085 2089//2089
f 2090//2090 1670//1670 2089//2089
f 1678//1678 1670//1670 2090//2090
f 2091//2091 2088//2088 1676//1676
f 2091//2091 1676//1676 1682//1682
f 1682//1682 1684//1684 2091//2091
f 2091//2091 1684//1684 2092//2092
f 2090//2090 2093//2093 1678//1678
f 1678//1678 2093//2093 1685//1685
f 2093//2093 2095//2095 2094//2094
f 1686//1686 2093//2093 2094//2094
f 1685//1685 2093//2093 1686//1686
f 2096//2096 1687//1687 1686//1686
f 2096//2096 1686//1686 2094//2094
f 2097//2097 1688//1688 1687//1687
f 2097//2097 1687//1687 2096//2096
f 2098//2098 1690//1690 1688//1688
f 2098//2098 1688//1688 2097//2097
f 2098//2098 1691//1691 1690//1690
f 2099//2099 2092//2092 1684//1684
f 2099//2099 1684//1684 1694//1694
f 1694//1694 1696//1696 2099//2099
f 2099//2099 1696//1696 2100//2100
f 2102//2102 2101//2101 2095//2095
f 2101//2101 1698//1698 2095//2095
f 1699//1699 2094//2094 2095//2095
f 1699//1699 2095//2095 1698//1698
f 1700//1700 2103//2103 1699//1699
f 1700//1700 2101//2101 2103//2103
f 2101//2101 1700//1700 2104//2104
f 2096//2096 2104//2104 1700//1700
f 2104//2104 2096//2096 2102//2102
f 2103//2103 2102//2102 2096//2096
f 2096//2096 2094//2094 2103//2103
f 2103//2103 2094//2094 1699//1699
f 2101//2101 2102//2102 2103//2103
f 2096//2096 1700//1700 1701//1701
f 2096//2096 1701//1701 2097//2097
f 2097//2097 1701//1701 1702//1702
f 2097//2097 1702//1702 2098//2098
f 1691//1691 2098//2098 1702//1702
f 1705//1705 1703//1703 2105//2105
f 2105//2105 1706//1706 1705//1705
f 1710//1710 2107//2107 2106//2106
f 2100//2100 1710//1710 2106//2106
f 1696//1696 1710//1710 2100//2100
f 2107//2107 2108//2108 2106//2106
f 2109//2109 1712//1712 1713//1713
f 1714//1714 2110//2110 1713//1713
f 1713//1713 2110//2110 2109//2109
f 2111//2111 2110//2110 1714//1714
f 2111//2111 1714//1714 1698//1698
f 2112//2112 2111//2111 1698//1698
f 2101//2101 2112//2112 1698//1698
f 2112//2112 2101//2101 2104//2104
f 1715//1715 2105//2105 1703//1703
f 2105//2105 1715//1715 1706//1706
f 1717//1717 2107//2107 1710//1710
f 2113//2113 2108//2108 2107//2107
f 1717//1717 2113//2113 2107//2107
f 1719//1719 2113//2113 1717//1717
f 1719//1719 1721//1721 2113//2113
f 2113//2113 1721//1721 2114//2114
f 2115//2115 1723//1723 2109//2109
f 2109//2109 1723//1723 1712//1712
f 2110//2110 2117//2117 2116//2116
f 2115//2115 2110//2110 2116//2116
f 2109//2109 2110//2110 2115//2115
f 2117//2117 2110//2110 2111//2111
f 2118//2118 2114//2114 1721//1721
f 2118//2118 1721//1721 1727//1727
f 1727//1727 1729//1729 2118//2118
f 2118//2118 1729//1729 2119//2119
f 2121//2121 2120//2120 2115//2115
f 2120//2120 1723//1723 2115//2115
f 2120//2120 1731//1731 1723//1723
f 2121//2121 2115//2115 2116//2116
f 2122//2122 2119//2119 1729//1729
f 2122//2122 1729//1729 1737//1737
f 2124//2124 2123//2123 1738//1738
f 2123//2123 1737//1737 1738//1738
f 2123//2123 2122//2122 1737//1737
f 2124//2124 2125//2125 2123//2123
f 2128//2128 2127//2127 2126//2126
f 2120//2120 2128//2128 2126//2126
f 1739//1739 2120//2120 2126//2126
f 1731//1731 2120//2120 1739//1739
f 1745//1745 2124//2124 1738//1738
f 2129//2129 2125//2125 2124//2124
f 1745//1745 2129//2129 2124//2124
f 1746//1746 2129//2129 1745//1745
f 2131//2131 2130//2130 1748//1748
f 2130//2130 1746//1746 1748//1748
f 2130//2130 2129//2129 1746//1746
f 2131//2131 2132//2132 2130//2130
f 2126//2126 2127//2127 2133//2133
f 2133//2133 2127//2127 2134//2134
f 2133//2133 1749//1749 1739//1739
f 2133//2133 1739//1739 2126//2126
f 1751//1751 2135//2135 1752//1752
f 1754//1754 1752//1752 2135//2135
f 2138//2138 2137//2137 2136//2136
f 1756//1756 1755//1755 2138//2138
f 2136//2136 1756//1756 2138//2138
f 2139//2139 1756//1756 2136//2136
f 1756//1756 2140//2140 1757//1757
f 2139//2139 2140//2140 1756//1756
f 1757//1757 2141//2141 1758//1758
f 2140//2140 2141//2141 1757//1757
f 1758//1758 2142//2142 1759//1759
f 2141//2141 2142//2142 1758//1758
f 2142//2142 2144//2144 2143//2143
f 1760//1760 2142//2142 2143//2143
f 1759//1759 2142//2142 1760//1760
f 2143//2143 1762//1762 1760//1760
f 1763//1763 2131//2131 1748//1748
f 1763//1763 1764//1764 2131//2131
f 1764//1764 2132//2132 2131//2131
f 1764//1764 2145//2145 2132//2132
f 2133//2133 2134//2134 1767//1767
f 2134//2134 1766//1766 1767//1767
f 2134//2134 2146//2146 1766//1766
f 2133//2133 1767//1767 1749//1749
f 1770//1770 2135//2135 1751//1751
f 2135//2135 1770//1770 1754//1754
f 1773//1773 2138//2138 1772//1772
f 2138//2138 1773//1773 2137//2137
f 2147//2147 2137//2137 1773//1773
f 1772//1772 2138//2138 1755//1755
f 2144//2144 2148//2148 2143//2143
f 2143//2143 2148//2148 1762//1762
f 2148//2148 1774//1774 1762//1762
f 2148//2148 2149//2149 1774//1774
f 1774//1774 2150//2150 1775//1775
f 2149//2149 2150//2150 1774//1774
f 1776//1776 1775//1775 2150//2150
f 1776//1776 2150//2150 2151//2151
f 2154//2154 2153//2153 2152//2152
f 2155//2155 2152//2152 2153//2153
f 1764//1764 1777//1777 2156//2156
f 2157//2157 1764//1764 2156//2156
f 2145//2145 1764//1764 2157//2157
f 1779//1779 2156//2156 1777//1777
f 2160//2160 2159//2159 2158//2158
f 2158//2158 2161//2161 2160//2160
f 1780//1780 1766//1766 2162//2162
f 1766//1766 2163//2163 2162//2162
f 1766//1766 2146//2146 2163//2163
f 2164//2164 1781//1781 1780//1780
f 2164//2164 1780//1780 2162//2162
f 2164//2164 1782//1782 1781//1781
f 1784//1784 2147//2147 1773//1773
f 1784//1784 2165//2165 2147//2147
f 2151//2151 2166//2166 1776//1776
f 1776//1776 2166//2166 1785//1785
f 2168//2168 2167//2167 1786//1786
f 1785//1785 2168//2168 1786//1786
f 2166//2166 2168//2168 1785//1785
f 2167//2167 2168//2168 2154//2154
f 2152//2152 2167//2167 2154//2154
f 2169//2169 2167//2167 2152//2152
f 2152//2152 2155//2155 2170//2170
f 2171//2171 2152//2152 2170//2170
f 2169//2169 2152//2152 2171//2171
f 2171//2171 2170//2170 2157//2157
f 2171//2171 2157//2157 2156//2156
f 1789//1789 2171//2171 2156//2156
f 1788//1788 1789//1789 2156//2156
f 1788//1788 2156//2156 1779//1779
f 2158//2158 2159//2159 2172//2172
f 2172//2172 2159//2159 2173//2173
f 1792//1792 2174//2174 1791//1791
f 2174//2174 2158//2158 1791//1791
f 2158//2158 2172//2172 1791//1791
f 2158//2158 2174//2174 2161//2161
f 1793//1793 2162//2162 2163//2163
f 2174//2174 1793//1793 2163//2163
f 1792//1792 1793//1793 2174//2174
f 2162//2162 1793//1793 1795//1795
f 2162//2162 1795//1795 2164//2164
f 2164//2164 1795//1795 1782//1782
f 1799//1799 2165//2165 1784//1784
f 1799//1799 2175//2175 2165//2165
f 2167//2167 1800//1800 1786//1786
f 1800//1800 2167//2167 1801//1801
f 1801//1801 2167//2167 2169//2169
f 1801//1801 2169//2169 1803//1803
f 1803//1803 2169//2169 2171//2171
f 1803//1803 2171//2171 1789//1789
f 2172//2172 2173//2173 1806//1806
f 2173//2173 1805//1805 1806//1806
f 2173//2173 2176//2176 1805//1805
f 2172//2172 1806//1806 1791//1791
f 1799//1799 1811//1811 2177//2177
f 2178//2178 1799//1799 2177//2177
f 2175//2175 1799//1799 2178//2178
f 1813//1813 2177//2177 1811//1811
f 2181//2181 2180//2180 2179//2179
f 2179//2179 2182//2182 1814//1814
f 2176//2176 2179//2179 1814//1814
f 1805//1805 2176//2176 1814//1814
f 2179//2179 2176//2176 2181//2181
f 2182//2182 1815//1815 1814//1814
f 2185//2185 2184//2184 2183//2183
f 2183//2183 2184//2184 2178//2178
f 2177//2177 2183//2183 2178//2178
f 2186//2186 2183//2183 2177//2177
f 1822//1822 2186//2186 1813//1813
f 1813//1813 2186//2186 2177//2177
f 2189//2189 2188//2188 2187//2187
f 2189//2189 2187//2187 2180//2180
f 2180//2180 2187//2187 2179//2179
f 2187//2187 1824//1824 2179//2179
f 1824//1824 1825//1825 2179//2179
f 2179//2179 1825//1825 1826//1826
f 2179//2179 1826//1826 2182//2182
f 2182//2182 1826//1826 1815//1815
f 1830//1830 2190//2190 1829//1829
f 1829//1829 2190//2190 2191//2191
f 2192//2192 1829//1829 2191//2191
f 1833//1833 1829//1829 2192//2192
f 1835//1835 1833//1833 2192//2192
f 1835//1835 2192//2192 2193//2193
f 2196//2196 2195//2195 2194//2194
f 2194//2194 2195//2195 2185//2185
f 2194//2194 2185//2185 2183//2183
f 1840//1840 2194//2194 2183//2183
f 1841//1841 1840//1840 2183//2183
f 1841//1841 2183//2183 1842//1842
f 1842//1842 2183//2183 2186//2186
f 1842//1842 2186//2186 1822//1822
f 2187//2187 2188//2188 1845//1845
f 2188//2188 1844//1844 1845//1845
f 2188//2188 2197//2197 1844//1844
f 2187//2187 1845//1845 1824//1824
f 1849//1849 2198//2198 2190//2190
f 1849//1849 2190//2190 1830//1830
f 2191//2191 2190//2190 2199//2199
f 2190//2190 2200//2200 2199//2199
f 2190//2190 2198//2198 2200//2200
f 2203//2203 2202//2202 2201//2201
f 2199//2199 2200//2200 2193//2193
f 1850//1850 2193//2193 2200//2200
f 2193//2193 1850//1850 1835//1835
f 2204//2204 2201//2201 2202//2202
f 2205//2205 2196//2196 2194//2194
f 2194//2194 1840//1840 2205//2205
f 1840//1840 2206//2206 2205//2205
f 1840//1840 1853//1853 2206//2206
f 1854//1854 1844//1844 2207//2207
f 1844//1844 2208//2208 2207//2207
f 1844//1844 2197//2197 2208//2208
f 2209//2209 1855//1855 1854//1854
f 2209//2209 1854//1854 2207//2207
f 2210//2210 1856//1856 1855//1855
f 2210//2210 1855//1855 2209//2209
f 2211//2211 1857//1857 1856//1856
f 2211//2211 1856//1856 2210//2210
f 2198//2198 1849//1849 1857//1857
f 2211//2211 2198//2198 1857//1857
f 2212//2212 2198//2198 2211//2211
f 2198//2198 2213//2213 2200//2200
f 2198//2198 2212//2212 2213//2213
f 2214//2214 2203//2203 2201//2201
f 2200//2200 1858//1858 1850//1850
f 1858//1858 2200//2200 2215//2215
f 2213//2213 2215//2215 2200//2200
f 1858//1858 2216//2216 1859//1859
f 2216//2216 2201//2201 1859//1859
f 2204//2204 1859//1859 2201//2201
f 1859//1859 2204//2204 2217//2217
f 2214//2214 2217//2217 2204//2204
f 2217//2217 2214//2214 2216//2216
f 2216//2216 2215//2215 2217//2217
f 1858//1858 2215//2215 2216//2216
f 2216//2216 2214//2214 2201//2201
f 2217//2217 1860//1860 1859//1859
f 2218//2218 2206//2206 1853//1853
f 2218//2218 1853//1853 1862//1862
f 1862//1862 1864//1864 2218//2218
f 2218//2218 1864//1864 2219//2219
f 2208//2208 2220//2220 2207//2207
f 2207//2207 2220//2220 2209//2209
f 2209//2209 2220//2220 2221//2221
f 2223//2223 2222//2222 2221//2221
f 2222//2222 2209//2209 2221//2221
f 2222//2222 2210//2210 2209//2209
f 2225//2225 2211//2211 2224//2224
f 2211//2211 2222//2222 2224//2224
f 2211//2211 2210//2210 2222//2222
f 2227//2227 2226//2226 2225//2225
f 2226//2226 2211//2211 2225//2225
f 2226//2226 2212//2212 2211//2211
f 2212//2212 2228//2228 2213//2213
f 2212//2212 2226//2226 2228//2228
f 2213//2213 2229//2229 2215//2215
f 2213//2213 2228//2228 2229//2229
f 2215//2215 2230//2230 2217//2217
f 2215//2215 2229//2229 2230//2230
f 2231//2231 1865//1865 1860//1860
f 2217//2217 2231//2231 1860//1860
f 2230//2230 2231//2231 2217//2217
f 2231//2231 1867//1867 1865//1865
f 1869//1869 2232//2232 1870//1870
f 2234//2234 2233//2233 1873//1873
f 2234//2234 1871//1871 2233//2233
f 1871//1871 2234//2234 2232//2232
f 2219//2219 2232//2232 2234//2234
f 2232//2232 2219//2219 1870//1870
f 2233//2233 1870//1870 2219//2219
f 2219//2219 1864//1864 2233//2233
f 2233//2233 1864//1864 1873//1873
f 1871//1871 1870//1870 2233//2233
f 1873//1873 1874//1874 2234//2234
f 2234//2234 1874//1874 2235//2235
f 2223//2223 2236//2236 2222//2222
f 2236//2236 2237//2237 2222//2222
f 2237//2237 2238//2238 2222//2222
f 2239//2239 2224//2224 2222//2222
f 2239//2239 2222//2222 2238//2238
f 2239//2239 2238//2238 2227//2227
f 2238//2238 2226//2226 2227//2227
f 2238//2238 2240//2240 2226//2226
f 2226//2226 2241//2241 2228//2228
f 2226//2226 2240//2240 2241//2241
f 2228//2228 2242//2242 2229//2229
f 2228//2228 2241//2241 2242//2242
f 2242//2242 1876//1876 1877//1877
f 2230//2230 2242//2242 1877//1877
f 2229//2229 2242//2242 2230//2230
f 2230//2230 1877//1877 1878//1878
f 2230//2230 1878//1878 2231//2231
f 2231//2231 1878//1878 1867//1867
f 1881//1881 2243//2243 1882//1882
f 2232//2232 1869//1869 1882//1882
f 2243//2243 2232//2232 1882//1882
f 2244//2244 2232//2232 2243//2243
f 2232//2232 2244//2244 1871//1871
f 2244//2244 2245//2245 1871//1871
f 2245//2245 1883//1883 1871//1871
f 2244//2244 2246//2246 2245//2245
f 1874//1874 1883//1883 2235//2235
f 2235//2235 1883//1883 2245//2245
f 2237//2237 2247//2247 2238//2238
f 2249//2249 2248//2248 2247//2247
f 2248//2248 2238//2238 2247//2247
f 2248//2248 2240//2240 2238//2238
f 2248//2248 1885//1885 1886//1886
f 2241//2241 2248//2248 1886//1886
f 2240//2240 2248//2248 2241//2241
f 2241//2241 1886//1886 1887//1887
f 2250//2250 2241//2241 1887//1887
f 2242//2242 2241//2241 2250//2250
f 2250//2250 1889//1889 1876//1876
f 2250//2250 1876//1876 2242//2242
f 1892//1892 2251//2251 2243//2243
f 1892//1892 2243//2243 1881//1881
f 2253//2253 2244//2244 2252//2252
f 2244//2244 2251//2251 2252//2252
f 2244//2244 2243//2243 2251//2251
f 2244//2244 2253//2253 2246//2246
f 2248//2248 2249//2249 1895//1895
f 2249//2249 1894//1894 1895//1895
f 2249//2249 2254//2254 1894//1894
f 2248//2248 1895//1895 1885//1885
f 1897//1897 2250//2250 1887//1887
f 2250//2250 1897//1897 1889//1889
f 1905//1905 2255//2255 1906//1906
f 2255//2255 2256//2256 1906//1906
f 1906//1906 2256//2256 1892//1892
f 2256//2256 2257//2257 1892//1892
f 2257//2257 2251//2251 1892//1892
f 2251//2251 2257//2257 2252//2252
f 2254//2254 2258//2258 1894//1894
f 1894//1894 2258//2258 1907//1907
f 1909//1909 1907//1907 2258//2258
f 1909//1909 2258//2258 2259//2259
f 1912//1912 2260//2260 1913//1913
f 2260//2260 1915//1915 1913//1913
f 1918//1918 2261//2261 1919//1919
f 2262//2262 1920//1920 1919//1919
f 2262//2262 1919//1919 2261//2261
f 2262//2262 2263//2263 1920//1920
f 1920//1920 2263//2263 1905//1905
f 2263//2263 2264//2264 1905//1905
f 2264//2264 2255//2255 1905//1905
f 2255//2255 2264//2264 2256//2256
f 1921//1921 1909//1909 2265//2265
f 1909//1909 2266//2266 2265//2265
f 1909//1909 2259//2259 2266//2266
f 2265//2265 1923//1923 1921//1921
f 1924//1924 2267//2267 1925//1925
f 2260//2260 1912//1912 1925//1925
f 2267//2267 2260//2260 1925//1925
f 2268//2268 2260//2260 2267//2267
f 2269//2269 1926//1926 1915//1915
f 2260//2260 2269//2269 1915//1915
f 2268//2268 2269//2269 2260//2260
f 2269//2269 1928//1928 1926//1926
f 1929//1929 2270//2270 1930//1930
f 2261//2261 1918//1918 1930//1930
f 2270//2270 2261//2261 1930//1930
f 2271//2271 2261//2261 2270//2270
f 2261//2261 2272//2272 2262//2262
f 2261//2261 2271//2271 2272//2272
f 2263//2263 2262//2262 2273//2273
f 2273//2273 2262//2262 2272//2272
f 2266//2266 2274//2274 2265//2265
f 2265//2265 2274//2274 1923//1923
f 2274//2274 1931//1931 1923//1923
f 2274//2274 2275//2275 1931//1931
f 1924//1924 1931//1931 2267//2267
f 1931//1931 2276//2276 2267//2267
f 1931//1931 2275//2275 2276//2276
f 2278//2278 2277//2277 2276//2276
f 2277//2277 2267//2267 2276//2276
f 2277//2277 2268//2268 2267//2267
f 2268//2268 2279//2279 2269//2269
f 2268//2268 2277//2277 2279//2279
f 2280//2280 1932//1932 1928//1928
f 2269//2269 2280//2280 1928//1928
f 2279//2279 2280//2280 2269//2269
f 2270//2270 1929//1929 1932//1932
f 2280//2280 2270//2270 1932//1932
f 2281//2281 2270//2270 2280//2280
f 2270//2270 2282//2282 2271//2271
f 2270//2270 2281//2281 2282//2282
f 2284//2284 2272//2272 2283//2283
f 2272//2272 2282//2282 2283//2283
f 2272//2272 2271//2271 2282//2282
f 2272//2272 2284//2284 2273//2273
f 2278//2278 2285//2285 2277//2277
f 2277//2277 2285//2285 2279//2279
f 2279//2279 2285//2285 2286//2286
f 2279//2279 2286//2286 2280//2280
f 2280//2280 2286//2286 2287//2287
f 2280//2280 2287//2287 2281//2281
f 2281//2281 2287//2287 2288//2288
f 2281//2281 2288//2288 2282//2282
f 2282//2282 2288//2288 2289//2289
f 2282//2282 2289//2289 2283//2283
f 2292//2292 2291//2291 2290//2290
f 2290//2290 2293//2293 2292//2292
f 2290//2290 2291//2291 2294//2294
f 2294//2294 2291//2291 2295//2295
f 2293//2293 2290//2290 2296//2296
f 2290//2290 2297//2297 2296//2296
f 2290//2290 2294//2294 2297//2297
f 2299//2299 2298//2298 2297//2297
f 2297//2297 2298//2298 2296//2296
f 2299//2299 2300//2300 2298//2298
f 2294//2294 2295//2295 2301//2301
f 2301//2301 2295//2295 2302//2302
f 2294//2294 2303//2303 2297//2297
f 2294//2294 2301//2301 2303//2303
f 2303//2303 1934//1934 1935//1935
f 2299//2299 2303//2303 1935//1935
f 2297//2297 2303//2303 2299//2299
f 2304//2304 2300//2300 2299//2299
f 1935//1935 2304//2304 2299//2299
f 1936//1936 2304//2304 1935//1935
f 2305//2305 1936//1936 1938//1938
f 2305//2305 2304//2304 1936//1936
f 2307//2307 2306//2306 1940//1940
f 2306//2306 1938//1938 1940//1940
f 2306//2306 2305//2305 1938//1938
f 2307//2307 2308//2308 2306//2306
f 2301//2301 2302//2302 2309//2309
f 2309//2309 2302//2302 2310//2310
f 2301//2301 2311//2311 2303//2303
f 2301//2301 2309//2309 2311//2311
f 2311//2311 1942//1942 1934//1934
f 2311//2311 1934//1934 2303//2303
f 1945//1945 2307//2307 1940//1940
f 1945//1945 1947//1947 2307//2307
f 1947//1947 2312//2312 2307//2307
f 2312//2312 2308//2308 2307//2307
f 1947//1947 2313//2313 2312//2312
f 1949//1949 2313//2313 1947//1947
f 2310//2310 2314//2314 2309//2309
f 2309//2309 2314//2314 2311//2311
f 2311//2311 2314//2314 2315//2315
f 2315//2315 2317//2317 2316//2316
f 2315//2315 2316//2316 1950//1950
f 2311//2311 2315//2315 1950//1950
f 1942//1942 2311//2311 1950//1950
f 1950//1950 2316//2316 2318//2318
f 2319//2319 1950//1950 2318//2318
f 1951//1951 1950//1950 2319//2319
f 2321//2321 2320//2320 1953//1953
f 1951//1951 2321//2321 1953//1953
f 2319//2319 2321//2321 1951//1951
f 2323//2323 2322//2322 2320//2320
f 2323//2323 2320//2320 2321//2321
f 2322//2322 2323//2323 2312//2312
f 2313//2313 2322//2322 2312//2312
f 2324//2324 2322//2322 2313//2313
f 1956//1956 2325//2325 1949//1949
f 2325//2325 2313//2313 1949//1949
f 2325//2325 2324//2324 2313//2313
f 1958//1958 2326//2326 1956//1956
f 1956//1956 2326//2326 2325//2325
f 1960//1960 2326//2326 1958//1958
f 2317//2317 2327//2327 2316//2316
f 2316//2316 2327//2327 2318//2318
f 2320//2320 1965//1965 1953//1953
f 1965//1965 2320//2320 1966//1966
f 1966//1966 2320//2320 2322//2322
f 1966//1966 2322//2322 1967//1967
f 1967//1967 2322//2322 2324//2324
f 1967//1967 2324//2324 1968//1968
f 1968//1968 2324//2324 2325//2325
f 1968//1968 2325//2325 1969//1969
f 1969//1969 2325//2325 2326//2326
f 1969//1969 2326//2326 1960//1960
f 2328//2328 1975//1975 1974//1974
f 1977//1977 2329//2329 1974//1974
f 1974//1974 2329//2329 2328//2328
f 1979//1979 2330//2330 1977//1977
f 1977//1977 2330//2330 2329//2329
f 2330//2330 1979//1979 2331//2331
f 1979//1979 2332//2332 2331//2331
f 1979//1979 1981//1981 2332//2332
f 2333//2333 1981//1981 1983//1983
f 2333//2333 2332//2332 1981//1981
f 2334//2334 1983//1983 1985//1985
f 2334//2334 2333//2333 1983//1983
f 2335//2335 1985//1985 1987//1987
f 2335//2335 2334//2334 1985//1985
f 2337//2337 2335//2335 2336//2336
f 2335//2335 1989//1989 2336//2336
f 2335//2335 1987//1987 1989//1989
f 1991//1991 2336//2336 1989//1989
f 2338//2338 1992//1992 2328//2328
f 2328//2328 1992//1992 1975//1975
f 2339//2339 2328//2328 2329//2329
f 2338//2338 2328//2328 2339//2339
f 2340//2340 2329//2329 2330//2330
f 2339//2339 2329//2329 2340//2340
f 2330//2330 2331//2331 2341//2341
f 2342//2342 2330//2330 2341//2341
f 2340//2340 2330//2330 2342//2342
f 2344//2344 2343//2343 2342//2342
f 2344//2344 2342//2342 2341//2341
f 2346//2346 2345//2345 2343//2343
f 2346//2346 2343//2343 2344//2344
f 2348//2348 2347//2347 2345//2345
f 2348//2348 2345//2345 2346//2346
f 2347//2347 2348//2348 2337//2337
f 2336//2336 2347//2347 2337//2337
f 2349//2349 2347//2347 2336//2336
f 1995//1995 2349//2349 1991//1991
f 1991//1991 2349//2349 2336//2336
f 2338//2338 1996//1996 1992//1992
f 1996//1996 2338//2338 1998//1998
f 2338//2338 2350//2350 1998//1998
f 2338//2338 2339//2339 2350//2350
f 2351//2351 2339//2339 2340//2340
f 2350//2350 2339//2339 2351//2351
f 2352//2352 2340//2340 2342//2342
f 2351//2351 2340//2340 2352//2352
f 2001//2001 2352//2352 2000//2000
f 2352//2352 2343//2343 2000//2000
f 2352//2352 2342//2342 2343//2343
f 2000//2000 2343//2343 2003//2003
f 2003//2003 2343//2343 2345//2345
f 2003//2003 2345//2345 2004//2004
f 2004//2004 2345//2345 2347//2347
f 2004//2004 2347//2347 2006//2006
f 2347//2347 2353//2353 2006//2006
f 2347//2347 2349//2349 2353//2353
f 2007//2007 2353//2353 1995//1995
f 1995//1995 2353//2353 2349//2349
f 2350//2350 2009//2009 1998//1998
f 2009//2009 2350//2350 2011//2011
f 2011//2011 2350//2350 2351//2351
f 2011//2011 2351//2351 2013//2013
f 2013//2013 2351//2351 2352//2352
f 2013//2013 2352//2352 2001//2001
f 2353//2353 2015//2015 2006//2006
f 2016//2016 2015//2015 2354//2354
f 2015//2015 2353//2353 2354//2354
f 2007//2007 2017//2017 2354//2354
f 2007//2007 2354//2354 2353//2353
f 2018//2018 2354//2354 2017//2017
f 2354//2354 2023//2023 2016//2016
f 2023//2023 2354//2354 2018//2018
f 2355//2355 2049//2049 2050//2050
f 2051//2051 2356//2356 2050//2050
f 2050//2050 2356//2356 2355//2355
f 2052//2052 2357//2357 2051//2051
f 2051//2051 2357//2357 2356//2356
f 2053//2053 2357//2357 2052//2052
f 2358//2358 2056//2056 2057//2057
f 2049//2049 2355//2355 2057//2057
f 2355//2355 2358//2358 2057//2057
f 2355//2355 2359//2359 2358//2358
f 2356//2356 2361//2361 2360//2360
f 2359//2359 2356//2356 2360//2360
f 2355//2355 2356//2356 2359//2359
f 2363//2363 2362//2362 2361//2361
f 2356//2356 2363//2363 2361//2361
f 2357//2357 2363//2363 2356//2356
f 2059//2059 2363//2363 2053//2053
f 2053//2053 2363//2363 2357//2357
f 2364//2364 2061//2061 2062//2062
f 2063//2063 2364//2364 2062//2062
f 2365//2365 2064//2064 2358//2358
f 2358//2358 2064//2064 2056//2056
f 2359//2359 2367//2367 2366//2366
f 2365//2365 2359//2359 2366//2366
f 2358//2358 2359//2359 2365//2365
f 2367//2367 2359//2359 2360//2360
f 2368//2368 2362//2362 2363//2363
f 2370//2370 2368//2368 2369//2369
f 2369//2369 2368//2368 2065//2065
f 2368//2368 2363//2363 2065//2065
f 2363//2363 2059//2059 2065//2065
f 2067//2067 2369//2369 2065//2065
f 2371//2371 2069//2069 2070//2070
f 2061//2061 2364//2364 2070//2070
f 2364//2364 2371//2371 2070//2070
f 2364//2364 2372//2372 2371//2371
f 2071//2071 2373//2373 2063//2063
f 2373//2373 2364//2364 2063//2063
f 2373//2373 2372//2372 2364//2364
f 2072//2072 2373//2373 2071//2071
f 2375//2375 2374//2374 2365//2365
f 2374//2374 2064//2064 2365//2365
f 2374//2374 2073//2073 2064//2064
f 2375//2375 2365//2365 2366//2366
f 2376//2376 2370//2370 2369//2369
f 2378//2378 2376//2376 2377//2377
f 2377//2377 2376//2376 2074//2074
f 2376//2376 2369//2369 2074//2074
f 2369//2369 2067//2067 2074//2074
f 2076//2076 2377//2377 2074//2074
f 2379//2379 2078//2078 2079//2079
f 2380//2380 2379//2379 2079//2079
f 2380//2380 2079//2079 2069//2069
f 2381//2381 2380//2380 2069//2069
f 2371//2371 2381//2381 2069//2069
f 2381//2381 2371//2371 2372//2372
f 2381//2381 2372//2372 2382//2382
f 2384//2384 2383//2383 2382//2382
f 2372//2372 2384//2384 2382//2382
f 2373//2373 2384//2384 2372//2372
f 2080//2080 2385//2385 2072//2072
f 2385//2385 2373//2373 2072//2072
f 2385//2385 2384//2384 2373//2373
f 2081//2081 2386//2386 2080//2080
f 2080//2080 2386//2386 2385//2385
f 2387//2387 2386//2386 2081//2081
f 2073//2073 2387//2387 2081//2081
f 2374//2374 2387//2387 2073//2073
f 2388//2388 2378//2378 2377//2377
f 2390//2390 2388//2388 2389//2389
f 2389//2389 2388//2388 2082//2082
f 2388//2388 2377//2377 2082//2082
f 2377//2377 2076//2076 2082//2082
f 2083//2083 2389//2389 2082//2082
f 2391//2391 2084//2084 2086//2086
f 2392//2392 2391//2391 2086//2086
f 2392//2392 2086//2086 2078//2078
f 2393//2393 2392//2392 2078//2078
f 2379//2379 2393//2393 2078//2078
f 2393//2393 2379//2379 2380//2380
f 2394//2394 2383//2383 2384//2384
f 2394//2394 2384//2384 2385//2385
f 2394//2394 2385//2385 2395//2395
f 2395//2395 2385//2385 2386//2386
f 2395//2395 2386//2386 2396//2396
f 2396//2396 2386//2386 2387//2387
f 2397//2397 2390//2390 2389//2389
f 2399//2399 2397//2397 2398//2398
f 2398//2398 2397//2397 2087//2087
f 2397//2397 2389//2389 2087//2087
f 2389//2389 2083//2083 2087//2087
f 2088//2088 2398//2398 2087//2087
f 2391//2391 2089//2089 2084//2084
f 2401//2401 2400//2400 2090//2090
f 2401//2401 2090//2090 2089//2089
f 2392//2392 2401//2401 2089//2089
f 2391//2391 2392//2392 2089//2089
f 2402//2402 2400//2400 2401//2401
f 2403//2403 2399//2399 2398//2398
f 2405//2405 2403//2403 2404//2404
f 2404//2404 2403//2403 2091//2091
f 2403//2403 2398//2398 2091//2091
f 2398//2398 2088//2088 2091//2091
f 2092//2092 2404//2404 2091//2091
f 2407//2407 2093//2093 2406//2406
f 2093//2093 2090//2090 2406//2406
f 2406//2406 2090//2090 2400//2400
f 2408//2408 2406//2406 2400//2400
f 2400//2400 2402//2402 2408//2408
f 2093//2093 2407//2407 2095//2095
f 2409//2409 2405//2405 2404//2404
f 2411//2411 2409//2409 2410//2410
f 2410//2410 2409//2409 2099//2099
f 2409//2409 2404//2404 2099//2099
f 2404//2404 2092//2092 2099//2099
f 2100//2100 2410//2410 2099//2099
f 2406//2406 2412//2412 2407//2407
f 2412//2412 2414//2414 2413//2413
f 2412//2412 2413//2413 2102//2102
f 2407//2407 2412//2412 2102//2102
f 2095//2095 2407//2407 2102//2102
f 2413//2413 2104//2104 2102//2102
f 2415//2415 2411//2411 2410//2410
f 2417//2417 2415//2415 2416//2416
f 2416//2416 2415//2415 2106//2106
f 2415//2415 2410//2410 2106//2106
f 2410//2410 2100//2100 2106//2106
f 2108//2108 2416//2416 2106//2106
f 2419//2419 2418//2418 2414//2414
f 2418//2418 2111//2111 2414//2414
f 2112//2112 2413//2413 2414//2414
f 2112//2112 2414//2414 2111//2111
f 2112//2112 2104//2104 2413//2413
f 2418//2418 2419//2419 2420//2420
f 2421//2421 2417//2417 2416//2416
f 2421//2421 2416//2416 2108//2108
f 2113//2113 2421//2421 2108//2108
f 2422//2422 2421//2421 2113//2113
f 2113//2113 2114//2114 2422//2422
f 2422//2422 2114//2114 2423//2423
f 2426//2426 2425//2425 2424//2424
f 2116//2116 2117//2117 2424//2424
f 2117//2117 2426//2426 2424//2424
f 2117//2117 2427//2427 2426//2426
f 2117//2117 2111//2111 2418//2418
f 2428//2428 2117//2117 2418//2418
f 2427//2427 2117//2117 2428//2428
f 2428//2428 2418//2418 2420//2420
f 2429//2429 2423//2423 2114//2114
f 2429//2429 2114//2114 2118//2118
f 2118//2118 2119//2119 2429//2429
f 2429//2429 2119//2119 2430//2430
f 2433//2433 2432//2432 2431//2431
f 2435//2435 2434//2434 2431//2431
f 2431//2431 2434//2434 2433//2433
f 2437//2437 2436//2436 2435//2435
f 2435//2435 2436//2436 2434//2434
f 2439//2439 2438//2438 2437//2437
f 2437//2437 2438//2438 2436//2436
f 2438//2438 2439//2439 2425//2425
f 2425//2425 2439//2439 2424//2424
f 2439//2439 2120//2120 2424//2424
f 2120//2120 2121//2121 2424//2424
f 2424//2424 2121//2121 2116//2116
f 2440//2440 2430//2430 2119//2119
f 2440//2440 2119//2119 2122//2122
f 2442//2442 2440//2440 2441//2441
f 2440//2440 2123//2123 2441//2441
f 2440//2440 2122//2122 2123//2123
f 2125//2125 2441//2441 2123//2123
f 2445//2445 2444//2444 2443//2443
f 2445//2445 2443//2443 2432//2432
f 2443//2443 2431//2431 2432//2432
f 2443//2443 2446//2446 2431//2431
f 2431//2431 2447//2447 2435//2435
f 2431//2431 2446//2446 2447//2447
f 2435//2435 2448//2448 2437//2437
f 2435//2435 2447//2447 2448//2448
f 2448//2448 2127//2127 2128//2128
f 2439//2439 2448//2448 2128//2128
f 2437//2437 2448//2448 2439//2439
f 2439//2439 2128//2128 2120//2120
f 2451//2451 2450//2450 2449//2449
f 2452//2452 2449//2449 2450//2450
f 2453//2453 2442//2442 2441//2441
f 2453//2453 2441//2441 2125//2125
f 2129//2129 2453//2453 2125//2125
f 2454//2454 2453//2453 2129//2129
f 2456//2456 2454//2454 2455//2455
f 2454//2454 2130//2130 2455//2455
f 2454//2454 2129//2129 2130//2130
f 2132//2132 2455//2455 2130//2130
f 2443//2443 2444//2444 2457//2457
f 2457//2457 2444//2444 2458//2458
f 2443//2443 2459//2459 2446//2446
f 2443//2443 2457//2457 2459//2459
f 2446//2446 2460//2460 2447//2447
f 2446//2446 2459//2459 2460//2460
f 2447//2447 2461//2461 2448//2448
f 2447//2447 2460//2460 2461//2461
f 2461//2461 2134//2134 2127//2127
f 2461//2461 2127//2127 2448//2448
f 2462//2462 2451//2451 2449//2449
f 2462//2462 2449//2449 2452//2452
f 2465//2465 2464//2464 2463//2463
f 2136//2136 2137//2137 2463//2463
f 2464//2464 2136//2136 2463//2463
f 2466//2466 2136//2136 2464//2464
f 2136//2136 2467//2467 2139//2139
f 2466//2466 2467//2467 2136//2136
f 2139//2139 2468//2468 2140//2140
f 2467//2467 2468//2468 2139//2139
f 2140//2140 2469//2469 2141//2141
f 2468//2468 2469//2469 2140//2140
f 2141//2141 2470//2470 2142//2142
f 2469//2469 2470//2470 2141//2141
f 2472//2472 2471//2471 2144//2144
f 2142//2142 2472//2472 2144//2144
f 2470//2470 2472//2472 2142//2142
f 2473//2473 2471//2471 2472//2472
f 2474//2474 2456//2456 2455//2455
f 2132//2132 2145//2145 2455//2455
f 2145//2145 2475//2475 2455//2455
f 2475//2475 2474//2474 2455//2455
f 2475//2475 2145//2145 2476//2476
f 2476//2476 2477//2477 2475//2475
f 2458//2458 2478//2478 2457//2457
f 2480//2480 2479//2479 2478//2478
f 2479//2479 2457//2457 2478//2478
f 2479//2479 2459//2459 2457//2457
f 2459//2459 2481//2481 2460//2460
f 2459//2459 2479//2479 2481//2481
f 2460//2460 2482//2482 2461//2461
f 2460//2460 2481//2481 2482//2482
f 2482//2482 2146//2146 2134//2134
f 2482//2482 2134//2134 2461//2461
f 2483//2483 2465//2465 2463//2463
f 2463//2463 2137//2137 2483//2483
f 2137//2137 2484//2484 2483//2483
f 2137//2137 2147//2147 2484//2484
f 2471//2471 2148//2148 2144//2144
f 2473//2473 2485//2485 2471//2471
f 2485//2485 2148//2148 2471//2471
f 2485//2485 2149//2149 2148//2148
f 2149//2149 2486//2486 2150//2150
f 2485//2485 2486//2486 2149//2149
f 2488//2488 2487//2487 2151//2151
f 2150//2150 2488//2488 2151//2151
f 2486//2486 2488//2488 2150//2150
f 2490//2490 2489//2489 2487//2487
f 2490//2490 2487//2487 2488//2488
f 2153//2153 2154//2154 2489//2489
f 2490//2490 2153//2153 2489//2489
f 2491//2491 2153//2153 2490//2490
f 2155//2155 2153//2153 2491//2491
f 2155//2155 2491//2491 2492//2492
f 2157//2157 2493//2493 2476//2476
f 2157//2157 2476//2476 2145//2145
f 2477//2477 2476//2476 2494//2494
f 2494//2494 2476//2476 2493//2493
f 2480//2480 2495//2495 2479//2479
f 2496//2496 2159//2159 2160//2160
f 2479//2479 2496//2496 2160//2160
f 2481//2481 2479//2479 2160//2160
f 2495//2495 2496//2496 2479//2479
f 2481//2481 2160//2160 2161//2161
f 2497//2497 2481//2481 2161//2161
f 2482//2482 2481//2481 2497//2497
f 2497//2497 2163//2163 2146//2146
f 2497//2497 2146//2146 2482//2482
f 2165//2165 2499//2499 2498//2498
f 2484//2484 2165//2165 2498//2498
f 2147//2147 2165//2165 2484//2484
f 2499//2499 2500//2500 2498//2498
f 2487//2487 2166//2166 2151//2151
f 2166//2166 2487//2487 2168//2168
f 2168//2168 2487//2487 2489//2489
f 2168//2168 2489//2489 2154//2154
f 2492//2492 2501//2501 2155//2155
f 2155//2155 2501//2501 2170//2170
f 2157//2157 2170//2170 2493//2493
f 2170//2170 2502//2502 2493//2493
f 2170//2170 2501//2501 2502//2502
f 2493//2493 2502//2502 2494//2494
f 2496//2496 2173//2173 2159//2159
f 2503//2503 2173//2173 2496//2496
f 2174//2174 2497//2497 2161//2161
f 2497//2497 2174//2174 2163//2163
f 2506//2506 2505//2505 2504//2504
f 2505//2505 2507//2507 2499//2499
f 2175//2175 2505//2505 2499//2499
f 2165//2165 2175//2175 2499//2499
f 2504//2504 2505//2505 2175//2175
f 2499//2499 2507//2507 2500//2500
f 2510//2510 2509//2509 2508//2508
f 2503//2503 2510//2510 2508//2508
f 2176//2176 2503//2503 2508//2508
f 2173//2173 2503//2503 2176//2176
f 2511//2511 2506//2506 2504//2504
f 2504//2504 2175//2175 2511//2511
f 2175//2175 2512//2512 2511//2511
f 2175//2175 2178//2178 2512//2512
f 2515//2515 2514//2514 2513//2513
f 2515//2515 2513//2513 2509//2509
f 2509//2509 2513//2513 2508//2508
f 2513//2513 2180//2180 2508//2508
f 2180//2180 2181//2181 2508//2508
f 2508//2508 2181//2181 2176//2176
f 2185//2185 2516//2516 2184//2184
f 2516//2516 2517//2517 2184//2184
f 2517//2517 2178//2178 2184//2184
f 2517//2517 2512//2512 2178//2178
f 2513//2513 2514//2514 2189//2189
f 2514//2514 2188//2188 2189//2189
f 2514//2514 2518//2518 2188//2188
f 2513//2513 2189//2189 2180//2180
f 2191//2191 2519//2519 2192//2192
f 2519//2519 2193//2193 2192//2192
f 2196//2196 2520//2520 2195//2195
f 2516//2516 2185//2185 2195//2195
f 2520//2520 2516//2516 2195//2195
f 2521//2521 2516//2516 2520//2520
f 2517//2517 2516//2516 2522//2522
f 2522//2522 2516//2516 2521//2521
f 2518//2518 2197//2197 2188//2188
f 2523//2523 2197//2197 2518//2518
f 2199//2199 2519//2519 2191//2191
f 2193//2193 2519//2519 2199//2199
f 2202//2202 2203//2203 2524//2524
f 2524//2524 2204//2204 2202//2202
f 2205//2205 2520//2520 2196//2196
f 2520//2520 2205//2205 2206//2206
f 2525//2525 2520//2520 2206//2206
f 2521//2521 2520//2520 2525//2525
f 2522//2522 2521//2521 2526//2526
f 2521//2521 2527//2527 2526//2526
f 2521//2521 2525//2525 2527//2527
f 2529//2529 2528//2528 2527//2527
f 2527//2527 2528//2528 2526//2526
f 2529//2529 2530//2530 2528//2528
f 2523//2523 2208//2208 2197//2197
f 2531//2531 2208//2208 2523//2523
f 2214//2214 2524//2524 2203//2203
f 2524//2524 2214//2214 2204//2204
f 2218//2218 2525//2525 2206//2206
f 2525//2525 2218//2218 2219//2219
f 2532//2532 2525//2525 2219//2219
f 2527//2527 2525//2525 2532//2532
f 2527//2527 2533//2533 2529//2529
f 2527//2527 2532//2532 2533//2533
f 2530//2530 2529//2529 2534//2534
f 2534//2534 2529//2529 2533//2533
f 2531//2531 2535//2535 2208//2208
f 2208//2208 2535//2535 2220//2220
f 2535//2535 2537//2537 2536//2536
f 2221//2221 2535//2535 2536//2536
f 2220//2220 2535//2535 2221//2221
f 2536//2536 2223//2223 2221//2221
f 2224//2224 2538//2538 2225//2225
f 2538//2538 2227//2227 2225//2225
f 2532//2532 2219//2219 2234//2234
f 2541//2541 2540//2540 2539//2539
f 2542//2542 2540//2540 2541//2541
f 2540//2540 2542//2542 2235//2235
f 2533//2533 2235//2235 2542//2542
f 2235//2235 2533//2533 2234//2234
f 2532//2532 2234//2234 2533//2533
f 2533//2533 2542//2542 2534//2534
f 2537//2537 2543//2543 2536//2536
f 2536//2536 2543//2543 2223//2223
f 2543//2543 2236//2236 2223//2223
f 2543//2543 2544//2544 2236//2236
f 2544//2544 2545//2545 2236//2236
f 2544//2544 2224//2224 2545//2545
f 2224//2224 2544//2544 2538//2538
f 2546//2546 2538//2538 2544//2544
f 2538//2538 2546//2546 2239//2239
f 2545//2545 2239//2239 2546//2546
f 2546//2546 2237//2237 2545//2545
f 2545//2545 2237//2237 2236//2236
f 2224//2224 2239//2239 2545//2545
f 2538//2538 2239//2239 2227//2227
f 2549//2549 2548//2548 2547//2547
f 2547//2547 2548//2548 2539//2539
f 2547//2547 2539//2539 2540//2540
f 2246//2246 2547//2547 2540//2540
f 2245//2245 2246//2246 2540//2540
f 2245//2245 2540//2540 2235//2235
f 2546//2546 2550//2550 2237//2237
f 2237//2237 2550//2550 2247//2247
f 2249//2249 2247//2247 2550//2550
f 2249//2249 2550//2550 2551//2551
f 2554//2554 2553//2553 2552//2552
f 2552//2552 2553//2553 2549//2549
f 2552//2552 2549//2549 2547//2547
f 2252//2252 2552//2552 2547//2547
f 2253//2253 2252//2252 2547//2547
f 2253//2253 2547//2547 2246//2246
f 2556//2556 2254//2254 2555//2555
f 2254//2254 2551//2551 2555//2555
f 2254//2254 2249//2249 2551//2551
f 2557//2557 2556//2556 2555//2555
f 2257//2257 2256//2256 2558//2558
f 2552//2552 2559//2559 2554//2554
f 2559//2559 2552//2552 2560//2560
f 2252//2252 2560//2560 2552//2552
f 2560//2560 2252//2252 2561//2561
f 2257//2257 2561//2561 2252//2252
f 2561//2561 2257//2257 2558//2558
f 2561//2561 2562//2562 2560//2560
f 2556//2556 2258//2258 2254//2254
f 2259//2259 2258//2258 2556//2556
f 2557//2557 2259//2259 2556//2556
f 2563//2563 2259//2259 2557//2557
f 2263//2263 2564//2564 2264//2264
f 2558//2558 2256//2256 2264//2264
f 2564//2564 2558//2558 2264//2264
f 2565//2565 2558//2558 2564//2564
f 2558//2558 2566//2566 2561//2561
f 2558//2558 2565//2565 2566//2566
f 2562//2562 2561//2561 2567//2567
f 2567//2567 2561//2561 2566//2566
f 2569//2569 2266//2266 2568//2568
f 2266//2266 2563//2563 2568//2568
f 2266//2266 2259//2259 2563//2563
f 2570//2570 2569//2569 2568//2568
f 2273//2273 2571//2571 2564//2564
f 2273//2273 2564//2564 2263//2263
f 2564//2564 2572//2572 2565//2565
f 2564//2564 2571//2571 2572//2572
f 2574//2574 2566//2566 2573//2573
f 2566//2566 2572//2572 2573//2573
f 2566//2566 2565//2565 2572//2572
f 2566//2566 2574//2574 2567//2567
f 2569//2569 2274//2274 2266//2266
f 2570//2570 2575//2575 2569//2569
f 2575//2575 2274//2274 2569//2569
f 2575//2575 2275//2275 2274//2274
f 2575//2575 2577//2577 2576//2576
f 2276//2276 2575//2575 2576//2576
f 2275//2275 2575//2575 2276//2276
f 2576//2576 2278//2278 2276//2276
f 2283//2283 2578//2578 2284//2284
f 2578//2578 2579//2579 2284//2284
f 2284//2284 2579//2579 2273//2273
f 2579//2579 2580//2580 2273//2273
f 2580//2580 2571//2571 2273//2273
f 2571//2571 2580//2580 2572//2572
f 2572//2572 2580//2580 2581//2581
f 2572//2572 2581//2581 2573//2573
f 2577//2577 2582//2582 2576//2576
f 2576//2576 2582//2582 2278//2278
f 2582//2582 2285//2285 2278//2278
f 2582//2582 2583//2583 2285//2285
f 2285//2285 2584//2584 2286//2286
f 2583//2583 2584//2584 2285//2285
f 2286//2286 2585//2585 2287//2287
f 2584//2584 2585//2585 2286//2286
f 2287//2287 2586//2586 2288//2288
f 2585//2585 2586//2586 2287//2287
f 2288//2288 2587//2587 2289//2289
f 2586//2586 2587//2587 2288//2288
f 2283//2283 2289//2289 2578//2578
f 2289//2289 2588//2588 2578//2578
f 2289//2289 2587//2587 2588//2588
f 2578//2578 2588//2588 2579//2579
f 2591//2591 2590//2590 2589//2589
f 2291//2291 2292//2292 2589//2589
f 2292//2292 2591//2591 2589//2589
f 2292//2292 2592//2592 2591//2591
f 2594//2594 2593//2593 2293//2293
f 2593//2593 2292//2292 2293//2293
f 2593//2593 2592//2592 2292//2292
f 2594//2594 2595//2595 2593//2593
f 2589//2589 2590//2590 2596//2596
f 2596//2596 2590//2590 2597//2597
f 2596//2596 2295//2295 2291//2291
f 2596//2596 2291//2291 2589//2589
f 2296//2296 2594//2594 2293//2293
f 2598//2598 2595//2595 2594//2594
f 2296//2296 2598//2598 2594//2594
f 2298//2298 2598//2598 2296//2296
f 2600//2600 2599//2599 2300//2300
f 2599//2599 2298//2298 2300//2300
f 2599//2599 2598//2598 2298//2298
f 2600//2600 2601//2601 2599//2599
f 2596//2596 2597//2597 2602//2602
f 2602//2602 2597//2597 2603//2603
f 2602//2602 2302//2302 2295//2295
f 2602//2602 2295//2295 2596//2596
f 2304//2304 2600//2600 2300//2300
f 2604//2604 2601//2601 2600//2600
f 2304//2304 2604//2604 2600//2600
f 2305//2305 2604//2604 2304//2304
f 2606//2606 2604//2604 2605//2605
f 2604//2604 2306//2306 2605//2605
f 2604//2604 2305//2305 2306//2306
f 2308//2308 2605//2605 2306//2306
f 2602//2602 2603//2603 2607//2607
f 2607//2607 2603//2603 2608//2608
f 2607//2607 2310//2310 2302//2302
f 2607//2607 2302//2302 2602//2602
f 2611//2611 2610//2610 2609//2609
f 2609//2609 2610//2610 2606//2606
f 2605//2605 2609//2609 2606//2606
f 2612//2612 2609//2609 2605//2605
f 2312//2312 2612//2612 2308//2308
f 2308//2308 2612//2612 2605//2605
f 2608//2608 2613//2613 2607//2607
f 2607//2607 2613//2613 2310//2310
f 2613//2613 2314//2314 2310//2310
f 2613//2613 2614//2614 2314//2314
f 2314//2314 2615//2615 2315//2315
f 2614//2614 2615//2615 2314//2314
f 2617//2617 2616//2616 2317//2317
f 2315//2315 2617//2617 2317//2317
f 2615//2615 2617//2617 2315//2315
f 2319//2319 2318//2318 2616//2616
f 2617//2617 2319//2319 2616//2616
f 2618//2618 2319//2319 2617//2617
f 2609//2609 2321//2321 2611//2611
f 2321//2321 2618//2618 2611//2611
f 2321//2321 2319//2319 2618//2618
f 2321//2321 2609//2609 2323//2323
f 2323//2323 2609//2609 2612//2612
f 2323//2323 2612//2612 2312//2312
f 2616//2616 2327//2327 2317//2317
f 2327//2327 2616//2616 2318//2318
f 2619//2619 2331//2331 2332//2332
f 2333//2333 2620//2620 2332//2332
f 2332//2332 2620//2620 2619//2619
f 2334//2334 2621//2621 2333//2333
f 2333//2333 2621//2621 2620//2620
f 2335//2335 2622//2622 2334//2334
f 2334//2334 2622//2622 2621//2621
f 2337//2337 2622//2622 2335//2335
f 2619//2619 2341//2341 2331//2331
f 2341//2341 2619//2619 2344//2344
f 2344//2344 2619//2619 2620//2620
f 2344//2344 2620//2620 2346//2346
f 2346//2346 2620//2620 2621//2621
f 2346//2346 2621//2621 2348//2348
f 2348//2348 2621//2621 2622//2622
f 2348//2348 2622//2622 2337//2337
f 2623//2623 2360//2360 2361//2361
f 2362//2362 2623//2623 2361//2361
f 2624//2624 2366//2366 2367//2367
f 2360//2360 2623//2623 2367//2367
f 2623//2623 2624//2624 2367//2367
f 2623//2623 2625//2625 2624//2624
f 2368//2368 2626//2626 2362//2362
f 2626//2626 2623//2623 2362//2362
f 2626//2626 2625//2625 2623//2623
f 2370//2370 2626//2626 2368//2368
f 2627//2627 2374//2374 2375//2375
f 2366//2366 2624//2624 2375//2375
f 2624//2624 2627//2627 2375//2375
f 2624//2624 2628//2628 2627//2627
f 2629//2629 2624//2624 2625//2625
f 2628//2628 2624//2624 2629//2629
f 2630//2630 2625//2625 2626//2626
f 2629//2629 2625//2625 2630//2630
f 2376//2376 2631//2631 2370//2370
f 2631//2631 2626//2626 2370//2370
f 2631//2631 2630//2630 2626//2626
f 2378//2378 2631//2631 2376//2376
f 2632//2632 2380//2380 2381//2381
f 2382//2382 2633//2633 2381//2381
f 2381//2381 2633//2633 2632//2632
f 2383//2383 2633//2633 2382//2382
f 2634//2634 2387//2387 2627//2627
f 2627//2627 2387//2387 2374//2374
f 2635//2635 2627//2627 2628//2628
f 2634//2634 2627//2627 2635//2635
f 2636//2636 2628//2628 2629//2629
f 2635//2635 2628//2628 2636//2636
f 2637//2637 2629//2629 2630//2630
f 2636//2636 2629//2629 2637//2637
f 2638//2638 2630//2630 2631//2631
f 2637//2637 2630//2630 2638//2638
f 2388//2388 2639//2639 2378//2378
f 2639//2639 2631//2631 2378//2378
f 2639//2639 2638//2638 2631//2631
f 2390//2390 2639//2639 2388//2388
f 2640//2640 2392//2392 2393//2393
f 2380//2380 2632//2632 2393//2393
f 2632//2632 2640//2640 2393//2393
f 2632//2632 2641//2641 2640//2640
f 2642//2642 2632//2632 2633//2633
f 2641//2641 2632//2632 2642//2642
f 2394//2394 2643//2643 2383//2383
f 2643//2643 2633//2633 2383//2383
f 2643//2643 2642//2642 2633//2633
f 2395//2395 2644//2644 2394//2394
f 2394//2394 2644//2644 2643//2643
f 2644//2644 2395//2395 2645//2645
f 2395//2395 2646//2646 2645//2645
f 2395//2395 2396//2396 2646//2646
f 2396//2396 2387//2387 2634//2634
f 2647//2647 2396//2396 2634//2634
f 2646//2646 2396//2396 2647//2647
f 2647//2647 2634//2634 2635//2635
f 2647//2647 2635//2635 2648//2648
f 2648//2648 2635//2635 2636//2636
f 2648//2648 2636//2636 2649//2649
f 2649//2649 2636//2636 2637//2637
f 2649//2649 2637//2637 2650//2650
f 2650//2650 2637//2637 2638//2638
f 2650//2650 2638//2638 2651//2651
f 2653//2653 2652//2652 2651//2651
f 2638//2638 2653//2653 2651//2651
f 2639//2639 2653//2653 2638//2638
f 2397//2397 2654//2654 2390//2390
f 2654//2654 2639//2639 2390//2390
f 2654//2654 2653//2653 2639//2639
f 2399//2399 2654//2654 2397//2397
f 2656//2656 2401//2401 2655//2655
f 2401//2401 2392//2392 2655//2655
f 2655//2655 2392//2392 2640//2640
f 2657//2657 2655//2655 2640//2640
f 2657//2657 2659//2659 2658//2658
f 2659//2659 2656//2656 2658//2658
f 2402//2402 2658//2658 2656//2656
f 2658//2658 2402//2402 2641//2641
f 2401//2401 2641//2641 2402//2402
f 2641//2641 2401//2401 2659//2659
f 2659//2659 2640//2640 2641//2641
f 2657//2657 2640//2640 2659//2659
f 2659//2659 2401//2401 2656//2656
f 2658//2658 2641//2641 2642//2642
f 2658//2658 2642//2642 2660//2660
f 2660//2660 2642//2642 2643//2643
f 2660//2660 2643//2643 2661//2661
f 2661//2661 2643//2643 2644//2644
f 2661//2661 2644//2644 2662//2662
f 2662//2662 2644//2644 2645//2645
f 2663//2663 2652//2652 2653//2653
f 2663//2663 2653//2653 2654//2654
f 2663//2663 2654//2654 2664//2664
f 2666//2666 2664//2664 2665//2665
f 2665//2665 2664//2664 2403//2403
f 2664//2664 2654//2654 2403//2403
f 2654//2654 2399//2399 2403//2403
f 2405//2405 2665//2665 2403//2403
f 2656//2656 2655//2655 2408//2408
f 2655//2655 2406//2406 2408//2408
f 2655//2655 2667//2667 2406//2406
f 2656//2656 2408//2408 2402//2402
f 2668//2668 2666//2666 2665//2665
f 2670//2670 2668//2668 2669//2669
f 2669//2669 2668//2668 2409//2409
f 2668//2668 2665//2665 2409//2409
f 2665//2665 2405//2405 2409//2409
f 2411//2411 2669//2669 2409//2409
f 2667//2667 2671//2671 2406//2406
f 2406//2406 2671//2671 2412//2412
f 2414//2414 2412//2412 2671//2671
f 2414//2414 2671//2671 2672//2672
f 2673//2673 2670//2670 2669//2669
f 2673//2673 2669//2669 2411//2411
f 2415//2415 2673//2673 2411//2411
f 2674//2674 2673//2673 2415//2415
f 2415//2415 2417//2417 2674//2674
f 2674//2674 2417//2417 2675//2675
f 2678//2678 2677//2677 2676//2676
f 2676//2676 2679//2679 2419//2419
f 2672//2672 2676//2676 2419//2419
f 2414//2414 2672//2672 2419//2419
f 2676//2676 2672//2672 2678//2678
f 2679//2679 2420//2420 2419//2419
f 2680//2680 2675//2675 2417//2417
f 2680//2680 2417//2417 2421//2421
f 2681//2681 2421//2421 2422//2422
f 2681//2681 2680//2680 2421//2421
f 2422//2422 2423//2423 2681//2681
f 2681//2681 2423//2423 2682//2682
f 2685//2685 2684//2684 2683//2683
f 2687//2687 2686//2686 2683//2683
f 2683//2683 2686//2686 2685//2685
f 2425//2425 2426//2426 2687//2687
f 2426//2426 2686//2686 2687//2687
f 2426//2426 2688//2688 2686//2686
f 2427//2427 2676//2676 2677//2677
f 2688//2688 2427//2427 2677//2677
f 2426//2426 2427//2427 2688//2688
f 2676//2676 2427//2427 2428//2428
f 2676//2676 2428//2428 2679//2679
f 2679//2679 2428//2428 2420//2420
f 2689//2689 2682//2682 2423//2423
f 2689//2689 2423//2423 2429//2429
f 2429//2429 2430//2430 2689//2689
f 2689//2689 2430//2430 2690//2690
f 2692//2692 2691//2691 2433//2433
f 2433//2433 2691//2691 2432//2432
f 2693//2693 2433//2433 2434//2434
f 2693//2693 2692//2692 2433//2433
f 2436//2436 2683//2683 2684//2684
f 2693//2693 2436//2436 2684//2684
f 2434//2434 2436//2436 2693//2693
f 2683//2683 2436//2436 2438//2438
f 2683//2683 2438//2438 2687//2687
f 2687//2687 2438//2438 2425//2425
f 2694//2694 2690//2690 2430//2430
f 2694//2694 2430//2430 2440//2440
f 2440//2440 2442//2442 2694//2694
f 2694//2694 2442//2442 2695//2695
f 2697//2697 2696//2696 2445//2445
f 2445//2445 2696//2696 2444//2444
f 2445//2445 2432//2432 2691//2691
f 2445//2445 2691//2691 2697//2697
f 2700//2700 2699//2699 2698//2698
f 2450//2450 2451//2451 2698//2698
f 2699//2699 2450//2450 2698//2698
f 2701//2701 2450//2450 2699//2699
f 2452//2452 2450//2450 2701//2701
f 2452//2452 2701//2701 2702//2702
f 2703//2703 2695//2695 2442//2442
f 2703//2703 2442//2442 2453//2453
f 2705//2705 2703//2703 2704//2704
f 2703//2703 2454//2454 2704//2704
f 2703//2703 2453//2453 2454//2454
f 2707//2707 2704//2704 2706//2706
f 2704//2704 2454//2454 2706//2706
f 2456//2456 2708//2708 2706//2706
f 2456//2456 2706//2706 2454//2454
f 2708//2708 2709//2709 2706//2706
f 2696//2696 2458//2458 2444//2444
f 2710//2710 2458//2458 2696//2696
f 2711//2711 2700//2700 2698//2698
f 2711//2711 2698//2698 2451//2451
f 2462//2462 2711//2711 2451//2451
f 2712//2712 2711//2711 2462//2462
f 2462//2462 2452//2452 2702//2702
f 2462//2462 2702//2702 2712//2712
f 2465//2465 2713//2713 2464//2464
f 2464//2464 2713//2713 2714//2714
f 2715//2715 2464//2464 2714//2714
f 2466//2466 2464//2464 2715//2715
f 2466//2466 2716//2716 2467//2467
f 2715//2715 2716//2716 2466//2466
f 2467//2467 2717//2717 2468//2468
f 2716//2716 2717//2717 2467//2467
f 2468//2468 2718//2718 2469//2469
f 2717//2717 2718//2718 2468//2468
f 2469//2469 2719//2719 2470//2470
f 2718//2718 2719//2719 2469//2469
f 2470//2470 2720//2720 2472//2472
f 2719//2719 2720//2720 2470//2470
f 2722//2722 2721//2721 2473//2473
f 2472//2472 2722//2722 2473//2473
f 2720//2720 2722//2722 2472//2472
f 2724//2724 2723//2723 2721//2721
f 2724//2724 2721//2721 2722//2722
f 2725//2725 2723//2723 2724//2724
f 2728//2728 2727//2727 2726//2726
f 2705//2705 2704//2704 2729//2729
f 2727//2727 2730//2730 2726//2726
f 2456//2456 2474//2474 2708//2708
f 2733//2733 2732//2732 2731//2731
f 2707//2707 2729//2729 2704//2704
f 2732//2732 2734//2734 2731//2731
f 2709//2709 2708//2708 2735//2735
f 2474//2474 2735//2735 2708//2708
f 2735//2735 2474//2474 2475//2475
f 2475//2475 2477//2477 2735//2735
f 2735//2735 2477//2477 2736//2736
f 2478//2478 2458//2458 2737//2737
f 2458//2458 2738//2738 2737//2737
f 2458//2458 2710//2710 2738//2738
f 2737//2737 2480//2480 2478//2478
f 2483//2483 2713//2713 2465//2465
f 2483//2483 2484//2484 2713//2713
f 2484//2484 2714//2714 2713//2713
f 2484//2484 2739//2739 2714//2714
f 2721//2721 2485//2485 2473//2473
f 2485//2485 2721//2721 2486//2486
f 2486//2486 2721//2721 2723//2723
f 2725//2725 2740//2740 2723//2723
f 2740//2740 2486//2486 2723//2723
f 2740//2740 2488//2488 2486//2486
f 2726//2726 2490//2490 2728//2728
f 2490//2490 2740//2740 2728//2728
f 2490//2490 2488//2488 2740//2740
f 2730//2730 2741//2741 2726//2726
f 2741//2741 2490//2490 2726//2726
f 2741//2741 2491//2491 2490//2490
f 2741//2741 2742//2742 2491//2491
f 2742//2742 2733//2733 2491//2491
f 2731//2731 2491//2491 2733//2733
f 2491//2491 2731//2731 2492//2492
f 2743//2743 2492//2492 2731//2731
f 2492//2492 2743//2743 2742//2742
f 2742//2742 2744//2744 2492//2492
f 2741//2741 2744//2744 2742//2742
f 2742//2742 2743//2743 2733//2733
f 2747//2747 2746//2746 2745//2745
f 2734//2734 2743//2743 2731//2731
f 2747//2747 2736//2736 2746//2746
f 2736//2736 2494//2494 2746//2746
f 2736//2736 2477//2477 2494//2494
f 2737//2737 2738//2738 2748//2748
f 2748//2748 2738//2738 2749//2749
f 2750//2750 2495//2495 2480//2480
f 2737//2737 2750//2750 2480//2480
f 2748//2748 2750//2750 2737//2737
f 2750//2750 2496//2496 2495//2495
f 2751//2751 2739//2739 2484//2484
f 2751//2751 2484//2484 2498//2498
f 2498//2498 2500//2500 2751//2751
f 2751//2751 2500//2500 2752//2752
f 2744//2744 2753//2753 2492//2492
f 2492//2492 2753//2753 2501//2501
f 2746//2746 2502//2502 2745//2745
f 2502//2502 2753//2753 2745//2745
f 2502//2502 2501//2501 2753//2753
f 2502//2502 2746//2746 2494//2494
f 2749//2749 2754//2754 2748//2748
f 2756//2756 2755//2755 2754//2754
f 2755//2755 2748//2748 2754//2754
f 2755//2755 2750//2750 2748//2748
f 2755//2755 2503//2503 2496//2496
f 2755//2755 2496//2496 2750//2750
f 2506//2506 2757//2757 2505//2505
f 2758//2758 2507//2507 2505//2505
f 2758//2758 2505//2505 2757//2757
f 2758//2758 2759//2759 2507//2507
f 2759//2759 2500//2500 2507//2507
f 2759//2759 2752//2752 2500//2500
f 2755//2755 2756//2756 2510//2510
f 2756//2756 2509//2509 2510//2510
f 2756//2756 2760//2760 2509//2509
f 2755//2755 2510//2510 2503//2503
f 2511//2511 2757//2757 2506//2506
f 2758//2758 2757//2757 2761//2761
f 2757//2757 2512//2512 2761//2761
f 2512//2512 2762//2762 2761//2761
f 2512//2512 2757//2757 2511//2511
f 2758//2758 2761//2761 2759//2759
f 2764//2764 2763//2763 2515//2515
f 2515//2515 2763//2763 2514//2514
f 2515//2515 2509//2509 2760//2760
f 2515//2515 2760//2760 2764//2764
f 2517//2517 2766//2766 2765//2765
f 2762//2762 2517//2517 2765//2765
f 2512//2512 2517//2517 2762//2762
f 2766//2766 2767//2767 2765//2765
f 2769//2769 2518//2518 2768//2768
f 2518//2518 2763//2763 2768//2768
f 2518//2518 2514//2514 2763//2763
f 2770//2770 2769//2769 2768//2768
f 2522//2522 2771//2771 2766//2766
f 2522//2522 2766//2766 2517//2517
f 2767//2767 2766//2766 2772//2772
f 2772//2772 2766//2766 2771//2771
f 2773//2773 2523//2523 2769//2769
f 2769//2769 2523//2523 2518//2518
f 2769//2769 2770//2770 2774//2774
f 2769//2769 2774//2774 2773//2773
f 2526//2526 2771//2771 2522//2522
f 2775//2775 2772//2772 2771//2771
f 2526//2526 2775//2775 2771//2771
f 2528//2528 2775//2775 2526//2526
f 2528//2528 2530//2530 2775//2775
f 2775//2775 2530//2530 2776//2776
f 2777//2777 2531//2531 2773//2773
f 2773//2773 2531//2531 2523//2523
f 2773//2773 2774//2774 2778//2778
f 2779//2779 2773//2773 2778//2778
f 2777//2777 2773//2773 2779//2779
f 2781//2781 2780//2780 2779//2779
f 2781//2781 2779//2779 2778//2778
f 2782//2782 2780//2780 2781//2781
f 2534//2534 2776//2776 2530//2530
f 2534//2534 2783//2783 2776//2776
f 2777//2777 2535//2535 2531//2531
f 2535//2535 2777//2777 2537//2537
f 2777//2777 2784//2784 2537//2537
f 2777//2777 2779//2779 2784//2784
f 2785//2785 2779//2779 2780//2780
f 2784//2784 2779//2779 2785//2785
f 2780//2780 2782//2782 2786//2786
f 2780//2780 2786//2786 2785//2785
f 2539//2539 2787//2787 2541//2541
f 2788//2788 2542//2542 2541//2541
f 2788//2788 2541//2541 2787//2787
f 2788//2788 2789//2789 2542//2542
f 2789//2789 2534//2534 2542//2542
f 2789//2789 2783//2783 2534//2534
f 2784//2784 2543//2543 2537//2537
f 2543//2543 2784//2784 2544//2544
f 2544//2544 2784//2784 2785//2785
f 2791//2791 2790//2790 2546//2546
f 2791//2791 2546//2546 2544//2544
f 2786//2786 2791//2791 2544//2544
f 2785//2785 2786//2786 2544//2544
f 2792//2792 2790//2790 2791//2791
f 2549//2549 2793//2793 2548//2548
f 2787//2787 2539//2539 2548//2548
f 2793//2793 2787//2787 2548//2548
f 2794//2794 2787//2787 2793//2793
f 2796//2796 2788//2788 2795//2795
f 2788//2788 2794//2794 2795//2795
f 2788//2788 2787//2787 2794//2794
f 2788//2788 2796//2796 2789//2789
f 2790//2790 2550//2550 2546//2546
f 2798//2798 2797//2797 2551//2551
f 2798//2798 2551//2551 2550//2550
f 2792//2792 2798//2798 2550//2550
f 2790//2790 2792//2792 2550//2550
f 2799//2799 2797//2797 2798//2798
f 2802//2802 2801//2801 2800//2800
f 2803//2803 2553//2553 2554//2554
f 2804//2804 2800//2800 2801//2801
f 2793//2793 2549//2549 2553//2553
f 2803//2803 2793//2793 2553//2553
f 2805//2805 2793//2793 2803//2803
f 2793//2793 2806//2806 2794//2794
f 2793//2793 2805//2805 2806//2806
f 2795//2795 2794//2794 2807//2807
f 2807//2807 2794//2794 2806//2806
f 2797//2797 2555//2555 2551//2551
f 2557//2557 2555//2555 2797//2797
f 2799//2799 2557//2557 2797//2797
f 2808//2808 2557//2557 2799//2799
f 2802//2802 2800//2800 2809//2809
f 2802//2802 2809//2809 2810//2810
f 2803//2803 2554//2554 2559//2559
f 2804//2804 2811//2811 2800//2800
f 2812//2812 2800//2800 2811//2811
f 2800//2800 2812//2812 2809//2809
f 2814//2814 2813//2813 2811//2811
f 2812//2812 2811//2811 2813//2813
f 2803//2803 2560//2560 2805//2805
f 2560//2560 2803//2803 2559//2559
f 2815//2815 2813//2813 2814//2814
f 2813//2813 2815//2815 2562//2562
f 2806//2806 2562//2562 2815//2815
f 2562//2562 2806//2806 2560//2560
f 2805//2805 2560//2560 2806//2806
f 2806//2806 2815//2815 2807//2807
f 2817//2817 2563//2563 2816//2816
f 2563//2563 2808//2808 2816//2816
f 2563//2563 2557//2557 2808//2808
f 2818//2818 2817//2817 2816//2816
f 2819//2819 2810//2810 2809//2809
f 2821//2821 2820//2820 2819//2819
f 2809//2809 2821//2821 2819//2819
f 2812//2812 2821//2821 2809//2809
f 2822//2822 2812//2812 2813//2813
f 2821//2821 2812//2812 2822//2822
f 2567//2567 2822//2822 2562//2562
f 2562//2562 2822//2822 2813//2813
f 2817//2817 2568//2568 2563//2563
f 2570//2570 2568//2568 2817//2817
f 2818//2818 2570//2570 2817//2817
f 2823//2823 2570//2570 2818//2818
f 2824//2824 2820//2820 2821//2821
f 2573//2573 2825//2825 2574//2574
f 2825//2825 2821//2821 2574//2574
f 2821//2821 2822//2822 2574//2574
f 2825//2825 2824//2824 2821//2821
f 2574//2574 2822//2822 2567//2567
f 2823//2823 2826//2826 2570//2570
f 2570//2570 2826//2826 2575//2575
f 2828//2828 2827//2827 2577//2577
f 2575//2575 2828//2828 2577//2577
f 2826//2826 2828//2828 2575//2575
f 2829//2829 2827//2827 2828//2828
f 2579//2579 2830//2830 2580//2580
f 2580//2580 2830//2830 2831//2831
f 2832//2832 2580//2580 2831//2831
f 2581//2581 2580//2580 2832//2832
f 2573//2573 2581//2581 2825//2825
f 2825//2825 2581//2581 2832//2832
f 2827//2827 2582//2582 2577//2577
f 2829//2829 2833//2833 2827//2827
f 2833//2833 2582//2582 2827//2827
f 2833//2833 2583//2583 2582//2582
f 2583//2583 2834//2834 2584//2584
f 2833//2833 2834//2834 2583//2583
f 2584//2584 2835//2835 2585//2585
f 2834//2834 2835//2835 2584//2584
f 2585//2585 2836//2836 2586//2586
f 2835//2835 2836//2836 2585//2585
f 2586//2586 2837//2837 2587//2587
f 2836//2836 2837//2837 2586//2586
f 2587//2587 2838//2838 2588//2588
f 2837//2837 2838//2838 2587//2587
f 2579//2579 2588//2588 2830//2830
f 2588//2588 2839//2839 2830//2830
f 2588//2588 2838//2838 2839//2839
f 2830//2830 2839//2839 2831//2831
f 2842//2842 2841//2841 2840//2840
f 2844//2844 2843//2843 2840//2840
f 2840//2840 2843//2843 2842//2842
f 2590//2590 2591//2591 2844//2844
f 2591//2591 2843//2843 2844//2844
f 2591//2591 2845//2845 2843//2843
f 2846//2846 2591//2591 2592//2592
f 2846//2846 2845//2845 2591//2591
f 2848//2848 2846//2846 2847//2847
f 2846//2846 2593//2593 2847//2847
f 2846//2846 2592//2592 2593//2593
f 2595//2595 2847//2847 2593//2593
f 2840//2840 2841//2841 2849//2849
f 2849//2849 2841//2841 2850//2850
f 2840//2840 2851//2851 2844//2844
f 2840//2840 2849//2849 2851//2851
f 2851//2851 2597//2597 2590//2590
f 2851//2851 2590//2590 2844//2844
f 2852//2852 2848//2848 2847//2847
f 2852//2852 2847//2847 2595//2595
f 2598//2598 2852//2852 2595//2595
f 2853//2853 2852//2852 2598//2598
f 2855//2855 2853//2853 2854//2854
f 2853//2853 2599//2599 2854//2854
f 2853//2853 2598//2598 2599//2599
f 2601//2601 2854//2854 2599//2599
f 2850//2850 2856//2856 2849//2849
f 2858//2858 2857//2857 2856//2856
f 2857//2857 2849//2849 2856//2856
f 2857//2857 2851//2851 2849//2849
f 2857//2857 2603//2603 2597//2597
f 2857//2857 2597//2597 2851//2851
f 2855//2855 2854//2854 2859//2859
f 2855//2855 2859//2859 2860//2860
f 2604//2604 2861//2861 2601//2601
f 2861//2861 2854//2854 2601//2601
f 2861//2861 2859//2859 2854//2854
f 2606//2606 2861//2861 2604//2604
f 2857//2857 2858//2858 2862//2862
f 2862//2862 2858//2858 2863//2863
f 2862//2862 2608//2608 2603//2603
f 2862//2862 2603//2603 2857//2857
f 2866//2866 2865//2865 2864//2864
f 2868//2868 2867//2867 2864//2864
f 2868//2868 2864//2864 2865//2865
f 2867//2867 2868//2868 2860//2860
f 2859//2859 2867//2867 2860//2860
f 2869//2869 2867//2867 2859//2859
f 2611//2611 2869//2869 2610//2610
f 2869//2869 2861//2861 2610//2610
f 2869//2869 2859//2859 2861//2861
f 2610//2610 2861//2861 2606//2606
f 2863//2863 2870//2870 2862//2862
f 2862//2862 2870//2870 2608//2608
f 2870//2870 2613//2613 2608//2608
f 2870//2870 2871//2871 2613//2613
f 2613//2613 2872//2872 2614//2614
f 2871//2871 2872//2872 2613//2613
f 2864//2864 2615//2615 2866//2866
f 2615//2615 2872//2872 2866//2866
f 2615//2615 2614//2614 2872//2872
f 2615//2615 2864//2864 2617//2617
f 2617//2617 2864//2864 2867//2867
f 2617//2617 2867//2867 2618//2618
f 2618//2618 2867//2867 2869//2869
f 2618//2618 2869//2869 2611//2611
f 2873//2873 2645//2645 2646//2646
f 2647//2647 2874//2874 2646//2646
f 2646//2646 2874//2874 2873//2873
f 2648//2648 2875//2875 2647//2647
f 2647//2647 2875//2875 2874//2874
f 2649//2649 2876//2876 2648//2648
f 2648//2648 2876//2876 2875//2875
f 2650//2650 2877//2877 2649//2649
f 2649//2649 2877//2877 2876//2876
f 2651//2651 2878//2878 2650//2650
f 2650//2650 2878//2878 2877//2877
f 2652//2652 2878//2878 2651//2651
f 2879//2879 2655//2655 2657//2657
f 2879//2879 2657//2657 2880//2880
f 2657//2657 2881//2881 2880//2880
f 2657//2657 2658//2658 2881//2881
f 2882//2882 2658//2658 2660//2660
f 2882//2882 2881//2881 2658//2658
f 2883//2883 2660//2660 2661//2661
f 2883//2883 2882//2882 2660//2660
f 2884//2884 2661//2661 2662//2662
f 2884//2884 2883//2883 2661//2661
f 2662//2662 2645//2645 2873//2873
f 2885//2885 2662//2662 2873//2873
f 2884//2884 2662//2662 2885//2885
f 2885//2885 2873//2873 2874//2874
f 2885//2885 2874//2874 2886//2886
f 2886//2886 2874//2874 2875//2875
f 2886//2886 2875//2875 2887//2887
f 2887//2887 2875//2875 2876//2876
f 2887//2887 2876//2876 2888//2888
f 2888//2888 2876//2876 2877//2877
f 2888//2888 2877//2877 2889//2889
f 2889//2889 2877//2877 2878//2878
f 2889//2889 2878//2878 2890//2890
f 2892//2892 2890//2890 2891//2891
f 2891//2891 2890//2890 2663//2663
f 2890//2890 2878//2878 2663//2663
f 2878//2878 2652//2652 2663//2663
f 2664//2664 2893//2893 2663//2663
f 2663//2663 2893//2893 2891//2891
f 2666//2666 2893//2893 2664//2664
f 2896//2896 2895//2895 2894//2894
f 2897//2897 2896//2896 2879//2879
f 2896//2896 2667//2667 2879//2879
f 2667//2667 2655//2655 2879//2879
f 2896//2896 2894//2894 2667//2667
f 2897//2897 2879//2879 2880//2880
f 2898//2898 2892//2892 2891//2891
f 2898//2898 2891//2891 2893//2893
f 2898//2898 2893//2893 2899//2899
f 2901//2901 2899//2899 2900//2900
f 2900//2900 2899//2899 2668//2668
f 2899//2899 2893//2893 2668//2668
f 2893//2893 2666//2666 2668//2668
f 2670//2670 2900//2900 2668//2668
f 2894//2894 2895//2895 2902//2902
f 2902//2902 2895//2895 2903//2903
f 2904//2904 2671//2671 2667//2667
f 2894//2894 2904//2904 2667//2667
f 2902//2902 2904//2904 2894//2894
f 2904//2904 2672//2672 2671//2671
f 2905//2905 2901//2901 2900//2900
f 2905//2905 2900//2900 2670//2670
f 2673//2673 2905//2905 2670//2670
f 2906//2906 2905//2905 2673//2673
f 2907//2907 2673//2673 2674//2674
f 2907//2907 2906//2906 2673//2673
f 2674//2674 2675//2675 2907//2907
f 2907//2907 2675//2675 2908//2908
f 2903//2903 2909//2909 2902//2902
f 2910//2910 2677//2677 2678//2678
f 2902//2902 2910//2910 2678//2678
f 2904//2904 2902//2902 2678//2678
f 2909//2909 2910//2910 2902//2902
f 2904//2904 2678//2678 2672//2672
f 2911//2911 2908//2908 2675//2675
f 2911//2911 2675//2675 2680//2680
f 2912//2912 2680//2680 2681//2681
f 2912//2912 2911//2911 2680//2680
f 2681//2681 2682//2682 2912//2912
f 2912//2912 2682//2682 2913//2913
f 2916//2916 2915//2915 2914//2914
f 2918//2918 2917//2917 2914//2914
f 2914//2914 2917//2917 2916//2916
f 2918//2918 2684//2684 2917//2917
f 2684//2684 2685//2685 2917//2917
f 2920//2920 2919//2919 2917//2917
f 2920//2920 2917//2917 2685//2685
f 2920//2920 2685//2685 2921//2921
f 2685//2685 2922//2922 2921//2921
f 2685//2685 2686//2686 2922//2922
f 2923//2923 2686//2686 2688//2688
f 2923//2923 2922//2922 2686//2686
f 2688//2688 2677//2677 2910//2910
f 2688//2688 2910//2910 2923//2923
f 2924//2924 2913//2913 2682//2682
f 2924//2924 2682//2682 2689//2689
f 2689//2689 2690//2690 2924//2924
f 2924//2924 2690//2690 2925//2925
f 2928//2928 2927//2927 2926//2926
f 2928//2928 2926//2926 2915//2915
f 2915//2915 2926//2926 2914//2914
f 2926//2926 2691//2691 2914//2914
f 2691//2691 2692//2692 2914//2914
f 2914//2914 2692//2692 2693//2693
f 2914//2914 2693//2693 2918//2918
f 2920//2920 2929//2929 2919//2919
f 2684//2684 2918//2918 2693//2693
f 2929//2929 2920//2920 2921//2921
f 2930//2930 2925//2925 2690//2690
f 2930//2930 2690//2690 2694//2694
f 2694//2694 2695//2695 2930//2930
f 2930//2930 2695//2695 2931//2931
f 2934//2934 2933//2933 2932//2932
f 2934//2934 2932//2932 2927//2927
f 2927//2927 2932//2932 2926//2926
f 2932//2932 2696//2696 2926//2926
f 2696//2696 2697//2697 2926//2926
f 2926//2926 2697//2697 2691//2691
f 2700//2700 2935//2935 2699//2699
f 2936//2936 2701//2701 2699//2699
f 2936//2936 2699//2699 2935//2935
f 2936//2936 2702//2702 2701//2701
f 2937//2937 2931//2931 2695//2695
f 2937//2937 2695//2695 2703//2703
f 2939//2939 2938//2938 2705//2705
f 2938//2938 2703//2703 2705//2705
f 2938//2938 2937//2937 2703//2703
f 2939//2939 2707//2707 2938//2938
f 2707//2707 2706//2706 2938//2938
f 2941//2941 2940//2940 2938//2938
f 2941//2941 2938//2938 2706//2706
f 2709//2709 2941//2941 2706//2706
f 2933//2933 2942//2942 2932//2932
f 2696//2696 2932//2932 2942//2942
f 2943//2943 2696//2696 2942//2942
f 2710//2710 2696//2696 2943//2943
f 2711//2711 2935//2935 2700//2700
f 2935//2935 2711//2711 2712//2712
f 2935//2935 2712//2712 2936//2936
f 2936//2936 2712//2712 2702//2702
f 2714//2714 2944//2944 2715//2715
f 2715//2715 2944//2944 2945//2945
f 2946//2946 2715//2715 2945//2945
f 2716//2716 2715//2715 2946//2946
f 2716//2716 2947//2947 2717//2717
f 2946//2946 2947//2947 2716//2716
f 2717//2717 2948//2948 2718//2718
f 2947//2947 2948//2948 2717//2717
f 2718//2718 2949//2949 2719//2719
f 2948//2948 2949//2949 2718//2718
f 2719//2719 2950//2950 2720//2720
f 2949//2949 2950//2950 2719//2719
f 2720//2720 2951//2951 2722//2722
f 2950//2950 2951//2951 2720//2720
f 2722//2722 2952//2952 2724//2724
f 2951//2951 2952//2952 2722//2722
f 2954//2954 2953//2953 2725//2725
f 2724//2724 2954//2954 2725//2725
f 2952//2952 2954//2954 2724//2724
f 2727//2727 2728//2728 2953//2953
f 2954//2954 2727//2727 2953//2953
f 2955//2955 2727//2727 2954//2954
f 2939//2939 2705//2705 2729//2729
f 2727//2727 2956//2956 2730//2730
f 2956//2956 2727//2727 2957//2957
f 2955//2955 2957//2957 2727//2727
f 2956//2956 2957//2957 2958//2958
f 2732//2732 2733//2733 2959//2959
f 2939//2939 2729//2729 2707//2707
f 2941//2941 2960//2960 2940//2940
f 2959//2959 2734//2734 2732//2732
f 2735//2735 2941//2941 2709//2709
f 2941//2941 2735//2735 2960//2960
f 2961//2961 2960//2960 2735//2735
f 2735//2735 2736//2736 2961//2961
f 2961//2961 2736//2736 2962//2962
f 2943//2943 2738//2738 2710//2710
f 2963//2963 2738//2738 2943//2943
f 2739//2739 2964//2964 2944//2944
f 2739//2739 2944//2944 2714//2714
f 2945//2945 2944//2944 2965//2965
f 2965//2965 2944//2944 2964//2964
f 2953//2953 2740//2740 2725//2725
f 2740//2740 2953//2953 2728//2728
f 2956//2956 2741//2741 2730//2730
f 2956//2956 2958//2958 2959//2959
f 2966//2966 2959//2959 2958//2958
f 2959//2959 2966//2966 2967//2967
f 2959//2959 2967//2967 2743//2743
f 2744//2744 2743//2743 2967//2967
f 2743//2743 2744//2744 2733//2733
f 2741//2741 2733//2733 2744//2744
f 2733//2733 2741//2741 2956//2956
f 2733//2733 2956//2956 2959//2959
f 2743//2743 2734//2734 2959//2959
f 2745//2745 2967//2967 2747//2747
f 2966//2966 2747//2747 2967//2967
f 2747//2747 2966//2966 2968//2968
f 2736//2736 2747//2747 2962//2962
f 2962//2962 2747//2747 2968//2968
f 2971//2971 2970//2970 2969//2969
f 2963//2963 2971//2971 2969//2969
f 2749//2749 2963//2963 2969//2969
f 2738//2738 2963//2963 2749//2749
f 2751//2751 2964//2964 2739//2739
f 2751//2751 2752//2752 2964//2964
f 2752//2752 2965//2965 2964//2964
f 2752//2752 2972//2972 2965//2965
f 2967//2967 2753//2753 2744//2744
f 2753//2753 2967//2967 2745//2745
f 2970//2970 2973//2973 2969//2969
f 2973//2973 2975//2975 2974//2974
f 2973//2973 2974//2974 2754//2754
f 2969//2969 2973//2973 2754//2754
f 2749//2749 2969//2969 2754//2754
f 2974//2974 2756//2756 2754//2754
f 2759//2759 2972//2972 2752//2752
f 2759//2759 2976//2976 2972//2972
f 2975//2975 2977//2977 2974//2974
f 2756//2756 2974//2974 2977//2977
f 2978//2978 2756//2756 2977//2977
f 2760//2760 2756//2756 2978//2978
f 2762//2762 2979//2979 2761//2761
f 2979//2979 2980//2980 2761//2761
f 2980//2980 2759//2759 2761//2761
f 2980//2980 2976//2976 2759//2759
f 2981//2981 2763//2763 2764//2764
f 2982//2982 2981//2981 2764//2764
f 2760//2760 2982//2982 2764//2764
f 2978//2978 2982//2982 2760//2760
f 2765//2765 2979//2979 2762//2762
f 2765//2765 2767//2767 2979//2979
f 2767//2767 2980//2980 2979//2979
f 2767//2767 2983//2983 2980//2980
f 2981//2981 2768//2768 2763//2763
f 2770//2770 2768//2768 2981//2981
f 2982//2982 2770//2770 2981//2981
f 2984//2984 2770//2770 2982//2982
f 2772//2772 2983//2983 2767//2767
f 2772//2772 2985//2985 2983//2983
f 2984//2984 2774//2774 2770//2770
f 2986//2986 2774//2774 2984//2984
f 2987//2987 2985//2985 2772//2772
f 2987//2987 2772//2772 2775//2775
f 2775//2775 2776//2776 2987//2987
f 2987//2987 2776//2776 2988//2988
f 2986//2986 2989//2989 2774//2774
f 2774//2774 2989//2989 2778//2778
f 2989//2989 2991//2991 2990//2990
f 2781//2781 2989//2989 2990//2990
f 2778//2778 2989//2989 2781//2781
f 2990//2990 2782//2782 2781//2781
f 2783//2783 2988//2988 2776//2776
f 2783//2783 2992//2992 2988//2988
f 2991//2991 2993//2993 2990//2990
f 2786//2786 2782//2782 2990//2990
f 2994//2994 2786//2786 2990//2990
f 2993//2993 2994//2994 2990//2990
f 2786//2786 2994//2994 2995//2995
f 2997//2997 2996//2996 2995//2995
f 2997//2997 2995//2995 2994//2994
f 2999//2999 2998//2998 2996//2996
f 2999//2999 2996//2996 2997//2997
f 3000//3000 2998//2998 2999//2999
f 2789//2789 2992//2992 2783//2783
f 2789//2789 3001//3001 2992//2992
f 2995//2995 2791//2791 2786//2786
f 2791//2791 2995//2995 2792//2792
f 2995//2995 3002//3002 2792//2792
f 2995//2995 2996//2996 3002//3002
f 3003//3003 2996//2996 2998//2998
f 3002//3002 2996//2996 3003//3003
f 2998//2998 3000//3000 3004//3004
f 2998//2998 3004//3004 3003//3003
f 2795//2795 3005//3005 2796//2796
f 3005//3005 3006//3006 2796//2796
f 3006//3006 2789//2789 2796//2796
f 3006//3006 3001//3001 2789//2789
f 3002//3002 2798//2798 2792//2792
f 2798//2798 3002//3002 2799//2799
f 3002//3002 3007//3007 2799//2799
f 3002//3002 3003//3003 3007//3007
f 3003//3003 3004//3004 3008//3008
f 3003//3003 3008//3008 3007//3007
f 3010//3010 3009//3009 2801//2801
f 3010//3010 2801//2801 2802//2802
f 2804//2804 2801//2801 3009//3009
f 2804//2804 3009//3009 3011//3011
f 3013//3013 3012//3012 3005//3005
f 2795//2795 3013//3013 3005//3005
f 2807//2807 3013//3013 2795//2795
f 3005//3005 3012//3012 3006//3006
f 3014//3014 2808//2808 3007//3007
f 3007//3007 2808//2808 2799//2799
f 3007//3007 3008//3008 3015//3015
f 3007//3007 3015//3015 3014//3014
f 3018//3018 3017//3017 3016//3016
f 3017//3017 3010//3010 3016//3016
f 3010//3010 2810//2810 3016//3016
f 3010//3010 2802//2802 2810//2810
f 2811//2811 2804//2804 3019//3019
f 2804//2804 3020//3020 3019//3019
f 2804//2804 3011//3011 3020//3020
f 3021//3021 2814//2814 2811//2811
f 3021//3021 2811//2811 3019//3019
f 3022//3022 2815//2815 2814//2814
f 3022//3022 2814//2814 3021//3021
f 3022//3022 3023//3023 2815//2815
f 3023//3023 2807//2807 2815//2815
f 3023//3023 3013//3013 2807//2807
f 3014//3014 2816//2816 2808//2808
f 2818//2818 2816//2816 3014//3014
f 3015//3015 2818//2818 3014//3014
f 3024//3024 2818//2818 3015//3015
f 3018//3018 3016//3016 3025//3025
f 3018//3018 3025//3025 3026//3026
f 2819//2819 3027//3027 2810//2810
f 3027//3027 3016//3016 2810//2810
f 3027//3027 3025//3025 3016//3016
f 3020//3020 3028//3028 3019//3019
f 3027//3027 2819//2819 2820//2820
f 3019//3019 3028//3028 3021//3021
f 3021//3021 3028//3028 3029//3029
f 3021//3021 3029//3029 3022//3022
f 3022//3022 3029//3029 3030//3030
f 3022//3022 3030//3030 3023//3023
f 3033//3033 3032//3032 3031//3031
f 3031//3031 3034//3034 3033//3033
f 3036//3036 2823//2823 3035//3035
f 2823//2823 3024//3024 3035//3035
f 2823//2823 2818//2818 3024//3024
f 3037//3037 3036//3036 3035//3035
f 3026//3026 3025//3025 3038//3038
f 3026//3026 3038//3038 3039//3039
f 3040//3040 3025//3025 3027//3027
f 3038//3038 3025//3025 3040//3040
f 2824//2824 3041//3041 2820//2820
f 3041//3041 3027//3027 2820//2820
f 3041//3041 3040//3040 3027//3027
f 2825//2825 3041//3041 2824//2824
f 3031//3031 3032//3032 3042//3042
f 3042//3042 3032//3032 3043//3043
f 3034//3034 3031//3031 3044//3044
f 3031//3031 3045//3045 3044//3044
f 3031//3031 3042//3042 3045//3045
f 3045//3045 3046//3046 3044//3044
f 3036//3036 2826//2826 2823//2823
f 3037//3037 3047//3047 3036//3036
f 3047//3047 2826//2826 3036//3036
f 3047//3047 2828//2828 2826//2826
f 3049//3049 3048//3048 2829//2829
f 2828//2828 3049//3049 2829//2829
f 3047//3047 3049//3049 2828//2828
f 3051//3051 3050//3050 3048//3048
f 3051//3051 3048//3048 3049//3049
f 3053//3053 3052//3052 3050//3050
f 3053//3053 3050//3050 3051//3051
f 3055//3055 3054//3054 3052//3052
f 3055//3055 3052//3052 3053//3053
f 3057//3057 3056//3056 3054//3054
f 3057//3057 3054//3054 3055//3055
f 3056//3056 3057//3057 3039//3039
f 3038//3038 3056//3056 3039//3039
f 3058//3058 3056//3056 3038//3038
f 3059//3059 3038//3038 3040//3040
f 3058//3058 3038//3038 3059//3059
f 2831//2831 3059//3059 2832//2832
f 3059//3059 3041//3041 2832//2832
f 3059//3059 3040//3040 3041//3041
f 2832//2832 3041//3041 2825//2825
f 3043//3043 3060//3060 3042//3042
f 3042//3042 3060//3060 3045//3045
f 3045//3045 3060//3060 3061//3061
f 3045//3045 3061//3061 3046//3046
f 3048//3048 2833//2833 2829//2829
f 2833//2833 3048//3048 2834//2834
f 2834//2834 3048//3048 3050//3050
f 2834//2834 3050//3050 2835//2835
f 2835//2835 3050//3050 3052//3052
f 2835//2835 3052//3052 2836//2836
f 2836//2836 3052//3052 3054//3054
f 2836//2836 3054//3054 2837//2837
f 2837//2837 3054//3054 3056//3056
f 2837//2837 3056//3056 2838//2838
f 2838//2838 3056//3056 3058//3058
f 2838//2838 3058//3058 2839//2839
f 2839//2839 3058//3058 3059//3059
f 2839//2839 3059//3059 2831//2831
f 3062//3062 2841//2841 2842//2842
f 2843//2843 3063//3063 2842//2842
f 2842//2842 3063//3063 3062//3062
f 2845//2845 3064//3064 2843//2843
f 2843//2843 3064//3064 3063//3063
f 2846//2846 3065//3065 2845//2845
f 2845//2845 3065//3065 3064//3064
f 2848//2848 3065//3065 2846//2846
f 3067//3067 3066//3066 3062//3062
f 3066//3066 2841//2841 3062//3062
f 3066//3066 2850//2850 2841//2841
f 3069//3069 3068//3068 3067//3067
f 3062//3062 3069//3069 3067//3067
f 3063//3063 3069//3069 3062//3062
f 3070//3070 3063//3063 3064//3064
f 3069//3069 3063//3063 3070//3070
f 3071//3071 3064//3064 3065//3065
f 3070//3070 3064//3064 3071//3071
f 2852//2852 3072//3072 2848//2848
f 3072//3072 3065//3065 2848//2848
f 3072//3072 3071//3071 3065//3065
f 2853//2853 3073//3073 2852//2852
f 2852//2852 3073//3073 3072//3072
f 2855//2855 3073//3073 2853//2853
f 2856//2856 2850//2850 3074//3074
f 2850//2850 3075//3075 3074//3074
f 2850//2850 3066//3066 3075//3075
f 3069//3069 3076//3076 3068//3068
f 2858//2858 2856//2856 3074//3074
f 3076//3076 3069//3069 3070//3070
f 3076//3076 3070//3070 3077//3077
f 3079//3079 3078//3078 3077//3077
f 3070//3070 3079//3079 3077//3077
f 3071//3071 3079//3079 3070//3070
f 3080//3080 3071//3071 3072//3072
f 3079//3079 3071//3071 3080//3080
f 3081//3081 3072//3072 3073//3073
f 3080//3080 3072//3072 3081//3081
f 2860//2860 3081//3081 2855//2855
f 2855//2855 3081//3081 3073//3073
f 3075//3075 3082//3082 3074//3074
f 2863//2863 2858//2858 3074//3074
f 3083//3083 2863//2863 3074//3074
f 3082//3082 3083//3083 3074//3074
f 2863//2863 3083//3083 3084//3084
f 3086//3086 3085//3085 3084//3084
f 3086//3086 3084//3084 3083//3083
f 3085//3085 3086//3086 3078//3078
f 3079//3079 3085//3085 3078//3078
f 3087//3087 3085//3085 3079//3079
f 2866//2866 3087//3087 2865//2865
f 3087//3087 3080//3080 2865//2865
f 3087//3087 3079//3079 3080//3080
f 2865//2865 3080//3080 2868//2868
f 2868//2868 3080//3080 3081//3081
f 2868//2868 3081//3081 2860//2860
f 3084//3084 2870//2870 2863//2863
f 2870//2870 3084//3084 2871//2871
f 2871//2871 3084//3084 3085//3085
f 2871//2871 3085//3085 2872//2872
f 2872//2872 3085//3085 3087//3087
f 2872//2872 3087//3087 2866//2866
f 3088//3088 2880//2880 2881//2881
f 2882//2882 3089//3089 2881//2881
f 2881//2881 3089//3089 3088//3088
f 2883//2883 3090//3090 2882//2882
f 2882//2882 3090//3090 3089//3089
f 2884//2884 3091//3091 2883//2883
f 2883//2883 3091//3091 3090//3090
f 2885//2885 3092//3092 2884//2884
f 2884//2884 3092//3092 3091//3091
f 2886//2886 3093//3093 2885//2885
f 2885//2885 3093//3093 3092//3092
f 2887//2887 3094//3094 2886//2886
f 2886//2886 3094//3094 3093//3093
f 2888//2888 3095//3095 2887//2887
f 2887//2887 3095//3095 3094//3094
f 2889//2889 3096//3096 2888//2888
f 2888//2888 3096//3096 3095//3095
f 2890//2890 3097//3097 2889//2889
f 2889//2889 3097//3097 3096//3096
f 2892//2892 3097//3097 2890//2890
f 3099//3099 3098//3098 2896//2896
f 2896//2896 3098//3098 2895//2895
f 3100//3100 2896//2896 2897//2897
f 3100//3100 3099//3099 2896//2896
f 2897//2897 2880//2880 3088//3088
f 3101//3101 2897//2897 3088//3088
f 3100//3100 2897//2897 3101//3101
f 3101//3101 3088//3088 3089//3089
f 3101//3101 3089//3089 3102//3102
f 3102//3102 3089//3089 3090//3090
f 3102//3102 3090//3090 3103//3103
f 3103//3103 3090//3090 3091//3091
f 3103//3103 3091//3091 3104//3104
f 3104//3104 3091//3091 3092//3092
f 3104//3104 3092//3092 3105//3105
f 3105//3105 3092//3092 3093//3093
f 3105//3105 3093//3093 3106//3106
f 3106//3106 3093//3093 3094//3094
f 3106//3106 3094//3094 3107//3107
f 3107//3107 3094//3094 3095//3095
f 3107//3107 3095//3095 3108//3108
f 3108//3108 3095//3095 3096//3096
f 3108//3108 3096//3096 3109//3109
f 3109//3109 3096//3096 3097//3097
f 3109//3109 3097//3097 3110//3110
f 3110//3110 3097//3097 2892//2892
f 2898//2898 3110//3110 2892//2892
f 3111//3111 3110//3110 2898//2898
f 3113//3113 3111//3111 3112//3112
f 3111//3111 2899//2899 3112//3112
f 3111//3111 2898//2898 2899//2899
f 2901//2901 3112//3112 2899//2899
f 3116//3116 3115//3115 3114//3114
f 3098//3098 3116//3116 3114//3114
f 2903//2903 3098//3098 3114//3114
f 2895//2895 3098//3098 2903//2903
f 3117//3117 3113//3113 3112//3112
f 3117//3117 3112//3112 2901//2901
f 2905//2905 3117//3117 2901//2901
f 3118//3118 3117//3117 2905//2905
f 3119//3119 2905//2905 2906//2906
f 3119//3119 3118//3118 2905//2905
f 3121//3121 3119//3119 3120//3120
f 3119//3119 2907//2907 3120//3120
f 3119//3119 2906//2906 2907//2907
f 2908//2908 3120//3120 2907//2907
f 3114//3114 3115//3115 3122//3122
f 3122//3122 3115//3115 3123//3123
f 3124//3124 2909//2909 2903//2903
f 3114//3114 3124//3124 2903//2903
f 3122//3122 3124//3124 3114//3114
f 3124//3124 2910//2910 2909//2909
f 3125//3125 3121//3121 3120//3120
f 3125//3125 3120//3120 2908//2908
f 2911//2911 3125//3125 2908//2908
f 3126//3126 3125//3125 2911//2911
f 3127//3127 2911//2911 2912//2912
f 3127//3127 3126//3126 2911//2911
f 2912//2912 2913//2913 3127//3127
f 3127//3127 2913//2913 3128//3128
f 3129//3129 2915//2915 2916//2916
f 3129//3129 2916//2916 3130//3130
f 2916//2916 3131//3131 3130//3130
f 2916//2916 2917//2917 3131//3131
f 3133//3133 3132//3132 2919//2919
f 3132//3132 2917//2917 2919//2919
f 3132//3132 3131//3131 2917//2917
f 3132//3132 3133//3133 3123//3123
f 3123//3123 3133//3133 3122//3122
f 3133//3133 2921//2921 3122//3122
f 2921//2921 2922//2922 3122//3122
f 3122//3122 2922//2922 2923//2923
f 3122//3122 2923//2923 3124//3124
f 3124//3124 2923//2923 2910//2910
f 3134//3134 3128//3128 2913//2913
f 3134//3134 2913//2913 2924//2924
f 2924//2924 2925//2925 3134//3134
f 3134//3134 2925//2925 3135//3135
f 3137//3137 3136//3136 2928//2928
f 2928//2928 3136//3136 2927//2927
f 2928//2928 2915//2915 3129//3129
f 3138//3138 2928//2928 3129//3129
f 3137//3137 2928//2928 3138//3138
f 3138//3138 3129//3129 3130//3130
f 2929//2929 3133//3133 2919//2919
f 3133//3133 2929//2929 2921//2921
f 3139//3139 3135//3135 2925//2925
f 3139//3139 2925//2925 2930//2930
f 3141//3141 3140//3140 2931//2931
f 3140//3140 2930//2930 2931//2931
f 3140//3140 3139//3139 2930//2930
f 3141//3141 3142//3142 3140//3140
f 3143//3143 2933//2933 2934//2934
f 3144//3144 3143//3143 2934//2934
f 2927//2927 3144//3144 2934//2934
f 3136//3136 3144//3144 2927//2927
f 3147//3147 3146//3146 3145//3145
f 3149//3149 3148//3148 3145//3145
f 3149//3149 3145//3145 3146//3146
f 3151//3151 3150//3150 3148//3148
f 3151//3151 3148//3148 3149//3149
f 3152//3152 3150//3150 3151//3151
f 3155//3155 3154//3154 3153//3153
f 3156//3156 3153//3153 3154//3154
f 3159//3159 3158//3158 3157//3157
f 2931//2931 2937//2937 3141//3141
f 3157//3157 3158//3158 3160//3160
f 2937//2937 2938//2938 3141//3141
f 2938//2938 3161//3161 3141//3141
f 3161//3161 3142//3142 3141//3141
f 2938//2938 3162//3162 3161//3161
f 2940//2940 3162//3162 2938//2938
f 3143//3143 2942//2942 2933//2933
f 2943//2943 2942//2942 3143//3143
f 3144//3144 2943//2943 3143//3143
f 3163//3163 2943//2943 3144//3144
f 3166//3166 3165//3165 3164//3164
f 2946//2946 2945//2945 3164//3164
f 3165//3165 2946//2946 3164//3164
f 3167//3167 2946//2946 3165//3165
f 3145//3145 2947//2947 3147//3147
f 2947//2947 3167//3167 3147//3147
f 2947//2947 2946//2946 3167//3167
f 2947//2947 3145//3145 2948//2948
f 2948//2948 3145//3145 3148//3148
f 2948//2948 3148//3148 2949//2949
f 2949//2949 3148//3148 3150//3150
f 3152//3152 3168//3168 3150//3150
f 3168//3168 2949//2949 3150//3150
f 3168//3168 2950//2950 2949//2949
f 3153//3153 2951//2951 3155//3155
f 2951//2951 3168//3168 3155//3155
f 2951//2951 2950//2950 3168//3168
f 3156//3156 3169//3169 3153//3153
f 3169//3169 2951//2951 3153//3153
f 3169//3169 2952//2952 2951//2951
f 3157//3157 2954//2954 3159//3159
f 2954//2954 3169//3169 3159//3159
f 2954//2954 2952//2952 3169//3169
f 3160//3160 3170//3170 3157//3157
f 3170//3170 2954//2954 3157//3157
f 3170//3170 2955//2955 2954//2954
f 3162//3162 2957//2957 3161//3161
f 2957//2957 3170//3170 3161//3161
f 2957//2957 2955//2955 3170//3170
f 2958//2958 2957//2957 3171//3171
f 2957//2957 3162//3162 3171//3171
f 2940//2940 2960//2960 3171//3171
f 2940//2940 3171//3171 3162//3162
f 2961//2961 3172//3172 2960//2960
f 2960//2960 3172//3172 3171//3171
f 2962//2962 3172//3172 2961//2961
f 3163//3163 2963//2963 2943//2943
f 3173//3173 2963//2963 3163//3163
f 3174//3174 3166//3166 3164//3164
f 3164//3164 2945//2945 3174//3174
f 2945//2945 3175//3175 3174//3174
f 2945//2945 2965//2965 3175//3175
f 3171//3171 2966//2966 2958//2958
f 2966//2966 3171//3171 2968//2968
f 2968//2968 3171//3171 3172//3172
f 2968//2968 3172//3172 2962//2962
f 3176//3176 2970//2970 2971//2971
f 3177//3177 3176//3176 2971//2971
f 2963//2963 3177//3177 2971//2971
f 3173//3173 3177//3177 2963//2963
f 2972//2972 3179//3179 3178//3178
f 3175//3175 2972//2972 3178//3178
f 2965//2965 2972//2972 3175//3175
f 3179//3179 3180//3180 3178//3178
f 3176//3176 2973//2973 2970//2970
f 2975//2975 2973//2973 3176//3176
f 3177//3177 2975//2975 3176//3176
f 3181//3181 2975//2975 3177//3177
f 2976//2976 3182//3182 3179//3179
f 2976//2976 3179//3179 2972//2972
f 3180//3180 3179//3179 3183//3183
f 3183//3183 3179//3179 3182//3182
f 2977//2977 2975//2975 3184//3184
f 2975//2975 3185//3185 3184//3184
f 2975//2975 3181//3181 3185//3185
f 3184//3184 2978//2978 2977//2977
f 3187//3187 3186//3186 3182//3182
f 2976//2976 3187//3187 3182//3182
f 2980//2980 3187//3187 2976//2976
f 3182//3182 3186//3186 3183//3183
f 3185//3185 3188//3188 3184//3184
f 2978//2978 3184//3184 3188//3188
f 3189//3189 2978//2978 3188//3188
f 2982//2982 2978//2978 3189//3189
f 2983//2983 3187//3187 2980//2980
f 2983//2983 3190//3190 3187//3187
f 3189//3189 2984//2984 2982//2982
f 3191//3191 2984//2984 3189//3189
f 2985//2985 3193//3193 3192//3192
f 3190//3190 2985//2985 3192//3192
f 2983//2983 2985//2985 3190//3190
f 3193//3193 3194//3194 3192//3192
f 3191//3191 2986//2986 2984//2984
f 3195//3195 2986//2986 3191//3191
f 2987//2987 3193//3193 2985//2985
f 2987//2987 2988//2988 3193//3193
f 2988//2988 3194//3194 3193//3193
f 2988//2988 3196//3196 3194//3194
f 3195//3195 3197//3197 2986//2986
f 2986//2986 3197//3197 2989//2989
f 2991//2991 2989//2989 3197//3197
f 2991//2991 3197//3197 3198//3198
f 2992//2992 3196//3196 2988//2988
f 2992//2992 3199//3199 3196//3196
f 3198//3198 3200//3200 2991//2991
f 2991//2991 3200//3200 2993//2993
f 2993//2993 3201//3201 2994//2994
f 3200//3200 3201//3201 2993//2993
f 2994//2994 3202//3202 2997//2997
f 3201//3201 3202//3202 2994//2994
f 3202//3202 3204//3204 3203//3203
f 2999//2999 3202//3202 3203//3203
f 2997//2997 3202//3202 2999//2999
f 3203//3203 3000//3000 2999//2999
f 3001//3001 3199//3199 2992//2992
f 3001//3001 3205//3205 3199//3199
f 3204//3204 3206//3206 3203//3203
f 3004//3004 3000//3000 3203//3203
f 3207//3207 3004//3004 3203//3203
f 3206//3206 3207//3207 3203//3203
f 3004//3004 3207//3207 3208//3208
f 3209//3209 3208//3208 3207//3207
f 3212//3212 3211//3211 3210//3210
f 3214//3214 3213//3213 3210//3210
f 3214//3214 3210//3210 3211//3211
f 3216//3216 3215//3215 3213//3213
f 3216//3216 3213//3213 3214//3214
f 3217//3217 3215//3215 3216//3216
f 3220//3220 3219//3219 3218//3218
f 3219//3219 3205//3205 3218//3218
f 3205//3205 3006//3006 3218//3218
f 3205//3205 3001//3001 3006//3006
f 3221//3221 3008//3008 3208//3208
f 3208//3208 3008//3008 3004//3004
f 3208//3208 3209//3209 3222//3222
f 3208//3208 3222//3222 3221//3221
f 3223//3223 3212//3212 3210//3210
f 3010//3010 3224//3224 3009//3009
f 3224//3224 3210//3210 3009//3009
f 3210//3210 3213//3213 3009//3009
f 3224//3224 3223//3223 3210//3210
f 3009//3009 3213//3213 3011//3011
f 3213//3213 3225//3225 3011//3011
f 3213//3213 3215//3215 3225//3225
f 3215//3215 3217//3217 3226//3226
f 3227//3227 3215//3215 3226//3226
f 3225//3225 3215//3215 3227//3227
f 3229//3229 3228//3228 3227//3227
f 3229//3229 3227//3227 3226//3226
f 3228//3228 3229//3229 3220//3220
f 3228//3228 3220//3220 3218//3218
f 3013//3013 3228//3228 3218//3218
f 3012//3012 3013//3013 3218//3218
f 3012//3012 3218//3218 3006//3006
f 3231//3231 3230//3230 3221//3221
f 3230//3230 3008//3008 3221//3221
f 3230//3230 3015//3015 3008//3008
f 3231//3231 3221//3221 3222//3222
f 3233//3233 3232//3232 3017//3017
f 3233//3233 3017//3017 3018//3018
f 3010//3010 3017//3017 3224//3224
f 3224//3224 3017//3017 3232//3232
f 3234//3234 3020//3020 3225//3225
f 3225//3225 3020//3020 3011//3011
f 3235//3235 3225//3225 3227//3227
f 3234//3234 3225//3225 3235//3235
f 3236//3236 3227//3227 3228//3228
f 3235//3235 3227//3227 3236//3236
f 3023//3023 3236//3236 3013//3013
f 3013//3013 3236//3236 3228//3228
f 3238//3238 3024//3024 3237//3237
f 3024//3024 3230//3230 3237//3237
f 3024//3024 3015//3015 3230//3230
f 3240//3240 3239//3239 3238//3238
f 3240//3240 3238//3238 3237//3237
f 3241//3241 3239//3239 3240//3240
f 3244//3244 3243//3243 3242//3242
f 3243//3243 3233//3233 3242//3242
f 3233//3233 3026//3026 3242//3242
f 3233//3233 3018//3018 3026//3026
f 3234//3234 3028//3028 3020//3020
f 3028//3028 3234//3234 3029//3029
f 3029//3029 3234//3234 3235//3235
f 3029//3029 3235//3235 3030//3030
f 3030//3030 3235//3235 3236//3236
f 3030//3030 3236//3236 3023//3023
f 3247//3247 3246//3246 3245//3245
f 3032//3032 3033//3033 3245//3245
f 3033//3033 3247//3247 3245//3245
f 3033//3033 3248//3248 3247//3247
f 3033//3033 3034//3034 3248//3248
f 3248//3248 3034//3034 3249//3249
f 3238//3238 3035//3035 3024//3024
f 3035//3035 3238//3238 3037//3037
f 3238//3238 3250//3250 3037//3037
f 3238//3238 3239//3239 3250//3250
f 3239//3239 3241//3241 3251//3251
f 3252//3252 3239//3239 3251//3251
f 3250//3250 3239//3239 3252//3252
f 3254//3254 3253//3253 3252//3252
f 3254//3254 3252//3252 3251//3251
f 3256//3256 3255//3255 3253//3253
f 3256//3256 3253//3253 3254//3254
f 3258//3258 3257//3257 3255//3255
f 3258//3258 3255//3255 3256//3256
f 3257//3257 3258//3258 3244//3244
f 3242//3242 3257//3257 3244//3244
f 3259//3259 3257//3257 3242//3242
f 3039//3039 3259//3259 3026//3026
f 3026//3026 3259//3259 3242//3242
f 3245//3245 3246//3246 3260//3260
f 3260//3260 3246//3246 3261//3261
f 3260//3260 3043//3043 3032//3032
f 3260//3260 3032//3032 3245//3245
f 3034//3034 3044//3044 3262//3262
f 3263//3263 3034//3034 3262//3262
f 3249//3249 3034//3034 3263//3263
f 3046//3046 3262//3262 3044//3044
f 3250//3250 3047//3047 3037//3037
f 3047//3047 3250//3250 3049//3049
f 3049//3049 3250//3250 3252//3252
f 3049//3049 3252//3252 3051//3051
f 3051//3051 3252//3252 3253//3253
f 3051//3051 3253//3253 3053//3053
f 3053//3053 3253//3253 3255//3255
f 3053//3053 3255//3255 3055//3055
f 3055//3055 3255//3255 3257//3257
f 3055//3055 3257//3257 3057//3057
f 3057//3057 3257//3257 3259//3259
f 3057//3057 3259//3259 3039//3039
f 3260//3260 3261//3261 3264//3264
f 3264//3264 3261//3261 3265//3265
f 3266//3266 3060//3060 3043//3043
f 3260//3260 3266//3266 3043//3043
f 3264//3264 3266//3266 3260//3260
f 3060//3060 3267//3267 3061//3061
f 3060//3060 3262//3262 3267//3267
f 3262//3262 3060//3060 3263//3263
f 3266//3266 3263//3263 3060//3060
f 3263//3263 3266//3266 3268//3268
f 3267//3267 3268//3268 3266//3266
f 3266//3266 3269//3269 3267//3267
f 3267//3267 3269//3269 3061//3061
f 3262//3262 3268//3268 3267//3267
f 3268//3268 3262//3262 3270//3270
f 3262//3262 3046//3046 3270//3270
f 3061//3061 3269//3269 3270//3270
f 3061//3061 3270//3270 3046//3046
f 3265//3265 3271//3271 3264//3264
f 3264//3264 3271//3271 3266//3266
f 3266//3266 3271//3271 3272//3272
f 3266//3266 3272//3272 3269//3269
f 3269//3269 3272//3272 3273//3273
f 3269//3269 3273//3273 3270//3270
f 3274//3274 3066//3066 3067//3067
f 3068//3068 3274//3274 3067//3067
f 3275//3275 3075//3075 3274//3274
f 3274//3274 3075//3075 3066//3066
f 3076//3076 3276//3276 3068//3068
f 3276//3276 3274//3274 3068//3068
f 3276//3276 3275//3275 3274//3274
f 3077//3077 3277//3277 3076//3076
f 3076//3076 3277//3277 3276//3276
f 3078//3078 3277//3277 3077//3077
f 3275//3275 3082//3082 3075//3075
f 3082//3082 3275//3275 3083//3083
f 3083//3083 3275//3275 3276//3276
f 3083//3083 3276//3276 3086//3086
f 3086//3086 3276//3276 3277//3277
f 3086//3086 3277//3277 3078//3078
f 3280//3280 3279//3279 3278//3278
f 3278//3278 3281//3281 3280//3280
f 3282//3282 3098//3098 3099//3099
f 3282//3282 3099//3099 3283//3283
f 3099//3099 3284//3284 3283//3283
f 3099//3099 3100//3100 3284//3284
f 3285//3285 3100//3100 3101//3101
f 3285//3285 3284//3284 3100//3100
f 3286//3286 3101//3101 3102//3102
f 3286//3286 3285//3285 3101//3101
f 3287//3287 3102//3102 3103//3103
f 3287//3287 3286//3286 3102//3102
f 3288//3288 3103//3103 3104//3104
f 3288//3288 3287//3287 3103//3103
f 3289//3289 3104//3104 3105//3105
f 3289//3289 3288//3288 3104//3104
f 3290//3290 3105//3105 3106//3106
f 3290//3290 3289//3289 3105//3105
f 3291//3291 3106//3106 3107//3107
f 3291//3291 3290//3290 3106//3106
f 3292//3292 3107//3107 3108//3108
f 3292//3292 3291//3291 3107//3107
f 3293//3293 3108//3108 3109//3109
f 3293//3293 3292//3292 3108//3108
f 3295//3295 3293//3293 3294//3294
f 3293//3293 3110//3110 3294//3294
f 3293//3293 3109//3109 3110//3110
f 3111//3111 3296//3296 3110//3110
f 3110//3110 3296//3296 3294//3294
f 3113//3113 3296//3296 3111//3111
f 3299//3299 3298//3298 3297//3297
f 3299//3299 3297//3297 3279//3279
f 3297//3297 3278//3278 3279//3279
f 3297//3297 3300//3300 3278//3278
f 3281//3281 3278//3278 3301//3301
f 3278//3278 3302//3302 3301//3301
f 3278//3278 3300//3300 3302//3302
f 3304//3304 3303//3303 3302//3302
f 3302//3302 3303//3303 3301//3301
f 3306//3306 3305//3305 3304//3304
f 3304//3304 3305//3305 3303//3303
f 3308//3308 3307//3307 3306//3306
f 3306//3306 3307//3307 3305//3305
f 3115//3115 3116//3116 3308//3308
f 3116//3116 3307//3307 3308//3308
f 3116//3116 3309//3309 3307//3307
f 3116//3116 3098//3098 3282//3282
f 3310//3310 3116//3116 3282//3282
f 3309//3309 3116//3116 3310//3310
f 3310//3310 3282//3282 3283//3283
f 3311//3311 3295//3295 3294//3294
f 3311//3311 3294//3294 3296//3296
f 3311//3311 3296//3296 3312//3312
f 3312//3312 3296//3296 3113//3113
f 3117//3117 3312//3312 3113//3113
f 3313//3313 3312//3312 3117//3117
f 3314//3314 3117//3117 3118//3118
f 3314//3314 3313//3313 3117//3117
f 3316//3316 3314//3314 3315//3315
f 3314//3314 3119//3119 3315//3315
f 3314//3314 3118//3118 3119//3119
f 3121//3121 3315//3315 3119//3119
f 3297//3297 3298//3298 3317//3317
f 3317//3317 3298//3298 3318//3318
f 3297//3297 3319//3319 3300//3300
f 3297//3297 3317//3317 3319//3319
f 3300//3300 3320//3320 3302//3302
f 3300//3300 3319//3319 3320//3320
f 3302//3302 3321//3321 3304//3304
f 3302//3302 3320//3320 3321//3321
f 3304//3304 3322//3322 3306//3306
f 3304//3304 3321//3321 3322//3322
f 3306//3306 3323//3323 3308//3308
f 3306//3306 3322//3322 3323//3323
f 3323//3323 3123//3123 3115//3115
f 3323//3323 3115//3115 3308//3308
f 3324//3324 3316//3316 3315//3315
f 3324//3324 3315//3315 3121//3121
f 3125//3125 3324//3324 3121//3121
f 3325//3325 3324//3324 3125//3125
f 3326//3326 3125//3125 3126//3126
f 3326//3326 3325//3325 3125//3125
f 3327//3327 3126//3126 3127//3127
f 3327//3327 3326//3326 3126//3126
f 3329//3329 3328//3328 3128//3128
f 3328//3328 3127//3127 3128//3128
f 3328//3328 3327//3327 3127//3127
f 3329//3329 3330//3330 3328//3328
f 3318//3318 3331//3331 3317//3317
f 3317//3317 3331//3331 3319//3319
f 3319//3319 3331//3331 3332//3332
f 3334//3334 3333//3333 3332//3332
f 3333//3333 3319//3319 3332//3332
f 3333//3333 3320//3320 3319//3319
f 3320//3320 3335//3335 3321//3321
f 3320//3320 3333//3333 3335//3335
f 3335//3335 3130//3130 3131//3131
f 3322//3322 3335//3335 3131//3131
f 3321//3321 3335//3335 3322//3322
f 3322//3322 3131//3131 3132//3132
f 3322//3322 3132//3132 3323//3323
f 3323//3323 3132//3132 3123//3123
f 3134//3134 3329//3329 3128//3128
f 3337//3337 3336//3336 3135//3135
f 3135//3135 3336//3336 3134//3134
f 3336//3336 3330//3330 3134//3134
f 3330//3330 3329//3329 3134//3134
f 3339//3339 3338//3338 3337//3337
f 3337//3337 3338//3338 3336//3336
f 3339//3339 3340//3340 3338//3338
f 3342//3342 3341//3341 3334//3334
f 3341//3341 3136//3136 3334//3334
f 3137//3137 3333//3333 3334//3334
f 3137//3137 3334//3334 3136//3136
f 3138//3138 3343//3343 3137//3137
f 3138//3138 3341//3341 3343//3343
f 3341//3341 3138//3138 3344//3344
f 3335//3335 3344//3344 3138//3138
f 3344//3344 3335//3335 3342//3342
f 3343//3343 3342//3342 3335//3335
f 3335//3335 3333//3333 3343//3343
f 3343//3343 3333//3333 3137//3137
f 3341//3341 3342//3342 3343//3343
f 3335//3335 3138//3138 3130//3130
f 3139//3139 3337//3337 3135//3135
f 3337//3337 3139//3139 3140//3140
f 3337//3337 3140//3140 3339//3339
f 3140//3140 3142//3142 3339//3339
f 3142//3142 3340//3340 3339//3339
f 3142//3142 3345//3345 3340//3340
f 3347//3347 3346//3346 3341//3341
f 3346//3346 3136//3136 3341//3341
f 3346//3346 3144//3144 3136//3136
f 3347//3347 3341//3341 3344//3344
f 3349//3349 3348//3348 3146//3146
f 3349//3349 3146//3146 3147//3147
f 3146//3146 3350//3350 3149//3149
f 3348//3348 3350//3350 3146//3146
f 3149//3149 3351//3351 3151//3151
f 3350//3350 3351//3351 3149//3149
f 3353//3353 3352//3352 3152//3152
f 3151//3151 3353//3353 3152//3152
f 3351//3351 3353//3353 3151//3151
f 3154//3154 3155//3155 3352//3352
f 3353//3353 3154//3154 3352//3352
f 3354//3354 3154//3154 3353//3353
f 3356//3356 3355//3355 3156//3156
f 3154//3154 3356//3356 3156//3156
f 3354//3354 3356//3356 3154//3154
f 3158//3158 3159//3159 3355//3355
f 3356//3356 3158//3158 3355//3355
f 3357//3357 3158//3158 3356//3356
f 3160//3160 3158//3158 3357//3357
f 3160//3160 3357//3357 3358//3358
f 3161//3161 3345//3345 3142//3142
f 3161//3161 3359//3359 3345//3345
f 3346//3346 3163//3163 3144//3144
f 3360//3360 3163//3163 3346//3346
f 3166//3166 3361//3361 3165//3165
f 3165//3165 3361//3361 3362//3362
f 3363//3363 3165//3165 3362//3362
f 3167//3167 3165//3165 3363//3363
f 3147//3147 3167//3167 3349//3349
f 3349//3349 3167//3167 3363//3363
f 3352//3352 3168//3168 3152//3152
f 3168//3168 3352//3352 3155//3155
f 3355//3355 3169//3169 3156//3156
f 3169//3169 3355//3355 3159//3159
f 3358//3358 3364//3364 3160//3160
f 3160//3160 3364//3364 3170//3170
f 3161//3161 3170//3170 3359//3359
f 3359//3359 3170//3170 3364//3364
f 3360//3360 3173//3173 3163//3163
f 3365//3365 3173//3173 3360//3360
f 3174//3174 3361//3361 3166//3166
f 3174//3174 3175//3175 3361//3361
f 3175//3175 3362//3362 3361//3361
f 3175//3175 3366//3366 3362//3362
f 3368//3368 3177//3177 3367//3367
f 3177//3177 3365//3365 3367//3367
f 3177//3177 3173//3173 3365//3365
f 3369//3369 3368//3368 3367//3367
f 3370//3370 3366//3366 3175//3175
f 3370//3370 3175//3175 3178//3178
f 3178//3178 3180//3180 3370//3370
f 3370//3370 3180//3180 3371//3371
f 3372//3372 3181//3181 3368//3368
f 3368//3368 3181//3181 3177//3177
f 3368//3368 3369//3369 3373//3373
f 3368//3368 3373//3373 3372//3372
f 3183//3183 3371//3371 3180//3180
f 3183//3183 3374//3374 3371//3371
f 3375//3375 3185//3185 3372//3372
f 3372//3372 3185//3185 3181//3181
f 3372//3372 3373//3373 3376//3376
f 3372//3372 3376//3376 3375//3375
f 3187//3187 3377//3377 3186//3186
f 3377//3377 3378//3378 3186//3186
f 3378//3378 3183//3183 3186//3186
f 3378//3378 3374//3374 3183//3183
f 3375//3375 3188//3188 3185//3185
f 3380//3380 3379//3379 3189//3189
f 3380//3380 3189//3189 3188//3188
f 3376//3376 3380//3380 3188//3188
f 3375//3375 3376//3376 3188//3188
f 3381//3381 3379//3379 3380//3380
f 3383//3383 3382//3382 3377//3377
f 3187//3187 3383//3383 3377//3377
f 3190//3190 3383//3383 3187//3187
f 3377//3377 3382//3382 3378//3378
f 3384//3384 3191//3191 3379//3379
f 3379//3379 3191//3191 3189//3189
f 3379//3379 3381//3381 3385//3385
f 3379//3379 3385//3385 3384//3384
f 3190//3190 3192//3192 3386//3386
f 3387//3387 3190//3190 3386//3386
f 3383//3383 3190//3190 3387//3387
f 3194//3194 3386//3386 3192//3192
f 3388//3388 3195//3195 3384//3384
f 3384//3384 3195//3195 3191//3191
f 3384//3384 3385//3385 3389//3389
f 3390//3390 3384//3384 3389//3389
f 3388//3388 3384//3384 3390//3390
f 3391//3391 3390//3390 3389//3389
f 3392//3392 3387//3387 3386//3386
f 3386//3386 3194//3194 3392//3392
f 3194//3194 3393//3393 3392//3392
f 3194//3194 3196//3196 3393//3393
f 3388//3388 3197//3197 3195//3195
f 3197//3197 3388//3388 3198//3198
f 3388//3388 3394//3394 3198//3198
f 3388//3388 3390//3390 3394//3394
f 3390//3390 3391//3391 3395//3395
f 3396//3396 3390//3390 3395//3395
f 3394//3394 3390//3390 3396//3396
f 3398//3398 3397//3397 3396//3396
f 3398//3398 3396//3396 3395//3395
f 3400//3400 3399//3399 3397//3397
f 3400//3400 3397//3397 3398//3398
f 3401//3401 3399//3399 3400//3400
f 3404//3404 3403//3403 3402//3402
f 3403//3403 3393//3393 3402//3402
f 3393//3393 3199//3199 3402//3402
f 3393//3393 3196//3196 3199//3199
f 3394//3394 3200//3200 3198//3198
f 3200//3200 3394//3394 3201//3201
f 3201//3201 3394//3394 3396//3396
f 3201//3201 3396//3396 3202//3202
f 3202//3202 3396//3396 3397//3397
f 3397//3397 3399//3399 3405//3405
f 3204//3204 3397//3397 3405//3405
f 3406//3406 3204//3204 3405//3405
f 3397//3397 3204//3204 3202//3202
f 3405//3405 3399//3399 3401//3401
f 3404//3404 3402//3402 3407//3407
f 3404//3404 3407//3407 3408//3408
f 3205//3205 3407//3407 3199//3199
f 3199//3199 3407//3407 3402//3402
f 3406//3406 3409//3409 3204//3204
f 3204//3204 3409//3409 3206//3206
f 3206//3206 3410//3410 3207//3207
f 3409//3409 3410//3410 3206//3206
f 3209//3209 3207//3207 3410//3410
f 3209//3209 3410//3410 3411//3411
f 3212//3212 3412//3412 3211//3211
f 3413//3413 3214//3214 3211//3211
f 3413//3413 3211//3211 3412//3412
f 3214//3214 3413//3413 3414//3414
f 3415//3415 3214//3214 3414//3414
f 3216//3216 3214//3214 3415//3415
f 3417//3417 3416//3416 3217//3217
f 3216//3216 3417//3417 3217//3217
f 3415//3415 3417//3417 3216//3216
f 3419//3419 3418//3418 3416//3416
f 3419//3419 3416//3416 3417//3417
f 3418//3418 3419//3419 3408//3408
f 3418//3418 3408//3408 3407//3407
f 3220//3220 3418//3418 3407//3407
f 3219//3219 3220//3220 3407//3407
f 3219//3219 3407//3407 3205//3205
f 3421//3421 3222//3222 3420//3420
f 3222//3222 3411//3411 3420//3420
f 3222//3222 3209//3209 3411//3411
f 3423//3423 3422//3422 3421//3421
f 3423//3423 3421//3421 3420//3420
f 3424//3424 3422//3422 3423//3423
f 3427//3427 3426//3426 3425//3425
f 3429//3429 3428//3428 3426//3426
f 3428//3428 3412//3412 3426//3426
f 3212//3212 3426//3426 3412//3412
f 3426//3426 3212//3212 3425//3425
f 3223//3223 3425//3425 3212//3212
f 3425//3425 3223//3223 3428//3428
f 3428//3428 3430//3430 3425//3425
f 3429//3429 3430//3430 3428//3428
f 3428//3428 3223//3223 3412//3412
f 3431//3431 3430//3430 3429//3429
f 3430//3430 3431//3431 3224//3224
f 3413//3413 3224//3224 3431//3431
f 3224//3224 3413//3413 3223//3223
f 3412//3412 3223//3223 3413//3413
f 3413//3413 3431//3431 3414//3414
f 3416//3416 3226//3226 3217//3217
f 3226//3226 3416//3416 3229//3229
f 3229//3229 3416//3416 3418//3418
f 3229//3229 3418//3418 3220//3220
f 3432//3432 3230//3230 3231//3231
f 3222//3222 3421//3421 3231//3231
f 3421//3421 3432//3432 3231//3231
f 3421//3421 3433//3433 3432//3432
f 3422//3422 3435//3435 3434//3434
f 3433//3433 3422//3422 3434//3434
f 3421//3421 3422//3422 3433//3433
f 3435//3435 3422//3422 3424//3424
f 3438//3438 3437//3437 3436//3436
f 3436//3436 3437//3437 3427//3427
f 3425//3425 3436//3436 3427//3427
f 3439//3439 3436//3436 3425//3425
f 3233//3233 3439//3439 3232//3232
f 3439//3439 3430//3430 3232//3232
f 3439//3439 3425//3425 3430//3430
f 3232//3232 3430//3430 3224//3224
f 3432//3432 3237//3237 3230//3230
f 3237//3237 3432//3432 3240//3240
f 3240//3240 3432//3432 3433//3433
f 3441//3441 3440//3440 3241//3241
f 3441//3441 3241//3241 3240//3240
f 3434//3434 3441//3441 3240//3240
f 3433//3433 3434//3434 3240//3240
f 3443//3443 3442//3442 3440//3440
f 3443//3443 3440//3440 3441//3441
f 3445//3445 3444//3444 3442//3442
f 3445//3445 3442//3442 3443//3443
f 3444//3444 3445//3445 3438//3438
f 3436//3436 3444//3444 3438//3438
f 3446//3446 3444//3444 3436//3436
f 3244//3244 3446//3446 3243//3243
f 3446//3446 3439//3439 3243//3243
f 3446//3446 3436//3436 3439//3439
f 3243//3243 3439//3439 3233//3233
f 3449//3449 3448//3448 3447//3447
f 3246//3246 3247//3247 3447//3447
f 3247//3247 3449//3449 3447//3447
f 3247//3247 3450//3450 3449//3449
f 3451//3451 3247//3247 3248//3248
f 3451//3451 3450//3450 3247//3247
f 3248//3248 3249//3249 3451//3451
f 3451//3451 3249//3249 3452//3452
f 3440//3440 3251//3251 3241//3241
f 3251//3251 3440//3440 3254//3254
f 3254//3254 3440//3440 3442//3442
f 3254//3254 3442//3442 3256//3256
f 3256//3256 3442//3442 3444//3444
f 3256//3256 3444//3444 3258//3258
f 3258//3258 3444//3444 3446//3446
f 3258//3258 3446//3446 3244//3244
f 3447//3447 3448//3448 3453//3453
f 3453//3453 3448//3448 3454//3454
f 3453//3453 3261//3261 3246//3246
f 3453//3453 3246//3246 3447//3447
f 3263//3263 3456//3456 3455//3455
f 3452//3452 3263//3263 3455//3455
f 3249//3249 3263//3263 3452//3452
f 3456//3456 3457//3457 3455//3455
f 3453//3453 3454//3454 3458//3458
f 3458//3458 3454//3454 3459//3459
f 3458//3458 3265//3265 3261//3261
f 3458//3458 3261//3261 3453//3453
f 3456//3456 3263//3263 3268//3268
f 3462//3462 3461//3461 3460//3460
f 3461//3461 3462//3462 3270//3270
f 3462//3462 3457//3457 3270//3270
f 3456//3456 3268//3268 3270//3270
f 3456//3456 3270//3270 3457//3457
f 3459//3459 3463//3463 3458//3458
f 3458//3458 3463//3463 3265//3265
f 3463//3463 3271//3271 3265//3265
f 3463//3463 3464//3464 3271//3271
f 3271//3271 3465//3465 3272//3272
f 3464//3464 3465//3465 3271//3271
f 3461//3461 3273//3273 3460//3460
f 3273//3273 3465//3465 3460//3460
f 3273//3273 3272//3272 3465//3465
f 3273//3273 3461//3461 3270//3270
f 3467//3467 3466//3466 3280//3280
f 3280//3280 3466//3466 3279//3279
f 3469//3469 3468//3468 3281//3281
f 3468//3468 3280//3280 3281//3281
f 3468//3468 3467//3467 3280//3280
f 3471//3471 3470//3470 3469//3469
f 3469//3469 3470//3470 3468//3468
f 3473//3473 3472//3472 3471//3471
f 3471//3471 3472//3472 3470//3470
f 3473//3473 3474//3474 3472//3472
f 3475//3475 3283//3283 3284//3284
f 3285//3285 3476//3476 3284//3284
f 3284//3284 3476//3476 3475//3475
f 3286//3286 3477//3477 3285//3285
f 3285//3285 3477//3477 3476//3476
f 3287//3287 3478//3478 3286//3286
f 3286//3286 3478//3478 3477//3477
f 3288//3288 3479//3479 3287//3287
f 3287//3287 3479//3479 3478//3478
f 3289//3289 3480//3480 3288//3288
f 3288//3288 3480//3480 3479//3479
f 3290//3290 3481//3481 3289//3289
f 3289//3289 3481//3481 3480//3480
f 3291//3291 3482//3482 3290//3290
f 3290//3290 3482//3482 3481//3481
f 3292//3292 3483//3483 3291//3291
f 3291//3291 3483//3483 3482//3482
f 3293//3293 3484//3484 3292//3292
f 3292//3292 3484//3484 3483//3483
f 3295//3295 3484//3484 3293//3293
f 3487//3487 3486//3486 3485//3485
f 3298//3298 3299//3299 3485//3485
f 3299//3299 3487//3487 3485//3485
f 3299//3299 3488//3488 3487//3487
f 3299//3299 3279//3279 3466//3466
f 3299//3299 3466//3466 3488//3488
f 3301//3301 3469//3469 3281//3281
f 3469//3469 3301//3301 3303//3303
f 3469//3469 3303//3303 3471//3471
f 3471//3471 3303//3303 3305//3305
f 3471//3471 3305//3305 3473//3473
f 3489//3489 3474//3474 3473//3473
f 3305//3305 3489//3489 3473//3473
f 3307//3307 3489//3489 3305//3305
f 3490//3490 3307//3307 3309//3309
f 3490//3490 3489//3489 3307//3307
f 3491//3491 3309//3309 3310//3310
f 3491//3491 3490//3490 3309//3309
f 3310//3310 3283//3283 3475//3475
f 3492//3492 3310//3310 3475//3475
f 3491//3491 3310//3310 3492//3492
f 3492//3492 3475//3475 3476//3476
f 3492//3492 3476//3476 3493//3493
f 3493//3493 3476//3476 3477//3477
f 3493//3493 3477//3477 3494//3494
f 3494//3494 3477//3477 3478//3478
f 3494//3494 3478//3478 3495//3495
f 3495//3495 3478//3478 3479//3479
f 3495//3495 3479//3479 3496//3496
f 3496//3496 3479//3479 3480//3480
f 3496//3496 3480//3480 3497//3497
f 3497//3497 3480//3480 3481//3481
f 3497//3497 3481//3481 3498//3498
f 3498//3498 3481//3481 3482//3482
f 3498//3498 3482//3482 3499//3499
f 3499//3499 3482//3482 3483//3483
f 3499//3499 3483//3483 3500//3500
f 3500//3500 3483//3483 3484//3484
f 3500//3500 3484//3484 3501//3501
f 3501//3501 3484//3484 3295//3295
f 3311//3311 3501//3501 3295//3295
f 3502//3502 3501//3501 3311//3311
f 3503//3503 3311//3311 3312//3312
f 3503//3503 3502//3502 3311//3311
f 3504//3504 3312//3312 3313//3313
f 3504//3504 3503//3503 3312//3312
f 3506//3506 3504//3504 3505//3505
f 3504//3504 3314//3314 3505//3505
f 3504//3504 3313//3313 3314//3314
f 3316//3316 3505//3505 3314//3314
f 3485//3485 3486//3486 3507//3507
f 3507//3507 3486//3486 3508//3508
f 3507//3507 3318//3318 3298//3298
f 3507//3507 3298//3298 3485//3485
f 3509//3509 3506//3506 3505//3505
f 3509//3509 3505//3505 3316//3316
f 3324//3324 3509//3509 3316//3316
f 3510//3510 3509//3509 3324//3324
f 3511//3511 3324//3324 3325//3325
f 3511//3511 3510//3510 3324//3324
f 3512//3512 3325//3325 3326//3326
f 3512//3512 3511//3511 3325//3325
f 3513//3513 3326//3326 3327//3327
f 3513//3513 3512//3512 3326//3326
f 3514//3514 3327//3327 3328//3328
f 3514//3514 3513//3513 3327//3327
f 3328//3328 3330//3330 3514//3514
f 3514//3514 3330//3330 3515//3515
f 3508//3508 3516//3516 3507//3507
f 3507//3507 3516//3516 3318//3318
f 3516//3516 3331//3331 3318//3318
f 3516//3516 3517//3517 3331//3331
f 3517//3517 3519//3519 3518//3518
f 3332//3332 3517//3517 3518//3518
f 3331//3331 3517//3517 3332//3332
f 3518//3518 3334//3334 3332//3332
f 3520//3520 3515//3515 3330//3330
f 3520//3520 3330//3330 3336//3336
f 3521//3521 3336//3336 3338//3338
f 3521//3521 3520//3520 3336//3336
f 3338//3338 3340//3340 3521//3521
f 3521//3521 3340//3340 3522//3522
f 3519//3519 3523//3523 3518//3518
f 3523//3523 3525//3525 3524//3524
f 3523//3523 3524//3524 3342//3342
f 3518//3518 3523//3523 3342//3342
f 3334//3334 3518//3518 3342//3342
f 3524//3524 3344//3344 3342//3342
f 3528//3528 3527//3527 3526//3526
f 3527//3527 3522//3522 3526//3526
f 3522//3522 3345//3345 3526//3526
f 3522//3522 3340//3340 3345//3345
f 3530//3530 3529//3529 3525//3525
f 3529//3529 3346//3346 3525//3525
f 3347//3347 3524//3524 3525//3525
f 3347//3347 3525//3525 3346//3346
f 3347//3347 3344//3344 3524//3524
f 3529//3529 3530//3530 3531//3531
f 3533//3533 3532//3532 3348//3348
f 3533//3533 3348//3348 3349//3349
f 3348//3348 3534//3534 3350//3350
f 3532//3532 3534//3534 3348//3348
f 3350//3350 3535//3535 3351//3351
f 3534//3534 3535//3535 3350//3350
f 3351//3351 3536//3536 3353//3353
f 3535//3535 3536//3536 3351//3351
f 3353//3353 3537//3537 3354//3354
f 3536//3536 3537//3537 3353//3353
f 3354//3354 3538//3538 3356//3356
f 3537//3537 3538//3538 3354//3354
f 3356//3356 3539//3539 3357//3357
f 3538//3538 3539//3539 3356//3356
f 3526//3526 3540//3540 3358//3358
f 3539//3539 3526//3526 3358//3358
f 3357//3357 3539//3539 3358//3358
f 3528//3528 3526//3526 3539//3539
f 3359//3359 3540//3540 3345//3345
f 3345//3345 3540//3540 3526//3526
f 3541//3541 3360//3360 3529//3529
f 3529//3529 3360//3360 3346//3346
f 3529//3529 3531//3531 3542//3542
f 3529//3529 3542//3542 3541//3541
f 3544//3544 3543//3543 3363//3363
f 3544//3544 3363//3363 3362//3362
f 3349//3349 3363//3363 3533//3533
f 3533//3533 3363//3363 3543//3543
f 3540//3540 3364//3364 3358//3358
f 3364//3364 3540//3540 3359//3359
f 3545//3545 3365//3365 3541//3541
f 3541//3541 3365//3365 3360//3360
f 3541//3541 3542//3542 3546//3546
f 3541//3541 3546//3546 3545//3545
f 3366//3366 3544//3544 3362//3362
f 3366//3366 3547//3547 3544//3544
f 3545//3545 3367//3367 3365//3365
f 3549//3549 3548//3548 3369//3369
f 3549//3549 3369//3369 3367//3367
f 3546//3546 3549//3549 3367//3367
f 3545//3545 3546//3546 3367//3367
f 3550//3550 3548//3548 3549//3549
f 3366//3366 3370//3370 3551//3551
f 3552//3552 3366//3366 3551//3551
f 3547//3547 3366//3366 3552//3552
f 3371//3371 3551//3551 3370//3370
f 3553//3553 3373//3373 3548//3548
f 3548//3548 3373//3373 3369//3369
f 3548//3548 3550//3550 3554//3554
f 3548//3548 3554//3554 3553//3553
f 3552//3552 3551//3551 3555//3555
f 3552//3552 3555//3555 3556//3556
f 3374//3374 3555//3555 3371//3371
f 3371//3371 3555//3555 3551//3551
f 3557//3557 3376//3376 3553//3553
f 3553//3553 3376//3376 3373//3373
f 3553//3553 3554//3554 3558//3558
f 3553//3553 3558//3558 3557//3557
f 3561//3561 3560//3560 3559//3559
f 3559//3559 3560//3560 3556//3556
f 3555//3555 3559//3559 3556//3556
f 3562//3562 3559//3559 3555//3555
f 3378//3378 3562//3562 3374//3374
f 3374//3374 3562//3562 3555//3555
f 3557//3557 3380//3380 3376//3376
f 3564//3564 3563//3563 3381//3381
f 3564//3564 3381//3381 3380//3380
f 3558//3558 3564//3564 3380//3380
f 3557//3557 3558//3558 3380//3380
f 3565//3565 3563//3563 3564//3564
f 3561//3561 3559//3559 3566//3566
f 3561//3561 3566//3566 3567//3567
f 3383//3383 3566//3566 3382//3382
f 3566//3566 3562//3562 3382//3382
f 3566//3566 3559//3559 3562//3562
f 3382//3382 3562//3562 3378//3378
f 3568//3568 3385//3385 3563//3563
f 3563//3563 3385//3385 3381//3381
f 3563//3563 3565//3565 3569//3569
f 3570//3570 3563//3563 3569//3569
f 3568//3568 3563//3563 3570//3570
f 3571//3571 3570//3570 3569//3569
f 3567//3567 3566//3566 3572//3572
f 3567//3567 3572//3572 3573//3573
f 3387//3387 3572//3572 3383//3383
f 3383//3383 3572//3572 3566//3566
f 3568//3568 3389//3389 3385//3385
f 3389//3389 3568//3568 3391//3391
f 3568//3568 3574//3574 3391//3391
f 3568//3568 3570//3570 3574//3574
f 3570//3570 3571//3571 3575//3575
f 3576//3576 3570//3570 3575//3575
f 3574//3574 3570//3570 3576//3576
f 3578//3578 3577//3577 3576//3576
f 3578//3578 3576//3576 3575//3575
f 3580//3580 3579//3579 3577//3577
f 3580//3580 3577//3577 3578//3578
f 3581//3581 3579//3579 3580//3580
f 3582//3582 3573//3573 3572//3572
f 3584//3584 3582//3582 3583//3583
f 3583//3583 3582//3582 3392//3392
f 3582//3582 3572//3572 3392//3392
f 3572//3572 3387//3387 3392//3392
f 3393//3393 3583//3583 3392//3392
f 3574//3574 3395//3395 3391//3391
f 3395//3395 3574//3574 3398//3398
f 3398//3398 3574//3574 3576//3576
f 3398//3398 3576//3576 3400//3400
f 3400//3400 3576//3576 3577//3577
f 3400//3400 3577//3577 3401//3401
f 3577//3577 3585//3585 3401//3401
f 3577//3577 3579//3579 3585//3585
f 3579//3579 3581//3581 3586//3586
f 3579//3579 3586//3586 3585//3585
f 3589//3589 3588//3588 3587//3587
f 3587//3587 3588//3588 3584//3584
f 3587//3587 3584//3584 3583//3583
f 3404//3404 3587//3587 3583//3583
f 3403//3403 3404//3404 3583//3583
f 3403//3403 3583//3583 3393//3393
f 3590//3590 3406//3406 3405//3405
f 3401//3401 3585//3585 3405//3405
f 3585//3585 3590//3590 3405//3405
f 3585//3585 3591//3591 3590//3590
f 3585//3585 3586//3586 3592//3592
f 3585//3585 3592//3592 3591//3591
f 3589//3589 3587//3587 3593//3593
f 3589//3589 3593//3593 3594//3594
f 3408//3408 3593//3593 3404//3404
f 3404//3404 3593//3593 3587//3587
f 3590//3590 3409//3409 3406//3406
f 3409//3409 3590//3590 3410//3410
f 3410//3410 3590//3590 3591//3591
f 3596//3596 3595//3595 3411//3411
f 3596//3596 3411//3411 3410//3410
f 3592//3592 3596//3596 3410//3410
f 3591//3591 3592//3592 3410//3410
f 3597//3597 3595//3595 3596//3596
f 3599//3599 3598//3598 3415//3415
f 3599//3599 3415//3415 3414//3414
f 3415//3415 3600//3600 3417//3417
f 3598//3598 3600//3600 3415//3415
f 3593//3593 3419//3419 3594//3594
f 3419//3419 3600//3600 3594//3594
f 3419//3419 3417//3417 3600//3600
f 3419//3419 3593//3593 3408//3408
f 3595//3595 3420//3420 3411//3411
f 3597//3597 3601//3601 3595//3595
f 3601//3601 3420//3420 3595//3595
f 3601//3601 3423//3423 3420//3420
f 3603//3603 3602//3602 3424//3424
f 3423//3423 3603//3603 3424//3424
f 3601//3601 3603//3603 3423//3423
f 3604//3604 3602//3602 3603//3603
f 3606//3606 3605//3605 3426//3426
f 3606//3606 3426//3426 3427//3427
f 3426//3426 3607//3607 3429//3429
f 3605//3605 3607//3607 3426//3426
f 3429//3429 3608//3608 3431//3431
f 3607//3607 3608//3608 3429//3429
f 3414//3414 3431//3431 3599//3599
f 3599//3599 3431//3431 3608//3608
f 3609//3609 3434//3434 3435//3435
f 3424//3424 3602//3602 3435//3435
f 3602//3602 3609//3609 3435//3435
f 3602//3602 3610//3610 3609//3609
f 3602//3602 3604//3604 3611//3611
f 3612//3612 3602//3602 3611//3611
f 3610//3610 3602//3602 3612//3612
f 3437//3437 3438//3438 3612//3612
f 3611//3611 3437//3437 3612//3612
f 3613//3613 3437//3437 3611//3611
f 3427//3427 3437//3437 3606//3606
f 3606//3606 3437//3437 3613//3613
f 3609//3609 3441//3441 3434//3434
f 3441//3441 3609//3609 3443//3443
f 3443//3443 3609//3609 3610//3610
f 3443//3443 3610//3610 3445//3445
f 3445//3445 3610//3610 3612//3612
f 3445//3445 3612//3612 3438//3438
f 3616//3616 3615//3615 3614//3614
f 3448//3448 3449//3449 3614//3614
f 3449//3449 3616//3616 3614//3614
f 3449//3449 3617//3617 3616//3616
f 3618//3618 3449//3449 3450//3450
f 3618//3618 3617//3617 3449//3449
f 3620//3620 3618//3618 3619//3619
f 3618//3618 3451//3451 3619//3619
f 3618//3618 3450//3450 3451//3451
f 3452//3452 3619//3619 3451//3451
f 3623//3623 3622//3622 3621//3621
f 3623//3623 3621//3621 3615//3615
f 3621//3621 3614//3614 3615//3615
f 3621//3621 3624//3624 3614//3614
f 3624//3624 3454//3454 3448//3448
f 3624//3624 3448//3448 3614//3614
f 3625//3625 3620//3620 3619//3619
f 3627//3627 3625//3625 3626//3626
f 3626//3626 3625//3625 3455//3455
f 3625//3625 3619//3619 3455//3455
f 3619//3619 3452//3452 3455//3455
f 3457//3457 3626//3626 3455//3455
f 3621//3621 3622//3622 3628//3628
f 3628//3628 3622//3622 3629//3629
f 3631//3631 3624//3624 3630//3630
f 3624//3624 3628//3628 3630//3630
f 3624//3624 3621//3621 3628//3628
f 3459//3459 3454//3454 3624//3624
f 3632//3632 3459//3459 3624//3624
f 3631//3631 3632//3632 3624//3624
f 3459//3459 3632//3632 3633//3633
f 3635//3635 3634//3634 3633//3633
f 3635//3635 3633//3633 3632//3632
f 3637//3637 3636//3636 3634//3634
f 3637//3637 3634//3634 3635//3635
f 3636//3636 3637//3637 3627//3627
f 3636//3636 3627//3627 3626//3626
f 3460//3460 3636//3636 3626//3626
f 3462//3462 3460//3460 3626//3626
f 3462//3462 3626//3626 3457//3457
f 3629//3629 3638//3638 3628//3628
f 3628//3628 3638//3638 3630//3630
f 3633//3633 3463//3463 3459//3459
f 3463//3463 3633//3633 3464//3464
f 3464//3464 3633//3633 3634//3634
f 3464//3464 3634//3634 3465//3465
f 3465//3465 3634//3634 3636//3636
f 3465//3465 3636//3636 3460//3460
f 3639//3639 3466//3466 3467//3467
f 3468//3468 3640//3640 3467//3467
f 3467//3467 3640//3640 3639//3639
f 3640//3640 3468//3468 3641//3641
f 3468//3468 3642//3642 3641//3641
f 3468//3468 3470//3470 3642//3642
f 3643//3643 3470//3470 3472//3472
f 3643//3643 3642//3642 3470//3470
f 3645//3645 3644//3644 3474//3474
f 3644//3644 3472//3472 3474//3474
f 3644//3644 3643//3643 3472//3472
f 3645//3645 3646//3646 3644//3644
f 3647//3647 3486//3486 3487//3487
f 3647//3647 3487//3487 3648//3648
f 3487//3487 3649//3649 3648//3648
f 3487//3487 3488//3488 3649//3649
f 3488//3488 3466//3466 3639//3639
f 3650//3650 3488//3488 3639//3639
f 3649//3649 3488//3488 3650//3650
f 3650//3650 3639//3639 3640//3640
f 3650//3650 3640//3640 3651//3651
f 3651//3651 3640//3640 3641//3641
f 3489//3489 3645//3645 3474//3474
f 3652//3652 3646//3646 3645//3645
f 3489//3489 3652//3652 3645//3645
f 3490//3490 3652//3652 3489//3489
f 3653//3653 3490//3490 3491//3491
f 3653//3653 3652//3652 3490//3490
f 3654//3654 3491//3491 3492//3492
f 3654//3654 3653//3653 3491//3491
f 3655//3655 3492//3492 3493//3493
f 3655//3655 3654//3654 3492//3492
f 3656//3656 3493//3493 3494//3494
f 3656//3656 3655//3655 3493//3493
f 3657//3657 3494//3494 3495//3495
f 3657//3657 3656//3656 3494//3494
f 3658//3658 3495//3495 3496//3496
f 3658//3658 3657//3657 3495//3495
f 3659//3659 3496//3496 3497//3497
f 3659//3659 3658//3658 3496//3496
f 3660//3660 3497//3497 3498//3498
f 3660//3660 3659//3659 3497//3497
f 3661//3661 3498//3498 3499//3499
f 3661//3661 3660//3660 3498//3498
f 3662//3662 3499//3499 3500//3500
f 3662//3662 3661//3661 3499//3499
f 3663//3663 3500//3500 3501//3501
f 3663//3663 3662//3662 3500//3500
f 3664//3664 3501//3501 3502//3502
f 3664//3664 3663//3663 3501//3501
f 3666//3666 3664//3664 3665//3665
f 3664//3664 3503//3503 3665//3665
f 3664//3664 3502//3502 3503//3503
f 3504//3504 3667//3667 3503//3503
f 3503//3503 3667//3667 3665//3665
f 3506//3506 3667//3667 3504//3504
f 3668//3668 3508//3508 3647//3647
f 3647//3647 3508//3508 3486//3486
f 3647//3647 3648//3648 3669//3669
f 3647//3647 3669//3669 3668//3668
f 3670//3670 3666//3666 3665//3665
f 3670//3670 3665//3665 3667//3667
f 3670//3670 3667//3667 3671//3671
f 3671//3671 3667//3667 3506//3506
f 3509//3509 3671//3671 3506//3506
f 3672//3672 3671//3671 3509//3509
f 3673//3673 3509//3509 3510//3510
f 3673//3673 3672//3672 3509//3509
f 3674//3674 3510//3510 3511//3511
f 3674//3674 3673//3673 3510//3510
f 3675//3675 3511//3511 3512//3512
f 3675//3675 3674//3674 3511//3511
f 3676//3676 3512//3512 3513//3513
f 3676//3676 3675//3675 3512//3512
f 3678//3678 3676//3676 3677//3677
f 3676//3676 3514//3514 3677//3677
f 3676//3676 3513//3513 3514//3514
f 3515//3515 3677//3677 3514//3514
f 3668//3668 3516//3516 3508//3508
f 3669//3669 3679//3679 3668//3668
f 3679//3679 3516//3516 3668//3668
f 3679//3679 3517//3517 3516//3516
f 3519//3519 3517//3517 3679//3679
f 3519//3519 3679//3679 3680//3680
f 3678//3678 3677//3677 3681//3681
f 3678//3678 3681//3681 3682//3682
f 3520//3520 3683//3683 3515//3515
f 3683//3683 3677//3677 3515//3515
f 3683//3683 3681//3681 3677//3677
f 3521//3521 3684//3684 3520//3520
f 3520//3520 3684//3684 3683//3683
f 3522//3522 3684//3684 3521//3521
f 3680//3680 3685//3685 3519//3519
f 3519//3519 3685//3685 3523//3523
f 3525//3525 3523//3523 3685//3685
f 3525//3525 3685//3685 3686//3686
f 3689//3689 3688//3688 3687//3687
f 3691//3691 3690//3690 3687//3687
f 3691//3691 3687//3687 3688//3688
f 3693//3693 3692//3692 3690//3690
f 3693//3693 3690//3690 3691//3691
f 3695//3695 3694//3694 3692//3692
f 3695//3695 3692//3692 3693//3693
f 3697//3697 3696//3696 3694//3694
f 3697//3697 3694//3694 3695//3695
f 3699//3699 3698//3698 3696//3696
f 3699//3699 3696//3696 3697//3697
f 3698//3698 3699//3699 3682//3682
f 3681//3681 3698//3698 3682//3682
f 3700//3700 3698//3698 3681//3681
f 3701//3701 3681//3681 3683//3683
f 3700//3700 3681//3681 3701//3701
f 3528//3528 3701//3701 3527//3527
f 3701//3701 3684//3684 3527//3527
f 3701//3701 3683//3683 3684//3684
f 3527//3527 3684//3684 3522//3522
f 3686//3686 3702//3702 3525//3525
f 3525//3525 3702//3702 3530//3530
f 3704//3704 3703//3703 3531//3531
f 3530//3530 3704//3704 3531//3531
f 3702//3702 3704//3704 3530//3530
f 3705//3705 3703//3703 3704//3704
f 3708//3708 3707//3707 3706//3706
f 3706//3706 3707//3707 3689//3689
f 3687//3687 3706//3706 3689//3689
f 3709//3709 3706//3706 3687//3687
f 3533//3533 3709//3709 3532//3532
f 3709//3709 3690//3690 3532//3532
f 3709//3709 3687//3687 3690//3690
f 3532//3532 3690//3690 3534//3534
f 3534//3534 3690//3690 3692//3692
f 3534//3534 3692//3692 3535//3535
f 3535//3535 3692//3692 3694//3694
f 3535//3535 3694//3694 3536//3536
f 3536//3536 3694//3694 3696//3696
f 3536//3536 3696//3696 3537//3537
f 3537//3537 3696//3696 3698//3698
f 3537//3537 3698//3698 3538//3538
f 3538//3538 3698//3698 3700//3700
f 3538//3538 3700//3700 3539//3539
f 3539//3539 3700//3700 3701//3701
f 3539//3539 3701//3701 3528//3528
f 3710//3710 3542//3542 3703//3703
f 3703//3703 3542//3542 3531//3531
f 3703//3703 3705//3705 3711//3711
f 3703//3703 3711//3711 3710//3710
f 3708//3708 3706//3706 3712//3712
f 3708//3708 3712//3712 3713//3713
f 3544//3544 3712//3712 3543//3543
f 3712//3712 3709//3709 3543//3543
f 3712//3712 3706//3706 3709//3709
f 3543//3543 3709//3709 3533//3533
f 3714//3714 3546//3546 3710//3710
f 3710//3710 3546//3546 3542//3542
f 3710//3710 3711//3711 3715//3715
f 3710//3710 3715//3715 3714//3714
f 3713//3713 3712//3712 3716//3716
f 3713//3713 3716//3716 3717//3717
f 3547//3547 3716//3716 3544//3544
f 3544//3544 3716//3716 3712//3712
f 3714//3714 3549//3549 3546//3546
f 3719//3719 3718//3718 3550//3550
f 3719//3719 3550//3550 3549//3549
f 3715//3715 3719//3719 3549//3549
f 3714//3714 3715//3715 3549//3549
f 3720//3720 3718//3718 3719//3719
f 3721//3721 3717//3717 3716//3716
f 3716//3716 3547//3547 3721//3721
f 3547//3547 3722//3722 3721//3721
f 3547//3547 3552//3552 3722//3722
f 3723//3723 3554//3554 3718//3718
f 3718//3718 3554//3554 3550//3550
f 3718//3718 3720//3720 3724//3724
f 3725//3725 3718//3718 3724//3724
f 3723//3723 3718//3718 3725//3725
f 3726//3726 3725//3725 3724//3724
f 3556//3556 3722//3722 3552//3552
f 3556//3556 3727//3727 3722//3722
f 3728//3728 3558//3558 3723//3723
f 3723//3723 3558//3558 3554//3554
f 3729//3729 3723//3723 3725//3725
f 3728//3728 3723//3723 3729//3729
f 3725//3725 3726//3726 3730//3730
f 3731//3731 3725//3725 3730//3730
f 3729//3729 3725//3725 3731//3731
f 3732//3732 3731//3731 3730//3730
f 3735//3735 3734//3734 3733//3733
f 3737//3737 3736//3736 3733//3733
f 3737//3737 3733//3733 3734//3734
f 3560//3560 3561//3561 3736//3736
f 3737//3737 3560//3560 3736//3736
f 3738//3738 3560//3560 3737//3737
f 3556//3556 3560//3560 3727//3727
f 3727//3727 3560//3560 3738//3738
f 3728//3728 3564//3564 3558//3558
f 3564//3564 3728//3728 3565//3565
f 3728//3728 3739//3739 3565//3565
f 3728//3728 3729//3729 3739//3739
f 3740//3740 3729//3729 3731//3731
f 3739//3739 3729//3729 3740//3740
f 3731//3731 3732//3732 3741//3741
f 3742//3742 3731//3731 3741//3741
f 3740//3740 3731//3731 3742//3742
f 3743//3743 3742//3742 3741//3741
f 3746//3746 3745//3745 3744//3744
f 3744//3744 3745//3745 3735//3735
f 3733//3733 3744//3744 3735//3735
f 3747//3747 3744//3744 3733//3733
f 3748//3748 3733//3733 3736//3736
f 3747//3747 3733//3733 3748//3748
f 3567//3567 3748//3748 3561//3561
f 3561//3561 3748//3748 3736//3736
f 3739//3739 3569//3569 3565//3565
f 3569//3569 3739//3739 3571//3571
f 3739//3739 3749//3749 3571//3571
f 3739//3739 3740//3740 3749//3749
f 3750//3750 3740//3740 3742//3742
f 3749//3749 3740//3740 3750//3750
f 3742//3742 3743//3743 3751//3751
f 3752//3752 3742//3742 3751//3751
f 3750//3750 3742//3742 3752//3752
f 3753//3753 3752//3752 3751//3751
f 3754//3754 3746//3746 3744//3744
f 3754//3754 3744//3744 3747//3747
f 3754//3754 3747//3747 3755//3755
f 3757//3757 3756//3756 3755//3755
f 3747//3747 3757//3757 3755//3755
f 3748//3748 3757//3757 3747//3747
f 3573//3573 3757//3757 3567//3567
f 3567//3567 3757//3757 3748//3748
f 3749//3749 3575//3575 3571//3571
f 3575//3575 3749//3749 3578//3578
f 3578//3578 3749//3749 3750//3750
f 3578//3578 3750//3750 3580//3580
f 3580//3580 3750//3750 3752//3752
f 3759//3759 3758//3758 3581//3581
f 3759//3759 3581//3581 3580//3580
f 3753//3753 3759//3759 3580//3580
f 3752//3752 3753//3753 3580//3580
f 3760//3760 3758//3758 3759//3759
f 3756//3756 3757//3757 3761//3761
f 3756//3756 3761//3761 3762//3762
f 3582//3582 3763//3763 3573//3573
f 3763//3763 3757//3757 3573//3573
f 3763//3763 3761//3761 3757//3757
f 3584//3584 3763//3763 3582//3582
f 3765//3765 3764//3764 3758//3758
f 3764//3764 3581//3581 3758//3758
f 3764//3764 3586//3586 3581//3581
f 3768//3768 3767//3767 3766//3766
f 3760//3760 3765//3765 3758//3758
f 3769//3769 3767//3767 3768//3768
f 3772//3772 3771//3771 3770//3770
f 3770//3770 3771//3771 3762//3762
f 3761//3761 3770//3770 3762//3762
f 3773//3773 3770//3770 3761//3761
f 3589//3589 3773//3773 3588//3588
f 3773//3773 3763//3763 3588//3588
f 3773//3773 3761//3761 3763//3763
f 3588//3588 3763//3763 3584//3584
f 3775//3775 3592//3592 3774//3774
f 3592//3592 3764//3764 3774//3774
f 3592//3592 3586//3586 3764//3764
f 3766//3766 3767//3767 3776//3776
f 3774//3774 3777//3777 3775//3775
f 3780//3780 3779//3779 3778//3778
f 3769//3769 3776//3776 3767//3767
f 3781//3781 3779//3779 3780//3780
f 3772//3772 3770//3770 3782//3782
f 3772//3772 3782//3782 3783//3783
f 3784//3784 3770//3770 3773//3773
f 3782//3782 3770//3770 3784//3784
f 3594//3594 3784//3784 3589//3589
f 3589//3589 3784//3784 3773//3773
f 3775//3775 3596//3596 3592//3592
f 3786//3786 3785//3785 3597//3597
f 3786//3786 3597//3597 3596//3596
f 3777//3777 3786//3786 3596//3596
f 3775//3775 3777//3777 3596//3596
f 3778//3778 3779//3779 3787//3787
f 3786//3786 3788//3788 3785//3785
f 3791//3791 3790//3790 3789//3789
f 3781//3781 3787//3787 3779//3779
f 3792//3792 3790//3790 3791//3791
f 3795//3795 3794//3794 3793//3793
f 3797//3797 3796//3796 3793//3793
f 3797//3797 3793//3793 3794//3794
f 3796//3796 3797//3797 3783//3783
f 3796//3796 3783//3783 3782//3782
f 3599//3599 3796//3796 3782//3782
f 3598//3598 3599//3599 3782//3782
f 3598//3598 3782//3782 3600//3600
f 3600//3600 3782//3782 3784//3784
f 3600//3600 3784//3784 3594//3594
f 3785//3785 3601//3601 3597//3597
f 3788//3788 3798//3798 3785//3785
f 3798//3798 3601//3601 3785//3785
f 3798//3798 3603//3603 3601//3601
f 3790//3790 3799//3799 3604//3604
f 3798//3798 3790//3790 3604//3604
f 3603//3603 3798//3798 3604//3604
f 3789//3789 3790//3790 3798//3798
f 3790//3790 3792//3792 3800//3800
f 3801//3801 3790//3790 3800//3800
f 3799//3799 3790//3790 3801//3801
f 3605//3605 3606//3606 3801//3801
f 3800//3800 3605//3605 3801//3801
f 3802//3802 3605//3605 3800//3800
f 3793//3793 3607//3607 3795//3795
f 3607//3607 3802//3802 3795//3795
f 3607//3607 3605//3605 3802//3802
f 3607//3607 3793//3793 3608//3608
f 3608//3608 3793//3793 3796//3796
f 3608//3608 3796//3796 3599//3599
f 3799//3799 3611//3611 3604//3604
f 3611//3611 3799//3799 3613//3613
f 3613//3613 3799//3799 3801//3801
f 3613//3613 3801//3801 3606//3606
f 3805//3805 3804//3804 3803//3803
f 3807//3807 3806//3806 3803//3803
f 3803//3803 3806//3806 3805//3805
f 3809//3809 3808//3808 3807//3807
f 3807//3807 3808//3808 3806//3806
f 3811//3811 3810//3810 3809//3809
f 3809//3809 3810//3810 3808//3808
f 3811//3811 3812//3812 3810//3810
f 3803//3803 3804//3804 3813//3813
f 3813//3813 3804//3804 3814//3814
f 3803//3803 3815//3815 3807//3807
f 3803//3803 3813//3813 3815//3815
f 3807//3807 3816//3816 3809//3809
f 3807//3807 3815//3815 3816//3816
f 3816//3816 3615//3615 3616//3616
f 3811//3811 3816//3816 3616//3616
f 3809//3809 3816//3816 3811//3811
f 3817//3817 3812//3812 3811//3811
f 3616//3616 3817//3817 3811//3811
f 3617//3617 3817//3817 3616//3616
f 3818//3818 3617//3617 3618//3618
f 3818//3818 3817//3817 3617//3617
f 3618//3618 3620//3620 3818//3818
f 3818//3818 3620//3620 3819//3819
f 3814//3814 3820//3820 3813//3813
f 3822//3822 3821//3821 3820//3820
f 3821//3821 3813//3813 3820//3820
f 3821//3821 3815//3815 3813//3813
f 3821//3821 3622//3622 3623//3623
f 3816//3816 3821//3821 3623//3623
f 3815//3815 3821//3821 3816//3816
f 3816//3816 3623//3623 3615//3615
f 3825//3825 3824//3824 3823//3823
f 3826//3826 3823//3823 3625//3625
f 3823//3823 3819//3819 3625//3625
f 3819//3819 3620//3620 3625//3625
f 3819//3819 3823//3823 3824//3824
f 3627//3627 3826//3826 3625//3625
f 3822//3822 3827//3827 3821//3821
f 3629//3629 3622//3622 3821//3821
f 3828//3828 3629//3629 3821//3821
f 3827//3827 3828//3828 3821//3821
f 3629//3629 3828//3828 3829//3829
f 3631//3631 3630//3630 3829//3829
f 3828//3828 3631//3631 3829//3829
f 3830//3830 3631//3631 3828//3828
f 3631//3631 3831//3831 3632//3632
f 3830//3830 3831//3831 3631//3631
f 3823//3823 3635//3635 3825//3825
f 3635//3635 3831//3831 3825//3825
f 3635//3635 3632//3632 3831//3831
f 3635//3635 3823//3823 3637//3637
f 3637//3637 3823//3823 3826//3826
f 3637//3637 3826//3826 3627//3627
f 3829//3829 3638//3638 3629//3629
f 3638//3638 3829//3829 3630//3630
f 3832//3832 3641//3641 3642//3642
f 3643//3643 3833//3833 3642//3642
f 3642//3642 3833//3833 3832//3832
f 3644//3644 3834//3834 3643//3643
f 3643//3643 3834//3834 3833//3833
f 3646//3646 3834//3834 3644//3644
f 3835//3835 3648//3648 3649//3649
f 3650//3650 3836//3836 3649//3649
f 3649//3649 3836//3836 3835//3835
f 3651//3651 3837//3837 3650//3650
f 3650//3650 3837//3837 3836//3836
f 3641//3641 3832//3832 3651//3651
f 3832//3832 3837//3837 3651//3651
f 3832//3832 3838//3838 3837//3837
f 3833//3833 3840//3840 3839//3839
f 3838//3838 3833//3833 3839//3839
f 3832//3832 3833//3833 3838//3838
f 3840//3840 3833//3833 3834//3834
f 3840//3840 3834//3834 3841//3841
f 3841//3841 3834//3834 3646//3646
f 3652//3652 3841//3841 3646//3646
f 3842//3842 3841//3841 3652//3652
f 3843//3843 3652//3652 3653//3653
f 3843//3843 3842//3842 3652//3652
f 3844//3844 3653//3653 3654//3654
f 3844//3844 3843//3843 3653//3653
f 3845//3845 3654//3654 3655//3655
f 3845//3845 3844//3844 3654//3654
f 3846//3846 3655//3655 3656//3656
f 3846//3846 3845//3845 3655//3655
f 3848//3848 3846//3846 3847//3847
f 3846//3846 3657//3657 3847//3847
f 3846//3846 3656//3656 3657//3657
f 3658//3658 3849//3849 3657//3657
f 3657//3657 3849//3849 3847//3847
f 3659//3659 3850//3850 3658//3658
f 3658//3658 3850//3850 3849//3849
f 3660//3660 3851//3851 3659//3659
f 3659//3659 3851//3851 3850//3850
f 3661//3661 3852//3852 3660//3660
f 3660//3660 3852//3852 3851//3851
f 3662//3662 3853//3853 3661//3661
f 3661//3661 3853//3853 3852//3852
f 3663//3663 3854//3854 3662//3662
f 3662//3662 3854//3854 3853//3853
f 3664//3664 3855//3855 3663//3663
f 3663//3663 3855//3855 3854//3854
f 3666//3666 3855//3855 3664//3664
f 3856//3856 3669//3669 3835//3835
f 3835//3835 3669//3669 3648//3648
f 3857//3857 3835//3835 3836//3836
f 3856//3856 3835//3835 3857//3857
f 3858//3858 3836//3836 3837//3837
f 3857//3857 3836//3836 3858//3858
f 3838//3838 3860//3860 3859//3859
f 3858//3858 3838//3838 3859//3859
f 3837//3837 3838//3838 3858//3858
f 3860//3860 3838//3838 3839//3839
f 3861//3861 3848//3848 3847//3847
f 3861//3861 3847//3847 3849//3849
f 3861//3861 3849//3849 3862//3862
f 3862//3862 3849//3849 3850//3850
f 3862//3862 3850//3850 3863//3863
f 3863//3863 3850//3850 3851//3851
f 3863//3863 3851//3851 3864//3864
f 3864//3864 3851//3851 3852//3852
f 3864//3864 3852//3852 3865//3865
f 3865//3865 3852//3852 3853//3853
f 3865//3865 3853//3853 3866//3866
f 3866//3866 3853//3853 3854//3854
f 3866//3866 3854//3854 3867//3867
f 3867//3867 3854//3854 3855//3855
f 3867//3867 3855//3855 3868//3868
f 3870//3870 3868//3868 3869//3869
f 3869//3869 3868//3868 3670//3670
f 3868//3868 3855//3855 3670//3670
f 3855//3855 3666//3666 3670//3670
f 3671//3671 3871//3871 3670//3670
f 3670//3670 3871//3871 3869//3869
f 3672//3672 3872//3872 3671//3671
f 3671//3671 3872//3872 3871//3871
f 3673//3673 3873//3873 3672//3672
f 3672//3672 3873//3873 3872//3872
f 3674//3674 3874//3874 3673//3673
f 3673//3673 3874//3874 3873//3873
f 3675//3675 3875//3875 3674//3674
f 3674//3674 3875//3875 3874//3874
f 3676//3676 3876//3876 3675//3675
f 3675//3675 3876//3876 3875//3875
f 3678//3678 3876//3876 3676//3676
f 3856//3856 3679//3679 3669//3669
f 3679//3679 3856//3856 3680//3680
f 3856//3856 3877//3877 3680//3680
f 3856//3856 3857//3857 3877//3877
f 3878//3878 3857//3857 3858//3858
f 3877//3877 3857//3857 3878//3878
f 3858//3858 3859//3859 3879//3879
f 3858//3858 3879//3879 3878//3878
f 3882//3882 3881//3881 3880//3880
f 3880//3880 3881//3881 3870//3870
f 3869//3869 3880//3880 3870//3870
f 3883//3883 3880//3880 3869//3869
f 3884//3884 3869//3869 3871//3871
f 3883//3883 3869//3869 3884//3884
f 3885//3885 3871//3871 3872//3872
f 3884//3884 3871//3871 3885//3885
f 3886//3886 3872//3872 3873//3873
f 3885//3885 3872//3872 3886//3886
f 3887//3887 3873//3873 3874//3874
f 3886//3886 3873//3873 3887//3887
f 3888//3888 3874//3874 3875//3875
f 3887//3887 3874//3874 3888//3888
f 3889//3889 3875//3875 3876//3876
f 3888//3888 3875//3875 3889//3889
f 3682//3682 3889//3889 3678//3678
f 3678//3678 3889//3889 3876//3876
f 3877//3877 3685//3685 3680//3680
f 3685//3685 3877//3877 3686//3686
f 3877//3877 3890//3890 3686//3686
f 3877//3877 3878//3878 3890//3890
f 3878//3878 3879//3879 3891//3891
f 3892//3892 3878//3878 3891//3891
f 3890//3890 3878//3878 3892//3892
f 3893//3893 3892//3892 3891//3891
f 3896//3896 3895//3895 3894//3894
f 3894//3894 3895//3895 3882//3882
f 3880//3880 3894//3894 3882//3882
f 3897//3897 3894//3894 3880//3880
f 3898//3898 3880//3880 3883//3883
f 3897//3897 3880//3880 3898//3898
f 3689//3689 3898//3898 3688//3688
f 3898//3898 3884//3884 3688//3688
f 3898//3898 3883//3883 3884//3884
f 3688//3688 3884//3884 3691//3691
f 3691//3691 3884//3884 3885//3885
f 3691//3691 3885//3885 3693//3693
f 3693//3693 3885//3885 3886//3886
f 3693//3693 3886//3886 3695//3695
f 3695//3695 3886//3886 3887//3887
f 3695//3695 3887//3887 3697//3697
f 3697//3697 3887//3887 3888//3888
f 3697//3697 3888//3888 3699//3699
f 3699//3699 3888//3888 3889//3889
f 3699//3699 3889//3889 3682//3682
f 3890//3890 3702//3702 3686//3686
f 3702//3702 3890//3890 3704//3704
f 3704//3704 3890//3890 3892//3892
f 3705//3705 3704//3704 3892//3892
f 3893//3893 3705//3705 3892//3892
f 3899//3899 3705//3705 3893//3893
f 3896//3896 3894//3894 3900//3900
f 3896//3896 3900//3900 3901//3901
f 3902//3902 3894//3894 3897//3897
f 3900//3900 3894//3894 3902//3902
f 3708//3708 3902//3902 3707//3707
f 3902//3902 3898//3898 3707//3707
f 3902//3902 3897//3897 3898//3898
f 3707//3707 3898//3898 3689//3689
f 3904//3904 3711//3711 3903//3903
f 3711//3711 3899//3899 3903//3903
f 3711//3711 3705//3705 3899//3899
f 3905//3905 3904//3904 3903//3903
f 3901//3901 3900//3900 3906//3906
f 3901//3901 3906//3906 3907//3907
f 3908//3908 3900//3900 3902//3902
f 3906//3906 3900//3900 3908//3908
f 3713//3713 3908//3908 3708//3708
f 3708//3708 3908//3908 3902//3902
f 3909//3909 3715//3715 3904//3904
f 3904//3904 3715//3715 3711//3711
f 3904//3904 3905//3905 3910//3910
f 3911//3911 3904//3904 3910//3910
f 3909//3909 3904//3904 3911//3911
f 3912//3912 3911//3911 3910//3910
f 3913//3913 3907//3907 3906//3906
f 3915//3915 3914//3914 3913//3913
f 3906//3906 3915//3915 3913//3913
f 3908//3908 3915//3915 3906//3906
f 3717//3717 3915//3915 3713//3713
f 3713//3713 3915//3915 3908//3908
f 3909//3909 3719//3719 3715//3715
f 3719//3719 3909//3909 3720//3720
f 3909//3909 3916//3916 3720//3720
f 3909//3909 3911//3911 3916//3916
f 3911//3911 3912//3912 3917//3917
f 3918//3918 3911//3911 3917//3917
f 3916//3916 3911//3911 3918//3918
f 3919//3919 3918//3918 3917//3917
f 3914//3914 3915//3915 3920//3920
f 3914//3914 3920//3920 3921//3921
f 3721//3721 3922//3922 3717//3717
f 3922//3922 3915//3915 3717//3717
f 3922//3922 3920//3920 3915//3915
f 3722//3722 3922//3922 3721//3721
f 3916//3916 3724//3724 3720//3720
f 3724//3724 3916//3916 3726//3726
f 3916//3916 3923//3923 3726//3726
f 3916//3916 3918//3918 3923//3923
f 3918//3918 3919//3919 3924//3924
f 3925//3925 3918//3918 3924//3924
f 3923//3923 3918//3918 3925//3925
f 3927//3927 3926//3926 3925//3925
f 3927//3927 3925//3925 3924//3924
f 3928//3928 3926//3926 3927//3927
f 3921//3921 3920//3920 3929//3929
f 3921//3921 3929//3929 3930//3930
f 3931//3931 3920//3920 3922//3922
f 3929//3929 3920//3920 3931//3931
f 3727//3727 3931//3931 3722//3722
f 3722//3722 3931//3931 3922//3922
f 3923//3923 3730//3730 3726//3726
f 3730//3730 3923//3923 3732//3732
f 3923//3923 3932//3932 3732//3732
f 3923//3923 3925//3925 3932//3932
f 3933//3933 3925//3925 3926//3926
f 3932//3932 3925//3925 3933//3933
f 3926//3926 3928//3928 3934//3934
f 3926//3926 3934//3934 3933//3933
f 3937//3937 3936//3936 3935//3935
f 3939//3939 3938//3938 3935//3935
f 3939//3939 3935//3935 3936//3936
f 3734//3734 3735//3735 3938//3938
f 3939//3939 3734//3734 3938//3938
f 3940//3940 3734//3734 3939//3939
f 3929//3929 3737//3737 3930//3930
f 3737//3737 3940//3940 3930//3930
f 3737//3737 3734//3734 3940//3940
f 3737//3737 3929//3929 3738//3738
f 3738//3738 3929//3929 3931//3931
f 3738//3738 3931//3931 3727//3727
f 3932//3932 3741//3741 3732//3732
f 3741//3741 3932//3932 3743//3743
f 3932//3932 3941//3941 3743//3743
f 3932//3932 3933//3933 3941//3941
f 3933//3933 3934//3934 3942//3942
f 3943//3943 3933//3933 3942//3942
f 3941//3941 3933//3933 3943//3943
f 3945//3945 3944//3944 3943//3943
f 3945//3945 3943//3943 3942//3942
f 3947//3947 3946//3946 3944//3944
f 3947//3947 3944//3944 3945//3945
f 3949//3949 3948//3948 3946//3946
f 3949//3949 3946//3946 3947//3947
f 3951//3951 3950//3950 3948//3948
f 3951//3951 3948//3948 3949//3949
f 3953//3953 3952//3952 3950//3950
f 3953//3953 3950//3950 3951//3951
f 3952//3952 3953//3953 3937//3937
f 3935//3935 3952//3952 3937//3937
f 3954//3954 3952//3952 3935//3935
f 3746//3746 3954//3954 3745//3745
f 3954//3954 3938//3938 3745//3745
f 3954//3954 3935//3935 3938//3938
f 3745//3745 3938//3938 3735//3735
f 3941//3941 3751//3751 3743//3743
f 3751//3751 3941//3941 3753//3753
f 3941//3941 3955//3955 3753//3753
f 3941//3941 3943//3943 3955//3955
f 3956//3956 3943//3943 3944//3944
f 3955//3955 3943//3943 3956//3956
f 3957//3957 3944//3944 3946//3946
f 3956//3956 3944//3944 3957//3957
f 3958//3958 3946//3946 3948//3948
f 3957//3957 3946//3946 3958//3958
f 3959//3959 3948//3948 3950//3950
f 3958//3958 3948//3948 3959//3959
f 3960//3960 3950//3950 3952//3952
f 3959//3959 3950//3950 3960//3960
f 3961//3961 3952//3952 3954//3954
f 3960//3960 3952//3952 3961//3961
f 3754//3754 3962//3962 3746//3746
f 3962//3962 3954//3954 3746//3746
f 3962//3962 3961//3961 3954//3954
f 3755//3755 3963//3963 3754//3754
f 3754//3754 3963//3963 3962//3962
f 3756//3756 3963//3963 3755//3755
f 3955//3955 3759//3759 3753//3753
f 3759//3759 3955//3955 3760//3760
f 3955//3955 3964//3964 3760//3760
f 3955//3955 3956//3956 3964//3964
f 3965//3965 3956//3956 3957//3957
f 3964//3964 3956//3956 3965//3965
f 3966//3966 3957//3957 3958//3958
f 3965//3965 3957//3957 3966//3966
f 3967//3967 3958//3958 3959//3959
f 3966//3966 3958//3958 3967//3967
f 3968//3968 3959//3959 3960//3960
f 3967//3967 3959//3959 3968//3968
f 3969//3969 3960//3960 3961//3961
f 3968//3968 3960//3960 3969//3969
f 3970//3970 3961//3961 3962//3962
f 3969//3969 3961//3961 3970//3970
f 3971//3971 3962//3962 3963//3963
f 3970//3970 3962//3962 3971//3971
f 3762//3762 3971//3971 3756//3756
f 3756//3756 3971//3971 3963//3963
f 3972//3972 3764//3764 3765//3765
f 3765//3765 3760//3760 3972//3972
f 3760//3760 3964//3964 3972//3972
f 3768//3768 3766//3766 3972//3972
f 3768//3768 3972//3972 3964//3964
f 3768//3768 3964//3964 3769//3769
f 3964//3964 3973//3973 3769//3769
f 3964//3964 3965//3965 3973//3973
f 3974//3974 3965//3965 3966//3966
f 3973//3973 3965//3965 3974//3974
f 3975//3975 3966//3966 3967//3967
f 3974//3974 3966//3966 3975//3975
f 3976//3976 3967//3967 3968//3968
f 3975//3975 3967//3967 3976//3976
f 3977//3977 3968//3968 3969//3969
f 3976//3976 3968//3968 3977//3977
f 3978//3978 3969//3969 3970//3970
f 3977//3977 3969//3969 3978//3978
f 3772//3772 3978//3978 3771//3771
f 3978//3978 3971//3971 3771//3771
f 3978//3978 3970//3970 3971//3971
f 3771//3771 3971//3971 3762//3762
f 3972//3972 3774//3774 3764//3764
f 3777//3777 3774//3774 3979//3979
f 3774//3774 3972//3972 3979//3979
f 3766//3766 3776//3776 3979//3979
f 3766//3766 3979//3979 3972//3972
f 3776//3776 3769//3769 3979//3979
f 3769//3769 3973//3973 3979//3979
f 3780//3780 3778//3778 3979//3979
f 3780//3780 3979//3979 3973//3973
f 3780//3780 3973//3973 3781//3781
f 3973//3973 3980//3980 3781//3781
f 3973//3973 3974//3974 3980//3980
f 3981//3981 3974//3974 3975//3975
f 3980//3980 3974//3974 3981//3981
f 3976//3976 3983//3983 3982//3982
f 3981//3981 3976//3976 3982//3982
f 3975//3975 3976//3976 3981//3981
f 3983//3983 3976//3976 3977//3977
f 3983//3983 3977//3977 3984//3984
f 3984//3984 3977//3977 3978//3978
f 3984//3984 3978//3978 3985//3985
f 3978//3978 3772//3772 3985//3985
f 3772//3772 3986//3986 3985//3985
f 3772//3772 3783//3783 3986//3986
f 3989//3989 3988//3988 3987//3987
f 3987//3987 3990//3990 3989//3989
f 3992//3992 3786//3786 3991//3991
f 3786//3786 3777//3777 3991//3991
f 3991//3991 3777//3777 3979//3979
f 3993//3993 3991//3991 3979//3979
f 3992//3992 3788//3788 3786//3786
f 3787//3787 3979//3979 3778//3778
f 3979//3979 3787//3787 3993//3993
f 3994//3994 3993//3993 3787//3787
f 3791//3791 3789//3789 3995//3995
f 3781//3781 3980//3980 3787//3787
f 3996//3996 3787//3787 3980//3980
f 3787//3787 3996//3996 3994//3994
f 3996//3996 3998//3998 3997//3997
f 3998//3998 3995//3995 3997//3997
f 3792//3792 3997//3997 3995//3995
f 3997//3997 3792//3792 3981//3981
f 3791//3791 3981//3981 3792//3792
f 3981//3981 3791//3791 3998//3998
f 3998//3998 3980//3980 3981//3981
f 3996//3996 3980//3980 3998//3998
f 3998//3998 3791//3791 3995//3995
f 3997//3997 3981//3981 3982//3982
f 3795//3795 3999//3999 3794//3794
f 4000//4000 3797//3797 3794//3794
f 4000//4000 3794//3794 3999//3999
f 3986//3986 3783//3783 4001//4001
f 3783//3783 4000//4000 4001//4001
f 4000//4000 4002//4002 4001//4001
f 3783//3783 3797//3797 4000//4000
f 4004//4004 4003//4003 4002//4002
f 4002//4002 4003//4003 4001//4001
f 4004//4004 4005//4005 4003//4003
f 3988//3988 4006//4006 3987//3987
f 3987//3987 4006//4006 3990//3990
f 3992//3992 3991//3991 4007//4007
f 4007//4007 3991//3991 4008//4008
f 4009//4009 3798//3798 3788//3788
f 3992//3992 4009//4009 3788//3788
f 4007//4007 4009//4009 3992//3992
f 3995//3995 3789//3789 3798//3798
f 4009//4009 3995//3995 3798//3798
f 4010//4010 3995//3995 4009//4009
f 4011//4011 3800//3800 3792//3792
f 3995//3995 4011//4011 3792//3792
f 4010//4010 4011//4011 3995//3995
f 4012//4012 3802//3802 3800//3800
f 4012//4012 3800//3800 4011//4011
f 3999//3999 3795//3795 3802//3802
f 4012//4012 3999//3999 3802//3802
f 4013//4013 3999//3999 4012//4012
f 3999//3999 4014//4014 4000//4000
f 3999//3999 4013//4013 4014//4014
f 4000//4000 4015//4015 4002//4002
f 4000//4000 4014//4014 4015//4015
f 4002//4002 4016//4016 4004//4004
f 4002//4002 4015//4015 4016//4016
f 4005//4005 4004//4004 4017//4017
f 4004//4004 4018//4018 4017//4017
f 4004//4004 4016//4016 4018//4018
f 4020//4020 4019//4019 4018//4018
f 4018//4018 4019//4019 4017//4017
f 4020//4020 4021//4021 4019//4019
f 4008//4008 4022//4022 4007//4007
f 4007//4007 4022//4022 4009//4009
f 4009//4009 4022//4022 4023//4023
f 4009//4009 4023//4023 4010//4010
f 4010//4010 4023//4023 4024//4024
f 4010//4010 4024//4024 4011//4011
f 4011//4011 4024//4024 4025//4025
f 4011//4011 4025//4025 4012//4012
f 4012//4012 4025//4025 4026//4026
f 4012//4012 4026//4026 4013//4013
f 4013//4013 4026//4026 4027//4027
f 4029//4029 4028//4028 4027//4027
f 4028//4028 4013//4013 4027//4027
f 4028//4028 4014//4014 4013//4013
f 4028//4028 3804//3804 3805//3805
f 4015//4015 4028//4028 3805//3805
f 4014//4014 4028//4028 4015//4015
f 4015//4015 3805//3805 3806//3806
f 4015//4015 3806//3806 4016//4016
f 4016//4016 3806//3806 3808//3808
f 4016//4016 3808//3808 4018//4018
f 4018//4018 3808//3808 3810//3810
f 4018//4018 3810//3810 4020//4020
f 4031//4031 4030//4030 3812//3812
f 3812//3812 4030//4030 3810//3810
f 4030//4030 4021//4021 3810//3810
f 4021//4021 4020//4020 3810//3810
f 4031//4031 4032//4032 4030//4030
f 4029//4029 4033//4033 4028//4028
f 3804//3804 4028//4028 4033//4033
f 4034//4034 3804//3804 4033//4033
f 3814//3814 3804//3804 4034//4034
f 3817//3817 4031//4031 3812//3812
f 3817//3817 3818//3818 4031//4031
f 3818//3818 4035//4035 4031//4031
f 4035//4035 4032//4032 4031//4031
f 3818//3818 4036//4036 4035//4035
f 3819//3819 4036//4036 3818//3818
f 4034//4034 4037//4037 3814//3814
f 3814//3814 4037//4037 3820//3820
f 3822//3822 3820//3820 4037//4037
f 3822//3822 4037//4037 4038//4038
f 4041//4041 4040//4040 4039//4039
f 4039//4039 4040//4040 4035//4035
f 4039//4039 4035//4035 4036//4036
f 3825//3825 4039//4039 4036//4036
f 3824//3824 3825//3825 4036//4036
f 3824//3824 4036//4036 3819//3819
f 4038//4038 4042//4042 3822//3822
f 3822//3822 4042//4042 3827//3827
f 3827//3827 4043//4043 3828//3828
f 4042//4042 4043//4043 3827//3827
f 3828//3828 4044//4044 3830//3830
f 4043//4043 4044//4044 3828//3828
f 4039//4039 3831//3831 4041//4041
f 3831//3831 4044//4044 4041//4041
f 3831//3831 3830//3830 4044//4044
f 3831//3831 4039//4039 3825//3825
f 4045//4045 3839//3839 3840//3840
f 3841//3841 4046//4046 3840//3840
f 3840//3840 4046//4046 4045//4045
f 4046//4046 3841//3841 4047//4047
f 3841//3841 4048//4048 4047//4047
f 3841//3841 3842//3842 4048//4048
f 4049//4049 3842//3842 3843//3843
f 4049//4049 4048//4048 3842//3842
f 4050//4050 3843//3843 3844//3844
f 4050//4050 4049//4049 3843//3843
f 4051//4051 3844//3844 3845//3845
f 4051//4051 4050//4050 3844//3844
f 4053//4053 4051//4051 4052//4052
f 4051//4051 3846//3846 4052//4052
f 4051//4051 3845//3845 3846//3846
f 3848//3848 4052//4052 3846//3846
f 4054//4054 3859//3859 3860//3860
f 3839//3839 4045//4045 3860//3860
f 4045//4045 4054//4054 3860//3860
f 4045//4045 4055//4055 4054//4054
f 4046//4046 4057//4057 4056//4056
f 4055//4055 4046//4046 4056//4056
f 4045//4045 4046//4046 4055//4055
f 4057//4057 4046//4046 4047//4047
f 4058//4058 4053//4053 4052//4052
f 4058//4058 4052//4052 3848//3848
f 3861//3861 4058//4058 3848//3848
f 4059//4059 4058//4058 3861//3861
f 4061//4061 4059//4059 4060//4060
f 4059//4059 3862//3862 4060//4060
f 4059//4059 3861//3861 3862//3862
f 3863//3863 4062//4062 3862//3862
f 3862//3862 4062//4062 4060//4060
f 3864//3864 4063//4063 3863//3863
f 3863//3863 4063//4063 4062//4062
f 3865//3865 4064//4064 3864//3864
f 3864//3864 4064//4064 4063//4063
f 3866//3866 4065//4065 3865//3865
f 3865//3865 4065//4065 4064//4064
f 3867//3867 4066//4066 3866//3866
f 3866//3866 4066//4066 4065//4065
f 3868//3868 4067//4067 3867//3867
f 3867//3867 4067//4067 4066//4066
f 3870//3870 4067//4067 3868//3868
f 4068//4068 3879//3879 4054//4054
f 4054//4054 3879//3879 3859//3859
f 4069//4069 4054//4054 4055//4055
f 4068//4068 4054//4054 4069//4069
f 4055//4055 4056//4056 4070//4070
f 4055//4055 4070//4070 4069//4069
f 4071//4071 4061//4061 4060//4060
f 4073//4073 4072//4072 4071//4071
f 4060//4060 4073//4073 4071//4071
f 4062//4062 4073//4073 4060//4060
f 4074//4074 4062//4062 4063//4063
f 4073//4073 4062//4062 4074//4074
f 4075//4075 4063//4063 4064//4064
f 4074//4074 4063//4063 4075//4075
f 4076//4076 4064//4064 4065//4065
f 4075//4075 4064//4064 4076//4076
f 4077//4077 4065//4065 4066//4066
f 4076//4076 4065//4065 4077//4077
f 3882//3882 4077//4077 3881//3881
f 4077//4077 4067//4067 3881//3881
f 4077//4077 4066//4066 4067//4067
f 3881//3881 4067//4067 3870//3870
f 4068//4068 3891//3891 3879//3879
f 4068//4068 4069//4069 4078//4078
f 3893//3893 4068//4068 4078//4078
f 4079//4079 3893//3893 4078//4078
f 4068//4068 3893//3893 3891//3891
f 4078//4078 4069//4069 4070//4070
f 4080//4080 4072//4072 4073//4073
f 4082//4082 4081//4081 4080//4080
f 4073//4073 4082//4082 4080//4080
f 4074//4074 4082//4082 4073//4073
f 4083//4083 4074//4074 4075//4075
f 4082//4082 4074//4074 4083//4083
f 4084//4084 4075//4075 4076//4076
f 4083//4083 4075//4075 4084//4084
f 3896//3896 4084//4084 3895//3895
f 4084//4084 4077//4077 3895//3895
f 4084//4084 4076//4076 4077//4077
f 3895//3895 4077//4077 3882//3882
f 4086//4086 3899//3899 4085//4085
f 3899//3899 4079//4079 4085//4085
f 3899//3899 3893//3893 4079//4079
f 4087//4087 4086//4086 4085//4085
f 4088//4088 4081//4081 4082//4082
f 4090//4090 4089//4089 4088//4088
f 4082//4082 4090//4090 4088//4088
f 4083//4083 4090//4090 4082//4082
f 4091//4091 4083//4083 4084//4084
f 4090//4090 4083//4083 4091//4091
f 3901//3901 4091//4091 3896//3896
f 3896//3896 4091//4091 4084//4084
f 4086//4086 3903//3903 3899//3899
f 3905//3905 3903//3903 4086//4086
f 4087//4087 3905//3905 4086//4086
f 4092//4092 3905//3905 4087//4087
f 4093//4093 4089//4089 4090//4090
f 4095//4095 4094//4094 4093//4093
f 4090//4090 4095//4095 4093//4093
f 4091//4091 4095//4095 4090//4090
f 3907//3907 4095//4095 3901//3901
f 3901//3901 4095//4095 4091//4091
f 4092//4092 4096//4096 3905//3905
f 3905//3905 4096//4096 3910//3910
f 3912//3912 3910//3910 4096//4096
f 3912//3912 4096//4096 4097//4097
f 4098//4098 4094//4094 4095//4095
f 4100//4100 4098//4098 4099//4099
f 4099//4099 4098//4098 3913//3913
f 4098//4098 4095//4095 3913//3913
f 4095//4095 3907//3907 3913//3913
f 3914//3914 4099//4099 3913//3913
f 4097//4097 4101//4101 3912//3912
f 3912//3912 4101//4101 3917//3917
f 4103//4103 4102//4102 3919//3919
f 3917//3917 4103//4103 3919//3919
f 4101//4101 4103//4103 3917//3917
f 4104//4104 4102//4102 4103//4103
f 4105//4105 4100//4100 4099//4099
f 4099//4099 3914//3914 4105//4105
f 3914//3914 4106//4106 4105//4105
f 3914//3914 3921//3921 4106//4106
f 4102//4102 3924//3924 3919//3919
f 4104//4104 4107//4107 4102//4102
f 4107//4107 3924//3924 4102//4102
f 4107//4107 3927//3927 3924//3924
f 4109//4109 4108//4108 3928//3928
f 3927//3927 4109//4109 3928//3928
f 4107//4107 4109//4109 3927//3927
f 4110//4110 4108//4108 4109//4109
f 3930//3930 4112//4112 4111//4111
f 4106//4106 3930//3930 4111//4111
f 3921//3921 3930//3930 4106//4106
f 4112//4112 4113//4113 4111//4111
f 4114//4114 3934//3934 4108//4108
f 4108//4108 3934//3934 3928//3928
f 4108//4108 4110//4110 4115//4115
f 4116//4116 4108//4108 4115//4115
f 4114//4114 4108//4108 4116//4116
f 4118//4118 4117//4117 4116//4116
f 4118//4118 4116//4116 4115//4115
f 4120//4120 4119//4119 4117//4117
f 4120//4120 4117//4117 4118//4118
f 4122//4122 4121//4121 4119//4119
f 4122//4122 4119//4119 4120//4120
f 4124//4124 4123//4123 4121//4121
f 4124//4124 4121//4121 4122//4122
f 3936//3936 3937//3937 4123//4123
f 4124//4124 3936//3936 4123//4123
f 4125//4125 3936//3936 4124//4124
f 3936//3936 4126//4126 3939//3939
f 4125//4125 4126//4126 3936//3936
f 3939//3939 4127//4127 3940//3940
f 4126//4126 4127//4127 3939//3939
f 3930//3930 3940//3940 4112//4112
f 3940//3940 4128//4128 4112//4112
f 3940//3940 4127//4127 4128//4128
f 4112//4112 4128//4128 4113//4113
f 4114//4114 3942//3942 3934//3934
f 3942//3942 4114//4114 3945//3945
f 3945//3945 4114//4114 4116//4116
f 3945//3945 4116//4116 3947//3947
f 3947//3947 4116//4116 4117//4117
f 3947//3947 4117//4117 3949//3949
f 3949//3949 4117//4117 4119//4119
f 3949//3949 4119//4119 3951//3951
f 3951//3951 4119//4119 4121//4121
f 3951//3951 4121//4121 3953//3953
f 3953//3953 4121//4121 4123//4123
f 3953//3953 4123//4123 3937//3937
f 4131//4131 4130//4130 4129//4129
f 4133//4133 4132//4132 4129//4129
f 4129//4129 4132//4132 4131//4131
f 4135//4135 4134//4134 4133//4133
f 4133//4133 4134//4134 4132//4132
f 4137//4137 4136//4136 4135//4135
f 4135//4135 4136//4136 4134//4134
f 4137//4137 4138//4138 4136//4136
f 4141//4141 4140//4140 4139//4139
f 4143//4143 4142//4142 4139//4139
f 4139//4139 4142//4142 4141//4141
f 4145//4145 4144//4144 4143//4143
f 4143//4143 4144//4144 4142//4142
f 4144//4144 4145//4145 4130//4130
f 4145//4145 4129//4129 4130//4130
f 4145//4145 4146//4146 4129//4129
f 4129//4129 4147//4147 4133//4133
f 4129//4129 4146//4146 4147//4147
f 4147//4147 3982//3982 3983//3983
f 4135//4135 4147//4147 3983//3983
f 4133//4133 4147//4147 4135//4135
f 4135//4135 3983//3983 3984//3984
f 4135//4135 3984//3984 4137//4137
f 4148//4148 4138//4138 4137//4137
f 3984//3984 4148//4148 4137//4137
f 3985//3985 4148//4148 3984//3984
f 4150//4150 4149//4149 3986//3986
f 4149//4149 3985//3985 3986//3986
f 4149//4149 4148//4148 3985//3985
f 4150//4150 4151//4151 4149//4149
f 4152//4152 3988//3988 3989//3989
f 3990//3990 4152//4152 3989//3989
f 4140//4140 4153//4153 4139//4139
f 4154//4154 3991//3991 3993//3993
f 4139//4139 4154//4154 3993//3993
f 4143//4143 4139//4139 3993//3993
f 4153//4153 4154//4154 4139//4139
f 4143//4143 3993//3993 3994//3994
f 4143//4143 3994//3994 4145//4145
f 4145//4145 3994//3994 3996//3996
f 4145//4145 3996//3996 4146//4146
f 4146//4146 3996//3996 3997//3997
f 4146//4146 3997//3997 4147//4147
f 4147//4147 3997//3997 3982//3982
f 4001//4001 4150//4150 3986//3986
f 4155//4155 4151//4151 4150//4150
f 4001//4001 4155//4155 4150//4150
f 4003//4003 4155//4155 4001//4001
f 4157//4157 4156//4156 4005//4005
f 4156//4156 4003//4003 4005//4005
f 4156//4156 4155//4155 4003//4003
f 4157//4157 4158//4158 4156//4156
f 4152//4152 4006//4006 3988//3988
f 4006//4006 4152//4152 3990//3990
f 4160//4160 4008//4008 4159//4159
f 4008//4008 4154//4154 4159//4159
f 4008//4008 3991//3991 4154//4154
f 4162//4162 4161//4161 4160//4160
f 4162//4162 4160//4160 4159//4159
f 4164//4164 4163//4163 4161//4161
f 4164//4164 4161//4161 4162//4162
f 4166//4166 4165//4165 4163//4163
f 4166//4166 4163//4163 4164//4164
f 4167//4167 4165//4165 4166//4166
f 4017//4017 4157//4157 4005//4005
f 4168//4168 4158//4158 4157//4157
f 4017//4017 4168//4168 4157//4157
f 4019//4019 4168//4168 4017//4017
f 4019//4019 4021//4021 4168//4168
f 4168//4168 4021//4021 4169//4169
f 4160//4160 4022//4022 4008//4008
f 4022//4022 4160//4160 4023//4023
f 4023//4023 4160//4160 4161//4161
f 4023//4023 4161//4161 4024//4024
f 4024//4024 4161//4161 4163//4163
f 4024//4024 4163//4163 4025//4025
f 4025//4025 4163//4163 4165//4165
f 4167//4167 4170//4170 4165//4165
f 4170//4170 4025//4025 4165//4165
f 4170//4170 4026//4026 4025//4025
f 4026//4026 4171//4171 4027//4027
f 4170//4170 4171//4171 4026//4026
f 4029//4029 4027//4027 4171//4171
f 4029//4029 4171//4171 4172//4172
f 4021//4021 4030//4030 4173//4173
f 4174//4174 4021//4021 4173//4173
f 4169//4169 4021//4021 4174//4174
f 4032//4032 4173//4173 4030//4030
f 4172//4172 4175//4175 4029//4029
f 4029//4029 4175//4175 4033//4033
f 4177//4177 4176//4176 4034//4034
f 4033//4033 4177//4177 4034//4034
f 4175//4175 4177//4177 4033//4033
f 4179//4179 4178//4178 4176//4176
f 4179//4179 4176//4176 4177//4177
f 4180//4180 4178//4178 4179//4179
f 4174//4174 4173//4173 4181//4181
f 4174//4174 4181//4181 4182//4182
f 4035//4035 4181//4181 4032//4032
f 4032//4032 4181//4181 4173//4173
f 4176//4176 4037//4037 4034//4034
f 4037//4037 4176//4176 4038//4038
f 4176//4176 4183//4183 4038//4038
f 4176//4176 4178//4178 4183//4183
f 4178//4178 4180//4180 4184//4184
f 4185//4185 4178//4178 4184//4184
f 4183//4183 4178//4178 4185//4185
f 4187//4187 4186//4186 4185//4185
f 4187//4187 4185//4185 4184//4184
f 4186//4186 4187//4187 4182//4182
f 4186//4186 4182//4182 4181//4181
f 4041//4041 4186//4186 4181//4181
f 4040//4040 4041//4041 4181//4181
f 4040//4040 4181//4181 4035//4035
f 4183//4183 4042//4042 4038//4038
f 4042//4042 4183//4183 4043//4043
f 4043//4043 4183//4183 4185//4185
f 4043//4043 4185//4185 4044//4044
f 4044//4044 4185//4185 4186//4186
f 4044//4044 4186//4186 4041//4041
f 4188//4188 4047//4047 4048//4048
f 4049//4049 4189//4189 4048//4048
f 4048//4048 4189//4189 4188//4188
f 4050//4050 4190//4190 4049//4049
f 4049//4049 4190//4190 4189//4189
f 4051//4051 4191//4191 4050//4050
f 4050//4050 4191//4191 4190//4190
f 4053//4053 4191//4191 4051//4051
f 4192//4192 4056//4056 4057//4057
f 4047//4047 4188//4188 4057//4057
f 4188//4188 4192//4192 4057//4057
f 4188//4188 4193//4193 4192//4192
f 4194//4194 4188//4188 4189//4189
f 4193//4193 4188//4188 4194//4194
f 4195//4195 4189//4189 4190//4190
f 4194//4194 4189//4189 4195//4195
f 4196//4196 4190//4190 4191//4191
f 4195//4195 4190//4190 4196//4196
f 4058//4058 4197//4197 4053//4053
f 4197//4197 4191//4191 4053//4053
f 4197//4197 4196//4196 4191//4191
f 4059//4059 4198//4198 4058//4058
f 4058//4058 4198//4198 4197//4197
f 4061//4061 4198//4198 4059//4059
f 4199//4199 4070//4070 4192//4192
f 4192//4192 4070//4070 4056//4056
f 4200//4200 4192//4192 4193//4193
f 4199//4199 4192//4192 4200//4200
f 4194//4194 4202//4202 4201//4201
f 4200//4200 4194//4194 4201//4201
f 4193//4193 4194//4194 4200//4200
f 4202//4202 4194//4194 4195//4195
f 4202//4202 4195//4195 4203//4203
f 4203//4203 4195//4195 4196//4196
f 4203//4203 4196//4196 4204//4204
f 4206//4206 4205//4205 4204//4204
f 4196//4196 4206//4206 4204//4204
f 4197//4197 4206//4206 4196//4196
f 4207//4207 4197//4197 4198//4198
f 4206//4206 4197//4197 4207//4207
f 4071//4071 4208//4208 4061//4061
f 4208//4208 4198//4198 4061//4061
f 4208//4208 4207//4207 4198//4198
f 4072//4072 4208//4208 4071//4071
f 4209//4209 4079//4079 4078//4078
f 4070//4070 4199//4199 4078//4078
f 4199//4199 4209//4209 4078//4078
f 4199//4199 4210//4210 4209//4209
f 4200//4200 4212//4212 4211//4211
f 4210//4210 4200//4200 4211//4211
f 4199//4199 4200//4200 4210//4210
f 4212//4212 4200//4200 4201//4201
f 4213//4213 4205//4205 4206//4206
f 4213//4213 4206//4206 4207//4207
f 4213//4213 4207//4207 4214//4214
f 4216//4216 4215//4215 4214//4214
f 4207//4207 4216//4216 4214//4214
f 4208//4208 4216//4216 4207//4207
f 4080//4080 4217//4217 4072//4072
f 4217//4217 4208//4208 4072//4072
f 4217//4217 4216//4216 4208//4208
f 4081//4081 4217//4217 4080//4080
f 4209//4209 4085//4085 4079//4079
f 4085//4085 4209//4209 4087//4087
f 4209//4209 4218//4218 4087//4087
f 4209//4209 4210//4210 4218//4218
f 4210//4210 4211//4211 4219//4219
f 4210//4210 4219//4219 4218//4218
f 4220//4220 4215//4215 4216//4216
f 4222//4222 4221//4221 4220//4220
f 4216//4216 4222//4222 4220//4220
f 4217//4217 4222//4222 4216//4216
f 4088//4088 4223//4223 4081//4081
f 4223//4223 4217//4217 4081//4081
f 4223//4223 4222//4222 4217//4217
f 4089//4089 4223//4223 4088//4088
f 4224//4224 4092//4092 4218//4218
f 4218//4218 4092//4092 4087//4087
f 4218//4218 4219//4219 4225//4225
f 4218//4218 4225//4225 4224//4224
f 4226//4226 4221//4221 4222//4222
f 4226//4226 4222//4222 4223//4223
f 4226//4226 4223//4223 4227//4227
f 4229//4229 4227//4227 4228//4228
f 4228//4228 4227//4227 4093//4093
f 4227//4227 4223//4223 4093//4093
f 4223//4223 4089//4089 4093//4093
f 4094//4094 4228//4228 4093//4093
f 4224//4224 4096//4096 4092//4092
f 4231//4231 4230//4230 4097//4097
f 4231//4231 4097//4097 4096//4096
f 4225//4225 4231//4231 4096//4096
f 4224//4224 4225//4225 4096//4096
f 4232//4232 4230//4230 4231//4231
f 4233//4233 4229//4229 4228//4228
f 4233//4233 4228//4228 4094//4094
f 4098//4098 4233//4233 4094//4094
f 4234//4234 4233//4233 4098//4098
f 4098//4098 4100//4100 4234//4234
f 4234//4234 4100//4100 4235//4235
f 4230//4230 4101//4101 4097//4097
f 4232//4232 4236//4236 4230//4230
f 4236//4236 4101//4101 4230//4230
f 4236//4236 4103//4103 4101//4101
f 4238//4238 4237//4237 4104//4104
f 4103//4103 4238//4238 4104//4104
f 4236//4236 4238//4238 4103//4103
f 4240//4240 4239//4239 4237//4237
f 4240//4240 4237//4237 4238//4238
f 4241//4241 4239//4239 4240//4240
f 4242//4242 4235//4235 4100//4100
f 4242//4242 4100//4100 4105//4105
f 4244//4244 4243//4243 4106//4106
f 4243//4243 4105//4105 4106//4106
f 4243//4243 4242//4242 4105//4105
f 4244//4244 4245//4245 4243//4243
f 4237//4237 4107//4107 4104//4104
f 4107//4107 4237//4237 4109//4109
f 4109//4109 4237//4237 4239//4239
f 4247//4247 4246//4246 4110//4110
f 4247//4247 4110//4110 4109//4109
f 4241//4241 4247//4247 4109//4109
f 4239//4239 4241//4241 4109//4109
f 4249//4249 4248//4248 4246//4246
f 4249//4249 4246//4246 4247//4247
f 4250//4250 4248//4248 4249//4249
f 4111//4111 4244//4244 4106//4106
f 4111//4111 4113//4113 4244//4244
f 4113//4113 4245//4245 4244//4244
f 4113//4113 4251//4251 4245//4245
f 4246//4246 4115//4115 4110//4110
f 4115//4115 4246//4246 4118//4118
f 4118//4118 4246//4246 4248//4248
f 4120//4120 4118//4118 4248//4248
f 4252//4252 4120//4120 4248//4248
f 4250//4250 4252//4252 4248//4248
f 4253//4253 4120//4120 4252//4252
f 4254//4254 4122//4122 4120//4120
f 4254//4254 4120//4120 4253//4253
f 4255//4255 4124//4124 4122//4122
f 4255//4255 4122//4122 4254//4254
f 4256//4256 4125//4125 4124//4124
f 4256//4256 4124//4124 4255//4255
f 4125//4125 4256//4256 4257//4257
f 4258//4258 4125//4125 4257//4257
f 4126//4126 4125//4125 4258//4258
f 4126//4126 4259//4259 4127//4127
f 4258//4258 4259//4259 4126//4126
f 4127//4127 4260//4260 4128//4128
f 4259//4259 4260//4260 4127//4127
f 4113//4113 4128//4128 4251//4251
f 4251//4251 4128//4128 4260//4260
f 4252//4252 4261//4261 4253//4253
f 4253//4253 4261//4261 4254//4254
f 4254//4254 4261//4261 4262//4262
f 4254//4254 4262//4262 4255//4255
f 4255//4255 4262//4262 4263//4263
f 4255//4255 4263//4263 4256//4256
f 4256//4256 4263//4263 4264//4264
f 4256//4256 4264//4264 4257//4257
f 4267//4267 4266//4266 4265//4265
f 4269//4269 4268//4268 4265//4265
f 4265//4265 4268//4268 4267//4267
f 4271//4271 4270//4270 4269//4269
f 4269//4269 4270//4270 4268//4268
f 4273//4273 4272//4272 4271//4271
f 4271//4271 4272//4272 4270//4270
f 4273//4273 4274//4274 4272//4272
f 4277//4277 4276//4276 4275//4275
f 4279//4279 4278//4278 4275//4275
f 4275//4275 4278//4278 4277//4277
f 4278//4278 4279//4279 4266//4266
f 4279//4279 4265//4265 4266//4266
f 4279//4279 4280//4280 4265//4265
f 4280//4280 4130//4130 4131//4131
f 4269//4269 4280//4280 4131//4131
f 4265//4265 4280//4280 4269//4269
f 4269//4269 4131//4131 4132//4132
f 4269//4269 4132//4132 4271//4271
f 4271//4271 4132//4132 4134//4134
f 4271//4271 4134//4134 4273//4273
f 4281//4281 4274//4274 4273//4273
f 4134//4134 4281//4281 4273//4273
f 4136//4136 4281//4281 4134//4134
f 4283//4283 4282//4282 4138//4138
f 4282//4282 4136//4136 4138//4138
f 4282//4282 4281//4281 4136//4136
f 4283//4283 4284//4284 4282//4282
f 4286//4286 4285//4285 4276//4276
f 4285//4285 4140//4140 4276//4276
f 4141//4141 4275//4275 4276//4276
f 4141//4141 4276//4276 4140//4140
f 4142//4142 4287//4287 4141//4141
f 4142//4142 4285//4285 4287//4287
f 4285//4285 4142//4142 4288//4288
f 4279//4279 4288//4288 4142//4142
f 4288//4288 4279//4279 4286//4286
f 4287//4287 4286//4286 4279//4279
f 4279//4279 4275//4275 4287//4287
f 4287//4287 4275//4275 4141//4141
f 4285//4285 4286//4286 4287//4287
f 4279//4279 4142//4142 4144//4144
f 4279//4279 4144//4144 4280//4280
f 4280//4280 4144//4144 4130//4130
f 4148//4148 4283//4283 4138//4138
f 4289//4289 4284//4284 4283//4283
f 4148//4148 4289//4289 4283//4283
f 4149//4149 4289//4289 4148//4148
f 4149//4149 4151//4151 4289//4289
f 4289//4289 4151//4151 4290//4290
f 4285//4285 4153//4153 4140//4140
f 4292//4292 4291//4291 4154//4154
f 4292//4292 4154//4154 4153//4153
f 4288//4288 4292//4292 4153//4153
f 4285//4285 4288//4288 4153//4153
f 4293//4293 4291//4291 4292//4292
f 4294//4294 4290//4290 4151//4151
f 4294//4294 4151//4151 4155//4155
f 4296//4296 4294//4294 4295//4295
f 4294//4294 4156//4156 4295//4295
f 4294//4294 4155//4155 4156//4156
f 4158//4158 4295//4295 4156//4156
f 4291//4291 4159//4159 4154//4154
f 4293//4293 4297//4297 4291//4291
f 4297//4297 4159//4159 4291//4291
f 4297//4297 4162//4162 4159//4159
f 4162//4162 4298//4298 4164//4164
f 4297//4297 4298//4298 4162//4162
f 4164//4164 4299//4299 4166//4166
f 4298//4298 4299//4299 4164//4164
f 4301//4301 4300//4300 4167//4167
f 4166//4166 4301//4301 4167//4167
f 4299//4299 4301//4301 4166//4166
f 4302//4302 4300//4300 4301//4301
f 4303//4303 4296//4296 4295//4295
f 4305//4305 4303//4303 4304//4304
f 4304//4304 4303//4303 4168//4168
f 4303//4303 4295//4295 4168//4168
f 4295//4295 4158//4158 4168//4168
f 4169//4169 4304//4304 4168//4168
f 4300//4300 4170//4170 4167//4167
f 4302//4302 4306//4306 4300//4300
f 4306//4306 4170//4170 4300//4300
f 4306//4306 4171//4171 4170//4170
f 4308//4308 4307//4307 4172//4172
f 4171//4171 4308//4308 4172//4172
f 4306//4306 4308//4308 4171//4171
f 4310//4310 4309//4309 4307//4307
f 4310//4310 4307//4307 4308//4308
f 4311//4311 4309//4309 4310//4310
f 4305//4305 4304//4304 4312//4312
f 4305//4305 4312//4312 4313//4313
f 4174//4174 4312//4312 4169//4169
f 4169//4169 4312//4312 4304//4304
f 4307//4307 4175//4175 4172//4172
f 4175//4175 4307//4307 4177//4177
f 4177//4177 4307//4307 4309//4309
f 4311//4311 4314//4314 4309//4309
f 4314//4314 4177//4177 4309//4309
f 4314//4314 4179//4179 4177//4177
f 4316//4316 4315//4315 4180//4180
f 4179//4179 4316//4316 4180//4180
f 4314//4314 4316//4316 4179//4179
f 4315//4315 4316//4316 4313//4313
f 4312//4312 4315//4315 4313//4313
f 4317//4317 4315//4315 4312//4312
f 4182//4182 4317//4317 4174//4174
f 4174//4174 4317//4317 4312//4312
f 4315//4315 4184//4184 4180//4180
f 4184//4184 4315//4315 4187//4187
f 4187//4187 4315//4315 4317//4317
f 4187//4187 4317//4317 4182//4182
f 4318//4318 4201//4201 4202//4202
f 4203//4203 4319//4319 4202//4202
f 4202//4202 4319//4319 4318//4318
f 4204//4204 4320//4320 4203//4203
f 4203//4203 4320//4320 4319//4319
f 4205//4205 4320//4320 4204//4204
f 4321//4321 4211//4211 4212//4212
f 4201//4201 4318//4318 4212//4212
f 4318//4318 4321//4321 4212//4212
f 4318//4318 4322//4322 4321//4321
f 4323//4323 4318//4318 4319//4319
f 4322//4322 4318//4318 4323//4323
f 4324//4324 4319//4319 4320//4320
f 4323//4323 4319//4319 4324//4324
f 4213//4213 4325//4325 4205//4205
f 4325//4325 4320//4320 4205//4205
f 4325//4325 4324//4324 4320//4320
f 4214//4214 4326//4326 4213//4213
f 4213//4213 4326//4326 4325//4325
f 4215//4215 4326//4326 4214//4214
f 4327//4327 4219//4219 4321//4321
f 4321//4321 4219//4219 4211//4211
f 4328//4328 4321//4321 4322//4322
f 4327//4327 4321//4321 4328//4328
f 4329//4329 4322//4322 4323//4323
f 4328//4328 4322//4322 4329//4329
f 4330//4330 4323//4323 4324//4324
f 4329//4329 4323//4323 4330//4330
f 4331//4331 4324//4324 4325//4325
f 4330//4330 4324//4324 4331//4331
f 4332//4332 4325//4325 4326//4326
f 4331//4331 4325//4325 4332//4332
f 4220//4220 4333//4333 4215//4215
f 4333//4333 4326//4326 4215//4215
f 4333//4333 4332//4332 4326//4326
f 4221//4221 4333//4333 4220//4220
f 4334//4334 4225//4225 4327//4327
f 4327//4327 4225//4225 4219//4219
f 4335//4335 4327//4327 4328//4328
f 4334//4334 4327//4327 4335//4335
f 4336//4336 4328//4328 4329//4329
f 4335//4335 4328//4328 4336//4336
f 4337//4337 4329//4329 4330//4330
f 4336//4336 4329//4329 4337//4337
f 4338//4338 4330//4330 4331//4331
f 4337//4337 4330//4330 4338//4338
f 4332//4332 4340//4340 4339//4339
f 4338//4338 4332//4332 4339//4339
f 4331//4331 4332//4332 4338//4338
f 4340//4340 4332//4332 4333//4333
f 4340//4340 4333//4333 4341//4341
f 4341//4341 4333//4333 4221//4221
f 4226//4226 4341//4341 4221//4221
f 4342//4342 4341//4341 4226//4226
f 4344//4344 4342//4342 4343//4343
f 4342//4342 4227//4227 4343//4343
f 4342//4342 4226//4226 4227//4227
f 4229//4229 4343//4343 4227//4227
f 4334//4334 4231//4231 4225//4225
f 4231//4231 4334//4334 4232//4232
f 4334//4334 4345//4345 4232//4232
f 4334//4334 4335//4335 4345//4345
f 4346//4346 4335//4335 4336//4336
f 4345//4345 4335//4335 4346//4346
f 4347//4347 4336//4336 4337//4337
f 4346//4346 4336//4336 4347//4347
f 4338//4338 4349//4349 4348//4348
f 4347//4347 4338//4338 4348//4348
f 4337//4337 4338//4338 4347//4347
f 4349//4349 4338//4338 4339//4339
f 4350//4350 4344//4344 4343//4343
f 4350//4350 4343//4343 4229//4229
f 4233//4233 4350//4350 4229//4229
f 4351//4351 4350//4350 4233//4233
f 4352//4352 4233//4233 4234//4234
f 4352//4352 4351//4351 4233//4233
f 4354//4354 4353//4353 4235//4235
f 4353//4353 4234//4234 4235//4235
f 4353//4353 4352//4352 4234//4234
f 4354//4354 4355//4355 4353//4353
f 4345//4345 4236//4236 4232//4232
f 4236//4236 4345//4345 4238//4238
f 4238//4238 4345//4345 4346//4346
f 4238//4238 4346//4346 4240//4240
f 4240//4240 4346//4346 4347//4347
f 4357//4357 4356//4356 4241//4241
f 4357//4357 4241//4241 4240//4240
f 4348//4348 4357//4357 4240//4240
f 4347//4347 4348//4348 4240//4240
f 4358//4358 4356//4356 4357//4357
f 4242//4242 4354//4354 4235//4235
f 4359//4359 4355//4355 4354//4354
f 4242//4242 4359//4359 4354//4354
f 4243//4243 4359//4359 4242//4242
f 4243//4243 4245//4245 4359//4359
f 4359//4359 4245//4245 4360//4360
f 4356//4356 4247//4247 4241//4241
f 4249//4249 4247//4247 4356//4356
f 4361//4361 4249//4249 4356//4356
f 4358//4358 4361//4361 4356//4356
f 4362//4362 4249//4249 4361//4361
f 4362//4362 4250//4250 4249//4249
f 4365//4365 4364//4364 4363//4363
f 4367//4367 4366//4366 4363//4363
f 4367//4367 4363//4363 4364//4364
f 4367//4367 4360//4360 4366//4366
f 4360//4360 4251//4251 4366//4366
f 4360//4360 4245//4245 4251//4251
f 4361//4361 4368//4368 4362//4362
f 4250//4250 4362//4362 4368//4368
f 4369//4369 4250//4250 4368//4368
f 4252//4252 4250//4250 4369//4369
f 4371//4371 4370//4370 4258//4258
f 4371//4371 4258//4258 4257//4257
f 4363//4363 4259//4259 4365//4365
f 4259//4259 4370//4370 4365//4365
f 4259//4259 4258//4258 4370//4370
f 4259//4259 4363//4363 4260//4260
f 4260//4260 4363//4363 4366//4366
f 4260//4260 4366//4366 4251//4251
f 4374//4374 4373//4373 4372//4372
f 4372//4372 4375//4375 4261//4261
f 4369//4369 4372//4372 4261//4261
f 4252//4252 4369//4369 4261//4261
f 4372//4372 4369//4369 4374//4374
f 4376//4376 4262//4262 4261//4261
f 4376//4376 4261//4261 4375//4375
f 4377//4377 4263//4263 4262//4262
f 4377//4377 4262//4262 4376//4376
f 4263//4263 4377//4377 4378//4378
f 4379//4379 4263//4263 4378//4378
f 4264//4264 4263//4263 4379//4379
f 4257//4257 4264//4264 4371//4371
f 4371//4371 4264//4264 4379//4379
f 4372//4372 4373//4373 4380//4380
f 4380//4380 4373//4373 4381//4381
f 4372//4372 4382//4382 4375//4375
f 4372//4372 4380//4380 4382//4382
f 4375//4375 4383//4383 4376//4376
f 4375//4375 4382//4382 4383//4383
f 4376//4376 4384//4384 4377//4377
f 4376//4376 4383//4383 4384//4384
f 4378//4378 4377//4377 4385//4385
f 4385//4385 4377//4377 4384//4384
f 4388//4388 4387//4387 4386//4386
f 4388//4388 4386//4386 4381//4381
f 4381//4381 4386//4386 4380//4380
f 4386//4386 4266//4266 4380//4380
f 4266//4266 4267//4267 4380//4380
f 4380//4380 4267//4267 4268//4268
f 4380//4380 4268//4268 4382//4382
f 4382//4382 4268//4268 4270//4270
f 4382//4382 4270//4270 4383//4383
f 4383//4383 4270//4270 4272//4272
f 4383//4383 4272//4272 4384//4384
f 4390//4390 4389//4389 4274//4274
f 4274//4274 4389//4389 4272//4272
f 4389//4389 4385//4385 4272//4272
f 4385//4385 4384//4384 4272//4272
f 4390//4390 4391//4391 4389//4389
f 4392//4392 4276//4276 4277//4277
f 4387//4387 4393//4393 4386//4386
f 4393//4393 4277//4277 4386//4386
f 4277//4277 4278//4278 4386//4386
f 4277//4277 4393//4393 4392//4392
f 4386//4386 4278//4278 4266//4266
f 4281//4281 4390//4390 4274//4274
f 4394//4394 4391//4391 4390//4390
f 4281//4281 4394//4394 4390//4390
f 4282//4282 4394//4394 4281//4281
f 4282//4282 4284//4284 4394//4394
f 4394//4394 4284//4284 4395//4395
f 4392//4392 4286//4286 4276//4276
f 4288//4288 4286//4286 4392//4392
f 4393//4393 4288//4288 4392//4392
f 4396//4396 4288//4288 4393//4393
f 4397//4397 4395//4395 4284//4284
f 4397//4397 4284//4284 4289//4289
f 4289//4289 4290//4290 4397//4397
f 4397//4397 4290//4290 4398//4398
f 4396//4396 4399//4399 4288//4288
f 4288//4288 4399//4399 4292//4292
f 4401//4401 4400//4400 4293//4293
f 4292//4292 4401//4401 4293//4293
f 4399//4399 4401//4401 4292//4292
f 4403//4403 4402//4402 4400//4400
f 4403//4403 4400//4400 4401//4401
f 4405//4405 4404//4404 4402//4402
f 4405//4405 4402//4402 4403//4403
f 4407//4407 4406//4406 4404//4404
f 4407//4407 4404//4404 4405//4405
f 4408//4408 4406//4406 4407//4407
f 4290//4290 4294//4294 4409//4409
f 4410//4410 4290//4290 4409//4409
f 4398//4398 4290//4290 4410//4410
f 4296//4296 4409//4409 4294//4294
f 4400//4400 4297//4297 4293//4293
f 4297//4297 4400//4400 4298//4298
f 4298//4298 4400//4400 4402//4402
f 4298//4298 4402//4402 4299//4299
f 4299//4299 4402//4402 4404//4404
f 4299//4299 4404//4404 4301//4301
f 4301//4301 4404//4404 4406//4406
f 4412//4412 4411//4411 4302//4302
f 4412//4412 4302//4302 4301//4301
f 4408//4408 4412//4412 4301//4301
f 4406//4406 4408//4408 4301//4301
f 4414//4414 4413//4413 4411//4411
f 4414//4414 4411//4411 4412//4412
f 4416//4416 4415//4415 4413//4413
f 4416//4416 4413//4413 4414//4414
f 4415//4415 4416//4416 4410//4410
f 4409//4409 4415//4415 4410//4410
f 4417//4417 4415//4415 4409//4409
f 4303//4303 4418//4418 4296//4296
f 4418//4418 4409//4409 4296//4296
f 4418//4418 4417//4417 4409//4409
f 4305//4305 4418//4418 4303//4303
f 4411//4411 4306//4306 4302//4302
f 4306//4306 4411//4411 4308//4308
f 4308//4308 4411//4411 4413//4413
f 4308//4308 4413//4413 4310//4310
f 4310//4310 4413//4413 4415//4415
f 4310//4310 4415//4415 4311//4311
f 4415//4415 4419//4419 4311//4311
f 4415//4415 4417//4417 4419//4419
f 4420//4420 4417//4417 4418//4418
f 4419//4419 4417//4417 4420//4420
f 4313//4313 4420//4420 4305//4305
f 4305//4305 4420//4420 4418//4418
f 4419//4419 4314//4314 4311//4311
f 4314//4314 4419//4419 4316//4316
f 4316//4316 4419//4419 4420//4420
f 4316//4316 4420//4420 4313//4313
f 4421//4421 4339//4339 4340//4340
f 4341//4341 4422//4422 4340//4340
f 4340//4340 4422//4422 4421//4421
f 4342//4342 4423//4423 4341//4341
f 4341//4341 4423//4423 4422//4422
f 4344//4344 4423//4423 4342//4342
f 4424//4424 4348//4348 4349//4349
f 4339//4339 4421//4421 4349//4349
f 4421//4421 4424//4424 4349//4349
f 4421//4421 4425//4425 4424//4424
f 4422//4422 4427//4427 4426//4426
f 4425//4425 4422//4422 4426//4426
f 4421//4421 4422//4422 4425//4425
f 4427//4427 4422//4422 4423//4423
f 4427//4427 4423//4423 4428//4428
f 4428//4428 4423//4423 4344//4344
f 4350//4350 4428//4428 4344//4344
f 4429//4429 4428//4428 4350//4350
f 4430//4430 4350//4350 4351//4351
f 4430//4430 4429//4429 4350//4350
f 4431//4431 4351//4351 4352//4352
f 4431//4431 4430//4430 4351//4351
f 4433//4433 4431//4431 4432//4432
f 4431//4431 4353//4353 4432//4432
f 4431//4431 4352//4352 4353//4353
f 4355//4355 4432//4432 4353//4353
f 4424//4424 4357//4357 4348//4348
f 4357//4357 4424//4424 4358//4358
f 4424//4424 4434//4434 4358//4358
f 4424//4424 4425//4425 4434//4434
f 4425//4425 4426//4426 4435//4435
f 4425//4425 4435//4435 4434//4434
f 4433//4433 4432//4432 4436//4436
f 4433//4433 4436//4436 4437//4437
f 4359//4359 4438//4438 4355//4355
f 4438//4438 4432//4432 4355//4355
f 4438//4438 4436//4436 4432//4432
f 4360//4360 4438//4438 4359//4359
f 4439//4439 4361//4361 4434//4434
f 4434//4434 4361//4361 4358//4358
f 4434//4434 4435//4435 4440//4440
f 4434//4434 4440//4440 4439//4439
f 4443//4443 4442//4442 4441//4441
f 4441//4441 4442//4442 4437//4437
f 4441//4441 4437//4437 4436//4436
f 4365//4365 4441//4441 4436//4436
f 4364//4364 4365//4365 4436//4436
f 4364//4364 4436//4436 4367//4367
f 4367//4367 4436//4436 4438//4438
f 4367//4367 4438//4438 4360//4360
f 4445//4445 4368//4368 4444//4444
f 4368//4368 4361//4361 4444//4444
f 4444//4444 4361//4361 4439//4439
f 4446//4446 4444//4444 4439//4439
f 4439//4439 4440//4440 4446//4446
f 4368//4368 4445//4445 4369//4369
f 4449//4449 4448//4448 4447//4447
f 4447//4447 4448//4448 4443//4443
f 4447//4447 4443//4443 4441//4441
f 4371//4371 4447//4447 4441//4441
f 4370//4370 4371//4371 4441//4441
f 4370//4370 4441//4441 4365//4365
f 4445//4445 4444//4444 4374//4374
f 4444//4444 4373//4373 4374//4374
f 4444//4444 4450//4450 4373//4373
f 4445//4445 4374//4374 4369//4369
f 4449//4449 4447//4447 4379//4379
f 4378//4378 4449//4449 4379//4379
f 4451//4451 4449//4449 4378//4378
f 4379//4379 4447//4447 4371//4371
f 4454//4454 4453//4453 4452//4452
f 4450//4450 4454//4454 4452//4452
f 4381//4381 4450//4450 4452//4452
f 4373//4373 4450//4450 4381//4381
f 4385//4385 4451//4451 4378//4378
f 4385//4385 4455//4455 4451//4451
f 4452//4452 4453//4453 4388//4388
f 4453//4453 4387//4387 4388//4388
f 4453//4453 4456//4456 4387//4387
f 4452//4452 4388//4388 4381//4381
f 4385//4385 4389//4389 4457//4457
f 4458//4458 4385//4385 4457//4457
f 4455//4455 4385//4385 4458//4458
f 4391//4391 4457//4457 4389//4389
f 4460//4460 4393//4393 4459//4459
f 4393//4393 4456//4456 4459//4459
f 4393//4393 4387//4387 4456//4456
f 4461//4461 4460//4460 4459//4459
f 4464//4464 4463//4463 4462//4462
f 4466//4466 4465//4465 4462//4462
f 4466//4466 4462//4462 4463//4463
f 4465//4465 4466//4466 4458//4458
f 4457//4457 4465//4465 4458//4458
f 4467//4467 4465//4465 4457//4457
f 4394//4394 4468//4468 4391//4391
f 4468//4468 4457//4457 4391//4391
f 4468//4468 4467//4467 4457//4457
f 4395//4395 4468//4468 4394//4394
f 4469//4469 4396//4396 4460//4460
f 4460//4460 4396//4396 4393//4393
f 4460//4460 4461//4461 4470//4470
f 4471//4471 4460//4460 4470//4470
f 4469//4469 4460//4460 4471//4471
f 4473//4473 4472//4472 4471//4471
f 4473//4473 4471//4471 4470//4470
f 4472//4472 4473//4473 4464//4464
f 4462//4462 4472//4472 4464//4464
f 4474//4474 4472//4472 4462//4462
f 4475//4475 4462//4462 4465//4465
f 4474//4474 4462//4462 4475//4475
f 4476//4476 4465//4465 4467//4467
f 4475//4475 4465//4465 4476//4476
f 4477//4477 4467//4467 4468//4468
f 4476//4476 4467//4467 4477//4477
f 4397//4397 4478//4478 4395//4395
f 4478//4478 4468//4468 4395//4395
f 4478//4478 4477//4477 4468//4468
f 4398//4398 4478//4478 4397//4397
f 4469//4469 4399//4399 4396//4396
f 4399//4399 4469//4469 4401//4401
f 4401//4401 4469//4469 4471//4471
f 4401//4401 4471//4471 4403//4403
f 4403//4403 4471//4471 4472//4472
f 4403//4403 4472//4472 4405//4405
f 4405//4405 4472//4472 4474//4474
f 4405//4405 4474//4474 4407//4407
f 4407//4407 4474//4474 4475//4475
f 4407//4407 4475//4475 4408//4408
f 4475//4475 4479//4479 4408//4408
f 4475//4475 4476//4476 4479//4479
f 4480//4480 4476//4476 4477//4477
f 4479//4479 4476//4476 4480//4480
f 4481//4481 4477//4477 4478//4478
f 4480//4480 4477//4477 4481//4481
f 4410//4410 4481//4481 4398//4398
f 4398//4398 4481//4481 4478//4478
f 4479//4479 4412//4412 4408//4408
f 4412//4412 4479//4479 4414//4414
f 4414//4414 4479//4479 4480//4480
f 4414//4414 4480//4480 4416//4416
f 4416//4416 4480//4480 4481//4481
f 4416//4416 4481//4481 4410//4410
f 4484//4484 4483//4483 4482//4482
f 4486//4486 4485//4485 4482//4482
f 4482//4482 4485//4485 4484//4484
f 4486//4486 4487//4487 4485//4485
f 4483//4483 4488//4488 4482//4482
f 4482//4482 4488//4488 4486//4486
f 4486//4486 4488//4488 4489//4489
f 4486//4486 4489//4489 4487//4487
f 4491//4491 4490//4490 4427//4427
f 4427//4427 4490//4490 4426//4426
f 4492//4492 4427//4427 4428//4428
f 4492//4492 4491//4491 4427//4427
f 4493//4493 4428//4428 4429//4429
f 4493//4493 4492//4492 4428//4428
f 4494//4494 4429//4429 4430//4430
f 4494//4494 4493//4493 4429//4429
f 4496//4496 4494//4494 4495//4495
f 4494//4494 4431//4431 4495//4495
f 4494//4494 4430//4430 4431//4431
f 4433//4433 4495//4495 4431//4431
f 4490//4490 4435//4435 4426//4426
f 4497//4497 4435//4435 4490//4490
f 4496//4496 4495//4495 4498//4498
f 4496//4496 4498//4498 4499//4499
f 4437//4437 4498//4498 4433//4433
f 4433//4433 4498//4498 4495//4495
f 4497//4497 4440//4440 4435//4435
f 4500//4500 4440//4440 4497//4497
f 4503//4503 4502//4502 4501//4501
f 4505//4505 4504//4504 4501//4501
f 4505//4505 4501//4501 4502//4502
f 4504//4504 4505//4505 4499//4499
f 4504//4504 4499//4499 4498//4498
f 4443//4443 4504//4504 4498//4498
f 4442//4442 4443//4443 4498//4498
f 4442//4442 4498//4498 4437//4437
f 4506//4506 4444//4444 4446//4446
f 4507//4507 4506//4506 4446//4446
f 4440//4440 4507//4507 4446//4446
f 4500//4500 4507//4507 4440//4440
f 4510//4510 4509//4509 4508//4508
f 4508//4508 4509//4509 4503//4503
f 4501//4501 4508//4508 4503//4503
f 4511//4511 4508//4508 4501//4501
f 4449//4449 4511//4511 4448//4448
f 4511//4511 4504//4504 4448//4448
f 4511//4511 4501//4501 4504//4504
f 4448//4448 4504//4504 4443//4443
f 4513//4513 4512//4512 4506//4506
f 4512//4512 4444//4444 4506//4506
f 4512//4512 4450//4450 4444//4444
f 4513//4513 4506//4506 4507//4507
f 4510//4510 4508//4508 4514//4514
f 4510//4510 4514//4514 4515//4515
f 4516//4516 4508//4508 4511//4511
f 4514//4514 4508//4508 4516//4516
f 4451//4451 4516//4516 4449//4449
f 4449//4449 4516//4516 4511//4511
f 4517//4517 4453//4453 4454//4454
f 4518//4518 4517//4517 4454//4454
f 4450//4450 4518//4518 4454//4454
f 4512//4512 4518//4518 4450//4450
f 4515//4515 4514//4514 4519//4519
f 4515//4515 4519//4519 4520//4520
f 4521//4521 4514//4514 4516//4516
f 4519//4519 4514//4514 4521//4521
f 4455//4455 4521//4521 4451//4451
f 4451//4451 4521//4521 4516//4516
f 4522//4522 4456//4456 4517//4517
f 4517//4517 4456//4456 4453//4453
f 4517//4517 4518//4518 4523//4523
f 4524//4524 4517//4517 4523//4523
f 4522//4522 4517//4517 4524//4524
f 4526//4526 4525//4525 4524//4524
f 4526//4526 4524//4524 4523//4523
f 4525//4525 4526//4526 4520//4520
f 4519//4519 4525//4525 4520//4520
f 4527//4527 4525//4525 4519//4519
f 4528//4528 4519//4519 4521//4521
f 4527//4527 4519//4519 4528//4528
f 4458//4458 4528//4528 4455//4455
f 4455//4455 4528//4528 4521//4521
f 4522//4522 4459//4459 4456//4456
f 4459//4459 4522//4522 4461//4461
f 4522//4522 4529//4529 4461//4461
f 4522//4522 4524//4524 4529//4529
f 4530//4530 4524//4524 4525//4525
f 4529//4529 4524//4524 4530//4530
f 4464//4464 4530//4530 4463//4463
f 4530//4530 4527//4527 4463//4463
f 4530//4530 4525//4525 4527//4527
f 4463//4463 4527//4527 4466//4466
f 4466//4466 4527//4527 4528//4528
f 4466//4466 4528//4528 4458//4458
f 4529//4529 4470//4470 4461//4461
f 4470//4470 4529//4529 4473//4473
f 4473//4473 4529//4529 4530//4530
f 4473//4473 4530//4530 4464//4464
f 4533//4533 4532//4532 4531//4531
f 4531//4531 4534//4534 4533//4533
f 4531//4531 4532//4532 4535//4535
f 4535//4535 4532//4532 4536//4536
f 4484//4484 4537//4537 4483//4483
f 4537//4537 4531//4531 4483//4483
f 4531//4531 4535//4535 4483//4483
f 4531//4531 4537//4537 4534//4534
f 4539//4539 4537//4537 4538//4538
f 4537//4537 4485//4485 4538//4538
f 4537//4537 4484//4484 4485//4485
f 4487//4487 4538//4538 4485//4485
f 4536//4536 4540//4540 4535//4535
f 4535//4535 4540//4540 4483//4483
f 4540//4540 4488//4488 4483//4483
f 4540//4540 4541//4541 4488//4488
f 4538//4538 4489//4489 4539//4539
f 4489//4489 4541//4541 4539//4539
f 4489//4489 4488//4488 4541//4541
f 4489//4489 4538//4538 4487//4487
f 4542//4542 4490//4490 4491//4491
f 4492//4492 4543//4543 4491//4491
f 4491//4491 4543//4543 4542//4542
f 4493//4493 4544//4544 4492//4492
f 4492//4492 4544//4544 4543//4543
f 4494//4494 4545//4545 4493//4493
f 4493//4493 4545//4545 4544//4544
f 4496//4496 4545//4545 4494//4494
f 4546//4546 4497//4497 4542//4542
f 4542//4542 4497//4497 4490//4490
f 4547//4547 4542//4542 4543//4543
f 4546//4546 4542//4542 4547//4547
f 4548//4548 4543//4543 4544//4544
f 4547//4547 4543//4543 4548//4548
f 4549//4549 4544//4544 4545//4545
f 4548//4548 4544//4544 4549//4549
f 4499//4499 4549//4549 4496//4496
f 4496//4496 4549//4549 4545//4545
f 4550//4550 4500//4500 4546//4546
f 4546//4546 4500//4500 4497//4497
f 4551//4551 4546//4546 4547//4547
f 4550//4550 4546//4546 4551//4551
f 4503//4503 4551//4551 4502//4502
f 4551//4551 4548//4548 4502//4502
f 4551//4551 4547//4547 4548//4548
f 4502//4502 4548//4548 4505//4505
f 4505//4505 4548//4548 4549//4549
f 4505//4505 4549//4549 4499//4499
f 4552//4552 4507//4507 4550//4550
f 4550//4550 4507//4507 4500//4500
f 4510//4510 4552//4552 4509//4509
f 4552//4552 4551//4551 4509//4509
f 4552//4552 4550//4550 4551//4551
f 4509//4509 4551//4551 4503//4503
f 4553//4553 4512//4512 4513//4513
f 4507//4507 4552//4552 4513//4513
f 4552//4552 4553//4553 4513//4513
f 4552//4552 4554//4554 4553//4553
f 4515//4515 4554//4554 4510//4510
f 4510//4510 4554//4554 4552//4552
f 4555//4555 4518//4518 4553//4553
f 4553//4553 4518//4518 4512//4512
f 4556//4556 4553//4553 4554//4554
f 4555//4555 4553//4553 4556//4556
f 4520//4520 4556//4556 4515//4515
f 4515//4515 4556//4556 4554//4554
f 4555//4555 4523//4523 4518//4518
f 4523//4523 4555//4555 4526//4526
f 4526//4526 4555//4555 4556//4556
f 4526//4526 4556//4556 4520//4520
f 4557//4557 4532//4532 4533//4533
f 4534//4534 4557//4557 4533//4533
f 4558//4558 4536//4536 4557//4557
f 4557//4557 4536//4536 4532//4532
f 4537//4537 4559//4559 4534//4534
f 4559//4559 4557//4557 4534//4534
f 4559//4559 4558//4558 4557//4557
f 4539//4539 4559//4559 4537//4537
f 4558//4558 4540//4540 4536//4536
f 4540//4540 4558//4558 4541//4541
f 4541//4541 4558//4558 4559//4559
f 4541//4541 4559//4559 4539//4539

