# https://github.com/mikedh/trimesh
mtllib material.mtl

o necrotic
usemtl material_0
v 63.50000000 74.00000000 69.00000000
v 64.00000000 74.00000000 68.50000000
v 64.00000000 73.50000000 69.00000000
v 64.00000000 74.00000000 69.50000000
v 63.50000000 75.00000000 68.00000000
v 64.00000000 75.00000000 67.50000000
v 64.00000000 74.50000000 68.00000000
v 63.50000000 75.00000000 69.00000000
v 64.00000000 75.00000000 69.50000000
v 64.00000000 75.50000000 68.00000000
v 64.00000000 75.50000000 69.00000000
v 64.50000000 74.00000000 68.00000000
v 65.00000000 74.00000000 67.50000000
v 65.00000000 73.50000000 68.00000000
v 65.00000000 73.50000000 69.00000000
v 65.00000000 74.00000000 69.50000000
v 64.50000000 75.00000000 66.00000000
v 65.00000000 75.00000000 65.50000000
v 65.00000000 74.50000000 66.00000000
v 65.00000000 74.50000000 67.00000000
v 64.50000000 75.00000000 67.00000000
v 65.00000000 75.00000000 69.50000000
v 65.00000000 75.50000000 66.00000000
v 65.00000000 75.50000000 67.00000000
v 65.00000000 75.50000000 68.00000000
v 64.50000000 76.00000000 69.00000000
v 65.00000000 76.00000000 68.50000000
v 65.00000000 76.00000000 69.50000000
v 65.00000000 76.50000000 69.00000000
v 65.50000000 73.00000000 68.00000000
v 66.00000000 73.00000000 67.50000000
v 66.00000000 72.50000000 68.00000000
v 66.00000000 72.50000000 69.00000000
v 65.50000000 73.00000000 69.00000000
v 66.00000000 72.50000000 70.00000000
v 65.50000000 73.00000000 70.00000000
v 66.00000000 72.50000000 71.00000000
v 65.50000000 73.00000000 71.00000000
v 66.00000000 73.00000000 71.50000000
v 65.50000000 74.00000000 66.00000000
v 66.00000000 74.00000000 65.50000000
v 66.00000000 73.50000000 66.00000000
v 66.00000000 73.50000000 67.00000000
v 65.50000000 74.00000000 67.00000000
v 65.50000000 74.00000000 70.00000000
v 66.00000000 74.00000000 70.50000000
v 66.00000000 73.50000000 71.00000000
v 65.50000000 75.00000000 65.00000000
v 66.00000000 75.00000000 64.50000000
v 66.00000000 74.50000000 65.00000000
v 65.50000000 75.00000000 70.00000000
v 66.00000000 75.00000000 70.50000000
v 66.00000000 75.50000000 65.00000000
v 66.00000000 75.50000000 66.00000000
v 66.00000000 75.50000000 67.00000000
v 66.00000000 75.50000000 68.00000000
v 66.00000000 76.00000000 68.50000000
v 65.50000000 76.00000000 70.00000000
v 66.00000000 76.00000000 70.50000000
v 66.00000000 76.50000000 69.00000000
v 66.00000000 76.50000000 70.00000000
v 66.00000000 77.00000000 70.50000000
v 65.50000000 77.00000000 71.00000000
v 66.00000000 76.50000000 71.00000000
v 66.00000000 77.00000000 71.50000000
v 66.00000000 77.50000000 71.00000000
v 67.00000000 73.00000000 67.50000000
v 67.00000000 72.50000000 68.00000000
v 67.00000000 72.50000000 69.00000000
v 67.00000000 72.50000000 70.00000000
v 67.00000000 72.50000000 71.00000000
v 67.00000000 73.00000000 71.50000000
v 67.00000000 74.00000000 65.50000000
v 67.00000000 73.50000000 66.00000000
v 67.00000000 73.50000000 67.00000000
v 66.50000000 74.00000000 71.00000000
v 67.00000000 74.00000000 71.50000000
v 67.00000000 75.00000000 64.50000000
v 67.00000000 74.50000000 65.00000000
v 66.50000000 75.00000000 71.00000000
v 67.00000000 75.00000000 71.50000000
v 66.50000000 76.00000000 65.00000000
v 67.00000000 76.00000000 64.50000000
v 66.50000000 76.00000000 66.00000000
v 66.50000000 76.00000000 67.00000000
v 66.50000000 76.00000000 68.00000000
v 66.50000000 76.00000000 71.00000000
v 67.00000000 75.50000000 72.00000000
v 66.50000000 76.00000000 72.00000000
v 67.00000000 76.00000000 72.50000000
v 67.00000000 76.50000000 65.00000000
v 67.00000000 76.50000000 66.00000000
v 66.50000000 77.00000000 67.00000000
v 67.00000000 77.00000000 66.50000000
v 66.50000000 77.00000000 68.00000000
v 66.50000000 77.00000000 69.00000000
v 66.50000000 77.00000000 70.00000000
v 67.00000000 76.50000000 72.00000000
v 67.00000000 77.00000000 71.50000000
v 67.00000000 77.50000000 67.00000000
v 66.50000000 78.00000000 68.00000000
v 67.00000000 78.00000000 67.50000000
v 66.50000000 78.00000000 69.00000000
v 66.50000000 78.00000000 70.00000000
v 66.50000000 78.00000000 71.00000000
v 67.00000000 78.00000000 71.50000000
v 66.50000000 79.00000000 68.00000000
v 67.00000000 79.00000000 67.50000000
v 66.50000000 79.00000000 69.00000000
v 66.50000000 79.00000000 70.00000000
v 67.00000000 79.00000000 70.50000000
v 67.00000000 78.50000000 71.00000000
v 66.50000000 80.00000000 67.00000000
v 67.00000000 80.00000000 66.50000000
v 67.00000000 79.50000000 67.00000000
v 66.50000000 80.00000000 68.00000000
v 66.50000000 80.00000000 69.00000000
v 67.00000000 80.00000000 69.50000000
v 67.00000000 79.50000000 70.00000000
v 67.00000000 80.50000000 67.00000000
v 67.00000000 80.50000000 68.00000000
v 67.00000000 80.50000000 69.00000000
v 67.50000000 72.00000000 69.00000000
v 68.00000000 72.00000000 68.50000000
v 68.00000000 71.50000000 69.00000000
v 68.00000000 71.50000000 70.00000000
v 67.50000000 72.00000000 70.00000000
v 68.00000000 71.50000000 71.00000000
v 67.50000000 72.00000000 71.00000000
v 68.00000000 72.00000000 71.50000000
v 67.50000000 73.00000000 67.00000000
v 68.00000000 73.00000000 66.50000000
v 68.00000000 72.50000000 67.00000000
v 68.00000000 72.50000000 68.00000000
v 68.00000000 73.00000000 71.50000000
v 67.50000000 74.00000000 65.00000000
v 68.00000000 74.00000000 64.50000000
v 68.00000000 73.50000000 65.00000000
v 68.00000000 73.50000000 66.00000000
v 68.00000000 73.50000000 72.00000000
v 67.50000000 74.00000000 72.00000000
v 68.00000000 74.00000000 72.50000000
v 68.00000000 75.00000000 64.50000000
v 67.50000000 75.00000000 72.00000000
v 68.00000000 75.00000000 72.50000000
v 67.50000000 76.00000000 64.00000000
v 68.00000000 76.00000000 63.50000000
v 68.00000000 75.50000000 64.00000000
v 68.00000000 75.50000000 73.00000000
v 67.50000000 76.00000000 73.00000000
v 68.00000000 76.00000000 73.50000000
v 67.50000000 77.00000000 64.00000000
v 68.00000000 77.00000000 63.50000000
v 67.50000000 77.00000000 65.00000000
v 67.50000000 77.00000000 66.00000000
v 67.50000000 77.00000000 72.00000000
v 68.00000000 77.00000000 72.50000000
v 68.00000000 76.50000000 73.00000000
v 68.00000000 77.50000000 64.00000000
v 68.00000000 77.50000000 65.00000000
v 67.50000000 78.00000000 66.00000000
v 68.00000000 78.00000000 65.50000000
v 67.50000000 78.00000000 67.00000000
v 67.50000000 78.00000000 72.00000000
v 68.00000000 78.00000000 72.50000000
v 67.50000000 79.00000000 64.00000000
v 68.00000000 79.00000000 63.50000000
v 68.00000000 78.50000000 64.00000000
v 68.00000000 78.50000000 65.00000000
v 67.50000000 79.00000000 65.00000000
v 67.50000000 79.00000000 66.00000000
v 67.50000000 79.00000000 67.00000000
v 67.50000000 79.00000000 71.00000000
v 67.50000000 79.00000000 72.00000000
v 68.00000000 79.00000000 72.50000000
v 68.00000000 79.50000000 64.00000000
v 67.50000000 80.00000000 65.00000000
v 68.00000000 80.00000000 64.50000000
v 67.50000000 80.00000000 66.00000000
v 67.50000000 80.00000000 70.00000000
v 67.50000000 80.00000000 71.00000000
v 68.00000000 80.00000000 71.50000000
v 68.00000000 79.50000000 72.00000000
v 68.00000000 80.50000000 65.00000000
v 67.50000000 81.00000000 66.00000000
v 68.00000000 81.00000000 65.50000000
v 67.50000000 81.00000000 67.00000000
v 67.50000000 81.00000000 68.00000000
v 67.50000000 81.00000000 69.00000000
v 67.50000000 81.00000000 70.00000000
v 67.50000000 81.00000000 71.00000000
v 68.00000000 81.00000000 71.50000000
v 67.50000000 81.00000000 73.00000000
v 68.00000000 81.00000000 72.50000000
v 68.00000000 80.50000000 73.00000000
v 68.00000000 81.00000000 73.50000000
v 67.50000000 81.00000000 75.00000000
v 68.00000000 81.00000000 74.50000000
v 68.00000000 80.50000000 75.00000000
v 68.00000000 81.00000000 75.50000000
v 68.00000000 81.50000000 66.00000000
v 67.50000000 82.00000000 67.00000000
v 68.00000000 82.00000000 66.50000000
v 67.50000000 82.00000000 68.00000000
v 67.50000000 82.00000000 69.00000000
v 67.50000000 82.00000000 70.00000000
v 67.50000000 82.00000000 71.00000000
v 68.00000000 81.50000000 72.00000000
v 67.50000000 82.00000000 72.00000000
v 67.50000000 82.00000000 73.00000000
v 68.00000000 82.00000000 73.50000000
v 68.00000000 81.50000000 75.00000000
v 67.50000000 83.00000000 67.00000000
v 68.00000000 83.00000000 66.50000000
v 67.50000000 83.00000000 68.00000000
v 67.50000000 83.00000000 69.00000000
v 67.50000000 83.00000000 70.00000000
v 68.00000000 83.00000000 70.50000000
v 68.00000000 82.50000000 71.00000000
v 68.00000000 82.50000000 72.00000000
v 68.00000000 82.50000000 73.00000000
v 68.00000000 83.50000000 67.00000000
v 68.00000000 83.50000000 68.00000000
v 68.00000000 83.50000000 69.00000000
v 68.00000000 83.50000000 70.00000000
v 69.00000000 72.00000000 68.50000000
v 69.00000000 71.50000000 69.00000000
v 69.00000000 71.50000000 70.00000000
v 69.00000000 71.50000000 71.00000000
v 69.00000000 72.00000000 71.50000000
v 69.00000000 73.00000000 66.50000000
v 69.00000000 72.50000000 67.00000000
v 69.00000000 72.50000000 68.00000000
v 69.00000000 72.50000000 72.00000000
v 68.50000000 73.00000000 72.00000000
v 69.00000000 73.00000000 72.50000000
v 68.50000000 74.00000000 65.00000000
v 69.00000000 74.00000000 65.50000000
v 69.00000000 73.50000000 66.00000000
v 69.00000000 73.50000000 73.00000000
v 68.50000000 74.00000000 73.00000000
v 69.00000000 74.00000000 73.50000000
v 68.50000000 75.00000000 64.00000000
v 69.00000000 75.00000000 63.50000000
v 69.00000000 74.50000000 64.00000000
v 69.00000000 74.50000000 65.00000000
v 68.50000000 75.00000000 73.00000000
v 69.00000000 75.00000000 73.50000000
v 68.50000000 76.00000000 63.00000000
v 69.00000000 76.00000000 62.50000000
v 69.00000000 75.50000000 63.00000000
v 69.00000000 76.00000000 73.50000000
v 68.50000000 77.00000000 63.00000000
v 69.00000000 77.00000000 62.50000000
v 68.50000000 77.00000000 73.00000000
v 69.00000000 76.50000000 74.00000000
v 68.50000000 77.00000000 74.00000000
v 69.00000000 77.00000000 74.50000000
v 68.50000000 78.00000000 63.00000000
v 69.00000000 78.00000000 62.50000000
v 68.50000000 78.00000000 64.00000000
v 68.50000000 78.00000000 65.00000000
v 68.50000000 78.00000000 73.00000000
v 69.00000000 78.00000000 73.50000000
v 69.00000000 77.50000000 74.00000000
v 68.50000000 79.00000000 63.00000000
v 69.00000000 79.00000000 62.50000000
v 68.50000000 79.00000000 73.00000000
v 69.00000000 79.00000000 73.50000000
v 68.50000000 80.00000000 63.00000000
v 69.00000000 80.00000000 62.50000000
v 68.50000000 80.00000000 64.00000000
v 68.50000000 80.00000000 72.00000000
v 69.00000000 80.00000000 72.50000000
v 69.00000000 79.50000000 73.00000000
v 68.50000000 80.00000000 77.00000000
v 69.00000000 80.00000000 76.50000000
v 69.00000000 79.50000000 77.00000000
v 69.00000000 80.00000000 77.50000000
v 69.00000000 80.50000000 63.00000000
v 68.50000000 81.00000000 64.00000000
v 69.00000000 81.00000000 63.50000000
v 68.50000000 81.00000000 65.00000000
v 68.50000000 81.00000000 71.00000000
v 69.00000000 80.50000000 71.00000000
v 69.00000000 81.00000000 70.50000000
v 69.00000000 80.50000000 72.00000000
v 68.50000000 81.00000000 73.00000000
v 69.00000000 81.00000000 74.50000000
v 69.00000000 80.50000000 75.00000000
v 69.00000000 80.50000000 76.00000000
v 68.50000000 81.00000000 76.00000000
v 68.50000000 81.00000000 77.00000000
v 69.00000000 81.00000000 77.50000000
v 69.00000000 81.50000000 64.00000000
v 69.00000000 81.50000000 65.00000000
v 68.50000000 82.00000000 66.00000000
v 69.00000000 82.00000000 65.50000000
v 68.50000000 82.00000000 70.00000000
v 69.00000000 81.50000000 70.00000000
v 69.00000000 82.00000000 69.50000000
v 68.50000000 82.00000000 71.00000000
v 68.50000000 82.00000000 72.00000000
v 69.00000000 82.00000000 72.50000000
v 69.00000000 81.50000000 73.00000000
v 69.00000000 81.50000000 74.00000000
v 68.50000000 82.00000000 74.00000000
v 68.50000000 82.00000000 75.00000000
v 68.50000000 82.00000000 76.00000000
v 68.50000000 82.00000000 77.00000000
v 69.00000000 82.00000000 77.50000000
v 68.50000000 83.00000000 66.00000000
v 69.00000000 83.00000000 65.50000000
v 68.50000000 83.00000000 70.00000000
v 69.00000000 83.00000000 69.50000000
v 68.50000000 83.00000000 72.00000000
v 69.00000000 83.00000000 71.50000000
v 69.00000000 82.50000000 72.00000000
v 68.50000000 82.50000000 72.50000000
v 68.50000000 83.00000000 73.00000000
v 68.50000000 83.00000000 74.00000000
v 68.50000000 83.00000000 75.00000000
v 68.50000000 83.00000000 76.00000000
v 69.00000000 83.00000000 76.50000000
v 69.00000000 82.50000000 77.00000000
v 69.00000000 83.50000000 66.00000000
v 68.50000000 84.00000000 67.00000000
v 69.00000000 84.00000000 66.50000000
v 68.50000000 84.00000000 68.00000000
v 68.50000000 84.00000000 69.00000000
v 68.50000000 83.50000000 69.50000000
v 69.00000000 83.50000000 70.00000000
v 68.50000000 84.00000000 70.00000000
v 69.00000000 83.50000000 71.00000000
v 68.50000000 84.00000000 71.00000000
v 68.50000000 84.00000000 72.00000000
v 68.50000000 84.00000000 73.00000000
v 69.00000000 84.00000000 73.50000000
v 69.00000000 83.50000000 74.00000000
v 69.00000000 83.50000000 75.00000000
v 69.00000000 83.50000000 76.00000000
v 69.00000000 84.50000000 67.00000000
v 69.00000000 84.50000000 68.00000000
v 68.50000000 85.00000000 69.00000000
v 69.00000000 85.00000000 68.50000000
v 68.50000000 85.00000000 70.00000000
v 68.50000000 85.00000000 71.00000000
v 68.50000000 85.00000000 72.00000000
v 69.00000000 85.00000000 72.50000000
v 69.00000000 84.50000000 73.00000000
v 69.00000000 85.50000000 69.00000000
v 69.00000000 85.50000000 70.00000000
v 69.00000000 85.50000000 71.00000000
v 69.00000000 85.50000000 72.00000000
v 70.00000000 72.00000000 68.50000000
v 70.00000000 71.50000000 69.00000000
v 70.00000000 71.50000000 70.00000000
v 69.50000000 72.00000000 71.00000000
v 70.00000000 72.00000000 70.50000000
v 70.00000000 73.00000000 66.50000000
v 70.00000000 72.50000000 67.00000000
v 70.00000000 72.50000000 68.00000000
v 70.00000000 72.50000000 71.00000000
v 70.00000000 72.50000000 72.00000000
v 70.00000000 72.50000000 73.00000000
v 69.50000000 73.00000000 73.00000000
v 70.00000000 73.00000000 73.50000000
v 69.50000000 74.00000000 65.00000000
v 70.00000000 74.00000000 64.50000000
v 70.00000000 73.50000000 65.00000000
v 70.00000000 73.50000000 66.00000000
v 70.00000000 74.00000000 73.50000000
v 69.50000000 75.00000000 63.00000000
v 70.00000000 75.00000000 62.50000000
v 70.00000000 74.50000000 63.00000000
v 70.00000000 74.50000000 64.00000000
v 70.00000000 74.50000000 74.00000000
v 69.50000000 75.00000000 74.00000000
v 70.00000000 75.00000000 74.50000000
v 70.00000000 76.00000000 62.50000000
v 69.50000000 76.00000000 74.00000000
v 70.00000000 76.00000000 74.50000000
v 69.50000000 77.00000000 62.00000000
v 70.00000000 77.00000000 61.50000000
v 70.00000000 76.50000000 62.00000000
v 70.00000000 76.50000000 75.00000000
v 69.50000000 77.00000000 75.00000000
v 70.00000000 77.00000000 75.50000000
v 69.50000000 78.00000000 62.00000000
v 70.00000000 78.00000000 61.50000000
v 69.50000000 78.00000000 74.00000000
v 69.50000000 78.00000000 75.00000000
v 70.00000000 78.00000000 75.50000000
v 69.50000000 79.00000000 62.00000000
v 70.00000000 79.00000000 61.50000000
v 69.50000000 79.00000000 74.00000000
v 69.50000000 79.00000000 75.00000000
v 70.00000000 79.00000000 75.50000000
v 70.00000000 79.50000000 62.00000000
v 70.00000000 80.00000000 62.50000000
v 69.50000000 80.00000000 73.00000000
v 69.50000000 80.00000000 74.00000000
v 69.50000000 80.00000000 75.00000000
v 70.00000000 79.50000000 76.00000000
v 69.50000000 80.00000000 76.00000000
v 70.00000000 79.50000000 77.00000000
v 70.00000000 80.00000000 77.50000000
v 70.00000000 80.50000000 63.00000000
v 70.00000000 81.00000000 63.50000000
v 69.50000000 81.00000000 71.00000000
v 69.50000000 81.00000000 72.00000000
v 69.50000000 81.00000000 73.00000000
v 69.50000000 81.00000000 74.00000000
v 70.00000000 80.50000000 78.00000000
v 69.50000000 81.00000000 78.00000000
v 70.00000000 81.00000000 78.50000000
v 69.50000000 82.00000000 64.00000000
v 70.00000000 82.00000000 63.50000000
v 69.50000000 82.00000000 65.00000000
v 70.00000000 81.50000000 70.00000000
v 70.00000000 82.00000000 69.50000000
v 69.50000000 82.00000000 71.00000000
v 70.00000000 82.00000000 70.50000000
v 69.50000000 82.00000000 72.00000000
v 69.50000000 82.00000000 78.00000000
v 70.00000000 82.00000000 78.50000000
v 70.00000000 82.50000000 64.00000000
v 69.50000000 83.00000000 65.00000000
v 70.00000000 83.00000000 64.50000000
v 69.50000000 83.00000000 69.00000000
v 70.00000000 82.50000000 69.00000000
v 70.00000000 83.00000000 68.50000000
v 69.50000000 83.00000000 71.00000000
v 70.00000000 83.00000000 70.50000000
v 69.50000000 83.00000000 77.00000000
v 69.50000000 83.00000000 78.00000000
v 70.00000000 83.00000000 78.50000000
v 70.00000000 83.50000000 65.00000000
v 69.50000000 84.00000000 66.00000000
v 70.00000000 84.00000000 65.50000000
v 70.00000000 83.50000000 69.00000000
v 70.00000000 83.50000000 70.00000000
v 69.50000000 84.00000000 74.00000000
v 69.50000000 84.00000000 75.00000000
v 69.50000000 84.00000000 76.00000000
v 69.50000000 84.00000000 77.00000000
v 70.00000000 84.00000000 77.50000000
v 70.00000000 83.50000000 78.00000000
v 70.00000000 84.50000000 66.00000000
v 69.50000000 85.00000000 67.00000000
v 70.00000000 85.00000000 66.50000000
v 69.50000000 85.00000000 68.00000000
v 69.50000000 85.00000000 73.00000000
v 69.50000000 85.00000000 74.00000000
v 69.50000000 85.00000000 75.00000000
v 70.00000000 85.00000000 75.50000000
v 70.00000000 84.50000000 76.00000000
v 70.00000000 84.50000000 77.00000000
v 70.00000000 85.50000000 67.00000000
v 70.00000000 85.50000000 68.00000000
v 70.00000000 85.50000000 69.00000000
v 70.00000000 85.50000000 70.00000000
v 70.00000000 85.50000000 71.00000000
v 70.00000000 85.50000000 72.00000000
v 70.00000000 85.50000000 73.00000000
v 70.00000000 85.50000000 74.00000000
v 70.00000000 85.50000000 75.00000000
v 71.00000000 72.00000000 68.50000000
v 71.00000000 71.50000000 69.00000000
v 71.00000000 71.50000000 70.00000000
v 71.00000000 71.50000000 71.00000000
v 70.50000000 72.00000000 71.00000000
v 71.00000000 72.00000000 71.50000000
v 71.00000000 73.00000000 66.50000000
v 71.00000000 72.50000000 67.00000000
v 71.00000000 72.50000000 68.00000000
v 71.00000000 72.50000000 72.00000000
v 71.00000000 72.50000000 73.00000000
v 71.00000000 73.00000000 73.50000000
v 71.00000000 74.00000000 64.50000000
v 71.00000000 73.50000000 65.00000000
v 71.00000000 73.50000000 66.00000000
v 71.00000000 74.00000000 73.50000000
v 71.00000000 75.00000000 62.50000000
v 71.00000000 74.50000000 63.00000000
v 71.00000000 74.50000000 64.00000000
v 71.00000000 74.50000000 74.00000000
v 71.00000000 75.00000000 74.50000000
v 71.00000000 76.00000000 62.50000000
v 71.00000000 76.00000000 74.50000000
v 71.00000000 77.00000000 61.50000000
v 71.00000000 76.50000000 62.00000000
v 71.00000000 76.50000000 75.00000000
v 71.00000000 76.50000000 76.00000000
v 70.50000000 77.00000000 76.00000000
v 71.00000000 77.00000000 76.50000000
v 71.00000000 78.00000000 61.50000000
v 70.50000000 78.00000000 76.00000000
v 71.00000000 78.00000000 76.50000000
v 71.00000000 79.00000000 61.50000000
v 70.50000000 79.00000000 76.00000000
v 71.00000000 79.00000000 76.50000000
v 70.50000000 80.00000000 62.00000000
v 71.00000000 80.00000000 61.50000000
v 71.00000000 79.50000000 77.00000000
v 71.00000000 80.00000000 77.50000000
v 71.00000000 80.50000000 62.00000000
v 71.00000000 80.50000000 63.00000000
v 71.00000000 81.00000000 63.50000000
v 71.00000000 80.50000000 78.00000000
v 71.00000000 81.00000000 78.50000000
v 70.50000000 82.00000000 63.00000000
v 71.00000000 82.00000000 62.50000000
v 71.00000000 81.50000000 63.00000000
v 70.50000000 82.00000000 69.00000000
v 71.00000000 81.50000000 69.00000000
v 71.00000000 82.00000000 68.50000000
v 70.50000000 82.00000000 70.00000000
v 71.00000000 82.00000000 69.50000000
v 71.00000000 81.50000000 79.00000000
v 70.50000000 82.00000000 79.00000000
v 71.00000000 82.00000000 79.50000000
v 71.00000000 82.50000000 63.00000000
v 70.50000000 83.00000000 64.00000000
v 71.00000000 83.00000000 63.50000000
v 70.50000000 83.00000000 68.00000000
v 71.00000000 82.50000000 68.00000000
v 71.00000000 83.00000000 67.50000000
v 71.00000000 82.50000000 70.00000000
v 71.00000000 83.00000000 70.50000000
v 71.00000000 82.50000000 79.00000000
v 71.00000000 83.00000000 78.50000000
v 71.00000000 83.50000000 64.00000000
v 71.00000000 83.50000000 65.00000000
v 71.00000000 84.00000000 65.50000000
v 71.00000000 83.50000000 68.00000000
v 71.00000000 83.50000000 69.00000000
v 71.00000000 83.50000000 70.00000000
v 71.00000000 83.50000000 78.00000000
v 71.00000000 84.00000000 77.50000000
v 70.50000000 85.00000000 66.00000000
v 71.00000000 85.00000000 65.50000000
v 70.50000000 85.00000000 76.00000000
v 70.50000000 85.00000000 77.00000000
v 71.00000000 85.00000000 77.50000000
v 71.00000000 85.50000000 66.00000000
v 71.00000000 85.50000000 67.00000000
v 70.50000000 86.00000000 68.00000000
v 71.00000000 86.00000000 67.50000000
v 70.50000000 86.00000000 69.00000000
v 70.50000000 86.00000000 70.00000000
v 70.50000000 86.00000000 71.00000000
v 70.50000000 86.00000000 72.00000000
v 70.50000000 86.00000000 73.00000000
v 70.50000000 86.00000000 74.00000000
v 71.00000000 86.00000000 74.50000000
v 71.00000000 85.50000000 75.00000000
v 71.00000000 85.50000000 76.00000000
v 71.00000000 85.50000000 77.00000000
v 71.00000000 86.50000000 68.00000000
v 71.00000000 86.50000000 69.00000000
v 71.00000000 86.50000000 70.00000000
v 71.00000000 86.50000000 71.00000000
v 71.00000000 86.50000000 72.00000000
v 71.00000000 86.50000000 73.00000000
v 71.00000000 86.50000000 74.00000000
v 72.00000000 72.00000000 68.50000000
v 72.00000000 71.50000000 69.00000000
v 72.00000000 71.50000000 70.00000000
v 71.50000000 72.00000000 71.00000000
v 72.00000000 72.00000000 70.50000000
v 71.50000000 73.00000000 66.00000000
v 72.00000000 73.00000000 65.50000000
v 72.00000000 72.50000000 66.00000000
v 72.00000000 72.50000000 67.00000000
v 72.00000000 72.50000000 68.00000000
v 72.00000000 72.50000000 71.00000000
v 72.00000000 72.50000000 72.00000000
v 71.50000000 73.00000000 73.00000000
v 72.00000000 73.00000000 72.50000000
v 72.00000000 74.00000000 64.50000000
v 72.00000000 73.50000000 65.00000000
v 72.00000000 73.50000000 73.00000000
v 72.00000000 74.00000000 73.50000000
v 72.00000000 75.00000000 62.50000000
v 72.00000000 74.50000000 63.00000000
v 72.00000000 74.50000000 64.00000000
v 71.50000000 75.00000000 74.00000000
v 72.00000000 75.00000000 73.50000000
v 72.00000000 76.00000000 62.50000000
v 72.00000000 75.50000000 74.00000000
v 72.00000000 75.50000000 75.00000000
v 71.50000000 76.00000000 75.00000000
v 72.00000000 76.00000000 75.50000000
v 72.00000000 77.00000000 61.50000000
v 72.00000000 76.50000000 62.00000000
v 72.00000000 76.50000000 76.00000000
v 72.00000000 77.00000000 76.50000000
v 72.00000000 78.00000000 61.50000000
v 72.00000000 78.00000000 76.50000000
v 71.50000000 79.00000000 61.00000000
v 72.00000000 79.00000000 60.50000000
v 72.00000000 78.50000000 61.00000000
v 72.00000000 78.50000000 77.00000000
v 71.50000000 79.00000000 77.00000000
v 72.00000000 79.00000000 77.50000000
v 71.50000000 80.00000000 61.00000000
v 72.00000000 80.00000000 60.50000000
v 72.00000000 80.00000000 77.50000000
v 72.00000000 80.50000000 61.00000000
v 71.50000000 81.00000000 62.00000000
v 72.00000000 81.00000000 61.50000000
v 71.50000000 81.00000000 63.00000000
v 72.00000000 80.50000000 78.00000000
v 72.00000000 81.00000000 78.50000000
v 72.00000000 81.50000000 62.00000000
v 71.50000000 82.00000000 63.00000000
v 72.00000000 81.50000000 63.00000000
v 71.50000000 81.50000000 63.50000000
v 72.00000000 81.50000000 64.00000000
v 71.50000000 82.00000000 64.00000000
v 71.50000000 82.00000000 65.00000000
v 72.00000000 81.50000000 65.00000000
v 72.00000000 82.00000000 65.50000000
v 71.50000000 82.00000000 69.00000000
v 72.00000000 81.50000000 79.00000000
v 72.00000000 82.00000000 79.50000000
v 71.50000000 83.00000000 64.00000000
v 71.50000000 83.00000000 65.00000000
v 72.00000000 83.00000000 65.50000000
v 71.50000000 83.00000000 68.00000000
v 71.50000000 83.00000000 69.00000000
v 71.50000000 83.00000000 70.00000000
v 71.50000000 83.00000000 79.00000000
v 72.00000000 83.00000000 79.50000000
v 72.00000000 84.00000000 65.50000000
v 71.50000000 84.00000000 78.00000000
v 72.00000000 84.00000000 78.50000000
v 72.00000000 83.50000000 79.00000000
v 72.00000000 85.00000000 65.50000000
v 72.00000000 84.50000000 78.00000000
v 72.00000000 85.00000000 77.50000000
v 72.00000000 85.50000000 66.00000000
v 72.00000000 85.50000000 67.00000000
v 72.00000000 86.00000000 67.50000000
v 71.50000000 86.00000000 75.00000000
v 72.00000000 86.00000000 75.50000000
v 72.00000000 85.50000000 76.00000000
v 72.00000000 85.50000000 77.00000000
v 72.00000000 86.50000000 68.00000000
v 72.00000000 86.50000000 69.00000000
v 71.50000000 87.00000000 70.00000000
v 72.00000000 87.00000000 69.50000000
v 72.00000000 87.00000000 70.50000000
v 72.00000000 86.50000000 71.00000000
v 71.50000000 87.00000000 72.00000000
v 72.00000000 87.00000000 71.50000000
v 72.00000000 87.00000000 72.50000000
v 72.00000000 86.50000000 73.00000000
v 72.00000000 86.50000000 74.00000000
v 72.00000000 86.50000000 75.00000000
v 72.00000000 87.50000000 70.00000000
v 72.00000000 87.50000000 72.00000000
v 72.50000000 72.00000000 68.00000000
v 73.00000000 72.00000000 67.50000000
v 73.00000000 71.50000000 68.00000000
v 73.00000000 71.50000000 69.00000000
v 73.00000000 71.50000000 70.00000000
v 73.00000000 72.00000000 70.50000000
v 72.50000000 73.00000000 66.00000000
v 73.00000000 73.00000000 66.50000000
v 73.00000000 72.50000000 67.00000000
v 73.00000000 72.50000000 71.00000000
v 73.00000000 72.50000000 72.00000000
v 73.00000000 73.00000000 72.50000000
v 73.00000000 74.00000000 64.50000000
v 73.00000000 73.50000000 65.00000000
v 73.00000000 73.50000000 66.00000000
v 73.00000000 73.50000000 73.00000000
v 73.00000000 74.00000000 73.50000000
v 72.50000000 75.00000000 63.00000000
v 73.00000000 75.00000000 63.50000000
v 73.00000000 74.50000000 64.00000000
v 73.00000000 74.50000000 74.00000000
v 72.50000000 75.00000000 74.00000000
v 73.00000000 75.00000000 74.50000000
v 73.00000000 76.00000000 62.50000000
v 73.00000000 75.50000000 63.00000000
v 73.00000000 75.50000000 75.00000000
v 73.00000000 76.00000000 75.50000000
v 72.50000000 77.00000000 62.00000000
v 73.00000000 77.00000000 62.50000000
v 73.00000000 76.50000000 76.00000000
v 73.00000000 77.00000000 76.50000000
v 73.00000000 78.00000000 61.50000000
v 73.00000000 77.50000000 62.00000000
v 73.00000000 77.50000000 77.00000000
v 72.50000000 78.00000000 77.00000000
v 73.00000000 78.00000000 77.50000000
v 73.00000000 79.00000000 60.50000000
v 73.00000000 78.50000000 61.00000000
v 73.00000000 79.00000000 77.50000000
v 73.00000000 80.00000000 60.50000000
v 73.00000000 80.00000000 77.50000000
v 72.50000000 81.00000000 61.00000000
v 73.00000000 81.00000000 60.50000000
v 73.00000000 80.50000000 78.00000000
v 73.00000000 81.00000000 78.50000000
v 72.50000000 82.00000000 61.00000000
v 73.00000000 82.00000000 60.50000000
v 72.50000000 82.00000000 62.00000000
v 72.50000000 82.00000000 63.00000000
v 72.50000000 82.00000000 64.00000000
v 72.50000000 82.00000000 65.00000000
v 73.00000000 81.50000000 79.00000000
v 73.00000000 82.00000000 79.50000000
v 73.00000000 82.50000000 61.00000000
v 73.00000000 82.50000000 62.00000000
v 73.00000000 82.50000000 63.00000000
v 73.00000000 82.50000000 64.00000000
v 72.50000000 83.00000000 65.00000000
v 73.00000000 83.00000000 64.50000000
v 73.00000000 83.00000000 79.50000000
v 72.50000000 84.00000000 64.00000000
v 73.00000000 84.00000000 63.50000000
v 73.00000000 83.50000000 64.00000000
v 72.50000000 84.00000000 65.00000000
v 73.00000000 83.50000000 79.00000000
v 73.00000000 84.00000000 78.50000000
v 73.00000000 84.50000000 64.00000000
v 72.50000000 85.00000000 65.00000000
v 73.00000000 85.00000000 64.50000000
v 73.00000000 84.50000000 78.00000000
v 73.00000000 85.00000000 77.50000000
v 73.00000000 85.50000000 65.00000000
v 73.00000000 85.50000000 66.00000000
v 72.50000000 86.00000000 67.00000000
v 73.00000000 86.00000000 66.50000000
v 72.50000000 86.00000000 76.00000000
v 73.00000000 86.00000000 76.50000000
v 73.00000000 85.50000000 77.00000000
v 73.00000000 86.50000000 67.00000000
v 73.00000000 86.50000000 68.00000000
v 72.50000000 87.00000000 69.00000000
v 73.00000000 87.00000000 68.50000000
v 72.50000000 87.00000000 71.00000000
v 72.50000000 87.00000000 73.00000000
v 72.50000000 87.00000000 74.00000000
v 73.00000000 87.00000000 74.50000000
v 73.00000000 86.50000000 75.00000000
v 73.00000000 86.50000000 76.00000000
v 73.00000000 87.50000000 69.00000000
v 73.00000000 87.50000000 70.00000000
v 73.00000000 87.50000000 71.00000000
v 73.00000000 87.50000000 72.00000000
v 73.00000000 87.50000000 73.00000000
v 73.00000000 87.50000000 74.00000000
v 73.50000000 72.00000000 68.00000000
v 73.50000000 72.00000000 69.00000000
v 73.50000000 72.00000000 70.00000000
v 73.50000000 73.00000000 67.00000000
v 74.00000000 73.00000000 67.50000000
v 74.00000000 72.50000000 68.00000000
v 74.00000000 72.50000000 69.00000000
v 74.00000000 72.50000000 70.00000000
v 74.00000000 72.50000000 71.00000000
v 73.50000000 73.00000000 72.00000000
v 74.00000000 73.00000000 71.50000000
v 73.50000000 74.00000000 65.00000000
v 73.50000000 74.00000000 66.00000000
v 74.00000000 74.00000000 66.50000000
v 74.00000000 73.50000000 67.00000000
v 74.00000000 73.50000000 72.00000000
v 73.50000000 74.00000000 73.00000000
v 74.00000000 74.00000000 72.50000000
v 74.00000000 75.00000000 63.50000000
v 74.00000000 74.50000000 64.00000000
v 74.00000000 74.50000000 65.00000000
v 74.00000000 74.50000000 66.00000000
v 74.00000000 74.50000000 73.00000000
v 74.00000000 74.50000000 74.00000000
v 74.00000000 75.00000000 74.50000000
v 74.00000000 76.00000000 62.50000000
v 74.00000000 75.50000000 63.00000000
v 74.00000000 75.50000000 75.00000000
v 74.00000000 76.00000000 75.50000000
v 73.50000000 77.00000000 62.00000000
v 74.00000000 77.00000000 61.50000000
v 74.00000000 76.50000000 62.00000000
v 74.00000000 76.50000000 76.00000000
v 74.00000000 77.00000000 76.50000000
v 73.50000000 78.00000000 61.00000000
v 74.00000000 78.00000000 60.50000000
v 74.00000000 77.50000000 61.00000000
v 74.00000000 77.50000000 77.00000000
v 74.00000000 78.00000000 77.50000000
v 74.00000000 79.00000000 60.50000000
v 74.00000000 79.00000000 77.50000000
v 74.00000000 80.00000000 60.50000000
v 74.00000000 79.50000000 78.00000000
v 73.50000000 80.00000000 78.00000000
v 74.00000000 80.00000000 78.50000000
v 74.00000000 81.00000000 60.50000000
v 74.00000000 80.50000000 79.00000000
v 73.50000000 81.00000000 79.00000000
v 74.00000000 81.00000000 79.50000000
v 74.00000000 82.00000000 60.50000000
v 74.00000000 82.00000000 79.50000000
v 74.00000000 82.50000000 61.00000000
v 73.50000000 83.00000000 62.00000000
v 74.00000000 83.00000000 61.50000000
v 73.50000000 83.00000000 63.00000000
v 73.50000000 83.00000000 64.00000000
v 74.00000000 83.00000000 79.50000000
v 74.00000000 83.50000000 62.00000000
v 73.50000000 84.00000000 63.00000000
v 74.00000000 84.00000000 62.50000000
v 74.00000000 83.50000000 79.00000000
v 74.00000000 84.00000000 78.50000000
v 74.00000000 84.50000000 63.00000000
v 73.50000000 85.00000000 64.00000000
v 74.00000000 85.00000000 63.50000000
v 73.50000000 85.00000000 71.00000000
v 74.00000000 84.50000000 71.00000000
v 74.00000000 85.00000000 70.50000000
v 73.50000000 85.00000000 72.00000000
v 74.00000000 84.50000000 72.00000000
v 74.00000000 85.00000000 72.50000000
v 74.00000000 84.50000000 78.00000000
v 74.00000000 85.00000000 77.50000000
v 74.00000000 85.50000000 64.00000000
v 74.00000000 85.50000000 65.00000000
v 73.50000000 86.00000000 66.00000000
v 74.00000000 86.00000000 65.50000000
v 73.50000000 86.00000000 70.00000000
v 74.00000000 85.50000000 70.00000000
v 74.00000000 86.00000000 69.50000000
v 73.50000000 86.00000000 71.00000000
v 73.50000000 86.00000000 72.00000000
v 74.00000000 86.00000000 72.50000000
v 74.00000000 85.50000000 77.00000000
v 74.00000000 86.00000000 76.50000000
v 74.00000000 86.50000000 66.00000000
v 74.00000000 86.50000000 67.00000000
v 74.00000000 86.50000000 68.00000000
v 73.50000000 87.00000000 69.00000000
v 74.00000000 86.50000000 69.00000000
v 73.50000000 87.00000000 70.00000000
v 74.00000000 87.00000000 70.50000000
v 74.00000000 86.50000000 71.00000000
v 74.00000000 86.50000000 72.00000000
v 74.00000000 86.50000000 75.00000000
v 74.00000000 87.00000000 74.50000000
v 74.00000000 86.50000000 76.00000000
v 74.00000000 87.50000000 71.00000000
v 74.00000000 87.50000000 72.00000000
v 74.00000000 87.50000000 73.00000000
v 74.00000000 87.50000000 74.00000000
v 74.50000000 73.00000000 68.00000000
v 74.50000000 73.00000000 69.00000000
v 74.50000000 73.00000000 70.00000000
v 74.50000000 73.00000000 71.00000000
v 74.50000000 74.00000000 67.00000000
v 75.00000000 74.00000000 67.50000000
v 75.00000000 73.50000000 68.00000000
v 75.00000000 73.50000000 69.00000000
v 75.00000000 73.50000000 70.00000000
v 75.00000000 73.50000000 71.00000000
v 75.00000000 73.50000000 72.00000000
v 75.00000000 74.00000000 72.50000000
v 74.50000000 75.00000000 64.00000000
v 74.50000000 75.00000000 65.00000000
v 75.00000000 75.00000000 65.50000000
v 75.00000000 74.50000000 66.00000000
v 75.00000000 74.50000000 67.00000000
v 75.00000000 74.50000000 73.00000000
v 75.00000000 74.50000000 74.00000000
v 75.00000000 75.00000000 74.50000000
v 75.00000000 76.00000000 62.50000000
v 75.00000000 75.50000000 63.00000000
v 75.00000000 75.50000000 64.00000000
v 75.00000000 75.50000000 65.00000000
v 75.00000000 75.50000000 75.00000000
v 75.00000000 76.00000000 75.50000000
v 75.00000000 77.00000000 61.50000000
v 75.00000000 76.50000000 62.00000000
v 75.00000000 76.50000000 76.00000000
v 75.00000000 77.00000000 76.50000000
v 75.00000000 78.00000000 60.50000000
v 75.00000000 77.50000000 61.00000000
v 75.00000000 77.50000000 77.00000000
v 75.00000000 78.00000000 77.50000000
v 75.00000000 79.00000000 60.50000000
v 75.00000000 78.50000000 78.00000000
v 74.50000000 79.00000000 78.00000000
v 75.00000000 79.00000000 78.50000000
v 75.00000000 80.00000000 60.50000000
v 75.00000000 80.00000000 78.50000000
v 75.00000000 81.00000000 60.50000000
v 75.00000000 80.50000000 79.00000000
v 75.00000000 81.00000000 79.50000000
v 75.00000000 82.00000000 60.50000000
v 75.00000000 82.00000000 79.50000000
v 75.00000000 82.50000000 61.00000000
v 75.00000000 83.00000000 61.50000000
v 75.00000000 83.00000000 79.50000000
v 74.50000000 84.00000000 62.00000000
v 75.00000000 84.00000000 61.50000000
v 75.00000000 83.50000000 79.00000000
v 75.00000000 84.00000000 78.50000000
v 75.00000000 84.50000000 62.00000000
v 75.00000000 84.50000000 63.00000000
v 75.00000000 85.00000000 63.50000000
v 75.00000000 84.50000000 71.00000000
v 75.00000000 85.00000000 70.50000000
v 75.00000000 84.50000000 72.00000000
v 75.00000000 85.00000000 72.50000000
v 74.50000000 85.00000000 77.00000000
v 75.00000000 84.50000000 77.00000000
v 75.00000000 85.00000000 76.50000000
v 75.00000000 84.50000000 78.00000000
v 75.00000000 85.50000000 64.00000000
v 75.00000000 85.50000000 65.00000000
v 75.00000000 86.00000000 65.50000000
v 74.50000000 86.00000000 70.00000000
v 75.00000000 86.00000000 70.50000000
v 75.00000000 86.00000000 72.50000000
v 74.50000000 86.00000000 76.00000000
v 75.00000000 85.50000000 76.00000000
v 75.00000000 86.00000000 75.50000000
v 75.00000000 86.50000000 66.00000000
v 75.00000000 86.50000000 67.00000000
v 75.00000000 86.50000000 68.00000000
v 75.00000000 86.50000000 69.00000000
v 75.00000000 86.50000000 70.00000000
v 74.50000000 87.00000000 71.00000000
v 74.50000000 87.00000000 72.00000000
v 75.00000000 87.00000000 72.50000000
v 75.00000000 86.50000000 75.00000000
v 75.00000000 87.00000000 74.50000000
v 75.00000000 87.50000000 73.00000000
v 75.00000000 87.50000000 74.00000000
v 75.50000000 74.00000000 68.00000000
v 75.50000000 74.00000000 69.00000000
v 75.50000000 74.00000000 70.00000000
v 75.50000000 74.00000000 71.00000000
v 75.50000000 74.00000000 72.00000000
v 75.50000000 75.00000000 66.00000000
v 76.00000000 75.00000000 66.50000000
v 76.00000000 74.50000000 67.00000000
v 76.00000000 74.50000000 68.00000000
v 76.00000000 74.50000000 69.00000000
v 76.00000000 74.50000000 70.00000000
v 76.00000000 74.50000000 71.00000000
v 76.00000000 74.50000000 72.00000000
v 75.50000000 75.00000000 73.00000000
v 76.00000000 75.00000000 72.50000000
v 75.50000000 75.00000000 74.00000000
v 75.50000000 76.00000000 63.00000000
v 76.00000000 76.00000000 63.50000000
v 76.00000000 75.50000000 64.00000000
v 76.00000000 75.50000000 65.00000000
v 76.00000000 75.50000000 66.00000000
v 76.00000000 75.50000000 73.00000000
v 76.00000000 75.50000000 74.00000000
v 75.50000000 76.00000000 75.00000000
v 76.00000000 76.00000000 74.50000000
v 76.00000000 77.00000000 61.50000000
v 76.00000000 76.50000000 62.00000000
v 76.00000000 76.50000000 63.00000000
v 76.00000000 76.50000000 75.00000000
v 75.50000000 77.00000000 76.00000000
v 76.00000000 77.00000000 75.50000000
v 75.50000000 78.00000000 61.00000000
v 76.00000000 78.00000000 61.50000000
v 76.00000000 77.50000000 76.00000000
v 76.00000000 77.50000000 77.00000000
v 76.00000000 78.00000000 77.50000000
v 76.00000000 79.00000000 60.50000000
v 76.00000000 78.50000000 61.00000000
v 75.50000000 79.00000000 78.00000000
v 76.00000000 79.00000000 77.50000000
v 76.00000000 80.00000000 60.50000000
v 76.00000000 79.50000000 78.00000000
v 76.00000000 80.00000000 78.50000000
v 76.00000000 81.00000000 60.50000000
v 75.50000000 81.00000000 79.00000000
v 76.00000000 81.00000000 78.50000000
v 76.00000000 81.50000000 61.00000000
v 75.50000000 82.00000000 61.00000000
v 76.00000000 82.00000000 61.50000000
v 76.00000000 81.50000000 79.00000000
v 76.00000000 82.00000000 79.50000000
v 76.00000000 83.00000000 61.50000000
v 75.50000000 83.00000000 79.00000000
v 76.00000000 82.50000000 79.00000000
v 76.00000000 83.00000000 78.50000000
v 76.00000000 83.50000000 62.00000000
v 75.50000000 84.00000000 62.00000000
v 76.00000000 84.00000000 62.50000000
v 75.50000000 84.00000000 78.00000000
v 76.00000000 83.50000000 78.00000000
v 76.00000000 84.00000000 77.50000000
v 76.00000000 84.50000000 63.00000000
v 76.00000000 85.00000000 63.50000000
v 75.50000000 85.00000000 71.00000000
v 75.50000000 85.00000000 72.00000000
v 76.00000000 84.50000000 77.00000000
v 76.00000000 85.00000000 76.50000000
v 76.00000000 85.50000000 64.00000000
v 76.00000000 85.50000000 65.00000000
v 76.00000000 86.00000000 65.50000000
v 76.00000000 85.50000000 71.00000000
v 76.00000000 86.00000000 70.50000000
v 76.00000000 85.50000000 72.00000000
v 76.00000000 86.00000000 72.50000000
v 76.00000000 85.50000000 76.00000000
v 76.00000000 86.00000000 75.50000000
v 76.00000000 86.50000000 66.00000000
v 76.00000000 86.50000000 67.00000000
v 76.00000000 86.50000000 68.00000000
v 76.00000000 86.50000000 69.00000000
v 76.00000000 86.50000000 70.00000000
v 76.00000000 86.50000000 73.00000000
v 75.50000000 87.00000000 73.00000000
v 75.50000000 87.00000000 74.00000000
v 76.00000000 86.50000000 74.00000000
v 76.00000000 86.50000000 75.00000000
v 76.50000000 75.00000000 67.00000000
v 76.50000000 75.00000000 68.00000000
v 76.50000000 75.00000000 69.00000000
v 76.50000000 75.00000000 70.00000000
v 76.50000000 75.00000000 71.00000000
v 76.50000000 75.00000000 72.00000000
v 76.50000000 76.00000000 64.00000000
v 76.50000000 76.00000000 65.00000000
v 76.50000000 76.00000000 66.00000000
v 77.00000000 76.00000000 66.50000000
v 77.00000000 75.50000000 67.00000000
v 77.00000000 75.50000000 68.00000000
v 77.00000000 75.50000000 69.00000000
v 77.00000000 75.50000000 70.00000000
v 77.00000000 75.50000000 71.00000000
v 77.00000000 75.50000000 72.00000000
v 77.00000000 75.50000000 73.00000000
v 76.50000000 76.00000000 74.00000000
v 77.00000000 76.00000000 73.50000000
v 76.50000000 77.00000000 62.00000000
v 77.00000000 77.00000000 62.50000000
v 77.00000000 76.50000000 63.00000000
v 77.00000000 76.50000000 64.00000000
v 77.00000000 76.50000000 65.00000000
v 77.00000000 76.50000000 66.00000000
v 77.00000000 76.50000000 74.00000000
v 76.50000000 77.00000000 75.00000000
v 77.00000000 77.00000000 74.50000000
v 77.00000000 78.00000000 61.50000000
v 77.00000000 77.50000000 62.00000000
v 77.00000000 77.50000000 75.00000000
v 77.00000000 77.50000000 76.00000000
v 76.50000000 78.00000000 77.00000000
v 77.00000000 78.00000000 76.50000000
v 76.50000000 79.00000000 61.00000000
v 77.00000000 79.00000000 61.50000000
v 77.00000000 78.50000000 77.00000000
v 77.00000000 79.00000000 77.50000000
v 76.50000000 80.00000000 61.00000000
v 77.00000000 80.00000000 61.50000000
v 76.50000000 80.00000000 78.00000000
v 77.00000000 80.00000000 77.50000000
v 76.50000000 81.00000000 61.00000000
v 77.00000000 81.00000000 61.50000000
v 77.00000000 80.50000000 78.00000000
v 77.00000000 81.00000000 78.50000000
v 77.00000000 82.00000000 61.50000000
v 76.50000000 82.00000000 79.00000000
v 77.00000000 82.00000000 78.50000000
v 77.00000000 83.00000000 61.50000000
v 77.00000000 83.00000000 78.50000000
v 77.00000000 83.50000000 62.00000000
v 77.00000000 84.00000000 62.50000000
v 77.00000000 83.50000000 78.00000000
v 77.00000000 84.00000000 77.50000000
v 77.00000000 84.50000000 63.00000000
v 77.00000000 85.00000000 63.50000000
v 76.50000000 85.00000000 76.00000000
v 77.00000000 84.50000000 76.00000000
v 77.00000000 85.00000000 75.50000000
v 77.00000000 84.50000000 77.00000000
v 77.00000000 85.50000000 64.00000000
v 77.00000000 85.50000000 65.00000000
v 76.50000000 86.00000000 66.00000000
v 77.00000000 85.50000000 66.00000000
v 76.50000000 86.00000000 67.00000000
v 77.00000000 85.50000000 67.00000000
v 76.50000000 86.00000000 68.00000000
v 77.00000000 85.50000000 68.00000000
v 76.50000000 86.00000000 69.00000000
v 77.00000000 85.50000000 69.00000000
v 76.50000000 86.00000000 70.00000000
v 77.00000000 85.50000000 70.00000000
v 77.00000000 85.50000000 71.00000000
v 77.00000000 85.50000000 72.00000000
v 76.50000000 86.00000000 73.00000000
v 77.00000000 85.50000000 73.00000000
v 77.00000000 86.00000000 73.50000000
v 76.50000000 86.00000000 75.00000000
v 77.00000000 85.50000000 75.00000000
v 77.00000000 86.00000000 74.50000000
v 77.00000000 86.50000000 74.00000000
v 77.50000000 76.00000000 67.00000000
v 77.50000000 76.00000000 68.00000000
v 77.50000000 76.00000000 69.00000000
v 77.50000000 76.00000000 70.00000000
v 77.50000000 76.00000000 71.00000000
v 77.50000000 76.00000000 72.00000000
v 77.50000000 76.00000000 73.00000000
v 77.50000000 77.00000000 63.00000000
v 77.50000000 77.00000000 64.00000000
v 77.50000000 77.00000000 65.00000000
v 77.50000000 77.00000000 66.00000000
v 77.50000000 77.00000000 67.00000000
v 77.50000000 77.00000000 68.00000000
v 77.50000000 77.00000000 69.00000000
v 77.50000000 77.00000000 70.00000000
v 78.00000000 77.00000000 70.50000000
v 78.00000000 76.50000000 71.00000000
v 78.00000000 76.50000000 72.00000000
v 78.00000000 77.00000000 72.50000000
v 77.50000000 77.00000000 73.00000000
v 77.50000000 77.00000000 74.00000000
v 77.50000000 78.00000000 62.00000000
v 77.50000000 78.00000000 63.00000000
v 77.50000000 78.00000000 64.00000000
v 78.00000000 78.00000000 64.50000000
v 78.00000000 77.50000000 65.00000000
v 78.00000000 77.50000000 66.00000000
v 78.00000000 77.50000000 67.00000000
v 78.00000000 77.50000000 68.00000000
v 78.00000000 77.50000000 69.00000000
v 78.00000000 77.50000000 70.00000000
v 78.00000000 77.50000000 73.00000000
v 78.00000000 77.50000000 74.00000000
v 78.00000000 77.50000000 75.00000000
v 77.50000000 78.00000000 76.00000000
v 78.00000000 78.00000000 75.50000000
v 77.50000000 79.00000000 62.00000000
v 78.00000000 79.00000000 62.50000000
v 78.00000000 78.50000000 63.00000000
v 78.00000000 78.50000000 64.00000000
v 78.00000000 78.50000000 76.00000000
v 77.50000000 79.00000000 77.00000000
v 78.00000000 79.00000000 76.50000000
v 77.50000000 80.00000000 62.00000000
v 78.00000000 80.00000000 62.50000000
v 78.00000000 79.50000000 77.00000000
v 78.00000000 80.00000000 77.50000000
v 77.50000000 81.00000000 62.00000000
v 78.00000000 81.00000000 62.50000000
v 77.50000000 81.00000000 78.00000000
v 78.00000000 81.00000000 77.50000000
v 78.00000000 82.00000000 61.50000000
v 78.00000000 81.50000000 62.00000000
v 77.50000000 82.00000000 78.00000000
v 78.00000000 82.00000000 77.50000000
v 78.00000000 82.50000000 62.00000000
v 77.50000000 83.00000000 62.00000000
v 78.00000000 83.00000000 62.50000000
v 77.50000000 83.00000000 77.00000000
v 78.00000000 82.50000000 77.00000000
v 78.00000000 83.00000000 76.50000000
v 77.50000000 83.00000000 78.00000000
v 78.00000000 84.00000000 62.50000000
v 77.50000000 84.00000000 77.00000000
v 78.00000000 84.00000000 76.50000000
v 78.00000000 84.50000000 63.00000000
v 78.00000000 85.00000000 63.50000000
v 78.00000000 84.50000000 76.00000000
v 78.00000000 85.00000000 75.50000000
v 78.00000000 85.50000000 64.00000000
v 78.00000000 85.50000000 65.00000000
v 78.00000000 85.50000000 66.00000000
v 78.00000000 85.50000000 67.00000000
v 78.00000000 85.50000000 68.00000000
v 78.00000000 85.50000000 69.00000000
v 78.00000000 85.50000000 70.00000000
v 78.00000000 85.50000000 71.00000000
v 78.00000000 85.50000000 72.00000000
v 78.00000000 85.50000000 73.00000000
v 77.50000000 86.00000000 74.00000000
v 78.00000000 85.50000000 74.00000000
v 78.00000000 85.50000000 75.00000000
v 78.50000000 77.00000000 71.00000000
v 78.50000000 77.00000000 72.00000000
v 78.50000000 78.00000000 65.00000000
v 78.50000000 78.00000000 66.00000000
v 78.50000000 78.00000000 67.00000000
v 78.50000000 78.00000000 68.00000000
v 78.50000000 78.00000000 69.00000000
v 78.50000000 78.00000000 70.00000000
v 79.00000000 78.00000000 70.50000000
v 79.00000000 77.50000000 71.00000000
v 79.00000000 77.50000000 72.00000000
v 79.00000000 77.50000000 73.00000000
v 78.50000000 78.00000000 74.00000000
v 79.00000000 78.00000000 73.50000000
v 78.50000000 78.00000000 75.00000000
v 78.50000000 79.00000000 63.00000000
v 78.50000000 79.00000000 64.00000000
v 78.50000000 79.00000000 65.00000000
v 78.50000000 79.00000000 66.00000000
v 79.00000000 79.00000000 66.50000000
v 79.00000000 78.50000000 67.00000000
v 79.00000000 78.50000000 68.00000000
v 79.00000000 78.50000000 69.00000000
v 79.00000000 78.50000000 70.00000000
v 79.00000000 78.50000000 74.00000000
v 79.00000000 79.00000000 74.50000000
v 78.50000000 79.00000000 75.00000000
v 78.50000000 79.00000000 76.00000000
v 78.50000000 80.00000000 63.00000000
v 78.50000000 80.00000000 64.00000000
v 78.50000000 80.00000000 65.00000000
v 79.00000000 80.00000000 65.50000000
v 79.00000000 79.50000000 66.00000000
v 79.00000000 79.50000000 75.00000000
v 79.00000000 80.00000000 75.50000000
v 78.50000000 80.00000000 76.00000000
v 78.50000000 80.00000000 77.00000000
v 78.50000000 81.00000000 63.00000000
v 78.50000000 81.00000000 64.00000000
v 79.00000000 81.00000000 64.50000000
v 79.00000000 80.50000000 65.00000000
v 78.50000000 81.00000000 76.00000000
v 79.00000000 81.00000000 75.50000000
v 78.50000000 81.00000000 77.00000000
v 78.50000000 82.00000000 62.00000000
v 78.50000000 82.00000000 63.00000000
v 78.50000000 82.00000000 64.00000000
v 79.00000000 82.00000000 64.50000000
v 78.50000000 82.00000000 76.00000000
v 79.00000000 82.00000000 75.50000000
v 78.50000000 82.00000000 77.00000000
v 78.50000000 83.00000000 63.00000000
v 79.00000000 83.00000000 63.50000000
v 79.00000000 82.50000000 64.00000000
v 78.50000000 83.00000000 76.00000000
v 79.00000000 83.00000000 75.50000000
v 78.50000000 84.00000000 63.00000000
v 79.00000000 83.50000000 64.00000000
v 78.50000000 84.00000000 64.00000000
v 79.00000000 84.00000000 64.50000000
v 78.50000000 84.00000000 75.00000000
v 79.00000000 83.50000000 75.00000000
v 79.00000000 84.00000000 74.50000000
v 78.50000000 84.00000000 76.00000000
v 78.50000000 85.00000000 64.00000000
v 79.00000000 84.50000000 65.00000000
v 78.50000000 85.00000000 65.00000000
v 78.50000000 85.00000000 66.00000000
v 79.00000000 84.50000000 66.00000000
v 79.00000000 85.00000000 66.50000000
v 78.50000000 85.00000000 74.00000000
v 79.00000000 84.50000000 74.00000000
v 79.00000000 85.00000000 73.50000000
v 78.50000000 85.00000000 75.00000000
v 79.00000000 85.50000000 67.00000000
v 79.00000000 85.50000000 68.00000000
v 79.00000000 85.50000000 69.00000000
v 79.00000000 85.50000000 70.00000000
v 79.00000000 85.50000000 71.00000000
v 79.00000000 85.50000000 72.00000000
v 79.00000000 85.50000000 73.00000000
v 79.50000000 78.00000000 71.00000000
v 79.50000000 78.00000000 72.00000000
v 79.50000000 78.00000000 73.00000000
v 79.50000000 79.00000000 67.00000000
v 79.50000000 79.00000000 68.00000000
v 79.50000000 79.00000000 69.00000000
v 79.50000000 79.00000000 70.00000000
v 79.50000000 79.00000000 71.00000000
v 79.50000000 79.00000000 72.00000000
v 79.50000000 79.00000000 73.00000000
v 79.50000000 79.00000000 74.00000000
v 79.50000000 80.00000000 66.00000000
v 79.50000000 80.00000000 67.00000000
v 79.50000000 80.00000000 68.00000000
v 79.50000000 80.00000000 69.00000000
v 80.00000000 80.00000000 69.50000000
v 80.00000000 79.50000000 70.00000000
v 80.00000000 79.50000000 71.00000000
v 80.00000000 79.50000000 72.00000000
v 80.00000000 79.50000000 73.00000000
v 80.00000000 80.00000000 73.50000000
v 79.50000000 80.00000000 74.00000000
v 79.50000000 80.00000000 75.00000000
v 79.50000000 81.00000000 65.00000000
v 79.50000000 81.00000000 66.00000000
v 79.50000000 81.00000000 67.00000000
v 79.50000000 81.00000000 68.00000000
v 79.50000000 81.00000000 69.00000000
v 80.00000000 81.00000000 69.50000000
v 79.50000000 81.00000000 74.00000000
v 80.00000000 81.00000000 73.50000000
v 79.50000000 81.00000000 75.00000000
v 79.50000000 82.00000000 65.00000000
v 79.50000000 82.00000000 66.00000000
v 79.50000000 82.00000000 67.00000000
v 80.00000000 82.00000000 67.50000000
v 80.00000000 81.50000000 68.00000000
v 80.00000000 81.50000000 69.00000000
v 79.50000000 82.00000000 74.00000000
v 80.00000000 82.00000000 73.50000000
v 79.50000000 82.00000000 75.00000000
v 79.50000000 83.00000000 64.00000000
v 79.50000000 83.00000000 65.00000000
v 79.50000000 83.00000000 66.00000000
v 79.50000000 83.00000000 67.00000000
v 80.00000000 83.00000000 67.50000000
v 79.50000000 83.00000000 74.00000000
v 80.00000000 83.00000000 73.50000000
v 79.50000000 83.00000000 75.00000000
v 79.50000000 84.00000000 65.00000000
v 79.50000000 84.00000000 66.00000000
v 79.50000000 84.00000000 67.00000000
v 80.00000000 83.50000000 68.00000000
v 79.50000000 84.00000000 68.00000000
v 79.50000000 84.00000000 69.00000000
v 80.00000000 83.50000000 69.00000000
v 80.00000000 84.00000000 69.50000000
v 79.50000000 84.00000000 73.00000000
v 80.00000000 83.50000000 73.00000000
v 80.00000000 84.00000000 72.50000000
v 79.50000000 84.00000000 74.00000000
v 79.50000000 85.00000000 67.00000000
v 79.50000000 85.00000000 68.00000000
v 79.50000000 85.00000000 69.00000000
v 80.00000000 84.50000000 70.00000000
v 79.50000000 85.00000000 70.00000000
v 79.50000000 85.00000000 71.00000000
v 80.00000000 84.50000000 71.00000000
v 79.50000000 85.00000000 72.00000000
v 80.00000000 84.50000000 72.00000000
v 79.50000000 85.00000000 73.00000000
v 80.50000000 80.00000000 70.00000000
v 80.50000000 80.00000000 71.00000000
v 80.50000000 80.00000000 72.00000000
v 80.50000000 80.00000000 73.00000000
v 80.50000000 81.00000000 70.00000000
v 80.50000000 81.00000000 71.00000000
v 80.50000000 81.00000000 72.00000000
v 80.50000000 81.00000000 73.00000000
v 80.50000000 82.00000000 68.00000000
v 80.50000000 82.00000000 69.00000000
v 80.50000000 82.00000000 70.00000000
v 80.50000000 82.00000000 71.00000000
v 80.50000000 82.00000000 72.00000000
v 80.50000000 82.00000000 73.00000000
v 80.50000000 83.00000000 68.00000000
v 80.50000000 83.00000000 69.00000000
v 80.50000000 83.00000000 70.00000000
v 80.50000000 83.00000000 71.00000000
v 80.50000000 83.00000000 72.00000000
v 80.50000000 83.00000000 73.00000000
v 80.50000000 84.00000000 70.00000000
v 80.50000000 84.00000000 71.00000000
v 80.50000000 84.00000000 72.00000000
f 3 2 1
f 1 4 3
f 7 6 5
f 7 5 2
f 5 1 2
f 5 8 1
f 4 1 9
f 9 1 8
f 6 10 5
f 5 10 8
f 8 10 11
f 8 11 9
f 14 13 12
f 2 3 12
f 3 14 12
f 3 15 14
f 3 4 15
f 15 4 16
f 19 18 17
f 21 20 17
f 17 20 19
f 20 21 13
f 13 21 12
f 21 6 12
f 6 7 12
f 12 7 2
f 9 16 4
f 9 22 16
f 18 23 17
f 17 23 21
f 21 23 24
f 21 24 6
f 24 10 6
f 24 25 10
f 25 27 26
f 11 25 26
f 10 25 11
f 26 28 11
f 28 9 11
f 28 22 9
f 27 29 26
f 26 29 28
f 32 31 30
f 34 33 30
f 30 33 32
f 36 35 34
f 34 35 33
f 38 37 36
f 36 37 35
f 38 39 37
f 42 41 40
f 44 43 40
f 40 43 42
f 43 44 31
f 31 44 30
f 44 13 30
f 13 14 30
f 30 14 15
f 30 15 34
f 34 15 16
f 45 34 16
f 36 34 45
f 47 38 46
f 38 45 46
f 38 36 45
f 38 47 39
f 50 49 48
f 50 48 41
f 41 48 40
f 48 18 40
f 18 19 40
f 40 19 20
f 40 20 44
f 44 20 13
f 22 51 45
f 22 45 16
f 46 45 52
f 52 45 51
f 49 53 48
f 48 53 18
f 53 23 18
f 53 54 23
f 23 55 24
f 54 55 23
f 24 56 25
f 55 56 24
f 27 25 56
f 27 56 57
f 28 58 51
f 28 51 22
f 52 51 59
f 59 51 58
f 57 60 27
f 27 60 29
f 28 29 58
f 29 61 58
f 29 60 61
f 61 62 58
f 62 63 58
f 64 59 58
f 64 58 63
f 63 65 64
f 62 66 63
f 63 66 65
f 68 67 32
f 32 67 31
f 69 32 33
f 69 68 32
f 70 33 35
f 70 69 33
f 71 35 37
f 71 70 35
f 37 39 71
f 71 39 72
f 74 73 42
f 42 73 41
f 75 42 43
f 75 74 42
f 43 31 67
f 43 67 75
f 46 76 47
f 76 77 47
f 77 39 47
f 77 72 39
f 79 78 50
f 50 78 49
f 50 41 73
f 50 73 79
f 52 80 76
f 52 76 46
f 77 76 81
f 81 76 80
f 53 49 82
f 49 83 82
f 49 78 83
f 84 54 53
f 84 53 82
f 85 55 54
f 85 54 84
f 86 56 55
f 86 55 85
f 86 57 56
f 59 87 80
f 59 80 52
f 81 80 88
f 80 89 88
f 80 87 89
f 89 90 88
f 83 91 82
f 82 91 84
f 84 91 92
f 94 93 92
f 93 84 92
f 93 85 84
f 85 95 86
f 85 93 95
f 96 60 57
f 86 96 57
f 95 96 86
f 97 61 60
f 97 60 96
f 64 87 59
f 62 61 97
f 89 87 98
f 87 65 98
f 65 99 98
f 65 87 64
f 89 98 90
f 94 100 93
f 102 101 100
f 101 93 100
f 101 95 93
f 95 103 96
f 95 101 103
f 96 104 97
f 96 103 104
f 105 66 62
f 97 105 62
f 104 105 97
f 105 106 66
f 106 65 66
f 106 99 65
f 101 102 107
f 107 102 108
f 101 109 103
f 101 107 109
f 103 110 104
f 103 109 110
f 112 105 111
f 105 110 111
f 105 104 110
f 105 112 106
f 115 114 113
f 115 113 108
f 113 107 108
f 113 116 107
f 107 117 109
f 107 116 117
f 119 110 118
f 110 117 118
f 110 109 117
f 110 119 111
f 114 120 113
f 113 120 116
f 116 120 121
f 116 121 117
f 117 121 122
f 117 122 118
f 125 124 123
f 127 126 123
f 123 126 125
f 129 128 127
f 127 128 126
f 129 130 128
f 133 132 131
f 67 68 131
f 68 133 131
f 68 134 133
f 69 123 124
f 134 69 124
f 68 69 134
f 123 69 70
f 123 70 127
f 127 70 71
f 127 71 129
f 71 72 129
f 72 130 129
f 72 135 130
f 138 137 136
f 73 74 136
f 74 138 136
f 74 139 138
f 75 131 132
f 139 75 132
f 74 75 139
f 131 75 67
f 77 141 140
f 135 77 140
f 72 77 135
f 141 142 140
f 136 137 79
f 137 78 79
f 137 143 78
f 136 79 73
f 81 144 141
f 81 141 77
f 142 141 145
f 145 141 144
f 148 147 146
f 143 148 146
f 83 143 146
f 78 143 83
f 88 144 81
f 150 149 90
f 90 149 88
f 149 145 88
f 145 144 88
f 150 151 149
f 146 147 152
f 152 147 153
f 154 91 83
f 146 154 83
f 152 154 146
f 155 92 91
f 155 91 154
f 155 94 92
f 99 156 98
f 156 157 98
f 98 157 90
f 157 158 90
f 158 150 90
f 150 158 151
f 153 159 152
f 152 159 154
f 154 159 160
f 162 161 160
f 161 154 160
f 161 155 154
f 163 100 94
f 155 163 94
f 161 163 155
f 163 102 100
f 106 164 156
f 106 156 99
f 157 156 165
f 165 156 164
f 168 167 166
f 170 169 166
f 166 169 168
f 169 170 162
f 170 161 162
f 170 171 161
f 161 172 163
f 161 171 172
f 172 108 102
f 172 102 163
f 111 173 112
f 164 106 112
f 173 164 112
f 174 164 173
f 165 164 175
f 175 164 174
f 167 176 166
f 178 177 176
f 177 166 176
f 177 170 166
f 170 179 171
f 170 177 179
f 179 114 115
f 172 179 115
f 171 179 172
f 172 115 108
f 118 180 119
f 173 111 119
f 180 173 119
f 181 173 180
f 183 174 182
f 174 181 182
f 174 173 181
f 174 183 175
f 178 184 177
f 186 185 184
f 185 177 184
f 185 179 177
f 187 120 114
f 179 187 114
f 185 187 179
f 188 121 120
f 188 120 187
f 189 122 121
f 189 121 188
f 180 118 122
f 189 180 122
f 190 180 189
f 180 191 181
f 180 190 191
f 182 181 192
f 192 181 191
f 195 194 193
f 193 196 195
f 199 198 197
f 197 200 199
f 186 201 185
f 203 202 201
f 202 185 201
f 202 187 185
f 187 204 188
f 187 202 204
f 188 205 189
f 188 204 205
f 189 206 190
f 189 205 206
f 190 207 191
f 190 206 207
f 192 191 208
f 191 209 208
f 191 207 209
f 208 209 194
f 209 193 194
f 209 210 193
f 196 193 211
f 211 193 210
f 198 212 197
f 197 212 200
f 202 203 213
f 213 203 214
f 202 215 204
f 202 213 215
f 204 216 205
f 204 215 216
f 205 217 206
f 205 216 217
f 219 207 218
f 207 217 218
f 207 206 217
f 207 219 209
f 209 219 220
f 209 220 210
f 210 220 221
f 210 221 211
f 214 222 213
f 213 222 215
f 215 222 223
f 215 223 216
f 216 223 224
f 216 224 217
f 217 224 225
f 217 225 218
f 227 226 125
f 125 226 124
f 228 125 126
f 228 227 125
f 229 126 128
f 229 228 126
f 128 130 229
f 229 130 230
f 232 231 133
f 133 231 132
f 233 133 134
f 233 232 133
f 134 124 226
f 134 226 233
f 135 235 234
f 230 135 234
f 130 135 230
f 235 236 234
f 237 137 138
f 237 138 238
f 138 239 238
f 138 139 239
f 139 132 231
f 139 231 239
f 140 235 135
f 241 240 142
f 142 240 140
f 240 236 140
f 236 235 140
f 241 242 240
f 245 244 243
f 246 245 237
f 245 143 237
f 143 137 237
f 245 243 143
f 246 237 238
f 145 247 241
f 145 241 142
f 242 241 248
f 248 241 247
f 251 250 249
f 251 249 244
f 244 249 243
f 249 147 243
f 147 148 243
f 243 148 143
f 149 247 145
f 149 151 247
f 151 248 247
f 151 252 248
f 249 250 253
f 253 250 254
f 253 153 147
f 253 147 249
f 157 255 158
f 252 151 256
f 151 255 256
f 255 257 256
f 151 158 255
f 257 258 256
f 253 254 259
f 259 254 260
f 261 159 153
f 253 261 153
f 259 261 253
f 262 160 159
f 262 159 261
f 262 162 160
f 165 263 255
f 165 255 157
f 265 257 264
f 257 263 264
f 257 255 263
f 257 265 258
f 259 260 266
f 266 260 267
f 266 167 168
f 261 266 168
f 259 266 261
f 261 168 169
f 261 169 262
f 262 169 162
f 175 268 263
f 175 263 165
f 264 263 269
f 269 263 268
f 266 267 270
f 270 267 271
f 272 176 167
f 266 272 167
f 270 272 266
f 272 178 176
f 182 273 183
f 273 274 183
f 183 274 175
f 274 275 175
f 275 268 175
f 268 275 269
f 278 277 276
f 276 279 278
f 271 280 270
f 282 281 280
f 281 270 280
f 281 272 270
f 283 184 178
f 272 283 178
f 281 283 272
f 283 186 184
f 286 285 284
f 285 287 273
f 192 285 273
f 182 192 273
f 284 285 192
f 288 194 195
f 287 274 273
f 196 288 195
f 290 289 199
f 199 289 198
f 292 291 200
f 291 199 200
f 291 290 199
f 291 292 277
f 292 276 277
f 292 293 276
f 279 276 294
f 294 276 293
f 282 295 281
f 281 295 283
f 283 295 296
f 296 298 297
f 296 297 201
f 283 296 201
f 186 283 201
f 297 203 201
f 301 300 299
f 299 300 286
f 284 299 286
f 302 299 284
f 208 303 192
f 303 284 192
f 303 302 284
f 304 303 208
f 304 208 194
f 305 304 194
f 288 305 194
f 196 211 288
f 211 306 288
f 306 305 288
f 306 211 307
f 307 308 212
f 289 307 212
f 198 289 212
f 307 289 306
f 292 200 212
f 308 292 212
f 309 292 308
f 292 310 293
f 292 309 310
f 294 293 311
f 311 293 310
f 297 298 312
f 312 298 313
f 312 214 203
f 312 203 297
f 301 299 314
f 301 314 315
f 218 314 219
f 314 302 219
f 314 299 302
f 219 316 220
f 316 219 317
f 302 317 219
f 317 302 318
f 303 318 302
f 220 319 221
f 319 303 221
f 304 221 303
f 221 304 320
f 318 320 304
f 320 318 319
f 319 316 320
f 220 316 319
f 319 318 303
f 307 211 221
f 320 307 221
f 321 307 320
f 307 322 308
f 307 321 322
f 308 323 309
f 308 322 323
f 325 310 324
f 310 323 324
f 310 309 323
f 310 325 311
f 313 326 312
f 326 328 327
f 326 327 222
f 312 326 222
f 214 312 222
f 329 223 222
f 329 222 327
f 330 224 223
f 330 223 329
f 224 331 225
f 224 314 331
f 314 224 315
f 330 315 224
f 315 330 332
f 331 332 330
f 330 333 331
f 331 333 225
f 314 332 331
f 332 314 334
f 218 334 314
f 334 218 335
f 225 335 218
f 335 225 333
f 334 335 317
f 335 316 317
f 335 336 316
f 316 337 320
f 316 336 337
f 339 321 338
f 321 337 338
f 321 320 337
f 321 339 322
f 322 339 340
f 322 340 323
f 323 340 341
f 323 341 324
f 328 342 327
f 327 342 329
f 329 342 343
f 345 344 343
f 344 329 343
f 344 330 329
f 330 346 333
f 330 344 346
f 333 347 335
f 333 346 347
f 335 348 336
f 335 347 348
f 350 337 349
f 337 348 349
f 337 336 348
f 337 350 338
f 345 351 344
f 344 351 346
f 346 351 352
f 346 352 347
f 347 352 353
f 347 353 348
f 348 353 354
f 348 354 349
f 356 355 227
f 227 355 226
f 357 227 228
f 357 356 227
f 359 357 358
f 357 229 358
f 357 228 229
f 230 358 229
f 361 360 232
f 232 360 231
f 362 232 233
f 362 361 232
f 233 226 355
f 233 355 362
f 363 359 358
f 363 358 230
f 234 363 230
f 364 363 234
f 366 365 236
f 365 234 236
f 365 364 234
f 366 367 365
f 370 369 368
f 238 239 368
f 239 370 368
f 239 371 370
f 239 231 360
f 239 360 371
f 240 366 236
f 240 242 366
f 242 367 366
f 242 372 367
f 375 374 373
f 244 245 373
f 245 375 373
f 245 376 375
f 246 368 369
f 376 246 369
f 245 246 376
f 368 246 238
f 248 378 377
f 372 248 377
f 242 248 372
f 378 379 377
f 373 374 251
f 374 250 251
f 374 380 250
f 373 251 244
f 252 381 378
f 252 378 248
f 379 378 382
f 382 378 381
f 385 384 383
f 380 385 383
f 254 380 383
f 250 380 254
f 256 381 252
f 387 386 258
f 258 386 256
f 386 382 256
f 382 381 256
f 387 388 386
f 383 384 389
f 389 384 390
f 389 260 254
f 389 254 383
f 264 391 265
f 387 258 265
f 391 387 265
f 392 387 391
f 388 387 393
f 393 387 392
f 389 390 394
f 394 390 395
f 394 267 260
f 394 260 389
f 269 396 391
f 269 391 264
f 391 397 392
f 391 396 397
f 393 392 398
f 398 392 397
f 395 399 394
f 267 394 399
f 400 267 399
f 271 267 400
f 274 401 275
f 396 269 275
f 401 396 275
f 402 396 401
f 396 403 397
f 396 402 403
f 398 397 404
f 397 405 404
f 397 403 405
f 277 278 405
f 278 404 405
f 278 406 404
f 278 279 406
f 406 279 407
f 400 408 271
f 271 408 280
f 282 280 408
f 282 408 409
f 286 410 285
f 411 287 285
f 411 285 410
f 401 274 287
f 411 401 287
f 412 401 411
f 401 413 402
f 401 412 413
f 413 289 290
f 403 413 290
f 402 413 403
f 403 290 291
f 403 291 405
f 405 291 277
f 294 415 414
f 407 294 414
f 279 294 407
f 415 416 414
f 295 282 417
f 282 418 417
f 282 409 418
f 419 296 295
f 419 295 417
f 419 298 296
f 421 420 300
f 421 300 301
f 300 420 286
f 420 422 286
f 422 410 286
f 422 420 423
f 410 424 411
f 410 422 424
f 424 304 305
f 412 424 305
f 411 424 412
f 412 305 306
f 412 306 413
f 413 306 289
f 311 425 415
f 311 415 294
f 416 415 426
f 426 415 425
f 418 427 417
f 429 428 427
f 428 417 427
f 428 419 417
f 428 313 298
f 428 298 419
f 432 431 430
f 431 421 430
f 421 315 430
f 421 301 315
f 422 423 433
f 433 423 434
f 433 317 318
f 424 433 318
f 422 433 424
f 424 318 304
f 324 435 325
f 425 311 325
f 435 425 325
f 436 425 435
f 426 425 437
f 437 425 436
f 429 438 428
f 438 440 439
f 438 439 326
f 428 438 326
f 313 428 326
f 439 328 326
f 441 432 430
f 441 430 315
f 332 441 315
f 442 441 332
f 334 433 434
f 442 334 434
f 332 334 442
f 433 334 317
f 338 443 339
f 444 340 339
f 444 339 443
f 445 341 340
f 445 340 444
f 435 324 341
f 445 435 341
f 446 435 445
f 448 436 447
f 436 446 447
f 436 435 446
f 436 448 437
f 440 449 439
f 449 451 450
f 449 450 342
f 439 449 342
f 328 439 342
f 452 343 342
f 452 342 450
f 452 345 343
f 349 453 350
f 443 338 350
f 453 443 350
f 454 443 453
f 443 455 444
f 443 454 455
f 457 445 456
f 445 455 456
f 445 444 455
f 445 457 446
f 446 457 458
f 446 458 447
f 451 459 450
f 450 459 452
f 452 459 460
f 452 460 345
f 460 351 345
f 460 461 351
f 351 462 352
f 461 462 351
f 352 463 353
f 462 463 352
f 353 464 354
f 463 464 353
f 349 354 453
f 354 465 453
f 354 464 465
f 453 465 454
f 454 465 466
f 454 466 455
f 455 466 467
f 455 467 456
f 469 468 356
f 356 468 355
f 470 356 357
f 470 469 356
f 472 471 359
f 471 357 359
f 471 470 357
f 472 473 471
f 475 474 361
f 361 474 360
f 476 361 362
f 476 475 361
f 362 355 468
f 362 468 476
f 363 472 359
f 477 473 472
f 363 477 472
f 364 477 363
f 478 364 365
f 478 477 364
f 365 367 478
f 478 367 479
f 481 480 370
f 370 480 369
f 482 370 371
f 482 481 370
f 371 360 474
f 371 474 482
f 372 479 367
f 372 483 479
f 485 484 375
f 375 484 374
f 486 375 376
f 486 485 375
f 376 369 480
f 376 480 486
f 487 483 372
f 487 372 377
f 377 379 487
f 487 379 488
f 484 380 374
f 489 380 484
f 382 488 379
f 382 490 488
f 492 491 385
f 385 491 384
f 385 380 489
f 385 489 492
f 493 490 382
f 493 382 386
f 495 494 388
f 494 386 388
f 494 493 386
f 495 496 494
f 491 390 384
f 497 390 491
f 393 498 495
f 393 495 388
f 496 495 499
f 499 495 498
f 497 395 390
f 500 395 497
f 398 501 498
f 398 498 393
f 499 498 502
f 502 498 501
f 399 395 503
f 395 504 503
f 395 500 504
f 503 400 399
f 404 501 398
f 505 502 501
f 404 505 501
f 406 505 404
f 406 407 505
f 505 407 506
f 504 507 503
f 503 507 400
f 507 408 400
f 507 508 408
f 409 408 508
f 409 508 509
f 510 506 407
f 510 407 414
f 414 416 510
f 510 416 511
f 514 513 512
f 509 514 512
f 418 509 512
f 409 509 418
f 517 516 515
f 518 420 421
f 519 515 516
f 518 423 420
f 426 521 520
f 511 426 520
f 416 426 511
f 521 522 520
f 513 523 512
f 523 525 524
f 523 524 427
f 512 523 427
f 418 512 427
f 524 429 427
f 528 527 526
f 526 527 517
f 526 517 515
f 432 526 515
f 431 432 515
f 515 519 431
f 519 529 431
f 518 421 431
f 518 431 529
f 423 518 529
f 530 423 529
f 434 423 530
f 532 531 521
f 426 532 521
f 437 532 426
f 521 531 522
f 525 533 524
f 524 533 429
f 533 438 429
f 533 534 438
f 440 438 534
f 440 534 535
f 536 528 526
f 536 526 432
f 441 536 432
f 537 536 441
f 538 441 442
f 538 537 441
f 442 434 530
f 442 530 538
f 540 539 448
f 540 448 447
f 437 448 532
f 532 448 539
f 449 440 541
f 440 542 541
f 440 535 542
f 541 451 449
f 456 543 457
f 544 458 457
f 544 457 543
f 544 545 458
f 545 447 458
f 545 540 447
f 542 546 541
f 541 546 451
f 546 459 451
f 546 547 459
f 547 549 548
f 460 547 548
f 459 547 460
f 550 461 460
f 550 460 548
f 551 462 461
f 551 461 550
f 552 463 462
f 552 462 551
f 553 464 463
f 553 463 552
f 554 465 464
f 554 464 553
f 555 466 465
f 555 465 554
f 466 555 556
f 557 466 556
f 467 466 557
f 456 467 543
f 467 558 543
f 467 557 558
f 543 558 544
f 544 558 559
f 544 559 545
f 549 560 548
f 548 560 550
f 550 560 561
f 550 561 551
f 551 561 562
f 551 562 552
f 552 562 563
f 552 563 553
f 553 563 564
f 553 564 554
f 554 564 565
f 554 565 555
f 555 565 566
f 555 566 556
f 568 567 469
f 469 567 468
f 569 469 470
f 569 568 469
f 571 569 570
f 569 471 570
f 569 470 471
f 473 570 471
f 574 573 572
f 474 475 572
f 475 574 572
f 475 575 574
f 576 475 476
f 576 575 475
f 476 468 567
f 476 567 576
f 577 571 570
f 577 570 473
f 477 577 473
f 578 577 477
f 580 578 579
f 578 478 579
f 578 477 478
f 479 579 478
f 582 581 481
f 481 581 480
f 482 572 573
f 582 482 573
f 481 482 582
f 572 482 474
f 583 580 579
f 579 479 583
f 479 584 583
f 479 483 584
f 586 585 485
f 485 585 484
f 587 485 486
f 587 586 485
f 486 480 581
f 486 581 587
f 483 487 588
f 589 483 588
f 584 483 589
f 488 588 487
f 585 489 484
f 590 489 585
f 591 589 588
f 488 490 588
f 490 592 588
f 592 591 588
f 592 490 593
f 593 594 592
f 596 595 492
f 492 595 491
f 492 489 590
f 492 590 596
f 493 593 490
f 597 594 593
f 493 597 593
f 494 597 493
f 494 496 597
f 597 496 598
f 595 497 491
f 599 497 595
f 499 598 496
f 499 600 598
f 603 602 601
f 599 603 601
f 500 599 601
f 497 599 500
f 502 605 604
f 600 502 604
f 499 502 600
f 605 606 604
f 601 602 607
f 607 602 608
f 607 504 500
f 607 500 601
f 505 605 502
f 505 506 605
f 506 606 605
f 506 609 606
f 608 610 607
f 610 612 611
f 610 611 507
f 607 610 507
f 504 607 507
f 613 508 507
f 613 507 611
f 613 509 508
f 614 609 506
f 614 506 510
f 510 511 614
f 614 511 615
f 612 616 611
f 618 617 616
f 513 616 617
f 616 513 611
f 514 611 513
f 611 514 613
f 620 619 618
f 620 613 619
f 613 620 509
f 621 509 620
f 509 621 514
f 619 514 621
f 621 617 619
f 619 617 618
f 613 514 619
f 623 622 621
f 623 621 620
f 624 622 623
f 517 625 516
f 625 519 516
f 626 615 511
f 626 511 520
f 520 522 626
f 626 522 627
f 617 523 513
f 523 617 525
f 617 628 525
f 617 621 628
f 629 621 622
f 628 621 629
f 622 624 630
f 622 630 629
f 528 631 527
f 625 517 527
f 631 625 527
f 632 625 631
f 633 529 519
f 625 633 519
f 632 633 625
f 633 530 529
f 532 634 531
f 634 635 531
f 635 522 531
f 635 627 522
f 628 533 525
f 533 628 534
f 534 628 629
f 535 534 629
f 630 535 629
f 636 535 630
f 536 631 528
f 631 536 537
f 631 537 632
f 632 537 538
f 632 538 633
f 633 538 530
f 540 637 539
f 637 638 539
f 539 638 532
f 638 639 532
f 639 634 532
f 634 639 635
f 636 542 535
f 640 542 636
f 642 641 637
f 540 642 637
f 545 642 540
f 637 641 638
f 640 643 542
f 542 643 546
f 546 644 547
f 643 644 546
f 549 547 644
f 549 644 645
f 556 646 557
f 557 646 647
f 648 557 647
f 558 557 648
f 558 649 559
f 648 649 558
f 545 559 642
f 642 559 649
f 645 650 549
f 549 650 560
f 560 651 561
f 650 651 560
f 651 653 652
f 562 651 652
f 561 651 562
f 562 652 654
f 655 562 654
f 563 562 655
f 655 657 656
f 564 655 656
f 563 655 564
f 564 656 658
f 659 564 658
f 565 564 659
f 565 660 566
f 659 660 565
f 556 566 646
f 566 661 646
f 566 660 661
f 646 661 647
f 653 662 652
f 652 662 654
f 657 663 656
f 656 663 658
f 666 665 664
f 567 568 664
f 568 666 664
f 568 667 666
f 668 568 569
f 668 667 568
f 569 571 668
f 668 571 669
f 670 573 574
f 670 574 671
f 574 672 671
f 574 575 672
f 576 664 665
f 672 576 665
f 575 576 672
f 664 576 567
f 673 669 571
f 673 571 577
f 674 577 578
f 674 673 577
f 578 580 674
f 674 580 675
f 677 676 582
f 582 676 581
f 582 573 670
f 678 582 670
f 677 582 678
f 678 670 671
f 679 675 580
f 679 580 583
f 583 584 679
f 679 584 680
f 681 585 586
f 681 586 682
f 586 683 682
f 586 587 683
f 587 581 676
f 587 676 683
f 589 685 684
f 680 589 684
f 584 589 680
f 685 686 684
f 688 687 681
f 687 585 681
f 687 590 585
f 688 681 682
f 591 685 589
f 689 686 685
f 591 689 685
f 592 689 591
f 592 594 689
f 689 594 690
f 691 595 596
f 692 691 596
f 590 692 596
f 687 692 590
f 693 690 594
f 693 594 597
f 597 598 693
f 693 598 694
f 696 695 691
f 695 595 691
f 695 599 595
f 696 691 692
f 600 698 697
f 694 600 697
f 598 600 694
f 698 699 697
f 701 700 603
f 603 700 602
f 603 599 695
f 603 695 701
f 604 698 600
f 604 606 698
f 606 699 698
f 606 702 699
f 700 608 602
f 703 608 700
f 609 702 606
f 609 704 702
f 610 608 705
f 608 706 705
f 608 703 706
f 705 612 610
f 707 704 609
f 707 609 614
f 614 615 707
f 707 615 708
f 705 706 709
f 709 706 710
f 711 616 612
f 705 711 612
f 709 711 705
f 712 618 616
f 712 616 711
f 713 620 618
f 713 618 712
f 714 623 620
f 714 620 713
f 714 624 623
f 715 708 615
f 715 615 626
f 626 627 715
f 715 627 716
f 710 717 709
f 709 717 711
f 711 717 718
f 711 718 712
f 712 718 719
f 712 719 713
f 713 719 720
f 722 721 720
f 721 713 720
f 721 714 713
f 721 630 624
f 721 624 714
f 635 716 627
f 635 723 716
f 726 725 724
f 726 724 722
f 724 721 722
f 724 727 721
f 727 636 630
f 727 630 721
f 729 728 639
f 729 639 638
f 635 639 723
f 723 639 728
f 725 730 724
f 732 731 730
f 731 724 730
f 731 727 724
f 731 640 636
f 731 636 727
f 734 733 641
f 734 641 642
f 638 641 729
f 729 641 733
f 732 735 731
f 731 735 640
f 735 643 640
f 735 736 643
f 736 738 737
f 644 736 737
f 643 736 644
f 737 645 644
f 647 739 648
f 648 739 740
f 741 648 740
f 649 648 741
f 642 649 734
f 734 649 741
f 738 742 737
f 737 742 645
f 742 650 645
f 742 743 650
f 743 745 744
f 651 743 744
f 650 743 651
f 744 653 651
f 654 746 655
f 746 657 655
f 658 747 659
f 748 660 659
f 748 659 747
f 660 748 749
f 750 660 749
f 661 660 750
f 647 661 739
f 661 751 739
f 661 750 751
f 739 751 740
f 745 752 744
f 744 752 653
f 752 662 653
f 752 753 662
f 654 662 746
f 662 754 746
f 662 753 754
f 746 754 657
f 754 663 657
f 754 755 663
f 658 663 747
f 663 756 747
f 663 755 756
f 747 756 748
f 748 756 757
f 748 757 749
f 758 665 666
f 667 759 666
f 666 759 758
f 668 760 667
f 667 760 759
f 669 760 668
f 761 671 672
f 762 761 672
f 762 672 665
f 763 762 665
f 758 763 665
f 763 758 759
f 763 759 764
f 764 759 760
f 764 760 765
f 765 760 669
f 673 765 669
f 766 765 673
f 768 766 767
f 766 674 767
f 766 673 674
f 675 767 674
f 769 676 677
f 678 770 677
f 677 770 769
f 771 770 678
f 771 678 671
f 772 771 671
f 761 772 671
f 772 761 762
f 773 768 767
f 775 773 774
f 774 773 679
f 773 767 679
f 767 675 679
f 680 774 679
f 777 776 683
f 683 776 682
f 683 676 769
f 778 683 769
f 777 683 778
f 778 769 770
f 778 770 779
f 779 770 771
f 780 775 774
f 780 774 680
f 684 780 680
f 781 780 684
f 684 686 781
f 781 686 782
f 784 783 688
f 688 783 687
f 688 682 776
f 688 776 784
f 785 782 686
f 785 686 689
f 689 690 785
f 785 690 786
f 789 788 787
f 783 789 787
f 692 783 787
f 687 783 692
f 790 786 690
f 790 690 693
f 693 694 790
f 790 694 791
f 794 793 792
f 794 792 788
f 788 792 787
f 792 695 787
f 695 696 787
f 787 696 692
f 795 791 694
f 795 694 697
f 697 699 795
f 795 699 796
f 792 793 701
f 793 700 701
f 793 797 700
f 792 701 695
f 702 796 699
f 702 798 796
f 797 703 700
f 799 703 797
f 704 801 800
f 798 704 800
f 702 704 798
f 801 802 800
f 799 706 703
f 803 706 799
f 707 801 704
f 805 804 708
f 708 804 707
f 804 802 707
f 802 801 707
f 805 806 804
f 803 710 706
f 807 710 803
f 715 805 708
f 715 716 805
f 716 806 805
f 716 808 806
f 807 809 710
f 710 809 717
f 809 811 810
f 718 809 810
f 717 809 718
f 812 719 718
f 812 718 810
f 813 720 719
f 813 719 812
f 813 722 720
f 723 808 716
f 723 814 808
f 811 815 810
f 817 816 815
f 816 810 815
f 816 812 810
f 816 725 726
f 813 816 726
f 812 816 813
f 813 726 722
f 819 818 728
f 819 728 729
f 723 728 814
f 814 728 818
f 817 820 816
f 820 822 821
f 820 821 730
f 816 820 730
f 725 816 730
f 821 732 730
f 825 824 823
f 827 826 823
f 827 823 824
f 828 826 827
f 830 829 733
f 830 733 734
f 729 733 819
f 819 733 829
f 822 831 821
f 821 831 732
f 831 735 732
f 831 832 735
f 832 834 833
f 736 832 833
f 735 832 736
f 833 738 736
f 837 836 835
f 835 836 825
f 823 835 825
f 838 835 823
f 839 823 826
f 838 823 839
f 826 828 840
f 826 840 839
f 842 841 741
f 842 741 740
f 734 741 830
f 830 741 841
f 834 843 833
f 833 843 738
f 843 742 738
f 843 844 742
f 742 845 743
f 844 845 742
f 847 846 745
f 743 847 745
f 845 847 743
f 846 847 837
f 835 846 837
f 848 846 835
f 838 850 849
f 848 838 849
f 835 838 848
f 850 838 839
f 850 839 851
f 851 839 840
f 853 852 750
f 853 750 749
f 750 854 751
f 852 854 750
f 740 751 842
f 842 751 854
f 846 752 745
f 752 846 753
f 753 846 848
f 849 855 848
f 855 753 848
f 855 754 753
f 754 856 755
f 855 856 754
f 755 857 756
f 856 857 755
f 756 858 757
f 857 858 756
f 749 757 853
f 853 757 858
f 859 762 763
f 764 860 763
f 763 860 859
f 765 861 764
f 764 861 860
f 766 862 765
f 765 862 861
f 768 862 766
f 863 771 772
f 864 863 772
f 864 772 762
f 865 864 762
f 859 865 762
f 865 859 860
f 865 860 866
f 866 860 861
f 866 861 867
f 867 861 862
f 867 862 868
f 868 862 768
f 773 868 768
f 869 868 773
f 773 775 869
f 869 775 870
f 871 776 777
f 778 872 777
f 777 872 871
f 872 778 873
f 778 874 873
f 778 779 874
f 779 771 863
f 875 779 863
f 874 779 875
f 875 863 864
f 876 870 775
f 876 775 780
f 877 780 781
f 877 876 780
f 781 782 877
f 877 782 878
f 880 879 784
f 784 879 783
f 784 776 871
f 881 784 871
f 880 784 881
f 881 871 872
f 881 872 882
f 882 872 873
f 883 878 782
f 883 782 785
f 785 786 883
f 883 786 884
f 886 885 789
f 789 885 788
f 789 783 879
f 789 879 886
f 887 884 786
f 887 786 790
f 790 791 887
f 887 791 888
f 890 889 794
f 794 889 793
f 794 788 885
f 794 885 890
f 891 888 791
f 891 791 795
f 795 796 891
f 891 796 892
f 889 797 793
f 893 797 889
f 798 895 894
f 892 798 894
f 796 798 892
f 895 896 894
f 893 799 797
f 897 799 893
f 800 895 798
f 800 802 895
f 802 896 895
f 802 898 896
f 897 803 799
f 899 803 897
f 900 898 802
f 900 802 804
f 804 806 900
f 900 806 901
f 899 807 803
f 902 807 899
f 808 901 806
f 808 903 901
f 902 904 807
f 807 904 809
f 811 809 904
f 811 904 905
f 814 903 808
f 814 906 903
f 815 811 907
f 811 908 907
f 811 905 908
f 907 817 815
f 910 909 818
f 910 818 819
f 814 818 906
f 906 818 909
f 908 911 907
f 907 911 817
f 911 820 817
f 911 912 820
f 822 820 912
f 822 912 913
f 915 914 824
f 915 824 825
f 824 916 827
f 914 916 824
f 828 827 916
f 828 916 917
f 920 919 918
f 829 830 918
f 919 829 918
f 921 829 919
f 819 829 910
f 910 829 921
f 913 922 822
f 822 922 831
f 831 923 832
f 922 923 831
f 834 832 923
f 834 923 924
f 837 925 836
f 925 926 836
f 926 825 836
f 926 915 825
f 917 840 828
f 927 840 917
f 930 929 928
f 928 929 920
f 928 920 918
f 842 928 918
f 841 842 918
f 841 918 830
f 924 931 834
f 834 931 843
f 843 932 844
f 931 932 843
f 844 933 845
f 932 933 844
f 845 934 847
f 933 934 845
f 837 847 925
f 847 935 925
f 847 934 935
f 936 849 850
f 935 926 925
f 851 937 850
f 850 937 936
f 938 937 851
f 840 938 851
f 927 938 840
f 940 939 852
f 940 852 853
f 928 854 930
f 854 939 930
f 854 852 939
f 854 928 842
f 936 855 849
f 855 936 856
f 856 936 937
f 938 941 937
f 941 856 937
f 941 857 856
f 857 942 858
f 941 942 857
f 853 858 940
f 940 858 942
f 943 864 865
f 866 944 865
f 865 944 943
f 867 945 866
f 866 945 944
f 868 946 867
f 867 946 945
f 869 947 868
f 868 947 946
f 870 947 869
f 948 873 874
f 948 874 949
f 874 950 949
f 874 875 950
f 875 864 943
f 951 875 943
f 950 875 951
f 951 943 944
f 951 944 952
f 952 944 945
f 952 945 953
f 953 945 946
f 953 946 954
f 954 946 947
f 954 947 955
f 957 955 956
f 956 955 876
f 955 947 876
f 947 870 876
f 877 958 876
f 876 958 956
f 878 958 877
f 959 879 880
f 959 880 960
f 880 961 960
f 880 881 961
f 962 881 882
f 962 961 881
f 882 873 948
f 963 882 948
f 962 882 963
f 963 948 949
f 964 957 956
f 964 956 958
f 964 958 965
f 967 965 966
f 966 965 883
f 965 958 883
f 958 878 883
f 884 966 883
f 969 968 886
f 886 968 885
f 886 879 959
f 970 886 959
f 969 886 970
f 970 959 960
f 971 967 966
f 973 971 972
f 972 971 887
f 971 966 887
f 966 884 887
f 888 972 887
f 974 889 890
f 975 974 890
f 885 975 890
f 968 975 885
f 976 973 972
f 976 972 888
f 891 976 888
f 977 976 891
f 891 892 977
f 977 892 978
f 980 979 974
f 979 889 974
f 979 893 889
f 980 974 975
f 892 894 981
f 982 892 981
f 978 892 982
f 896 981 894
f 979 897 893
f 983 897 979
f 984 982 981
f 981 896 984
f 896 985 984
f 896 898 985
f 983 899 897
f 986 899 983
f 898 900 987
f 988 898 987
f 985 898 988
f 901 987 900
f 990 902 989
f 902 986 989
f 902 899 986
f 991 990 989
f 992 988 987
f 987 901 992
f 901 993 992
f 901 903 993
f 990 904 902
f 905 904 990
f 991 905 990
f 994 905 991
f 997 996 995
f 996 993 995
f 993 906 995
f 993 903 906
f 999 908 998
f 908 994 998
f 908 905 994
f 1000 999 998
f 1003 1002 1001
f 1001 1002 997
f 1001 997 995
f 910 1001 995
f 909 910 995
f 909 995 906
f 999 911 908
f 1000 1004 999
f 1004 911 999
f 1004 912 911
f 913 912 1004
f 913 1004 1005
f 915 1006 914
f 1007 916 914
f 1007 914 1006
f 1007 917 916
f 1009 1008 919
f 1009 919 920
f 1001 921 1003
f 921 1008 1003
f 921 919 1008
f 921 1001 910
f 1005 1010 913
f 913 1010 922
f 922 1011 923
f 1010 1011 922
f 924 923 1011
f 924 1011 1012
f 1014 1013 1006
f 915 1014 1006
f 926 1014 915
f 1006 1013 1007
f 1007 1013 1015
f 917 1007 1015
f 1016 917 1015
f 927 917 1016
f 1018 1017 929
f 1018 929 930
f 920 929 1009
f 1009 929 1017
f 1012 1019 924
f 924 1019 931
f 931 1020 932
f 1019 1020 931
f 932 1021 933
f 1020 1021 932
f 933 1022 934
f 1021 1022 933
f 934 1023 935
f 1022 1023 934
f 926 935 1014
f 1014 935 1023
f 1025 938 1024
f 938 1016 1024
f 938 927 1016
f 1027 1026 1025
f 1027 1025 1024
f 939 940 1026
f 1027 939 1026
f 1028 939 1027
f 930 939 1018
f 1018 939 1028
f 1025 941 938
f 941 1025 942
f 942 1025 1026
f 942 1026 940
f 1029 949 950
f 951 1030 950
f 950 1030 1029
f 952 1031 951
f 951 1031 1030
f 953 1032 952
f 952 1032 1031
f 954 1033 953
f 953 1033 1032
f 955 1034 954
f 954 1034 1033
f 957 1034 955
f 1035 960 961
f 962 1036 961
f 961 1036 1035
f 963 1037 962
f 962 1037 1036
f 1038 1037 963
f 1038 963 949
f 1039 1038 949
f 1029 1039 949
f 1039 1029 1030
f 1039 1030 1040
f 1040 1030 1031
f 1040 1031 1041
f 1041 1031 1032
f 1041 1032 1042
f 1042 1032 1033
f 1042 1033 1043
f 1043 1033 1034
f 1043 1034 1044
f 1044 1034 957
f 964 1044 957
f 1045 1044 964
f 1047 1045 1046
f 1045 965 1046
f 1045 964 965
f 967 1046 965
f 1048 968 969
f 1048 969 1049
f 969 1050 1049
f 969 970 1050
f 970 960 1035
f 1051 970 1035
f 1050 970 1051
f 1051 1035 1036
f 1051 1036 1052
f 1052 1036 1037
f 1052 1037 1053
f 1053 1037 1038
f 1054 1047 1046
f 1056 1054 1055
f 1055 1054 971
f 1054 1046 971
f 1046 967 971
f 973 1055 971
f 1058 1057 1048
f 1057 968 1048
f 1057 975 968
f 1058 1048 1049
f 1059 1056 1055
f 1059 1055 973
f 976 1059 973
f 1060 1059 976
f 1062 1060 1061
f 1060 977 1061
f 1060 976 977
f 978 1061 977
f 1063 979 980
f 1064 1063 980
f 975 1064 980
f 1057 1064 975
f 1065 1062 1061
f 1061 978 1065
f 978 1066 1065
f 978 982 1066
f 1067 983 1063
f 1063 983 979
f 1063 1064 1068
f 1063 1068 1067
f 982 984 1069
f 1070 982 1069
f 1066 982 1070
f 985 1069 984
f 1071 986 1067
f 1067 986 983
f 1067 1068 1072
f 1067 1072 1071
f 1073 1070 1069
f 1069 985 1073
f 985 1074 1073
f 985 988 1074
f 1071 989 986
f 991 989 1071
f 1072 991 1071
f 1075 991 1072
f 988 992 1076
f 1077 988 1076
f 1074 988 1077
f 993 1076 992
f 1075 994 991
f 1078 994 1075
f 1077 1076 996
f 997 1077 996
f 1079 1077 997
f 996 1076 993
f 1078 1080 994
f 994 1080 998
f 1000 998 1080
f 1000 1080 1081
f 1083 1082 1002
f 1083 1002 1003
f 997 1002 1079
f 1079 1002 1082
f 1081 1084 1000
f 1000 1084 1004
f 1005 1004 1084
f 1005 1084 1085
f 1088 1087 1086
f 1008 1009 1086
f 1087 1008 1086
f 1089 1008 1087
f 1003 1008 1083
f 1083 1008 1089
f 1085 1090 1005
f 1005 1090 1010
f 1010 1091 1011
f 1090 1091 1010
f 1093 1092 1012
f 1011 1093 1012
f 1091 1093 1011
f 1095 1094 1092
f 1095 1092 1093
f 1097 1096 1094
f 1097 1094 1095
f 1099 1098 1096
f 1099 1096 1097
f 1101 1100 1098
f 1101 1098 1099
f 1013 1014 1100
f 1101 1013 1100
f 1102 1013 1101
f 1013 1103 1015
f 1102 1103 1013
f 1105 1104 1016
f 1015 1105 1016
f 1103 1105 1015
f 1106 1104 1105
f 1109 1108 1107
f 1107 1108 1088
f 1107 1088 1086
f 1018 1107 1086
f 1017 1018 1086
f 1017 1086 1009
f 1092 1019 1012
f 1019 1092 1020
f 1020 1092 1094
f 1020 1094 1021
f 1021 1094 1096
f 1021 1096 1022
f 1022 1096 1098
f 1022 1098 1023
f 1023 1098 1100
f 1023 1100 1014
f 1104 1024 1016
f 1106 1110 1104
f 1110 1024 1104
f 1110 1027 1024
f 1107 1028 1109
f 1028 1110 1109
f 1028 1027 1110
f 1028 1107 1018
f 1111 1038 1039
f 1040 1112 1039
f 1039 1112 1111
f 1041 1113 1040
f 1040 1113 1112
f 1042 1114 1041
f 1041 1114 1113
f 1043 1115 1042
f 1042 1115 1114
f 1044 1116 1043
f 1043 1116 1115
f 1045 1117 1044
f 1044 1117 1116
f 1047 1117 1045
f 1118 1049 1050
f 1051 1119 1050
f 1050 1119 1118
f 1052 1120 1051
f 1051 1120 1119
f 1053 1121 1052
f 1052 1121 1120
f 1038 1111 1053
f 1111 1121 1053
f 1111 1122 1121
f 1123 1111 1112
f 1122 1111 1123
f 1124 1112 1113
f 1123 1112 1124
f 1125 1113 1114
f 1124 1113 1125
f 1115 1127 1126
f 1125 1115 1126
f 1114 1115 1125
f 1127 1115 1116
f 1127 1116 1128
f 1130 1129 1128
f 1116 1130 1128
f 1117 1130 1116
f 1054 1131 1047
f 1131 1117 1047
f 1131 1130 1117
f 1056 1131 1054
f 1132 1057 1058
f 1049 1118 1058
f 1118 1132 1058
f 1118 1133 1132
f 1134 1118 1119
f 1133 1118 1134
f 1120 1136 1135
f 1134 1120 1135
f 1119 1120 1134
f 1136 1120 1121
f 1136 1121 1137
f 1137 1121 1122
f 1137 1122 1138
f 1138 1122 1123
f 1138 1123 1139
f 1139 1123 1124
f 1139 1124 1140
f 1140 1124 1125
f 1140 1125 1141
f 1141 1125 1126
f 1142 1129 1130
f 1142 1130 1131
f 1142 1131 1143
f 1143 1131 1056
f 1059 1143 1056
f 1144 1143 1059
f 1146 1144 1145
f 1144 1060 1145
f 1144 1059 1060
f 1062 1145 1060
f 1147 1064 1132
f 1132 1064 1057
f 1133 1149 1148
f 1147 1133 1148
f 1132 1133 1147
f 1149 1133 1134
f 1149 1134 1150
f 1150 1134 1135
f 1151 1146 1145
f 1153 1151 1152
f 1152 1151 1065
f 1151 1145 1065
f 1145 1062 1065
f 1066 1152 1065
f 1154 1068 1147
f 1147 1068 1064
f 1147 1148 1155
f 1147 1155 1154
f 1156 1153 1152
f 1152 1066 1156
f 1066 1157 1156
f 1066 1070 1157
f 1158 1072 1154
f 1154 1072 1068
f 1154 1155 1159
f 1154 1159 1158
f 1070 1073 1160
f 1161 1070 1160
f 1157 1070 1161
f 1074 1160 1073
f 1163 1162 1158
f 1162 1072 1158
f 1162 1075 1072
f 1163 1158 1159
f 1161 1160 1164
f 1161 1164 1165
f 1077 1164 1074
f 1074 1164 1160
f 1167 1078 1166
f 1078 1162 1166
f 1078 1075 1162
f 1168 1167 1166
f 1171 1170 1169
f 1169 1170 1165
f 1164 1169 1165
f 1172 1169 1164
f 1079 1172 1077
f 1077 1172 1164
f 1167 1080 1078
f 1081 1080 1167
f 1168 1081 1167
f 1173 1081 1168
f 1171 1169 1174
f 1171 1174 1175
f 1083 1174 1082
f 1174 1172 1082
f 1174 1169 1172
f 1082 1172 1079
f 1173 1176 1081
f 1081 1176 1084
f 1085 1084 1176
f 1085 1176 1177
f 1179 1178 1087
f 1179 1087 1088
f 1174 1089 1175
f 1089 1178 1175
f 1089 1087 1178
f 1089 1174 1083
f 1177 1180 1085
f 1085 1180 1090
f 1090 1181 1091
f 1180 1181 1090
f 1091 1182 1093
f 1181 1182 1091
f 1093 1183 1095
f 1182 1183 1093
f 1095 1184 1097
f 1183 1184 1095
f 1097 1185 1099
f 1184 1185 1097
f 1099 1186 1101
f 1185 1186 1099
f 1101 1187 1102
f 1186 1187 1101
f 1102 1188 1103
f 1187 1188 1102
f 1103 1189 1105
f 1188 1189 1103
f 1191 1190 1106
f 1105 1191 1106
f 1189 1191 1105
f 1108 1109 1190
f 1191 1108 1190
f 1192 1108 1191
f 1088 1108 1179
f 1179 1108 1192
f 1190 1110 1106
f 1110 1190 1109
f 1193 1126 1127
f 1128 1194 1127
f 1127 1194 1193
f 1129 1194 1128
f 1195 1135 1136
f 1137 1196 1136
f 1136 1196 1195
f 1138 1197 1137
f 1137 1197 1196
f 1139 1198 1138
f 1138 1198 1197
f 1140 1199 1139
f 1139 1199 1198
f 1141 1200 1140
f 1140 1200 1199
f 1201 1200 1141
f 1201 1141 1126
f 1202 1201 1126
f 1193 1202 1126
f 1202 1193 1194
f 1202 1194 1203
f 1203 1194 1129
f 1142 1203 1129
f 1204 1203 1142
f 1206 1204 1205
f 1204 1143 1205
f 1204 1142 1143
f 1144 1207 1143
f 1143 1207 1205
f 1146 1207 1144
f 1208 1148 1149
f 1150 1209 1149
f 1149 1209 1208
f 1135 1195 1150
f 1195 1209 1150
f 1195 1210 1209
f 1211 1195 1196
f 1210 1195 1211
f 1197 1213 1212
f 1211 1197 1212
f 1196 1197 1211
f 1213 1197 1198
f 1213 1198 1214
f 1214 1198 1199
f 1214 1199 1215
f 1215 1199 1200
f 1215 1200 1216
f 1216 1200 1201
f 1217 1206 1205
f 1219 1218 1217
f 1205 1219 1217
f 1207 1219 1205
f 1151 1220 1146
f 1220 1207 1146
f 1220 1219 1207
f 1153 1220 1151
f 1221 1155 1208
f 1208 1155 1148
f 1222 1208 1209
f 1221 1208 1222
f 1223 1209 1210
f 1222 1209 1223
f 1211 1225 1224
f 1223 1211 1224
f 1210 1211 1223
f 1225 1211 1212
f 1226 1218 1219
f 1228 1227 1226
f 1219 1228 1226
f 1220 1228 1219
f 1156 1229 1153
f 1229 1220 1153
f 1229 1228 1220
f 1157 1229 1156
f 1230 1159 1221
f 1221 1159 1155
f 1231 1221 1222
f 1230 1221 1231
f 1223 1233 1232
f 1231 1223 1232
f 1222 1223 1231
f 1233 1223 1224
f 1227 1228 1234
f 1227 1234 1235
f 1236 1228 1229
f 1234 1228 1236
f 1161 1236 1157
f 1157 1236 1229
f 1237 1162 1163
f 1159 1230 1163
f 1230 1237 1163
f 1230 1238 1237
f 1239 1230 1231
f 1238 1230 1239
f 1231 1232 1240
f 1231 1240 1239
f 1235 1234 1241
f 1235 1241 1242
f 1243 1234 1236
f 1241 1234 1243
f 1165 1243 1161
f 1161 1243 1236
f 1237 1166 1162
f 1166 1237 1168
f 1237 1244 1168
f 1237 1238 1244
f 1239 1246 1245
f 1244 1239 1245
f 1238 1239 1244
f 1246 1239 1240
f 1242 1241 1247
f 1242 1247 1248
f 1171 1247 1170
f 1247 1243 1170
f 1247 1241 1243
f 1170 1243 1165
f 1249 1173 1244
f 1244 1173 1168
f 1244 1245 1250
f 1251 1244 1250
f 1249 1244 1251
f 1252 1251 1250
f 1255 1254 1253
f 1253 1254 1248
f 1247 1253 1248
f 1256 1253 1247
f 1175 1256 1171
f 1171 1256 1247
f 1249 1176 1173
f 1176 1249 1177
f 1249 1257 1177
f 1249 1251 1257
f 1251 1252 1258
f 1259 1251 1258
f 1257 1251 1259
f 1261 1260 1259
f 1261 1259 1258
f 1262 1260 1261
f 1265 1264 1263
f 1263 1264 1255
f 1253 1263 1255
f 1266 1263 1253
f 1179 1266 1178
f 1266 1256 1178
f 1266 1253 1256
f 1178 1256 1175
f 1257 1180 1177
f 1180 1257 1181
f 1181 1257 1259
f 1181 1259 1182
f 1182 1259 1260
f 1262 1267 1260
f 1267 1182 1260
f 1267 1183 1182
f 1183 1268 1184
f 1267 1268 1183
f 1184 1269 1185
f 1268 1269 1184
f 1185 1270 1186
f 1269 1270 1185
f 1186 1271 1187
f 1270 1271 1186
f 1187 1272 1188
f 1271 1272 1187
f 1188 1273 1189
f 1272 1273 1188
f 1263 1191 1265
f 1191 1273 1265
f 1191 1189 1273
f 1191 1263 1192
f 1192 1263 1266
f 1192 1266 1179
f 1274 1201 1202
f 1203 1275 1202
f 1202 1275 1274
f 1204 1276 1203
f 1203 1276 1275
f 1206 1276 1204
f 1277 1212 1213
f 1214 1278 1213
f 1213 1278 1277
f 1215 1279 1214
f 1214 1279 1278
f 1216 1280 1215
f 1215 1280 1279
f 1201 1274 1216
f 1274 1280 1216
f 1274 1281 1280
f 1282 1274 1275
f 1281 1274 1282
f 1283 1275 1276
f 1282 1275 1283
f 1217 1284 1206
f 1284 1276 1206
f 1284 1283 1276
f 1218 1284 1217
f 1285 1224 1225
f 1212 1277 1225
f 1277 1285 1225
f 1277 1286 1285
f 1287 1277 1278
f 1286 1277 1287
f 1288 1278 1279
f 1287 1278 1288
f 1280 1290 1289
f 1288 1280 1289
f 1279 1280 1288
f 1290 1280 1281
f 1290 1281 1291
f 1291 1281 1282
f 1291 1282 1292
f 1292 1282 1283
f 1292 1283 1293
f 1295 1294 1293
f 1283 1295 1293
f 1284 1295 1283
f 1226 1296 1218
f 1296 1284 1218
f 1296 1295 1284
f 1227 1296 1226
f 1297 1232 1233
f 1224 1285 1233
f 1285 1297 1233
f 1285 1298 1297
f 1299 1285 1286
f 1298 1285 1299
f 1300 1286 1287
f 1299 1286 1300
f 1301 1287 1288
f 1300 1287 1301
f 1288 1289 1302
f 1288 1302 1301
f 1294 1295 1303
f 1294 1303 1304
f 1305 1295 1296
f 1303 1295 1305
f 1235 1305 1227
f 1227 1305 1296
f 1306 1240 1297
f 1297 1240 1232
f 1307 1297 1298
f 1306 1297 1307
f 1308 1298 1299
f 1307 1298 1308
f 1300 1310 1309
f 1308 1300 1309
f 1299 1300 1308
f 1310 1300 1301
f 1310 1301 1311
f 1311 1301 1302
f 1304 1303 1312
f 1304 1312 1313
f 1314 1303 1305
f 1312 1303 1314
f 1242 1314 1235
f 1235 1314 1305
f 1315 1245 1246
f 1240 1306 1246
f 1306 1315 1246
f 1306 1316 1315
f 1317 1306 1307
f 1316 1306 1317
f 1318 1307 1308
f 1317 1307 1318
f 1308 1309 1319
f 1308 1319 1318
f 1313 1312 1320
f 1313 1320 1321
f 1322 1312 1314
f 1320 1312 1322
f 1248 1322 1242
f 1242 1322 1314
f 1315 1250 1245
f 1250 1315 1252
f 1315 1323 1252
f 1315 1316 1323
f 1324 1316 1317
f 1323 1316 1324
f 1325 1317 1318
f 1324 1317 1325
f 1318 1319 1326
f 1327 1318 1326
f 1325 1318 1327
f 1329 1328 1327
f 1329 1327 1326
f 1330 1328 1329
f 1333 1332 1331
f 1331 1332 1321
f 1320 1331 1321
f 1334 1331 1320
f 1255 1334 1254
f 1334 1322 1254
f 1334 1320 1322
f 1254 1322 1248
f 1323 1258 1252
f 1258 1323 1261
f 1261 1323 1324
f 1261 1324 1262
f 1324 1335 1262
f 1324 1325 1335
f 1336 1325 1327
f 1335 1325 1336
f 1337 1327 1328
f 1336 1327 1337
f 1328 1330 1338
f 1339 1328 1338
f 1337 1328 1339
f 1341 1340 1339
f 1341 1339 1338
f 1343 1342 1340
f 1343 1340 1341
f 1342 1343 1333
f 1331 1342 1333
f 1344 1342 1331
f 1265 1344 1264
f 1344 1334 1264
f 1344 1331 1334
f 1264 1334 1255
f 1335 1267 1262
f 1267 1335 1268
f 1268 1335 1336
f 1268 1336 1269
f 1269 1336 1337
f 1269 1337 1270
f 1270 1337 1339
f 1270 1339 1271
f 1271 1339 1340
f 1271 1340 1272
f 1272 1340 1342
f 1272 1342 1273
f 1273 1342 1344
f 1273 1344 1265
f 1345 1289 1290
f 1291 1346 1290
f 1290 1346 1345
f 1292 1347 1291
f 1291 1347 1346
f 1293 1348 1292
f 1292 1348 1347
f 1294 1348 1293
f 1349 1302 1345
f 1345 1302 1289
f 1350 1345 1346
f 1349 1345 1350
f 1351 1346 1347
f 1350 1346 1351
f 1352 1347 1348
f 1351 1347 1352
f 1304 1352 1294
f 1294 1352 1348
f 1353 1309 1310
f 1311 1354 1310
f 1310 1354 1353
f 1302 1349 1311
f 1349 1354 1311
f 1349 1355 1354
f 1356 1349 1350
f 1355 1349 1356
f 1357 1350 1351
f 1356 1350 1357
f 1358 1351 1352
f 1357 1351 1358
f 1313 1358 1304
f 1304 1358 1352
f 1359 1319 1353
f 1353 1319 1309
f 1360 1353 1354
f 1359 1353 1360
f 1361 1354 1355
f 1360 1354 1361
f 1362 1355 1356
f 1361 1355 1362
f 1363 1356 1357
f 1362 1356 1363
f 1364 1357 1358
f 1363 1357 1364
f 1321 1364 1313
f 1313 1364 1358
f 1359 1326 1319
f 1326 1359 1329
f 1329 1359 1360
f 1329 1360 1330
f 1360 1365 1330
f 1360 1361 1365
f 1366 1361 1362
f 1365 1361 1366
f 1367 1362 1363
f 1366 1362 1367
f 1333 1367 1332
f 1367 1364 1332
f 1367 1363 1364
f 1332 1364 1321
f 1365 1338 1330
f 1338 1365 1341
f 1341 1365 1366
f 1341 1366 1343
f 1343 1366 1367
f 1343 1367 1333

o edema
usemtl material_1
v 57.50000000 73.00000000 67.00000000
v 58.00000000 73.00000000 66.50000000
v 58.00000000 72.50000000 67.00000000
v 58.00000000 73.00000000 67.50000000
v 58.00000000 73.50000000 67.00000000
v 58.50000000 72.00000000 66.00000000
v 59.00000000 72.00000000 65.50000000
v 59.00000000 71.50000000 66.00000000
v 59.00000000 71.50000000 67.00000000
v 58.50000000 72.00000000 67.00000000
v 59.00000000 71.50000000 68.00000000
v 58.50000000 72.00000000 68.00000000
v 59.00000000 72.00000000 68.50000000
v 58.50000000 73.00000000 66.00000000
v 59.00000000 73.00000000 65.50000000
v 58.50000000 73.00000000 68.00000000
v 59.00000000 73.00000000 68.50000000
v 58.50000000 74.00000000 66.00000000
v 59.00000000 74.00000000 65.50000000
v 58.50000000 74.00000000 67.00000000
v 58.50000000 74.00000000 68.00000000
v 59.00000000 74.00000000 68.50000000
v 59.00000000 74.50000000 66.00000000
v 59.00000000 74.50000000 67.00000000
v 59.00000000 74.50000000 68.00000000
v 59.50000000 71.00000000 67.00000000
v 60.00000000 71.00000000 66.50000000
v 60.00000000 70.50000000 67.00000000
v 60.00000000 70.50000000 68.00000000
v 59.50000000 71.00000000 68.00000000
v 60.00000000 71.00000000 68.50000000
v 59.50000000 72.00000000 66.00000000
v 60.00000000 72.00000000 66.50000000
v 60.00000000 71.50000000 69.00000000
v 59.50000000 72.00000000 69.00000000
v 60.00000000 72.00000000 69.50000000
v 59.50000000 73.00000000 66.00000000
v 60.00000000 73.00000000 66.50000000
v 60.00000000 72.50000000 69.00000000
v 60.00000000 73.00000000 68.50000000
v 59.50000000 74.00000000 66.00000000
v 60.00000000 74.00000000 66.50000000
v 60.00000000 74.00000000 68.50000000
v 60.00000000 74.50000000 67.00000000
v 60.00000000 74.50000000 68.00000000
v 60.50000000 69.00000000 69.00000000
v 61.00000000 69.00000000 68.50000000
v 61.00000000 68.50000000 69.00000000
v 61.00000000 69.00000000 69.50000000
v 60.50000000 69.00000000 71.00000000
v 61.00000000 69.00000000 70.50000000
v 61.00000000 68.50000000 71.00000000
v 61.00000000 69.00000000 71.50000000
v 61.00000000 69.50000000 69.00000000
v 61.00000000 69.50000000 71.00000000
v 61.00000000 71.00000000 66.50000000
v 61.00000000 70.50000000 67.00000000
v 61.00000000 70.50000000 68.00000000
v 61.00000000 70.50000000 69.00000000
v 60.50000000 71.00000000 69.00000000
v 61.00000000 71.00000000 69.50000000
v 61.00000000 71.50000000 67.00000000
v 60.50000000 72.00000000 67.00000000
v 61.00000000 72.00000000 67.50000000
v 61.00000000 72.00000000 68.50000000
v 60.50000000 72.00000000 69.00000000
v 61.00000000 71.50000000 69.00000000
v 60.50000000 73.00000000 67.00000000
v 61.00000000 73.00000000 67.50000000
v 61.00000000 73.00000000 68.50000000
v 60.50000000 74.00000000 67.00000000
v 61.00000000 74.00000000 67.50000000
v 61.00000000 74.00000000 68.50000000
v 61.00000000 74.50000000 68.00000000
v 61.50000000 67.00000000 69.00000000
v 62.00000000 67.00000000 68.50000000
v 62.00000000 66.50000000 69.00000000
v 62.00000000 67.00000000 69.50000000
v 61.50000000 67.00000000 71.00000000
v 62.00000000 67.00000000 70.50000000
v 62.00000000 66.50000000 71.00000000
v 62.00000000 67.00000000 71.50000000
v 61.50000000 67.00000000 73.00000000
v 62.00000000 67.00000000 72.50000000
v 62.00000000 66.50000000 73.00000000
v 62.00000000 67.00000000 73.50000000
v 62.00000000 67.50000000 69.00000000
v 62.00000000 67.50000000 71.00000000
v 62.00000000 67.50000000 73.00000000
v 61.50000000 69.00000000 69.00000000
v 61.50000000 69.00000000 71.00000000
v 61.50000000 70.00000000 68.00000000
v 62.00000000 70.00000000 67.50000000
v 62.00000000 69.50000000 68.00000000
v 62.00000000 69.50000000 69.00000000
v 61.50000000 70.00000000 69.00000000
v 62.00000000 70.00000000 69.50000000
v 61.50000000 71.00000000 67.00000000
v 62.00000000 70.50000000 68.00000000
v 61.50000000 71.00000000 68.00000000
v 61.50000000 71.00000000 69.00000000
v 62.00000000 70.50000000 69.00000000
v 61.50000000 72.00000000 68.00000000
v 61.50000000 73.00000000 68.00000000
v 61.50000000 74.00000000 68.00000000
v 61.50000000 74.00000000 69.00000000
v 62.00000000 73.50000000 69.00000000
v 62.00000000 74.00000000 68.50000000
v 62.00000000 74.00000000 69.50000000
v 62.00000000 75.00000000 68.50000000
v 61.50000000 75.00000000 69.00000000
v 62.00000000 74.50000000 70.00000000
v 61.50000000 75.00000000 70.00000000
v 62.00000000 75.00000000 70.50000000
v 61.50000000 76.00000000 69.00000000
v 62.00000000 76.00000000 68.50000000
v 62.00000000 76.00000000 69.50000000
v 62.00000000 75.50000000 70.00000000
v 62.00000000 76.50000000 69.00000000
v 63.00000000 67.00000000 68.50000000
v 63.00000000 66.50000000 69.00000000
v 63.00000000 67.00000000 69.50000000
v 63.00000000 67.00000000 70.50000000
v 63.00000000 66.50000000 71.00000000
v 63.00000000 67.00000000 71.50000000
v 62.50000000 67.00000000 73.00000000
v 62.50000000 68.00000000 69.00000000
v 63.00000000 68.00000000 68.50000000
v 63.00000000 68.00000000 69.50000000
v 63.00000000 67.50000000 71.00000000
v 62.50000000 69.00000000 69.00000000
v 63.00000000 69.00000000 68.50000000
v 63.00000000 68.50000000 70.00000000
v 62.50000000 69.00000000 70.00000000
v 63.00000000 69.00000000 70.50000000
v 62.50000000 70.00000000 68.00000000
v 63.00000000 70.00000000 68.50000000
v 63.00000000 69.50000000 70.00000000
v 63.00000000 70.00000000 69.50000000
v 63.00000000 70.50000000 69.00000000
v 62.50000000 74.00000000 69.00000000
v 63.00000000 73.50000000 70.00000000
v 63.00000000 74.00000000 69.50000000
v 62.50000000 74.00000000 70.00000000
v 63.00000000 74.00000000 70.50000000
v 63.00000000 75.00000000 68.50000000
v 63.00000000 74.50000000 69.00000000
v 63.00000000 75.00000000 70.50000000
v 62.50000000 76.00000000 68.00000000
v 63.00000000 76.00000000 67.50000000
v 63.00000000 75.50000000 68.00000000
v 62.50000000 76.00000000 69.00000000
v 63.00000000 75.50000000 69.00000000
v 63.00000000 76.00000000 68.50000000
v 62.50000000 76.00000000 70.00000000
v 63.00000000 76.00000000 69.50000000
v 63.00000000 76.00000000 70.50000000
v 63.00000000 76.50000000 68.00000000
v 63.00000000 76.50000000 70.00000000
v 64.00000000 67.00000000 68.50000000
v 64.00000000 66.50000000 69.00000000
v 64.00000000 67.00000000 69.50000000
v 63.50000000 67.00000000 71.00000000
v 64.00000000 67.50000000 69.00000000
v 63.50000000 68.00000000 69.00000000
v 63.50000000 69.00000000 69.00000000
v 64.00000000 68.50000000 70.00000000
v 64.00000000 69.00000000 69.50000000
v 64.00000000 69.00000000 70.50000000
v 63.50000000 70.00000000 69.00000000
v 64.00000000 69.50000000 70.00000000
v 64.00000000 74.00000000 69.50000000
v 64.00000000 73.50000000 70.00000000
v 64.00000000 73.50000000 71.00000000
v 63.50000000 74.00000000 71.00000000
v 64.00000000 74.00000000 71.50000000
v 63.50000000 75.00000000 69.00000000
v 64.00000000 75.00000000 69.50000000
v 63.50000000 75.00000000 71.00000000
v 64.00000000 75.00000000 71.50000000
v 63.50000000 76.00000000 68.00000000
v 63.50000000 76.00000000 69.00000000
v 64.00000000 75.50000000 69.00000000
v 64.00000000 76.00000000 68.50000000
v 63.50000000 76.00000000 71.00000000
v 64.00000000 76.00000000 71.50000000
v 64.00000000 76.50000000 69.00000000
v 63.50000000 77.00000000 70.00000000
v 64.00000000 77.00000000 69.50000000
v 64.00000000 77.00000000 70.50000000
v 64.00000000 76.50000000 71.00000000
v 64.00000000 77.50000000 70.00000000
v 64.50000000 67.00000000 69.00000000
v 65.00000000 68.00000000 68.50000000
v 64.50000000 68.00000000 69.00000000
v 65.00000000 67.50000000 69.00000000
v 65.00000000 68.00000000 69.50000000
v 64.50000000 68.00000000 71.00000000
v 65.00000000 68.00000000 70.50000000
v 65.00000000 67.50000000 71.00000000
v 65.00000000 68.00000000 71.50000000
v 65.00000000 68.50000000 69.00000000
v 64.50000000 69.00000000 70.00000000
v 65.00000000 68.50000000 71.00000000
v 65.00000000 74.00000000 69.50000000
v 65.00000000 73.50000000 70.00000000
v 65.00000000 73.50000000 71.00000000
v 65.00000000 73.50000000 72.00000000
v 64.50000000 74.00000000 72.00000000
v 65.00000000 74.00000000 72.50000000
v 65.00000000 75.00000000 69.50000000
v 64.50000000 75.00000000 72.00000000
v 65.00000000 75.00000000 72.50000000
v 64.50000000 76.00000000 69.00000000
v 65.00000000 76.00000000 69.50000000
v 64.50000000 76.00000000 72.00000000
v 65.00000000 76.00000000 72.50000000
v 65.00000000 77.00000000 69.50000000
v 64.50000000 77.00000000 71.00000000
v 65.00000000 77.00000000 71.50000000
v 65.00000000 76.50000000 72.00000000
v 64.50000000 77.00000000 77.00000000
v 65.00000000 77.00000000 76.50000000
v 65.00000000 76.50000000 77.00000000
v 65.00000000 76.50000000 78.00000000
v 64.50000000 77.00000000 78.00000000
v 65.00000000 76.50000000 79.00000000
v 64.50000000 77.00000000 79.00000000
v 65.00000000 76.50000000 80.00000000
v 64.50000000 77.00000000 80.00000000
v 65.00000000 77.00000000 80.50000000
v 65.00000000 77.50000000 70.00000000
v 65.00000000 77.50000000 71.00000000
v 64.50000000 78.00000000 76.00000000
v 65.00000000 78.00000000 75.50000000
v 65.00000000 77.50000000 76.00000000
v 64.50000000 78.00000000 77.00000000
v 64.50000000 78.00000000 78.00000000
v 64.50000000 78.00000000 79.00000000
v 64.50000000 78.00000000 80.00000000
v 65.00000000 77.50000000 81.00000000
v 64.50000000 78.00000000 81.00000000
v 65.00000000 77.50000000 82.00000000
v 64.50000000 78.00000000 82.00000000
v 65.00000000 78.00000000 82.50000000
v 64.50000000 79.00000000 74.00000000
v 65.00000000 79.00000000 73.50000000
v 65.00000000 78.50000000 74.00000000
v 65.00000000 78.50000000 75.00000000
v 64.50000000 79.00000000 75.00000000
v 64.50000000 79.00000000 76.00000000
v 64.50000000 79.00000000 77.00000000
v 64.50000000 79.00000000 78.00000000
v 64.50000000 79.00000000 79.00000000
v 64.50000000 79.00000000 80.00000000
v 64.50000000 79.00000000 81.00000000
v 64.50000000 79.00000000 82.00000000
v 65.00000000 79.00000000 82.50000000
v 64.50000000 80.00000000 64.00000000
v 65.00000000 80.00000000 63.50000000
v 65.00000000 79.50000000 64.00000000
v 65.00000000 79.50000000 65.00000000
v 64.50000000 80.00000000 65.00000000
v 65.00000000 79.50000000 66.00000000
v 64.50000000 80.00000000 66.00000000
v 65.00000000 80.00000000 66.50000000
v 64.50000000 80.00000000 72.00000000
v 65.00000000 80.00000000 71.50000000
v 65.00000000 79.50000000 72.00000000
v 65.00000000 79.50000000 73.00000000
v 64.50000000 80.00000000 73.00000000
v 64.50000000 80.00000000 74.00000000
v 64.50000000 80.00000000 75.00000000
v 64.50000000 80.00000000 76.00000000
v 64.50000000 80.00000000 77.00000000
v 64.50000000 80.00000000 78.00000000
v 64.50000000 80.00000000 79.00000000
v 64.50000000 80.00000000 80.00000000
v 64.50000000 80.00000000 81.00000000
v 64.50000000 80.00000000 82.00000000
v 65.00000000 79.50000000 83.00000000
v 64.50000000 80.00000000 83.00000000
v 65.00000000 79.50000000 84.00000000
v 64.50000000 80.00000000 84.00000000
v 65.00000000 80.00000000 84.50000000
v 65.00000000 80.50000000 64.00000000
v 65.00000000 80.50000000 65.00000000
v 65.00000000 80.50000000 66.00000000
v 64.50000000 81.00000000 70.00000000
v 65.00000000 81.00000000 69.50000000
v 65.00000000 80.50000000 70.00000000
v 65.00000000 80.50000000 71.00000000
v 64.50000000 81.00000000 71.00000000
v 64.50000000 81.00000000 72.00000000
v 64.50000000 81.00000000 73.00000000
v 64.50000000 81.00000000 74.00000000
v 64.50000000 81.00000000 75.00000000
v 64.50000000 81.00000000 76.00000000
v 64.50000000 81.00000000 77.00000000
v 64.50000000 81.00000000 78.00000000
v 64.50000000 81.00000000 79.00000000
v 64.50000000 81.00000000 80.00000000
v 64.50000000 81.00000000 81.00000000
v 64.50000000 81.00000000 82.00000000
v 64.50000000 81.00000000 83.00000000
v 64.50000000 81.00000000 84.00000000
v 65.00000000 81.00000000 84.50000000
v 64.50000000 82.00000000 70.00000000
v 65.00000000 82.00000000 69.50000000
v 64.50000000 82.00000000 71.00000000
v 64.50000000 82.00000000 72.00000000
v 64.50000000 82.00000000 73.00000000
v 64.50000000 82.00000000 74.00000000
v 64.50000000 82.00000000 75.00000000
v 64.50000000 82.00000000 76.00000000
v 64.50000000 82.00000000 77.00000000
v 64.50000000 82.00000000 78.00000000
v 64.50000000 82.00000000 79.00000000
v 64.50000000 82.00000000 80.00000000
v 64.50000000 82.00000000 81.00000000
v 64.50000000 82.00000000 82.00000000
v 65.00000000 82.00000000 82.50000000
v 65.00000000 81.50000000 83.00000000
v 65.00000000 81.50000000 84.00000000
v 64.50000000 83.00000000 69.00000000
v 65.00000000 83.00000000 68.50000000
v 65.00000000 82.50000000 69.00000000
v 64.50000000 83.00000000 70.00000000
v 64.50000000 83.00000000 71.00000000
v 64.50000000 83.00000000 72.00000000
v 64.50000000 83.00000000 73.00000000
v 64.50000000 83.00000000 74.00000000
v 64.50000000 83.00000000 75.00000000
v 64.50000000 83.00000000 76.00000000
v 64.50000000 83.00000000 77.00000000
v 64.50000000 83.00000000 78.00000000
v 64.50000000 83.00000000 79.00000000
v 64.50000000 83.00000000 80.00000000
v 65.00000000 83.00000000 80.50000000
v 65.00000000 82.50000000 81.00000000
v 65.00000000 82.50000000 82.00000000
v 65.00000000 83.50000000 69.00000000
v 64.50000000 84.00000000 70.00000000
v 65.00000000 84.00000000 69.50000000
v 64.50000000 84.00000000 71.00000000
v 64.50000000 84.00000000 72.00000000
v 64.50000000 84.00000000 73.00000000
v 64.50000000 84.00000000 74.00000000
v 64.50000000 84.00000000 75.00000000
v 64.50000000 84.00000000 76.00000000
v 64.50000000 84.00000000 77.00000000
v 64.50000000 84.00000000 78.00000000
v 64.50000000 84.00000000 79.00000000
v 65.00000000 84.00000000 79.50000000
v 65.00000000 83.50000000 80.00000000
v 65.00000000 84.50000000 70.00000000
v 65.00000000 84.50000000 71.00000000
v 65.00000000 84.50000000 72.00000000
v 65.00000000 84.50000000 73.00000000
v 65.00000000 84.50000000 74.00000000
v 65.00000000 84.50000000 75.00000000
v 64.50000000 85.00000000 76.00000000
v 65.00000000 85.00000000 75.50000000
v 64.50000000 85.00000000 77.00000000
v 64.50000000 85.00000000 78.00000000
v 65.00000000 85.00000000 78.50000000
v 65.00000000 84.50000000 79.00000000
v 65.00000000 85.50000000 76.00000000
v 65.00000000 85.50000000 77.00000000
v 65.00000000 85.50000000 78.00000000
v 65.50000000 68.00000000 69.00000000
v 65.50000000 68.00000000 71.00000000
v 65.50000000 74.00000000 70.00000000
v 66.00000000 74.00000000 70.50000000
v 66.00000000 73.50000000 71.00000000
v 66.00000000 73.50000000 72.00000000
v 66.00000000 73.50000000 73.00000000
v 65.50000000 74.00000000 73.00000000
v 66.00000000 74.00000000 73.50000000
v 65.50000000 75.00000000 70.00000000
v 66.00000000 75.00000000 70.50000000
v 65.50000000 75.00000000 73.00000000
v 66.00000000 74.50000000 74.00000000
v 65.50000000 75.00000000 74.00000000
v 66.00000000 74.50000000 75.00000000
v 65.50000000 75.00000000 75.00000000
v 66.00000000 75.00000000 75.50000000
v 65.50000000 76.00000000 70.00000000
v 66.00000000 76.00000000 70.50000000
v 65.50000000 76.00000000 73.00000000
v 65.50000000 76.00000000 74.00000000
v 65.50000000 76.00000000 75.00000000
v 66.00000000 75.50000000 76.00000000
v 65.50000000 76.00000000 76.00000000
v 66.00000000 75.50000000 77.00000000
v 65.50000000 76.00000000 77.00000000
v 66.00000000 75.50000000 78.00000000
v 65.50000000 76.00000000 78.00000000
v 66.00000000 75.50000000 79.00000000
v 65.50000000 76.00000000 79.00000000
v 66.00000000 75.50000000 80.00000000
v 65.50000000 76.00000000 80.00000000
v 66.00000000 75.50000000 81.00000000
v 65.50000000 76.00000000 81.00000000
v 66.00000000 76.00000000 81.50000000
v 66.00000000 77.00000000 69.50000000
v 66.00000000 76.50000000 70.00000000
v 66.00000000 77.00000000 70.50000000
v 65.50000000 77.00000000 71.00000000
v 66.00000000 76.50000000 71.00000000
v 65.50000000 77.00000000 72.00000000
v 66.00000000 77.00000000 71.50000000
v 66.00000000 77.00000000 72.50000000
v 66.00000000 76.50000000 73.00000000
v 66.00000000 76.50000000 74.00000000
v 65.50000000 77.00000000 75.00000000
v 66.00000000 77.00000000 74.50000000
v 65.50000000 77.00000000 76.00000000
v 65.50000000 77.00000000 81.00000000
v 66.00000000 76.50000000 82.00000000
v 65.50000000 77.00000000 82.00000000
v 66.00000000 77.00000000 82.50000000
v 65.50000000 78.00000000 70.00000000
v 66.00000000 78.00000000 69.50000000
v 65.50000000 77.50000000 70.50000000
v 66.00000000 77.50000000 71.00000000
v 65.50000000 78.00000000 71.00000000
v 65.50000000 78.00000000 72.00000000
v 66.00000000 78.00000000 72.50000000
v 65.50000000 78.00000000 74.00000000
v 66.00000000 78.00000000 73.50000000
v 66.00000000 77.50000000 74.00000000
v 65.50000000 78.00000000 75.00000000
v 66.00000000 78.00000000 82.50000000
v 65.50000000 79.00000000 68.00000000
v 66.00000000 79.00000000 67.50000000
v 66.00000000 78.50000000 68.00000000
v 66.00000000 78.50000000 69.00000000
v 65.50000000 79.00000000 69.00000000
v 65.50000000 79.00000000 70.00000000
v 66.00000000 79.00000000 70.50000000
v 66.00000000 78.50000000 71.00000000
v 65.50000000 79.00000000 72.00000000
v 66.00000000 79.00000000 71.50000000
v 66.00000000 78.50000000 73.00000000
v 65.50000000 79.00000000 73.00000000
v 66.00000000 78.50000000 83.00000000
v 65.50000000 79.00000000 83.00000000
v 66.00000000 79.00000000 83.50000000
v 65.50000000 80.00000000 63.00000000
v 66.00000000 80.00000000 62.50000000
v 66.00000000 79.50000000 63.00000000
v 66.00000000 79.50000000 64.00000000
v 65.50000000 80.00000000 65.00000000
v 66.00000000 80.00000000 64.50000000
v 66.00000000 80.00000000 65.50000000
v 66.00000000 79.50000000 66.00000000
v 66.00000000 79.50000000 67.00000000
v 65.50000000 80.00000000 67.00000000
v 65.50000000 80.00000000 68.00000000
v 65.50000000 80.00000000 69.00000000
v 65.50000000 80.00000000 70.00000000
v 66.00000000 79.50000000 71.00000000
v 65.50000000 80.00000000 71.00000000
v 66.00000000 79.50000000 84.00000000
v 66.00000000 80.00000000 84.50000000
v 65.50000000 81.00000000 63.00000000
v 66.00000000 81.00000000 62.50000000
v 65.50000000 81.00000000 64.00000000
v 65.50000000 80.50000000 64.50000000
v 66.00000000 80.50000000 65.00000000
v 65.50000000 81.00000000 65.00000000
v 65.50000000 80.50000000 65.50000000
v 65.50000000 81.00000000 66.00000000
v 65.50000000 81.00000000 67.00000000
v 65.50000000 81.00000000 68.00000000
v 65.50000000 81.00000000 69.00000000
v 66.00000000 81.00000000 84.50000000
v 66.00000000 81.50000000 63.00000000
v 65.50000000 82.00000000 64.00000000
v 66.00000000 82.00000000 63.50000000
v 65.50000000 82.00000000 65.00000000
v 65.50000000 82.00000000 66.00000000
v 65.50000000 82.00000000 67.00000000
v 65.50000000 82.00000000 68.00000000
v 65.50000000 82.00000000 69.00000000
v 65.50000000 82.00000000 83.00000000
v 66.00000000 82.00000000 83.50000000
v 66.00000000 81.50000000 84.00000000
v 66.00000000 82.50000000 64.00000000
v 66.00000000 82.50000000 65.00000000
v 66.00000000 82.50000000 66.00000000
v 65.50000000 83.00000000 67.00000000
v 66.00000000 83.00000000 66.50000000
v 65.50000000 83.00000000 68.00000000
v 65.50000000 83.00000000 81.00000000
v 65.50000000 83.00000000 82.00000000
v 66.00000000 83.00000000 82.50000000
v 66.00000000 82.50000000 83.00000000
v 65.50000000 84.00000000 66.00000000
v 66.00000000 84.00000000 65.50000000
v 66.00000000 83.50000000 66.00000000
v 65.50000000 84.00000000 67.00000000
v 65.50000000 84.00000000 68.00000000
v 65.50000000 84.00000000 69.00000000
v 65.50000000 84.00000000 80.00000000
v 65.50000000 84.00000000 81.00000000
v 66.00000000 84.00000000 81.50000000
v 66.00000000 83.50000000 82.00000000
v 65.50000000 85.00000000 66.00000000
v 66.00000000 85.00000000 65.50000000
v 65.50000000 85.00000000 67.00000000
v 65.50000000 85.00000000 68.00000000
v 65.50000000 85.00000000 69.00000000
v 65.50000000 85.00000000 70.00000000
v 65.50000000 85.00000000 71.00000000
v 65.50000000 85.00000000 72.00000000
v 65.50000000 85.00000000 73.00000000
v 65.50000000 85.00000000 74.00000000
v 65.50000000 85.00000000 75.00000000
v 65.50000000 85.00000000 79.00000000
v 65.50000000 85.00000000 80.00000000
v 66.00000000 85.00000000 80.50000000
v 66.00000000 84.50000000 81.00000000
v 65.50000000 86.00000000 66.00000000
v 66.00000000 86.00000000 65.50000000
v 65.50000000 86.00000000 67.00000000
v 65.50000000 86.00000000 68.00000000
v 65.50000000 86.00000000 69.00000000
v 65.50000000 86.00000000 70.00000000
v 65.50000000 86.00000000 71.00000000
v 66.00000000 86.00000000 71.50000000
v 66.00000000 85.50000000 72.00000000
v 66.00000000 85.50000000 73.00000000
v 66.00000000 85.50000000 74.00000000
v 66.00000000 85.50000000 75.00000000
v 66.00000000 85.50000000 76.00000000
v 65.50000000 86.00000000 77.00000000
v 66.00000000 86.00000000 76.50000000
v 65.50000000 86.00000000 78.00000000
v 65.50000000 86.00000000 79.00000000
v 66.00000000 86.00000000 79.50000000
v 66.00000000 85.50000000 80.00000000
v 66.00000000 86.50000000 66.00000000
v 65.50000000 87.00000000 67.00000000
v 66.00000000 87.00000000 66.50000000
v 65.50000000 87.00000000 68.00000000
v 66.00000000 87.00000000 68.50000000
v 66.00000000 86.50000000 69.00000000
v 66.00000000 86.50000000 70.00000000
v 66.00000000 86.50000000 71.00000000
v 66.00000000 86.50000000 77.00000000
v 66.00000000 86.50000000 78.00000000
v 66.00000000 86.50000000 79.00000000
v 66.00000000 87.50000000 67.00000000
v 66.00000000 87.50000000 68.00000000
v 66.50000000 70.00000000 71.00000000
v 67.00000000 70.00000000 70.50000000
v 67.00000000 69.50000000 71.00000000
v 67.00000000 70.00000000 71.50000000
v 66.50000000 71.00000000 71.00000000
v 67.00000000 71.00000000 70.50000000
v 67.00000000 71.00000000 71.50000000
v 66.50000000 71.00000000 78.00000000
v 67.00000000 71.00000000 77.50000000
v 67.00000000 70.50000000 78.00000000
v 67.00000000 70.50000000 79.00000000
v 66.50000000 71.00000000 79.00000000
v 67.00000000 71.00000000 79.50000000
v 66.50000000 72.00000000 71.00000000
v 67.00000000 72.00000000 70.50000000
v 67.00000000 72.00000000 71.50000000
v 66.50000000 72.00000000 78.00000000
v 67.00000000 72.00000000 77.50000000
v 66.50000000 72.00000000 79.00000000
v 67.00000000 72.00000000 79.50000000
v 67.00000000 72.50000000 71.00000000
v 66.50000000 73.00000000 78.00000000
v 67.00000000 73.00000000 77.50000000
v 66.50000000 73.00000000 79.00000000
v 67.00000000 73.00000000 79.50000000
v 66.50000000 74.00000000 71.00000000
v 67.00000000 74.00000000 71.50000000
v 67.00000000 73.50000000 72.00000000
v 67.00000000 73.50000000 73.00000000
v 67.00000000 73.50000000 74.00000000
v 66.50000000 74.00000000 74.00000000
v 67.00000000 74.00000000 74.50000000
v 66.50000000 74.00000000 76.00000000
v 67.00000000 74.00000000 75.50000000
v 67.00000000 73.50000000 76.00000000
v 67.00000000 73.50000000 77.00000000
v 66.50000000 74.00000000 77.00000000
v 66.50000000 74.00000000 78.00000000
v 66.50000000 74.00000000 79.00000000
v 67.00000000 74.00000000 79.50000000
v 66.50000000 75.00000000 58.00000000
v 67.00000000 75.00000000 57.50000000
v 67.00000000 74.50000000 58.00000000
v 67.00000000 75.00000000 58.50000000
v 66.50000000 75.00000000 71.00000000
v 67.00000000 75.00000000 71.50000000
v 67.00000000 74.50000000 75.00000000
v 66.50000000 75.00000000 76.00000000
v 66.50000000 75.00000000 77.00000000
v 66.50000000 75.00000000 78.00000000
v 66.50000000 75.00000000 79.00000000
v 67.00000000 74.50000000 80.00000000
v 66.50000000 75.00000000 80.00000000
v 67.00000000 75.00000000 80.50000000
v 67.00000000 75.50000000 58.00000000
v 66.50000000 76.00000000 71.00000000
v 67.00000000 75.50000000 72.00000000
v 66.50000000 76.00000000 72.00000000
v 67.00000000 76.00000000 72.50000000
v 67.00000000 75.50000000 81.00000000
v 67.00000000 75.50000000 82.00000000
v 66.50000000 76.00000000 82.00000000
v 67.00000000 76.00000000 82.50000000
v 66.50000000 77.00000000 70.00000000
v 67.00000000 76.50000000 72.00000000
v 67.00000000 77.00000000 71.50000000
v 66.50000000 76.50000000 72.50000000
v 67.00000000 77.00000000 72.50000000
v 67.00000000 76.50000000 73.00000000
v 66.50000000 77.00000000 74.00000000
v 67.00000000 77.00000000 73.50000000
v 67.00000000 77.00000000 82.50000000
v 66.50000000 78.00000000 70.00000000
v 66.50000000 78.00000000 71.00000000
v 67.00000000 78.00000000 71.50000000
v 67.00000000 78.00000000 72.50000000
v 67.00000000 78.00000000 73.50000000
v 67.00000000 78.00000000 82.50000000
v 66.50000000 79.00000000 68.00000000
v 66.50000000 79.00000000 69.00000000
v 66.50000000 79.00000000 70.00000000
v 66.50000000 79.00000000 72.00000000
v 67.00000000 78.50000000 72.00000000
v 66.50000000 78.50000000 72.50000000
v 67.00000000 78.50000000 73.00000000
v 67.00000000 79.00000000 72.50000000
v 67.00000000 78.50000000 83.00000000
v 67.00000000 79.00000000 83.50000000
v 66.50000000 80.00000000 63.00000000
v 67.00000000 80.00000000 63.50000000
v 67.00000000 79.50000000 64.00000000
v 67.00000000 79.50000000 65.00000000
v 66.50000000 80.00000000 65.00000000
v 67.00000000 79.50000000 66.00000000
v 66.50000000 80.00000000 67.00000000
v 67.00000000 80.00000000 66.50000000
v 66.50000000 80.00000000 68.00000000
v 66.50000000 80.00000000 69.00000000
v 67.00000000 80.00000000 69.50000000
v 67.00000000 79.50000000 70.00000000
v 67.00000000 79.50000000 71.00000000
v 67.00000000 79.50000000 72.00000000
v 67.00000000 79.50000000 84.00000000
v 67.00000000 80.00000000 84.50000000
v 67.00000000 81.00000000 62.50000000
v 67.00000000 80.50000000 63.00000000
v 67.00000000 80.50000000 67.00000000
v 67.00000000 80.50000000 68.00000000
v 67.00000000 80.50000000 69.00000000
v 67.00000000 81.00000000 84.50000000
v 66.50000000 82.00000000 63.00000000
v 67.00000000 82.00000000 62.50000000
v 67.00000000 81.50000000 84.00000000
v 67.00000000 82.00000000 83.50000000
v 66.50000000 83.00000000 63.00000000
v 67.00000000 83.00000000 62.50000000
v 66.50000000 83.00000000 64.00000000
v 66.50000000 83.00000000 65.00000000
v 66.50000000 83.00000000 66.00000000
v 67.00000000 82.50000000 83.00000000
v 67.00000000 83.00000000 82.50000000
v 66.50000000 84.00000000 62.00000000
v 67.00000000 84.00000000 61.50000000
v 67.00000000 83.50000000 62.00000000
v 66.50000000 84.00000000 63.00000000
v 66.50000000 84.00000000 64.00000000
v 66.50000000 84.00000000 65.00000000
v 67.00000000 83.50000000 82.00000000
v 67.00000000 84.00000000 81.50000000
v 66.50000000 85.00000000 62.00000000
v 67.00000000 85.00000000 61.50000000
v 66.50000000 85.00000000 63.00000000
v 66.50000000 85.00000000 64.00000000
v 66.50000000 85.00000000 65.00000000
v 67.00000000 84.50000000 81.00000000
v 67.00000000 85.00000000 80.50000000
v 67.00000000 85.50000000 62.00000000
v 67.00000000 85.50000000 63.00000000
v 66.50000000 86.00000000 64.00000000
v 67.00000000 86.00000000 63.50000000
v 66.50000000 86.00000000 65.00000000
v 66.50000000 86.00000000 72.00000000
v 66.50000000 86.00000000 73.00000000
v 66.50000000 86.00000000 74.00000000
v 66.50000000 86.00000000 75.00000000
v 66.50000000 86.00000000 76.00000000
v 66.50000000 86.00000000 80.00000000
v 67.00000000 86.00000000 80.50000000
v 67.00000000 86.50000000 64.00000000
v 66.50000000 87.00000000 65.00000000
v 67.00000000 87.00000000 64.50000000
v 66.50000000 87.00000000 66.00000000
v 66.50000000 87.00000000 69.00000000
v 66.50000000 87.00000000 70.00000000
v 66.50000000 87.00000000 71.00000000
v 67.00000000 87.00000000 71.50000000
v 67.00000000 86.50000000 72.00000000
v 67.00000000 86.50000000 73.00000000
v 67.00000000 86.50000000 74.00000000
v 67.00000000 86.50000000 75.00000000
v 67.00000000 86.50000000 76.00000000
v 67.00000000 86.50000000 77.00000000
v 67.00000000 86.50000000 78.00000000
v 67.00000000 86.50000000 79.00000000
v 67.00000000 86.50000000 80.00000000
v 67.00000000 87.50000000 65.00000000
v 67.00000000 87.50000000 66.00000000
v 67.00000000 87.50000000 67.00000000
v 67.00000000 87.50000000 68.00000000
v 67.00000000 87.50000000 69.00000000
v 67.00000000 87.50000000 70.00000000
v 67.00000000 87.50000000 71.00000000
v 68.00000000 70.00000000 70.50000000
v 68.00000000 69.50000000 71.00000000
v 68.00000000 70.00000000 71.50000000
v 67.50000000 70.00000000 79.00000000
v 68.00000000 70.00000000 78.50000000
v 68.00000000 69.50000000 79.00000000
v 68.00000000 69.50000000 80.00000000
v 67.50000000 70.00000000 80.00000000
v 68.00000000 70.00000000 80.50000000
v 68.00000000 71.00000000 70.50000000
v 68.00000000 70.50000000 72.00000000
v 67.50000000 71.00000000 72.00000000
v 68.00000000 71.00000000 72.50000000
v 68.00000000 71.00000000 77.50000000
v 68.00000000 70.50000000 78.00000000
v 67.50000000 71.00000000 80.00000000
v 68.00000000 71.00000000 80.50000000
v 68.00000000 71.50000000 71.00000000
v 67.50000000 72.00000000 71.00000000
v 68.00000000 71.50000000 72.00000000
v 68.00000000 72.00000000 77.50000000
v 67.50000000 72.00000000 80.00000000
v 68.00000000 72.00000000 80.50000000
v 68.00000000 73.00000000 77.50000000
v 67.50000000 73.00000000 80.00000000
v 68.00000000 73.00000000 80.50000000
v 67.50000000 74.00000000 72.00000000
v 67.50000000 74.00000000 73.00000000
v 68.00000000 74.00000000 73.50000000
v 68.00000000 73.50000000 74.00000000
v 68.00000000 73.50000000 75.00000000
v 67.50000000 74.00000000 75.00000000
v 68.00000000 73.50000000 76.00000000
v 68.00000000 73.50000000 77.00000000
v 67.50000000 74.00000000 80.00000000
v 68.00000000 74.00000000 80.50000000
v 67.50000000 75.00000000 56.00000000
v 68.00000000 75.00000000 55.50000000
v 68.00000000 74.50000000 56.00000000
v 68.00000000 74.50000000 57.00000000
v 67.50000000 75.00000000 57.00000000
v 68.00000000 74.50000000 58.00000000
v 68.00000000 75.00000000 58.50000000
v 67.50000000 75.00000000 72.00000000
v 68.00000000 75.00000000 72.50000000
v 68.00000000 74.50000000 73.00000000
v 68.00000000 74.50000000 81.00000000
v 67.50000000 75.00000000 81.00000000
v 68.00000000 75.00000000 81.50000000
v 67.50000000 76.00000000 56.00000000
v 68.00000000 76.00000000 55.50000000
v 67.50000000 76.00000000 57.00000000
v 67.50000000 76.00000000 58.00000000
v 68.00000000 76.00000000 58.50000000
v 67.50000000 76.00000000 73.00000000
v 68.00000000 75.50000000 73.00000000
v 67.50000000 76.00000000 74.00000000
v 68.00000000 75.50000000 74.00000000
v 67.50000000 76.00000000 75.00000000
v 68.00000000 75.50000000 75.00000000
v 68.00000000 76.00000000 75.50000000
v 68.00000000 75.50000000 82.00000000
v 68.00000000 76.00000000 82.50000000
v 68.00000000 76.50000000 56.00000000
v 68.00000000 76.50000000 57.00000000
v 68.00000000 76.50000000 58.00000000
v 67.50000000 77.00000000 72.00000000
v 67.50000000 77.00000000 73.00000000
v 68.00000000 76.50000000 73.00000000
v 68.00000000 77.00000000 72.50000000
v 67.50000000 77.00000000 74.00000000
v 68.00000000 77.00000000 73.50000000
v 67.50000000 77.00000000 75.00000000
v 68.00000000 77.00000000 75.50000000
v 68.00000000 77.00000000 82.50000000
v 67.50000000 78.00000000 72.00000000
v 68.00000000 77.50000000 73.00000000
v 67.50000000 78.00000000 74.00000000
v 67.50000000 78.00000000 75.00000000
v 68.00000000 78.00000000 75.50000000
v 68.00000000 78.00000000 82.50000000
v 67.50000000 79.00000000 73.00000000
v 67.50000000 79.00000000 74.00000000
v 67.50000000 79.00000000 75.00000000
v 68.00000000 79.00000000 75.50000000
v 68.00000000 78.50000000 83.00000000
v 68.00000000 79.00000000 83.50000000
v 68.00000000 80.00000000 63.50000000
v 68.00000000 79.50000000 64.00000000
v 67.50000000 80.00000000 65.00000000
v 68.00000000 80.00000000 64.50000000
v 67.50000000 80.00000000 66.00000000
v 67.50000000 80.00000000 70.00000000
v 67.50000000 80.00000000 71.00000000
v 67.50000000 80.00000000 72.00000000
v 67.50000000 80.00000000 73.00000000
v 67.50000000 80.00000000 74.00000000
v 67.50000000 80.00000000 75.00000000
v 68.00000000 80.00000000 75.50000000
v 67.50000000 80.00000000 84.00000000
v 68.00000000 80.00000000 83.50000000
v 67.50000000 81.00000000 63.00000000
v 68.00000000 81.00000000 63.50000000
v 68.00000000 80.50000000 65.00000000
v 68.00000000 81.00000000 65.50000000
v 67.50000000 81.00000000 66.00000000
v 67.50000000 81.00000000 67.00000000
v 67.50000000 81.00000000 68.00000000
v 67.50000000 81.00000000 69.00000000
v 67.50000000 81.00000000 70.00000000
v 67.50000000 81.00000000 71.00000000
v 67.50000000 81.00000000 72.00000000
v 67.50000000 81.00000000 73.00000000
v 67.50000000 81.00000000 74.00000000
v 67.50000000 81.00000000 75.00000000
v 68.00000000 81.00000000 75.50000000
v 67.50000000 81.00000000 84.00000000
v 68.00000000 81.00000000 83.50000000
v 68.00000000 82.00000000 62.50000000
v 68.00000000 81.50000000 63.00000000
v 68.00000000 81.50000000 66.00000000
v 68.00000000 82.00000000 66.50000000
v 67.50000000 82.00000000 67.00000000
v 67.50000000 82.00000000 68.00000000
v 67.50000000 82.00000000 69.00000000
v 67.50000000 82.00000000 70.00000000
v 67.50000000 82.00000000 71.00000000
v 67.50000000 82.00000000 72.00000000
v 67.50000000 82.00000000 73.00000000
v 68.00000000 82.00000000 73.50000000
v 68.00000000 81.50000000 74.00000000
v 68.00000000 81.50000000 75.00000000
v 68.00000000 82.00000000 83.50000000
v 67.50000000 83.00000000 62.00000000
v 68.00000000 83.00000000 61.50000000
v 68.00000000 82.50000000 62.00000000
v 67.50000000 83.00000000 67.00000000
v 68.00000000 83.00000000 66.50000000
v 67.50000000 83.00000000 68.00000000
v 67.50000000 83.00000000 69.00000000
v 67.50000000 83.00000000 70.00000000
v 68.00000000 83.00000000 70.50000000
v 68.00000000 82.50000000 71.00000000
v 68.00000000 82.50000000 72.00000000
v 68.00000000 82.50000000 73.00000000
v 67.50000000 83.00000000 82.00000000
v 68.00000000 82.50000000 82.00000000
v 68.00000000 83.00000000 81.50000000
v 68.00000000 82.50000000 83.00000000
v 67.50000000 84.00000000 60.00000000
v 68.00000000 84.00000000 59.50000000
v 68.00000000 83.50000000 60.00000000
v 68.00000000 83.50000000 61.00000000
v 67.50000000 84.00000000 61.00000000
v 68.00000000 83.50000000 67.00000000
v 68.00000000 83.50000000 68.00000000
v 68.00000000 83.50000000 69.00000000
v 68.00000000 83.50000000 70.00000000
v 68.00000000 84.00000000 81.50000000
v 67.50000000 85.00000000 59.00000000
v 68.00000000 85.00000000 58.50000000
v 68.00000000 84.50000000 59.00000000
v 67.50000000 85.00000000 60.00000000
v 67.50000000 85.00000000 61.00000000
v 67.50000000 85.00000000 81.00000000
v 68.00000000 85.00000000 81.50000000
v 68.00000000 85.50000000 59.00000000
v 68.00000000 85.50000000 60.00000000
v 68.00000000 85.50000000 61.00000000
v 67.50000000 86.00000000 62.00000000
v 68.00000000 86.00000000 61.50000000
v 67.50000000 86.00000000 63.00000000
v 68.00000000 85.50000000 81.00000000
v 68.00000000 86.00000000 80.50000000
v 68.00000000 86.50000000 62.00000000
v 68.00000000 86.50000000 63.00000000
v 67.50000000 87.00000000 64.00000000
v 68.00000000 87.00000000 63.50000000
v 67.50000000 87.00000000 72.00000000
v 68.00000000 87.00000000 72.50000000
v 68.00000000 86.50000000 73.00000000
v 68.00000000 86.50000000 74.00000000
v 68.00000000 86.50000000 75.00000000
v 68.00000000 86.50000000 76.00000000
v 68.00000000 86.50000000 77.00000000
v 67.50000000 87.00000000 78.00000000
v 68.00000000 87.00000000 77.50000000
v 67.50000000 87.00000000 79.00000000
v 67.50000000 87.00000000 80.00000000
v 68.00000000 87.00000000 80.50000000
v 68.00000000 87.50000000 64.00000000
v 68.00000000 87.50000000 65.00000000
v 67.50000000 88.00000000 66.00000000
v 68.00000000 88.00000000 65.50000000
v 67.50000000 88.00000000 67.00000000
v 67.50000000 88.00000000 68.00000000
v 67.50000000 88.00000000 69.00000000
v 67.50000000 88.00000000 70.00000000
v 68.00000000 88.00000000 70.50000000
v 68.00000000 87.50000000 71.00000000
v 68.00000000 87.50000000 72.00000000
v 68.00000000 87.50000000 78.00000000
v 68.00000000 87.50000000 79.00000000
v 68.00000000 87.50000000 80.00000000
v 68.00000000 88.50000000 66.00000000
v 68.00000000 88.50000000 67.00000000
v 68.00000000 88.50000000 68.00000000
v 68.00000000 88.50000000 69.00000000
v 68.00000000 88.50000000 70.00000000
v 68.50000000 70.00000000 71.00000000
v 69.00000000 69.50000000 72.00000000
v 69.00000000 70.00000000 71.50000000
v 68.50000000 70.00000000 72.00000000
v 69.00000000 70.00000000 72.50000000
v 68.50000000 70.00000000 79.00000000
v 69.00000000 70.00000000 79.50000000
v 69.00000000 69.50000000 80.00000000
v 69.00000000 70.00000000 80.50000000
v 69.00000000 71.00000000 70.50000000
v 69.00000000 70.50000000 71.00000000
v 69.00000000 70.50000000 73.00000000
v 68.50000000 71.00000000 73.00000000
v 69.00000000 70.50000000 74.00000000
v 68.50000000 71.00000000 74.00000000
v 69.00000000 71.00000000 74.50000000
v 68.50000000 71.00000000 78.00000000
v 68.50000000 71.00000000 79.00000000
v 69.00000000 71.00000000 79.50000000
v 69.00000000 71.00000000 80.50000000
v 69.00000000 71.50000000 71.00000000
v 69.00000000 71.50000000 72.00000000
v 69.00000000 71.50000000 73.00000000
v 69.00000000 71.50000000 74.00000000
v 68.50000000 72.00000000 78.00000000
v 68.50000000 72.00000000 79.00000000
v 69.00000000 72.00000000 79.50000000
v 69.00000000 72.00000000 80.50000000
v 68.50000000 73.00000000 78.00000000
v 68.50000000 73.00000000 79.00000000
v 69.00000000 73.00000000 79.50000000
v 69.00000000 73.00000000 80.50000000
v 69.00000000 74.00000000 73.50000000
v 69.00000000 73.50000000 74.00000000
v 69.00000000 73.50000000 75.00000000
v 69.00000000 73.50000000 76.00000000
v 69.00000000 73.50000000 77.00000000
v 69.00000000 73.50000000 78.00000000
v 69.00000000 73.50000000 79.00000000
v 69.00000000 73.50000000 81.00000000
v 68.50000000 74.00000000 81.00000000
v 69.00000000 74.00000000 81.50000000
v 68.50000000 75.00000000 56.00000000
v 69.00000000 75.00000000 56.50000000
v 69.00000000 74.50000000 57.00000000
v 69.00000000 74.50000000 58.00000000
v 69.00000000 75.00000000 58.50000000
v 68.50000000 75.00000000 73.00000000
v 69.00000000 74.50000000 74.00000000
v 68.50000000 75.00000000 74.00000000
v 68.50000000 75.00000000 75.00000000
v 69.00000000 74.50000000 75.00000000
v 69.00000000 75.00000000 75.50000000
v 69.00000000 75.00000000 81.50000000
v 69.00000000 76.00000000 55.50000000
v 69.00000000 75.50000000 56.00000000
v 68.50000000 76.00000000 58.00000000
v 69.00000000 75.50000000 58.00000000
v 69.00000000 76.00000000 57.50000000
v 68.50000000 76.00000000 76.00000000
v 69.00000000 75.50000000 76.00000000
v 69.00000000 76.00000000 76.50000000
v 69.00000000 75.50000000 82.00000000
v 69.00000000 76.00000000 82.50000000
v 69.00000000 76.50000000 56.00000000
v 69.00000000 76.50000000 57.00000000
v 68.50000000 77.00000000 73.00000000
v 68.50000000 77.00000000 76.00000000
v 69.00000000 77.00000000 76.50000000
v 69.00000000 77.00000000 82.50000000
v 68.50000000 78.00000000 76.00000000
v 69.00000000 78.00000000 76.50000000
v 69.00000000 78.00000000 82.50000000
v 68.50000000 79.00000000 76.00000000
v 69.00000000 78.50000000 77.00000000
v 68.50000000 79.00000000 77.00000000
v 69.00000000 79.00000000 77.50000000
v 68.50000000 79.00000000 83.00000000
v 69.00000000 79.00000000 82.50000000
v 68.50000000 80.00000000 64.00000000
v 68.50000000 80.00000000 76.00000000
v 68.50000000 80.00000000 77.00000000
v 69.00000000 80.00000000 77.50000000
v 69.00000000 79.50000000 83.00000000
v 69.00000000 80.00000000 83.50000000
v 68.50000000 81.00000000 64.00000000
v 68.50000000 81.00000000 65.00000000
v 68.50000000 81.00000000 76.00000000
v 68.50000000 81.00000000 77.00000000
v 69.00000000 81.00000000 77.50000000
v 69.00000000 81.00000000 83.50000000
v 68.50000000 82.00000000 63.00000000
v 69.00000000 82.00000000 63.50000000
v 69.00000000 81.50000000 64.00000000
v 69.00000000 81.50000000 65.00000000
v 68.50000000 82.00000000 66.00000000
v 69.00000000 82.00000000 65.50000000
v 68.50000000 82.00000000 74.00000000
v 68.50000000 82.00000000 75.00000000
v 68.50000000 82.00000000 76.00000000
v 68.50000000 82.00000000 77.00000000
v 69.00000000 82.00000000 77.50000000
v 68.50000000 82.00000000 83.00000000
v 69.00000000 81.50000000 83.00000000
v 69.00000000 82.00000000 82.50000000
v 68.50000000 83.00000000 62.00000000
v 69.00000000 83.00000000 62.50000000
v 69.00000000 82.50000000 63.00000000
v 68.50000000 83.00000000 66.00000000
v 69.00000000 83.00000000 65.50000000
v 68.50000000 83.00000000 71.00000000
v 68.50000000 83.00000000 72.00000000
v 68.50000000 83.00000000 73.00000000
v 68.50000000 83.00000000 74.00000000
v 68.50000000 83.00000000 75.00000000
v 68.50000000 83.00000000 76.00000000
v 69.00000000 83.00000000 76.50000000
v 69.00000000 82.50000000 77.00000000
v 69.00000000 82.50000000 82.00000000
v 69.00000000 83.00000000 81.50000000
v 68.50000000 84.00000000 58.00000000
v 69.00000000 84.00000000 57.50000000
v 69.00000000 83.50000000 58.00000000
v 69.00000000 84.00000000 58.50000000
v 69.00000000 84.00000000 59.50000000
v 69.00000000 83.50000000 60.00000000
v 69.00000000 83.50000000 61.00000000
v 69.00000000 83.50000000 62.00000000
v 69.00000000 83.50000000 66.00000000
v 68.50000000 84.00000000 67.00000000
v 69.00000000 84.00000000 66.50000000
v 68.50000000 84.00000000 68.00000000
v 68.50000000 84.00000000 69.00000000
v 68.50000000 84.00000000 70.00000000
v 68.50000000 84.00000000 71.00000000
v 68.50000000 84.00000000 72.00000000
v 68.50000000 84.00000000 73.00000000
v 69.00000000 84.00000000 73.50000000
v 69.00000000 83.50000000 74.00000000
v 69.00000000 83.50000000 75.00000000
v 69.00000000 83.50000000 76.00000000
v 69.00000000 84.00000000 81.50000000
v 68.50000000 85.00000000 57.00000000
v 69.00000000 85.00000000 56.50000000
v 69.00000000 84.50000000 57.00000000
v 68.50000000 85.00000000 58.00000000
v 69.00000000 84.50000000 59.00000000
v 69.00000000 84.50000000 67.00000000
v 69.00000000 84.50000000 68.00000000
v 69.00000000 85.00000000 68.50000000
v 68.50000000 85.00000000 69.00000000
v 68.50000000 85.00000000 70.00000000
v 68.50000000 85.00000000 71.00000000
v 68.50000000 85.00000000 72.00000000
v 69.00000000 85.00000000 72.50000000
v 69.00000000 84.50000000 73.00000000
v 69.00000000 85.00000000 81.50000000
v 69.00000000 85.50000000 57.00000000
v 69.00000000 85.50000000 58.00000000
v 68.50000000 86.00000000 59.00000000
v 69.00000000 86.00000000 58.50000000
v 68.50000000 86.00000000 60.00000000
v 68.50000000 86.00000000 61.00000000
v 69.00000000 85.50000000 69.00000000
v 69.00000000 85.50000000 70.00000000
v 69.00000000 85.50000000 71.00000000
v 69.00000000 85.50000000 72.00000000
v 68.50000000 86.00000000 81.00000000
v 69.00000000 86.00000000 81.50000000
v 69.00000000 86.50000000 59.00000000
v 69.00000000 86.50000000 60.00000000
v 69.00000000 86.50000000 61.00000000
v 69.00000000 86.50000000 62.00000000
v 69.00000000 86.50000000 63.00000000
v 69.00000000 87.00000000 63.50000000
v 68.50000000 87.00000000 73.00000000
v 68.50000000 87.00000000 74.00000000
v 68.50000000 87.00000000 75.00000000
v 68.50000000 87.00000000 76.00000000
v 68.50000000 87.00000000 77.00000000
v 68.50000000 87.00000000 81.00000000
v 69.00000000 86.50000000 82.00000000
v 68.50000000 87.00000000 82.00000000
v 69.00000000 86.50000000 83.00000000
v 68.50000000 87.00000000 83.00000000
v 69.00000000 87.00000000 83.50000000
v 69.00000000 87.50000000 64.00000000
v 68.50000000 88.00000000 65.00000000
v 69.00000000 88.00000000 64.50000000
v 68.50000000 88.00000000 71.00000000
v 68.50000000 88.00000000 72.00000000
v 68.50000000 88.00000000 73.00000000
v 69.00000000 88.00000000 73.50000000
v 69.00000000 87.50000000 74.00000000
v 69.00000000 87.50000000 75.00000000
v 69.00000000 87.50000000 76.00000000
v 69.00000000 87.50000000 77.00000000
v 69.00000000 87.50000000 78.00000000
v 69.00000000 87.50000000 79.00000000
v 69.00000000 87.50000000 80.00000000
v 69.00000000 87.50000000 81.00000000
v 69.00000000 87.50000000 82.00000000
v 68.50000000 88.00000000 83.00000000
v 69.00000000 88.00000000 82.50000000
v 69.00000000 87.50000000 84.00000000
v 68.50000000 88.00000000 84.00000000
v 69.00000000 87.50000000 85.00000000
v 68.50000000 88.00000000 85.00000000
v 69.00000000 87.50000000 86.00000000
v 68.50000000 88.00000000 86.00000000
v 69.00000000 88.00000000 86.50000000
v 69.00000000 88.50000000 65.00000000
v 69.00000000 88.50000000 66.00000000
v 69.00000000 88.50000000 67.00000000
v 68.50000000 89.00000000 68.00000000
v 69.00000000 89.00000000 67.50000000
v 68.50000000 89.00000000 69.00000000
v 68.50000000 89.00000000 70.00000000
v 68.50000000 89.00000000 71.00000000
v 69.00000000 89.00000000 71.50000000
v 69.00000000 88.50000000 72.00000000
v 69.00000000 88.50000000 73.00000000
v 69.00000000 88.50000000 83.00000000
v 68.50000000 89.00000000 84.00000000
v 69.00000000 89.00000000 83.50000000
v 68.50000000 89.00000000 85.00000000
v 68.50000000 89.00000000 86.00000000
v 69.00000000 88.50000000 87.00000000
v 68.50000000 89.00000000 87.00000000
v 69.00000000 89.00000000 87.50000000
v 69.00000000 89.50000000 68.00000000
v 69.00000000 89.50000000 69.00000000
v 69.00000000 89.50000000 70.00000000
v 69.00000000 89.50000000 71.00000000
v 68.50000000 90.00000000 84.00000000
v 69.00000000 90.00000000 83.50000000
v 68.50000000 90.00000000 85.00000000
v 68.50000000 90.00000000 86.00000000
v 68.50000000 90.00000000 87.00000000
v 69.00000000 90.00000000 87.50000000
v 69.00000000 90.50000000 84.00000000
v 68.50000000 91.00000000 85.00000000
v 69.00000000 91.00000000 84.50000000
v 68.50000000 91.00000000 86.00000000
v 69.00000000 91.00000000 86.50000000
v 69.00000000 90.50000000 87.00000000
v 68.50000000 92.00000000 85.00000000
v 69.00000000 92.00000000 84.50000000
v 69.00000000 92.00000000 85.50000000
v 69.00000000 91.50000000 86.00000000
v 69.00000000 92.50000000 85.00000000
v 69.50000000 70.00000000 72.00000000
v 70.00000000 69.50000000 73.00000000
v 70.00000000 70.00000000 72.50000000
v 69.50000000 70.00000000 73.00000000
v 70.00000000 69.50000000 74.00000000
v 69.50000000 70.00000000 74.00000000
v 70.00000000 70.00000000 74.50000000
v 69.50000000 70.00000000 80.00000000
v 70.00000000 71.00000000 70.50000000
v 70.00000000 70.50000000 71.00000000
v 70.00000000 70.50000000 72.00000000
v 70.00000000 70.50000000 75.00000000
v 69.50000000 71.00000000 75.00000000
v 70.00000000 71.00000000 75.50000000
v 69.50000000 71.00000000 80.00000000
v 69.50000000 72.00000000 71.00000000
v 70.00000000 72.00000000 70.50000000
v 70.00000000 72.00000000 71.50000000
v 70.00000000 71.50000000 72.00000000
v 70.00000000 71.50000000 73.00000000
v 69.50000000 72.00000000 74.00000000
v 70.00000000 72.00000000 73.50000000
v 69.50000000 72.00000000 75.00000000
v 70.00000000 72.00000000 75.50000000
v 69.50000000 72.00000000 80.00000000
v 70.00000000 72.50000000 71.00000000
v 70.00000000 72.50000000 74.00000000
v 70.00000000 72.50000000 75.00000000
v 69.50000000 73.00000000 80.00000000
v 70.00000000 74.00000000 73.50000000
v 70.00000000 73.50000000 74.00000000
v 70.00000000 73.50000000 75.00000000
v 70.00000000 73.50000000 76.00000000
v 70.00000000 73.50000000 77.00000000
v 70.00000000 73.50000000 78.00000000
v 70.00000000 73.50000000 79.00000000
v 70.00000000 73.50000000 80.00000000
v 70.00000000 73.50000000 81.00000000
v 70.00000000 74.00000000 81.50000000
v 69.50000000 75.00000000 57.00000000
v 69.50000000 75.00000000 58.00000000
v 70.00000000 74.50000000 74.00000000
v 70.00000000 74.50000000 75.00000000
v 69.50000000 75.00000000 76.00000000
v 70.00000000 74.50000000 76.00000000
v 70.00000000 75.00000000 76.50000000
v 70.00000000 75.00000000 81.50000000
v 69.50000000 76.00000000 56.00000000
v 70.00000000 76.00000000 56.50000000
v 70.00000000 75.50000000 57.00000000
v 70.00000000 76.00000000 57.50000000
v 70.00000000 76.00000000 76.50000000
v 70.00000000 75.50000000 82.00000000
v 70.00000000 76.00000000 82.50000000
v 70.00000000 76.50000000 57.00000000
v 70.00000000 77.00000000 76.50000000
v 70.00000000 77.00000000 82.50000000
v 70.00000000 77.50000000 77.00000000
v 69.50000000 78.00000000 77.00000000
v 70.00000000 78.00000000 77.50000000
v 70.00000000 78.00000000 82.50000000
v 69.50000000 79.00000000 78.00000000
v 70.00000000 78.50000000 78.00000000
v 70.00000000 79.00000000 78.50000000
v 70.00000000 79.00000000 82.50000000
v 70.00000000 80.00000000 77.50000000
v 70.00000000 79.50000000 78.00000000
v 70.00000000 79.50000000 83.00000000
v 70.00000000 80.00000000 83.50000000
v 70.00000000 80.50000000 78.00000000
v 69.50000000 81.00000000 78.00000000
v 70.00000000 81.00000000 78.50000000
v 69.50000000 81.00000000 83.00000000
v 70.00000000 80.50000000 83.00000000
v 70.00000000 81.00000000 82.50000000
v 69.50000000 82.00000000 64.00000000
v 69.50000000 82.00000000 65.00000000
v 69.50000000 82.00000000 78.00000000
v 70.00000000 82.00000000 78.50000000
v 69.50000000 82.00000000 81.00000000
v 70.00000000 81.50000000 81.00000000
v 70.00000000 82.00000000 80.50000000
v 69.50000000 82.00000000 82.00000000
v 70.00000000 81.50000000 82.00000000
v 69.50000000 83.00000000 63.00000000
v 70.00000000 83.00000000 63.50000000
v 70.00000000 82.50000000 64.00000000
v 70.00000000 83.00000000 64.50000000
v 69.50000000 83.00000000 65.00000000
v 69.50000000 83.00000000 77.00000000
v 69.50000000 83.00000000 78.00000000
v 70.00000000 83.00000000 78.50000000
v 69.50000000 83.00000000 81.00000000
v 70.00000000 83.00000000 80.50000000
v 69.50000000 84.00000000 58.00000000
v 69.50000000 84.00000000 60.00000000
v 69.50000000 84.00000000 61.00000000
v 70.00000000 84.00000000 61.50000000
v 70.00000000 83.50000000 62.00000000
v 70.00000000 83.50000000 63.00000000
v 70.00000000 83.50000000 65.00000000
v 69.50000000 84.00000000 66.00000000
v 70.00000000 84.00000000 65.50000000
v 69.50000000 84.00000000 74.00000000
v 69.50000000 84.00000000 75.00000000
v 69.50000000 84.00000000 76.00000000
v 69.50000000 84.00000000 77.00000000
v 70.00000000 84.00000000 77.50000000
v 70.00000000 83.50000000 78.00000000
v 69.50000000 84.00000000 81.00000000
v 70.00000000 84.00000000 80.50000000
v 69.50000000 85.00000000 57.00000000
v 69.50000000 85.00000000 58.00000000
v 69.50000000 85.00000000 59.00000000
v 70.00000000 85.00000000 59.50000000
v 70.00000000 84.50000000 60.00000000
v 70.00000000 84.50000000 61.00000000
v 70.00000000 84.50000000 66.00000000
v 69.50000000 85.00000000 67.00000000
v 70.00000000 85.00000000 66.50000000
v 69.50000000 85.00000000 68.00000000
v 69.50000000 85.00000000 73.00000000
v 69.50000000 85.00000000 74.00000000
v 69.50000000 85.00000000 75.00000000
v 70.00000000 85.00000000 75.50000000
v 70.00000000 84.50000000 76.00000000
v 70.00000000 84.50000000 77.00000000
v 70.00000000 84.50000000 81.00000000
v 70.00000000 85.00000000 81.50000000
v 69.50000000 86.00000000 59.00000000
v 70.00000000 85.50000000 60.00000000
v 69.50000000 86.00000000 60.00000000
v 70.00000000 86.00000000 60.50000000
v 70.00000000 85.50000000 67.00000000
v 70.00000000 85.50000000 68.00000000
v 70.00000000 85.50000000 69.00000000
v 70.00000000 85.50000000 70.00000000
v 70.00000000 85.50000000 71.00000000
v 70.00000000 85.50000000 72.00000000
v 70.00000000 85.50000000 73.00000000
v 70.00000000 85.50000000 74.00000000
v 70.00000000 85.50000000 75.00000000
v 70.00000000 85.50000000 82.00000000
v 69.50000000 86.00000000 82.00000000
v 70.00000000 85.50000000 83.00000000
v 69.50000000 86.00000000 83.00000000
v 70.00000000 86.00000000 83.50000000
v 70.00000000 86.50000000 61.00000000
v 70.00000000 86.50000000 62.00000000
v 69.50000000 87.00000000 63.00000000
v 70.00000000 87.00000000 62.50000000
v 70.00000000 86.50000000 84.00000000
v 69.50000000 87.00000000 84.00000000
v 70.00000000 86.50000000 85.00000000
v 69.50000000 87.00000000 85.00000000
v 70.00000000 86.50000000 86.00000000
v 69.50000000 87.00000000 86.00000000
v 70.00000000 86.50000000 87.00000000
v 69.50000000 87.00000000 87.00000000
v 70.00000000 87.00000000 87.50000000
v 70.00000000 87.50000000 63.00000000
v 70.00000000 87.50000000 64.00000000
v 70.00000000 88.00000000 64.50000000
v 69.50000000 88.00000000 74.00000000
v 69.50000000 88.00000000 75.00000000
v 69.50000000 88.00000000 76.00000000
v 69.50000000 88.00000000 77.00000000
v 69.50000000 88.00000000 78.00000000
v 69.50000000 88.00000000 79.00000000
v 69.50000000 88.00000000 80.00000000
v 69.50000000 88.00000000 81.00000000
v 69.50000000 88.00000000 82.00000000
v 69.50000000 88.00000000 87.00000000
v 70.00000000 87.50000000 88.00000000
v 69.50000000 88.00000000 88.00000000
v 70.00000000 88.00000000 88.50000000
v 70.00000000 88.50000000 65.00000000
v 69.50000000 89.00000000 66.00000000
v 70.00000000 89.00000000 65.50000000
v 69.50000000 89.00000000 67.00000000
v 69.50000000 89.00000000 72.00000000
v 69.50000000 89.00000000 73.00000000
v 69.50000000 89.00000000 74.00000000
v 70.00000000 89.00000000 74.50000000
v 70.00000000 88.50000000 75.00000000
v 70.00000000 88.50000000 76.00000000
v 70.00000000 88.50000000 77.00000000
v 70.00000000 88.50000000 78.00000000
v 70.00000000 88.50000000 79.00000000
v 69.50000000 89.00000000 80.00000000
v 70.00000000 89.00000000 79.50000000
v 69.50000000 89.00000000 81.00000000
v 69.50000000 89.00000000 82.00000000
v 69.50000000 89.00000000 83.00000000
v 69.50000000 89.00000000 88.00000000
v 70.00000000 88.50000000 89.00000000
v 69.50000000 89.00000000 89.00000000
v 70.00000000 89.00000000 89.50000000
v 70.00000000 89.50000000 66.00000000
v 70.00000000 89.50000000 67.00000000
v 69.50000000 90.00000000 68.00000000
v 70.00000000 90.00000000 67.50000000
v 69.50000000 90.00000000 69.00000000
v 69.50000000 90.00000000 70.00000000
v 69.50000000 90.00000000 71.00000000
v 69.50000000 90.00000000 72.00000000
v 69.50000000 90.00000000 73.00000000
v 69.50000000 90.00000000 74.00000000
v 70.00000000 90.00000000 74.50000000
v 69.50000000 90.00000000 80.00000000
v 70.00000000 90.00000000 79.50000000
v 69.50000000 90.00000000 81.00000000
v 69.50000000 90.00000000 82.00000000
v 69.50000000 90.00000000 83.00000000
v 69.50000000 90.00000000 88.00000000
v 69.50000000 90.00000000 89.00000000
v 70.00000000 90.00000000 89.50000000
v 70.00000000 90.50000000 68.00000000
v 70.00000000 90.50000000 69.00000000
v 70.00000000 90.50000000 70.00000000
v 69.50000000 91.00000000 71.00000000
v 70.00000000 91.00000000 70.50000000
v 69.50000000 91.00000000 72.00000000
v 69.50000000 91.00000000 73.00000000
v 69.50000000 91.00000000 74.00000000
v 70.00000000 90.50000000 75.00000000
v 69.50000000 91.00000000 75.00000000
v 70.00000000 90.50000000 76.00000000
v 69.50000000 91.00000000 76.00000000
v 70.00000000 90.50000000 77.00000000
v 69.50000000 91.00000000 77.00000000
v 70.00000000 90.50000000 78.00000000
v 69.50000000 91.00000000 78.00000000
v 70.00000000 90.50000000 79.00000000
v 69.50000000 91.00000000 79.00000000
v 69.50000000 91.00000000 80.00000000
v 69.50000000 91.00000000 81.00000000
v 69.50000000 91.00000000 82.00000000
v 69.50000000 91.00000000 83.00000000
v 69.50000000 91.00000000 84.00000000
v 69.50000000 91.00000000 87.00000000
v 69.50000000 91.00000000 88.00000000
v 70.00000000 91.00000000 88.50000000
v 70.00000000 90.50000000 89.00000000
v 70.00000000 91.50000000 71.00000000
v 70.00000000 91.50000000 72.00000000
v 70.00000000 91.50000000 73.00000000
v 70.00000000 91.50000000 74.00000000
v 69.50000000 92.00000000 75.00000000
v 70.00000000 92.00000000 74.50000000
v 69.50000000 92.00000000 76.00000000
v 69.50000000 92.00000000 77.00000000
v 69.50000000 92.00000000 78.00000000
v 69.50000000 92.00000000 79.00000000
v 69.50000000 92.00000000 80.00000000
v 69.50000000 92.00000000 81.00000000
v 69.50000000 92.00000000 82.00000000
v 69.50000000 92.00000000 83.00000000
v 69.50000000 92.00000000 84.00000000
v 69.50000000 92.00000000 86.00000000
v 69.50000000 92.00000000 87.00000000
v 69.50000000 92.00000000 88.00000000
v 70.00000000 92.00000000 88.50000000
v 70.00000000 92.50000000 75.00000000
v 70.00000000 92.50000000 76.00000000
v 69.50000000 93.00000000 77.00000000
v 70.00000000 93.00000000 76.50000000
v 69.50000000 93.00000000 78.00000000
v 69.50000000 93.00000000 79.00000000
v 69.50000000 93.00000000 80.00000000
v 69.50000000 93.00000000 81.00000000
v 69.50000000 93.00000000 82.00000000
v 69.50000000 93.00000000 83.00000000
v 69.50000000 93.00000000 84.00000000
v 69.50000000 93.00000000 85.00000000
v 69.50000000 93.00000000 86.00000000
v 70.00000000 93.00000000 86.50000000
v 70.00000000 92.50000000 87.00000000
v 70.00000000 92.50000000 88.00000000
v 70.00000000 93.50000000 77.00000000
v 70.00000000 93.50000000 78.00000000
v 70.00000000 93.50000000 79.00000000
v 70.00000000 93.50000000 80.00000000
v 70.00000000 93.50000000 81.00000000
v 70.00000000 93.50000000 82.00000000
v 70.00000000 93.50000000 83.00000000
v 70.00000000 93.50000000 84.00000000
v 70.00000000 93.50000000 85.00000000
v 70.00000000 93.50000000 86.00000000
v 71.00000000 70.00000000 72.50000000
v 71.00000000 69.50000000 73.00000000
v 71.00000000 69.50000000 74.00000000
v 71.00000000 70.00000000 74.50000000
v 70.50000000 71.00000000 70.00000000
v 71.00000000 71.00000000 69.50000000
v 71.00000000 70.50000000 70.00000000
v 71.00000000 70.50000000 71.00000000
v 71.00000000 70.50000000 72.00000000
v 71.00000000 70.50000000 75.00000000
v 71.00000000 71.00000000 75.50000000
v 71.00000000 71.50000000 70.00000000
v 71.00000000 71.50000000 71.00000000
v 70.50000000 72.00000000 71.00000000
v 71.00000000 71.50000000 72.00000000
v 71.00000000 71.50000000 73.00000000
v 71.00000000 72.00000000 73.50000000
v 71.00000000 71.50000000 76.00000000
v 70.50000000 72.00000000 76.00000000
v 71.00000000 72.00000000 76.50000000
v 71.00000000 72.50000000 74.00000000
v 71.00000000 72.50000000 75.00000000
v 70.50000000 73.00000000 76.00000000
v 71.00000000 73.00000000 75.50000000
v 71.00000000 73.00000000 76.50000000
v 70.50000000 74.00000000 74.00000000
v 70.50000000 74.00000000 75.00000000
v 71.00000000 74.00000000 75.50000000
v 71.00000000 73.50000000 77.00000000
v 71.00000000 73.50000000 78.00000000
v 71.00000000 73.50000000 79.00000000
v 71.00000000 73.50000000 80.00000000
v 70.50000000 74.00000000 81.00000000
v 71.00000000 74.00000000 80.50000000
v 71.00000000 74.50000000 76.00000000
v 70.50000000 75.00000000 77.00000000
v 71.00000000 74.50000000 77.00000000
v 71.00000000 75.00000000 77.50000000
v 71.00000000 74.50000000 81.00000000
v 71.00000000 75.00000000 81.50000000
v 70.50000000 76.00000000 57.00000000
v 70.50000000 76.00000000 77.00000000
v 71.00000000 76.00000000 77.50000000
v 71.00000000 75.50000000 82.00000000
v 71.00000000 76.00000000 82.50000000
v 70.50000000 77.00000000 77.00000000
v 71.00000000 77.00000000 77.50000000
v 71.00000000 77.00000000 82.50000000
v 70.50000000 78.00000000 78.00000000
v 71.00000000 77.50000000 78.00000000
v 71.00000000 78.00000000 78.50000000
v 71.00000000 78.00000000 82.50000000
v 71.00000000 79.00000000 78.50000000
v 71.00000000 79.00000000 82.50000000
v 70.50000000 80.00000000 78.00000000
v 71.00000000 79.50000000 79.00000000
v 70.50000000 80.00000000 79.00000000
v 71.00000000 80.00000000 79.50000000
v 70.50000000 80.00000000 83.00000000
v 71.00000000 80.00000000 82.50000000
v 71.00000000 80.50000000 79.00000000
v 71.00000000 81.00000000 78.50000000
v 70.50000000 81.00000000 82.00000000
v 71.00000000 80.50000000 82.00000000
v 71.00000000 81.00000000 81.50000000
v 71.00000000 81.50000000 79.00000000
v 70.50000000 82.00000000 79.00000000
v 71.00000000 82.00000000 79.50000000
v 71.00000000 81.50000000 81.00000000
v 71.00000000 82.00000000 80.50000000
v 70.50000000 83.00000000 64.00000000
v 71.00000000 83.00000000 78.50000000
v 71.00000000 82.50000000 79.00000000
v 71.00000000 83.00000000 80.50000000
v 70.50000000 84.00000000 62.00000000
v 70.50000000 84.00000000 63.00000000
v 71.00000000 84.00000000 63.50000000
v 71.00000000 83.50000000 64.00000000
v 71.00000000 83.50000000 65.00000000
v 71.00000000 84.00000000 65.50000000
v 71.00000000 84.00000000 77.50000000
v 71.00000000 83.50000000 78.00000000
v 71.00000000 83.50000000 81.00000000
v 70.50000000 84.00000000 81.00000000
v 71.00000000 84.00000000 81.50000000
v 70.50000000 85.00000000 60.00000000
v 70.50000000 85.00000000 61.00000000
v 70.50000000 85.00000000 62.00000000
v 70.50000000 85.00000000 63.00000000
v 71.00000000 85.00000000 63.50000000
v 70.50000000 85.00000000 66.00000000
v 71.00000000 85.00000000 65.50000000
v 70.50000000 85.00000000 76.00000000
v 70.50000000 85.00000000 77.00000000
v 71.00000000 85.00000000 77.50000000
v 71.00000000 84.50000000 82.00000000
v 70.50000000 85.00000000 82.00000000
v 71.00000000 85.00000000 82.50000000
v 70.50000000 86.00000000 61.00000000
v 70.50000000 86.00000000 62.00000000
v 70.50000000 86.00000000 63.00000000
v 71.00000000 86.00000000 63.50000000
v 71.00000000 85.50000000 66.00000000
v 71.00000000 85.50000000 67.00000000
v 70.50000000 86.00000000 68.00000000
v 71.00000000 86.00000000 67.50000000
v 70.50000000 86.00000000 69.00000000
v 70.50000000 86.00000000 70.00000000
v 70.50000000 86.00000000 71.00000000
v 70.50000000 86.00000000 72.00000000
v 70.50000000 86.00000000 73.00000000
v 70.50000000 86.00000000 74.00000000
v 71.00000000 86.00000000 74.50000000
v 71.00000000 85.50000000 75.00000000
v 71.00000000 85.50000000 76.00000000
v 71.00000000 85.50000000 77.00000000
v 71.00000000 85.50000000 83.00000000
v 71.00000000 85.50000000 84.00000000
v 70.50000000 86.00000000 84.00000000
v 71.00000000 85.50000000 85.00000000
v 70.50000000 86.00000000 85.00000000
v 71.00000000 85.50000000 86.00000000
v 70.50000000 86.00000000 86.00000000
v 71.00000000 86.00000000 86.50000000
v 70.50000000 87.00000000 63.00000000
v 71.00000000 87.00000000 63.50000000
v 71.00000000 86.50000000 68.00000000
v 71.00000000 86.50000000 69.00000000
v 71.00000000 86.50000000 70.00000000
v 71.00000000 86.50000000 71.00000000
v 71.00000000 86.50000000 72.00000000
v 71.00000000 86.50000000 73.00000000
v 71.00000000 86.50000000 74.00000000
v 71.00000000 86.50000000 87.00000000
v 71.00000000 86.50000000 88.00000000
v 70.50000000 87.00000000 88.00000000
v 71.00000000 86.50000000 89.00000000
v 70.50000000 87.00000000 89.00000000
v 71.00000000 87.00000000 89.50000000
v 71.00000000 88.00000000 63.50000000
v 70.50000000 88.00000000 64.00000000
v 70.50000000 88.00000000 89.00000000
v 71.00000000 87.50000000 90.00000000
v 70.50000000 88.00000000 90.00000000
v 71.00000000 88.00000000 90.50000000
v 70.50000000 89.00000000 64.00000000
v 71.00000000 89.00000000 63.50000000
v 70.50000000 89.00000000 65.00000000
v 70.50000000 89.00000000 75.00000000
v 70.50000000 89.00000000 76.00000000
v 70.50000000 89.00000000 77.00000000
v 70.50000000 89.00000000 78.00000000
v 70.50000000 89.00000000 79.00000000
v 71.00000000 88.50000000 90.00000000
v 71.00000000 89.00000000 89.50000000
v 71.00000000 89.50000000 64.00000000
v 70.50000000 90.00000000 65.00000000
v 71.00000000 90.00000000 64.50000000
v 70.50000000 90.00000000 66.00000000
v 70.50000000 90.00000000 67.00000000
v 70.50000000 90.00000000 75.00000000
v 70.50000000 90.00000000 76.00000000
v 70.50000000 90.00000000 77.00000000
v 70.50000000 90.00000000 78.00000000
v 70.50000000 90.00000000 79.00000000
v 71.00000000 90.00000000 89.50000000
v 71.00000000 90.50000000 65.00000000
v 71.00000000 90.50000000 66.00000000
v 70.50000000 91.00000000 67.00000000
v 71.00000000 91.00000000 66.50000000
v 70.50000000 91.00000000 68.00000000
v 70.50000000 91.00000000 69.00000000
v 70.50000000 91.00000000 70.00000000
v 70.50000000 91.00000000 89.00000000
v 71.00000000 91.00000000 89.50000000
v 71.00000000 91.50000000 67.00000000
v 71.00000000 91.50000000 68.00000000
v 71.00000000 91.50000000 69.00000000
v 71.00000000 91.50000000 70.00000000
v 71.00000000 91.50000000 71.00000000
v 70.50000000 92.00000000 72.00000000
v 71.00000000 92.00000000 71.50000000
v 70.50000000 92.00000000 73.00000000
v 70.50000000 92.00000000 74.00000000
v 71.00000000 91.50000000 89.00000000
v 71.00000000 92.00000000 88.50000000
v 71.00000000 92.50000000 72.00000000
v 71.00000000 92.50000000 73.00000000
v 71.00000000 92.50000000 74.00000000
v 71.00000000 92.50000000 75.00000000
v 71.00000000 92.50000000 76.00000000
v 71.00000000 93.00000000 76.50000000
v 71.00000000 92.50000000 87.00000000
v 71.00000000 93.00000000 86.50000000
v 71.00000000 92.50000000 88.00000000
v 71.00000000 93.50000000 77.00000000
v 71.00000000 93.50000000 78.00000000
v 71.00000000 93.50000000 79.00000000
v 71.00000000 93.50000000 80.00000000
v 70.50000000 94.00000000 81.00000000
v 71.00000000 94.00000000 80.50000000
v 71.00000000 94.00000000 81.50000000
v 71.00000000 93.50000000 82.00000000
v 71.00000000 93.50000000 83.00000000
v 71.00000000 93.50000000 84.00000000
v 71.00000000 93.50000000 85.00000000
v 71.00000000 93.50000000 86.00000000
v 71.00000000 94.50000000 81.00000000
v 71.50000000 70.00000000 73.00000000
v 71.50000000 70.00000000 74.00000000
v 72.00000000 71.00000000 69.50000000
v 72.00000000 70.50000000 70.00000000
v 72.00000000 70.50000000 71.00000000
v 72.00000000 70.50000000 72.00000000
v 72.00000000 70.50000000 73.00000000
v 72.00000000 70.50000000 74.00000000
v 72.00000000 70.50000000 75.00000000
v 72.00000000 70.50000000 76.00000000
v 71.50000000 71.00000000 76.00000000
v 72.00000000 71.00000000 76.50000000
v 71.50000000 71.00000000 82.00000000
v 72.00000000 71.00000000 81.50000000
v 72.00000000 70.50000000 82.00000000
v 72.00000000 71.00000000 82.50000000
v 72.00000000 71.50000000 70.00000000
v 71.50000000 72.00000000 71.00000000
v 72.00000000 72.00000000 70.50000000
v 71.50000000 72.00000000 72.00000000
v 71.50000000 72.00000000 73.00000000
v 72.00000000 71.50000000 77.00000000
v 71.50000000 72.00000000 77.00000000
v 72.00000000 72.00000000 77.50000000
v 71.50000000 72.00000000 82.00000000
v 72.00000000 72.00000000 81.50000000
v 72.00000000 71.50000000 83.00000000
v 71.50000000 72.00000000 83.00000000
v 72.00000000 72.00000000 83.50000000
v 72.00000000 72.50000000 71.00000000
v 72.00000000 72.50000000 72.00000000
v 71.50000000 73.00000000 73.00000000
v 72.00000000 73.00000000 72.50000000
v 72.00000000 72.50000000 74.00000000
v 72.00000000 73.00000000 73.50000000
v 72.00000000 72.50000000 75.00000000
v 72.00000000 73.00000000 75.50000000
v 71.50000000 73.00000000 77.00000000
v 72.00000000 73.00000000 77.50000000
v 71.50000000 73.00000000 82.00000000
v 72.00000000 73.00000000 81.50000000
v 72.00000000 73.00000000 82.50000000
v 72.00000000 72.50000000 83.00000000
v 72.00000000 73.50000000 73.00000000
v 72.00000000 73.50000000 76.00000000
v 71.50000000 74.00000000 76.00000000
v 72.00000000 74.00000000 76.50000000
v 72.00000000 73.50000000 78.00000000
v 72.00000000 73.50000000 79.00000000
v 72.00000000 73.50000000 80.00000000
v 72.00000000 73.50000000 81.00000000
v 71.50000000 74.00000000 81.00000000
v 71.50000000 74.00000000 82.00000000
v 72.00000000 74.00000000 82.50000000
v 72.00000000 74.50000000 77.00000000
v 72.00000000 75.00000000 77.50000000
v 71.50000000 75.00000000 82.00000000
v 72.00000000 75.00000000 82.50000000
v 72.00000000 76.00000000 77.50000000
v 72.00000000 76.00000000 82.50000000
v 72.00000000 76.50000000 78.00000000
v 71.50000000 77.00000000 78.00000000
v 72.00000000 77.00000000 78.50000000
v 72.00000000 77.00000000 82.50000000
v 72.00000000 78.00000000 78.50000000
v 72.00000000 77.50000000 83.00000000
v 71.50000000 78.00000000 83.00000000
v 72.00000000 78.00000000 83.50000000
v 72.00000000 78.50000000 79.00000000
v 71.50000000 79.00000000 79.00000000
v 72.00000000 79.00000000 79.50000000
v 71.50000000 79.00000000 83.00000000
v 72.00000000 79.00000000 83.50000000
v 72.00000000 80.00000000 79.50000000
v 72.00000000 79.50000000 83.00000000
v 72.00000000 80.00000000 82.50000000
v 71.50000000 81.00000000 61.00000000
v 72.00000000 81.00000000 60.50000000
v 72.00000000 80.50000000 61.00000000
v 72.00000000 81.00000000 61.50000000
v 71.50000000 81.00000000 79.00000000
v 72.00000000 81.00000000 79.50000000
v 71.50000000 81.00000000 82.00000000
v 72.00000000 81.00000000 82.50000000
v 72.00000000 81.50000000 61.00000000
v 72.00000000 82.00000000 79.50000000
v 71.50000000 82.00000000 81.00000000
v 72.00000000 82.00000000 81.50000000
v 72.00000000 81.50000000 82.00000000
v 71.50000000 83.00000000 79.00000000
v 72.00000000 83.00000000 79.50000000
v 71.50000000 83.00000000 81.00000000
v 72.00000000 83.00000000 81.50000000
v 72.00000000 84.00000000 63.50000000
v 72.00000000 83.50000000 64.00000000
v 72.00000000 83.50000000 65.00000000
v 72.00000000 84.00000000 65.50000000
v 71.50000000 84.00000000 78.00000000
v 72.00000000 84.00000000 78.50000000
v 72.00000000 83.50000000 79.00000000
v 72.00000000 83.50000000 82.00000000
v 71.50000000 84.00000000 82.00000000
v 72.00000000 84.00000000 82.50000000
v 72.00000000 84.50000000 64.00000000
v 71.50000000 85.00000000 64.00000000
v 72.00000000 85.00000000 64.50000000
v 72.00000000 85.00000000 65.50000000
v 72.00000000 85.00000000 77.50000000
v 72.00000000 84.50000000 78.00000000
v 72.00000000 84.50000000 83.00000000
v 71.50000000 85.00000000 83.00000000
v 72.00000000 84.50000000 84.00000000
v 71.50000000 85.00000000 84.00000000
v 72.00000000 84.50000000 85.00000000
v 71.50000000 85.00000000 85.00000000
v 72.00000000 84.50000000 86.00000000
v 71.50000000 85.00000000 86.00000000
v 72.00000000 85.00000000 86.50000000
v 72.00000000 86.00000000 63.50000000
v 72.00000000 85.50000000 64.00000000
v 72.00000000 85.50000000 66.00000000
v 72.00000000 85.50000000 67.00000000
v 72.00000000 86.00000000 67.50000000
v 71.50000000 86.00000000 75.00000000
v 72.00000000 86.00000000 75.50000000
v 72.00000000 85.50000000 76.00000000
v 72.00000000 85.50000000 77.00000000
v 72.00000000 85.50000000 87.00000000
v 71.50000000 86.00000000 87.00000000
v 72.00000000 85.50000000 88.00000000
v 71.50000000 86.00000000 88.00000000
v 72.00000000 85.50000000 89.00000000
v 71.50000000 86.00000000 89.00000000
v 72.00000000 85.50000000 90.00000000
v 71.50000000 86.00000000 90.00000000
v 72.00000000 86.00000000 90.50000000
v 72.00000000 87.00000000 63.50000000
v 72.00000000 86.50000000 68.00000000
v 72.00000000 86.50000000 69.00000000
v 71.50000000 87.00000000 70.00000000
v 72.00000000 87.00000000 69.50000000
v 72.00000000 87.00000000 70.50000000
v 72.00000000 86.50000000 71.00000000
v 71.50000000 87.00000000 72.00000000
v 72.00000000 87.00000000 71.50000000
v 72.00000000 87.00000000 72.50000000
v 72.00000000 86.50000000 73.00000000
v 72.00000000 86.50000000 74.00000000
v 72.00000000 86.50000000 75.00000000
v 71.50000000 87.00000000 90.00000000
v 72.00000000 86.50000000 91.00000000
v 71.50000000 87.00000000 91.00000000
v 72.00000000 87.00000000 91.50000000
v 72.00000000 88.00000000 63.50000000
v 72.00000000 87.50000000 70.00000000
v 72.00000000 87.50000000 72.00000000
v 72.00000000 87.50000000 91.00000000
v 72.00000000 88.00000000 90.50000000
v 71.50000000 89.00000000 63.00000000
v 72.00000000 89.00000000 62.50000000
v 72.00000000 88.50000000 63.00000000
v 72.00000000 88.50000000 90.00000000
v 72.00000000 89.00000000 89.50000000
v 71.50000000 90.00000000 63.00000000
v 72.00000000 90.00000000 62.50000000
v 71.50000000 90.00000000 64.00000000
v 72.00000000 90.00000000 89.50000000
v 72.00000000 90.50000000 63.00000000
v 71.50000000 91.00000000 64.00000000
v 72.00000000 91.00000000 63.50000000
v 71.50000000 91.00000000 65.00000000
v 71.50000000 91.00000000 66.00000000
v 71.50000000 91.00000000 89.00000000
v 72.00000000 90.50000000 89.00000000
v 72.00000000 91.00000000 88.50000000
v 72.00000000 91.50000000 64.00000000
v 72.00000000 91.50000000 65.00000000
v 72.00000000 91.50000000 66.00000000
v 72.00000000 91.50000000 67.00000000
v 72.00000000 91.50000000 68.00000000
v 72.00000000 91.50000000 69.00000000
v 71.50000000 92.00000000 70.00000000
v 72.00000000 92.00000000 69.50000000
v 71.50000000 92.00000000 71.00000000
v 71.50000000 92.00000000 88.00000000
v 72.00000000 91.50000000 88.00000000
v 72.00000000 92.00000000 87.50000000
v 72.00000000 92.50000000 70.00000000
v 72.00000000 92.50000000 71.00000000
v 72.00000000 92.50000000 72.00000000
v 72.00000000 92.50000000 73.00000000
v 72.00000000 92.50000000 74.00000000
v 72.00000000 92.50000000 75.00000000
v 72.00000000 92.50000000 76.00000000
v 72.00000000 93.00000000 76.50000000
v 72.00000000 92.50000000 87.00000000
v 72.00000000 93.00000000 86.50000000
v 72.00000000 93.50000000 77.00000000
v 72.00000000 93.50000000 78.00000000
v 72.00000000 93.50000000 79.00000000
v 72.00000000 93.50000000 80.00000000
v 71.50000000 94.00000000 81.00000000
v 72.00000000 93.50000000 81.00000000
v 72.00000000 93.50000000 82.00000000
v 72.00000000 93.50000000 83.00000000
v 72.00000000 93.50000000 84.00000000
v 72.00000000 93.50000000 85.00000000
v 72.00000000 93.50000000 86.00000000
v 73.00000000 71.00000000 69.50000000
v 73.00000000 70.50000000 70.00000000
v 73.00000000 70.50000000 71.00000000
v 73.00000000 70.50000000 72.00000000
v 73.00000000 70.50000000 73.00000000
v 73.00000000 70.50000000 74.00000000
v 73.00000000 70.50000000 75.00000000
v 73.00000000 70.50000000 76.00000000
v 73.00000000 71.00000000 76.50000000
v 72.50000000 71.00000000 81.00000000
v 73.00000000 71.00000000 80.50000000
v 73.00000000 70.50000000 81.00000000
v 73.00000000 70.50000000 82.00000000
v 73.00000000 70.50000000 83.00000000
v 72.50000000 71.00000000 83.00000000
v 73.00000000 70.50000000 84.00000000
v 72.50000000 71.00000000 84.00000000
v 73.00000000 71.00000000 84.50000000
v 73.00000000 71.50000000 70.00000000
v 73.00000000 72.00000000 70.50000000
v 73.00000000 71.50000000 77.00000000
v 73.00000000 72.00000000 77.50000000
v 72.50000000 72.00000000 81.00000000
v 73.00000000 72.00000000 80.50000000
v 72.50000000 72.00000000 84.00000000
v 73.00000000 71.50000000 85.00000000
v 72.50000000 72.00000000 85.00000000
v 73.00000000 72.00000000 85.50000000
v 73.00000000 72.50000000 71.00000000
v 73.00000000 72.50000000 72.00000000
v 72.50000000 73.00000000 73.00000000
v 73.00000000 72.50000000 73.00000000
v 73.00000000 72.50000000 74.00000000
v 72.50000000 73.00000000 75.00000000
v 73.00000000 73.00000000 74.50000000
v 73.00000000 72.50000000 78.00000000
v 72.50000000 73.00000000 78.00000000
v 73.00000000 73.00000000 78.50000000
v 72.50000000 73.00000000 81.00000000
v 73.00000000 73.00000000 80.50000000
v 72.50000000 73.00000000 83.00000000
v 72.50000000 73.00000000 84.00000000
v 72.50000000 73.00000000 85.00000000
v 73.00000000 73.00000000 85.50000000
v 73.00000000 73.50000000 75.00000000
v 73.00000000 73.50000000 76.00000000
v 73.00000000 74.00000000 76.50000000
v 73.00000000 73.50000000 79.00000000
v 73.00000000 73.50000000 80.00000000
v 72.50000000 74.00000000 83.00000000
v 72.50000000 74.00000000 84.00000000
v 73.00000000 74.00000000 84.50000000
v 73.00000000 73.50000000 85.00000000
v 73.00000000 74.50000000 77.00000000
v 73.00000000 75.00000000 77.50000000
v 72.50000000 75.00000000 83.00000000
v 72.50000000 75.00000000 84.00000000
v 73.00000000 75.00000000 84.50000000
v 73.00000000 76.00000000 77.50000000
v 72.50000000 76.00000000 83.00000000
v 73.00000000 76.00000000 83.50000000
v 73.00000000 75.50000000 84.00000000
v 73.00000000 76.50000000 78.00000000
v 73.00000000 77.00000000 78.50000000
v 72.50000000 77.00000000 83.00000000
v 73.00000000 77.00000000 83.50000000
v 73.00000000 77.50000000 79.00000000
v 72.50000000 78.00000000 79.00000000
v 73.00000000 78.00000000 79.50000000
v 73.00000000 78.00000000 83.50000000
v 73.00000000 79.00000000 79.50000000
v 73.00000000 79.00000000 83.50000000
v 73.00000000 80.00000000 79.50000000
v 72.50000000 80.00000000 83.00000000
v 73.00000000 80.00000000 83.50000000
v 72.50000000 81.00000000 61.00000000
v 73.00000000 81.00000000 79.50000000
v 73.00000000 80.50000000 83.00000000
v 73.00000000 81.00000000 82.50000000
v 73.00000000 82.00000000 79.50000000
v 72.50000000 82.00000000 82.00000000
v 73.00000000 82.00000000 82.50000000
v 73.00000000 83.00000000 79.50000000
v 72.50000000 83.00000000 82.00000000
v 73.00000000 82.50000000 83.00000000
v 72.50000000 83.00000000 83.00000000
v 73.00000000 83.00000000 83.50000000
v 72.50000000 84.00000000 64.00000000
v 72.50000000 84.00000000 65.00000000
v 72.50000000 84.00000000 79.00000000
v 73.00000000 83.50000000 80.00000000
v 72.50000000 84.00000000 80.00000000
v 73.00000000 84.00000000 80.50000000
v 72.50000000 84.00000000 83.00000000
v 73.00000000 83.50000000 84.00000000
v 72.50000000 84.00000000 84.00000000
v 73.00000000 83.50000000 85.00000000
v 72.50000000 84.00000000 85.00000000
v 73.00000000 83.50000000 86.00000000
v 72.50000000 84.00000000 86.00000000
v 73.00000000 83.50000000 87.00000000
v 72.50000000 84.00000000 87.00000000
v 73.00000000 83.50000000 88.00000000
v 72.50000000 84.00000000 88.00000000
v 73.00000000 83.50000000 89.00000000
v 72.50000000 84.00000000 89.00000000
v 73.00000000 83.50000000 90.00000000
v 72.50000000 84.00000000 90.00000000
v 73.00000000 83.50000000 91.00000000
v 72.50000000 84.00000000 91.00000000
v 73.00000000 84.00000000 91.50000000
v 72.50000000 85.00000000 65.00000000
v 72.50000000 85.00000000 78.00000000
v 72.50000000 85.00000000 79.00000000
v 73.00000000 85.00000000 79.50000000
v 73.00000000 84.50000000 80.00000000
v 72.50000000 85.00000000 87.00000000
v 72.50000000 85.00000000 88.00000000
v 72.50000000 85.00000000 89.00000000
v 72.50000000 85.00000000 90.00000000
v 72.50000000 85.00000000 91.00000000
v 73.00000000 84.50000000 92.00000000
v 72.50000000 85.00000000 92.00000000
v 73.00000000 85.00000000 92.50000000
v 72.50000000 86.00000000 64.00000000
v 73.00000000 86.00000000 64.50000000
v 73.00000000 85.50000000 65.00000000
v 73.00000000 85.50000000 66.00000000
v 72.50000000 86.00000000 67.00000000
v 73.00000000 86.00000000 66.50000000
v 72.50000000 86.00000000 76.00000000
v 73.00000000 86.00000000 76.50000000
v 73.00000000 85.50000000 77.00000000
v 73.00000000 85.50000000 78.00000000
v 73.00000000 85.50000000 79.00000000
v 72.50000000 86.00000000 91.00000000
v 73.00000000 86.00000000 91.50000000
v 73.00000000 85.50000000 92.00000000
v 72.50000000 87.00000000 64.00000000
v 73.00000000 87.00000000 64.50000000
v 73.00000000 86.50000000 67.00000000
v 73.00000000 86.50000000 68.00000000
v 72.50000000 87.00000000 69.00000000
v 73.00000000 87.00000000 68.50000000
v 72.50000000 87.00000000 71.00000000
v 72.50000000 87.00000000 73.00000000
v 72.50000000 87.00000000 74.00000000
v 73.00000000 87.00000000 74.50000000
v 73.00000000 86.50000000 75.00000000
v 73.00000000 86.50000000 76.00000000
v 73.00000000 87.00000000 91.50000000
v 73.00000000 88.00000000 63.50000000
v 73.00000000 87.50000000 64.00000000
v 73.00000000 87.50000000 69.00000000
v 73.00000000 87.50000000 70.00000000
v 73.00000000 87.50000000 71.00000000
v 73.00000000 87.50000000 72.00000000
v 73.00000000 87.50000000 73.00000000
v 73.00000000 87.50000000 74.00000000
v 73.00000000 87.50000000 91.00000000
v 73.00000000 88.00000000 90.50000000
v 73.00000000 89.00000000 62.50000000
v 73.00000000 88.50000000 63.00000000
v 73.00000000 88.50000000 90.00000000
v 73.00000000 89.00000000 89.50000000
v 73.00000000 90.00000000 62.50000000
v 73.00000000 90.00000000 89.50000000
v 72.50000000 91.00000000 63.00000000
v 73.00000000 91.00000000 62.50000000
v 73.00000000 90.50000000 89.00000000
v 73.00000000 91.00000000 88.50000000
v 73.00000000 91.50000000 63.00000000
v 72.50000000 92.00000000 64.00000000
v 73.00000000 92.00000000 63.50000000
v 72.50000000 92.00000000 65.00000000
v 72.50000000 92.00000000 66.00000000
v 72.50000000 92.00000000 67.00000000
v 72.50000000 92.00000000 68.00000000
v 72.50000000 92.00000000 69.00000000
v 73.00000000 91.50000000 88.00000000
v 73.00000000 92.00000000 87.50000000
v 73.00000000 92.50000000 64.00000000
v 73.00000000 92.50000000 65.00000000
v 73.00000000 92.50000000 66.00000000
v 73.00000000 92.50000000 67.00000000
v 73.00000000 92.50000000 68.00000000
v 73.00000000 92.50000000 69.00000000
v 73.00000000 92.50000000 70.00000000
v 73.00000000 92.50000000 71.00000000
v 73.00000000 92.50000000 72.00000000
v 73.00000000 92.50000000 73.00000000
v 73.00000000 92.50000000 74.00000000
v 73.00000000 92.50000000 75.00000000
v 73.00000000 92.50000000 76.00000000
v 72.50000000 93.00000000 77.00000000
v 73.00000000 92.50000000 77.00000000
v 73.00000000 93.00000000 77.50000000
v 72.50000000 93.00000000 86.00000000
v 73.00000000 92.50000000 86.00000000
v 73.00000000 93.00000000 85.50000000
v 73.00000000 92.50000000 87.00000000
v 73.00000000 93.50000000 78.00000000
v 73.00000000 93.50000000 79.00000000
v 73.00000000 93.50000000 80.00000000
v 73.00000000 93.50000000 81.00000000
v 73.00000000 93.50000000 82.00000000
v 73.00000000 93.50000000 83.00000000
v 73.00000000 93.50000000 84.00000000
v 73.00000000 93.50000000 85.00000000
v 73.50000000 71.00000000 70.00000000
v 73.50000000 71.00000000 71.00000000
v 73.50000000 71.00000000 72.00000000
v 74.00000000 71.00000000 72.50000000
v 74.00000000 70.50000000 73.00000000
v 74.00000000 70.50000000 74.00000000
v 74.00000000 70.50000000 75.00000000
v 74.00000000 70.50000000 76.00000000
v 74.00000000 71.00000000 76.50000000
v 73.50000000 71.00000000 80.00000000
v 74.00000000 71.00000000 79.50000000
v 74.00000000 70.50000000 80.00000000
v 74.00000000 70.50000000 81.00000000
v 74.00000000 70.50000000 82.00000000
v 74.00000000 70.50000000 83.00000000
v 74.00000000 70.50000000 84.00000000
v 74.00000000 71.00000000 84.50000000
v 74.00000000 72.00000000 69.50000000
v 73.50000000 72.00000000 70.00000000
v 74.00000000 71.50000000 70.00000000
v 74.00000000 71.50000000 71.00000000
v 73.50000000 71.50000000 70.50000000
v 74.00000000 71.50000000 72.00000000
v 74.00000000 71.50000000 77.00000000
v 74.00000000 71.50000000 78.00000000
v 73.50000000 72.00000000 78.00000000
v 74.00000000 71.50000000 79.00000000
v 73.50000000 72.00000000 79.00000000
v 73.50000000 72.00000000 80.00000000
v 74.00000000 71.50000000 85.00000000
v 74.00000000 72.00000000 85.50000000
v 74.00000000 72.50000000 70.00000000
v 74.00000000 72.50000000 71.00000000
v 73.50000000 73.00000000 72.00000000
v 74.00000000 73.00000000 71.50000000
v 74.00000000 73.00000000 72.50000000
v 74.00000000 72.50000000 73.00000000
v 73.50000000 73.00000000 74.00000000
v 74.00000000 73.00000000 73.50000000
v 73.50000000 73.00000000 79.00000000
v 73.50000000 73.00000000 80.00000000
v 74.00000000 73.00000000 85.50000000
v 73.50000000 74.00000000 66.00000000
v 74.00000000 74.00000000 65.50000000
v 74.00000000 73.50000000 66.00000000
v 74.00000000 74.00000000 66.50000000
v 74.00000000 73.50000000 72.00000000
v 74.00000000 73.50000000 74.00000000
v 74.00000000 73.50000000 75.00000000
v 74.00000000 73.50000000 76.00000000
v 74.00000000 74.00000000 76.50000000
v 73.50000000 74.00000000 85.00000000
v 74.00000000 74.00000000 85.50000000
v 74.00000000 74.50000000 66.00000000
v 74.00000000 74.50000000 77.00000000
v 74.00000000 75.00000000 77.50000000
v 73.50000000 75.00000000 85.00000000
v 74.00000000 75.00000000 85.50000000
v 74.00000000 76.00000000 77.50000000
v 73.50000000 76.00000000 84.00000000
v 73.50000000 76.00000000 85.00000000
v 74.00000000 75.50000000 86.00000000
v 73.50000000 76.00000000 86.00000000
v 74.00000000 76.00000000 86.50000000
v 74.00000000 76.50000000 78.00000000
v 74.00000000 77.00000000 78.50000000
v 73.50000000 77.00000000 84.00000000
v 73.50000000 77.00000000 85.00000000
v 73.50000000 77.00000000 86.00000000
v 74.00000000 77.00000000 86.50000000
v 74.00000000 77.50000000 79.00000000
v 74.00000000 78.00000000 79.50000000
v 73.50000000 78.00000000 84.00000000
v 73.50000000 78.00000000 85.00000000
v 73.50000000 78.00000000 86.00000000
v 74.00000000 78.00000000 86.50000000
v 74.00000000 79.00000000 79.50000000
v 73.50000000 79.00000000 84.00000000
v 73.50000000 79.00000000 85.00000000
v 73.50000000 79.00000000 86.00000000
v 74.00000000 79.00000000 86.50000000
v 74.00000000 80.00000000 79.50000000
v 73.50000000 80.00000000 84.00000000
v 73.50000000 80.00000000 85.00000000
v 73.50000000 80.00000000 86.00000000
v 74.00000000 79.50000000 87.00000000
v 73.50000000 80.00000000 87.00000000
v 74.00000000 80.00000000 87.50000000
v 74.00000000 81.00000000 79.50000000
v 73.50000000 81.00000000 83.00000000
v 73.50000000 81.00000000 84.00000000
v 73.50000000 81.00000000 85.00000000
v 73.50000000 81.00000000 86.00000000
v 73.50000000 81.00000000 87.00000000
v 74.00000000 80.50000000 88.00000000
v 73.50000000 81.00000000 88.00000000
v 74.00000000 80.50000000 89.00000000
v 73.50000000 81.00000000 89.00000000
v 74.00000000 80.50000000 90.00000000
v 73.50000000 81.00000000 90.00000000
v 74.00000000 81.00000000 90.50000000
v 74.00000000 82.00000000 79.50000000
v 73.50000000 82.00000000 83.00000000
v 73.50000000 82.00000000 84.00000000
v 73.50000000 82.00000000 85.00000000
v 73.50000000 82.00000000 86.00000000
v 73.50000000 82.00000000 87.00000000
v 73.50000000 82.00000000 88.00000000
v 73.50000000 82.00000000 89.00000000
v 73.50000000 82.00000000 90.00000000
v 74.00000000 81.50000000 91.00000000
v 73.50000000 82.00000000 91.00000000
v 74.00000000 82.00000000 91.50000000
v 74.00000000 83.00000000 79.50000000
v 73.50000000 83.00000000 84.00000000
v 73.50000000 83.00000000 85.00000000
v 73.50000000 83.00000000 86.00000000
v 73.50000000 83.00000000 87.00000000
v 73.50000000 83.00000000 88.00000000
v 73.50000000 83.00000000 89.00000000
v 73.50000000 83.00000000 90.00000000
v 73.50000000 83.00000000 91.00000000
v 74.00000000 82.50000000 92.00000000
v 73.50000000 83.00000000 92.00000000
v 74.00000000 83.00000000 92.50000000
v 74.00000000 83.50000000 80.00000000
v 74.00000000 84.00000000 80.50000000
v 73.50000000 84.00000000 92.00000000
v 74.00000000 84.00000000 92.50000000
v 74.00000000 85.00000000 79.50000000
v 74.00000000 84.50000000 80.00000000
v 74.00000000 85.00000000 91.50000000
v 73.50000000 85.00000000 92.00000000
v 74.00000000 84.50000000 92.00000000
v 73.50000000 86.00000000 65.00000000
v 73.50000000 86.00000000 66.00000000
v 73.50000000 86.00000000 77.00000000
v 73.50000000 86.00000000 78.00000000
v 74.00000000 86.00000000 78.50000000
v 74.00000000 85.50000000 79.00000000
v 74.00000000 86.00000000 91.50000000
v 74.00000000 87.00000000 64.50000000
v 74.00000000 86.50000000 65.00000000
v 74.00000000 87.00000000 65.50000000
v 73.50000000 87.00000000 66.00000000
v 73.50000000 87.00000000 67.00000000
v 73.50000000 87.00000000 68.00000000
v 74.00000000 87.00000000 74.50000000
v 74.00000000 86.50000000 75.00000000
v 74.00000000 86.50000000 76.00000000
v 74.00000000 86.50000000 77.00000000
v 74.00000000 86.50000000 78.00000000
v 74.00000000 87.00000000 91.50000000
v 74.00000000 88.00000000 63.50000000
v 74.00000000 87.50000000 64.00000000
v 74.00000000 87.50000000 66.00000000
v 74.00000000 87.50000000 67.00000000
v 74.00000000 87.50000000 68.00000000
v 74.00000000 87.50000000 69.00000000
v 74.00000000 87.50000000 70.00000000
v 74.00000000 87.50000000 71.00000000
v 74.00000000 87.50000000 72.00000000
v 74.00000000 87.50000000 73.00000000
v 74.00000000 87.50000000 74.00000000
v 74.00000000 87.50000000 91.00000000
v 74.00000000 88.00000000 90.50000000
v 74.00000000 89.00000000 62.50000000
v 74.00000000 88.50000000 63.00000000
v 74.00000000 88.50000000 90.00000000
v 74.00000000 89.00000000 89.50000000
v 74.00000000 90.00000000 62.50000000
v 74.00000000 90.00000000 89.50000000
v 74.00000000 91.00000000 62.50000000
v 74.00000000 90.50000000 89.00000000
v 74.00000000 91.00000000 88.50000000
v 74.00000000 91.50000000 63.00000000
v 74.00000000 92.00000000 63.50000000
v 73.50000000 92.00000000 87.00000000
v 74.00000000 91.50000000 87.00000000
v 74.00000000 92.00000000 86.50000000
v 74.00000000 91.50000000 88.00000000
v 74.00000000 92.50000000 64.00000000
v 74.00000000 92.50000000 65.00000000
v 74.00000000 92.50000000 66.00000000
v 74.00000000 92.50000000 67.00000000
v 74.00000000 92.50000000 68.00000000
v 74.00000000 92.50000000 69.00000000
v 74.00000000 92.50000000 70.00000000
v 74.00000000 92.50000000 71.00000000
v 74.00000000 92.50000000 72.00000000
v 74.00000000 92.50000000 73.00000000
v 74.00000000 92.50000000 74.00000000
v 74.00000000 92.50000000 75.00000000
v 74.00000000 92.50000000 76.00000000
v 74.00000000 92.50000000 77.00000000
v 73.50000000 93.00000000 78.00000000
v 74.00000000 92.50000000 78.00000000
v 73.50000000 93.00000000 79.00000000
v 74.00000000 92.50000000 79.00000000
v 74.00000000 93.00000000 79.50000000
v 73.50000000 93.00000000 84.00000000
v 74.00000000 92.50000000 84.00000000
v 74.00000000 93.00000000 83.50000000
v 73.50000000 93.00000000 85.00000000
v 74.00000000 92.50000000 85.00000000
v 74.00000000 92.50000000 86.00000000
v 74.00000000 93.50000000 80.00000000
v 74.00000000 93.50000000 81.00000000
v 74.00000000 93.50000000 82.00000000
v 74.00000000 93.50000000 83.00000000
v 74.50000000 70.00000000 76.00000000
v 75.00000000 70.00000000 75.50000000
v 75.00000000 69.50000000 76.00000000
v 75.00000000 70.00000000 76.50000000
v 75.00000000 71.00000000 72.50000000
v 75.00000000 70.50000000 73.00000000
v 75.00000000 70.50000000 74.00000000
v 75.00000000 70.50000000 75.00000000
v 75.00000000 70.50000000 77.00000000
v 74.50000000 71.00000000 77.00000000
v 75.00000000 70.50000000 78.00000000
v 74.50000000 71.00000000 78.00000000
v 75.00000000 71.00000000 78.50000000
v 74.50000000 71.00000000 80.00000000
v 74.50000000 71.00000000 81.00000000
v 74.50000000 71.00000000 82.00000000
v 74.50000000 71.00000000 83.00000000
v 74.50000000 71.00000000 84.00000000
v 74.50000000 72.00000000 70.00000000
v 75.00000000 72.00000000 70.50000000
v 75.00000000 71.50000000 71.00000000
v 75.00000000 71.50000000 72.00000000
v 75.00000000 71.50000000 79.00000000
v 75.00000000 71.50000000 80.00000000
v 75.00000000 71.50000000 81.00000000
v 75.00000000 71.50000000 82.00000000
v 75.00000000 71.50000000 83.00000000
v 75.00000000 71.50000000 84.00000000
v 74.50000000 72.00000000 85.00000000
v 75.00000000 72.00000000 84.50000000
v 74.50000000 73.00000000 69.00000000
v 75.00000000 73.00000000 68.50000000
v 75.00000000 72.50000000 69.00000000
v 75.00000000 72.50000000 70.00000000
v 74.50000000 73.00000000 70.00000000
v 74.50000000 72.50000000 70.50000000
v 74.50000000 73.00000000 71.00000000
v 75.00000000 72.50000000 73.00000000
v 75.00000000 73.00000000 72.50000000
v 75.00000000 73.00000000 73.50000000
v 75.00000000 72.50000000 85.00000000
v 75.00000000 73.00000000 85.50000000
v 75.00000000 74.00000000 65.50000000
v 75.00000000 73.50000000 66.00000000
v 75.00000000 73.50000000 67.00000000
v 74.50000000 74.00000000 67.00000000
v 75.00000000 74.00000000 67.50000000
v 75.00000000 73.50000000 69.00000000
v 75.00000000 73.50000000 70.00000000
v 75.00000000 73.50000000 71.00000000
v 75.00000000 73.50000000 72.00000000
v 75.00000000 73.50000000 74.00000000
v 75.00000000 73.50000000 75.00000000
v 74.50000000 74.00000000 76.00000000
v 75.00000000 74.00000000 75.50000000
v 75.00000000 74.00000000 85.50000000
v 75.00000000 74.50000000 66.00000000
v 75.00000000 74.50000000 67.00000000
v 75.00000000 74.50000000 76.00000000
v 74.50000000 75.00000000 77.00000000
v 75.00000000 75.00000000 76.50000000
v 75.00000000 74.50000000 86.00000000
v 74.50000000 75.00000000 86.00000000
v 75.00000000 74.50000000 87.00000000
v 74.50000000 75.00000000 87.00000000
v 75.00000000 75.00000000 87.50000000
v 75.00000000 75.50000000 77.00000000
v 75.00000000 76.00000000 77.50000000
v 74.50000000 76.00000000 87.00000000
v 75.00000000 76.00000000 87.50000000
v 75.00000000 76.50000000 78.00000000
v 75.00000000 77.00000000 78.50000000
v 74.50000000 77.00000000 87.00000000
v 75.00000000 76.50000000 88.00000000
v 74.50000000 77.00000000 88.00000000
v 75.00000000 77.00000000 88.50000000
v 74.50000000 78.00000000 79.00000000
v 75.00000000 78.00000000 78.50000000
v 74.50000000 78.00000000 87.00000000
v 74.50000000 78.00000000 88.00000000
v 75.00000000 78.00000000 88.50000000
v 74.50000000 79.00000000 79.00000000
v 75.00000000 79.00000000 78.50000000
v 74.50000000 79.00000000 87.00000000
v 74.50000000 79.00000000 88.00000000
v 75.00000000 78.50000000 89.00000000
v 74.50000000 79.00000000 89.00000000
v 75.00000000 79.00000000 89.50000000
v 74.50000000 80.00000000 79.00000000
v 75.00000000 80.00000000 78.50000000
v 74.50000000 80.00000000 88.00000000
v 74.50000000 80.00000000 89.00000000
v 75.00000000 79.50000000 90.00000000
v 74.50000000 80.00000000 90.00000000
v 75.00000000 80.00000000 90.50000000
v 75.00000000 80.50000000 79.00000000
v 75.00000000 81.00000000 79.50000000
v 75.00000000 80.50000000 91.00000000
v 74.50000000 81.00000000 91.00000000
v 75.00000000 81.00000000 91.50000000
v 75.00000000 82.00000000 79.50000000
v 75.00000000 81.50000000 92.00000000
v 74.50000000 82.00000000 92.00000000
v 75.00000000 82.00000000 92.50000000
v 75.00000000 83.00000000 79.50000000
v 75.00000000 83.00000000 91.50000000
v 74.50000000 83.00000000 92.00000000
v 75.00000000 82.50000000 92.00000000
v 75.00000000 83.50000000 80.00000000
v 75.00000000 84.00000000 80.50000000
v 74.50000000 84.00000000 92.00000000
v 75.00000000 84.00000000 91.50000000
v 75.00000000 85.00000000 79.50000000
v 75.00000000 84.50000000 80.00000000
v 75.00000000 85.00000000 91.50000000
v 75.00000000 86.00000000 78.50000000
v 75.00000000 85.50000000 79.00000000
v 75.00000000 86.00000000 91.50000000
v 74.50000000 87.00000000 65.00000000
v 75.00000000 87.00000000 74.50000000
v 75.00000000 86.50000000 75.00000000
v 75.00000000 86.50000000 76.00000000
v 75.00000000 86.50000000 77.00000000
v 75.00000000 86.50000000 78.00000000
v 74.50000000 87.00000000 91.00000000
v 75.00000000 86.50000000 91.00000000
v 75.00000000 87.00000000 90.50000000
v 75.00000000 88.00000000 63.50000000
v 75.00000000 87.50000000 64.00000000
v 75.00000000 87.50000000 65.00000000
v 75.00000000 87.50000000 66.00000000
v 75.00000000 87.50000000 67.00000000
v 75.00000000 87.50000000 68.00000000
v 75.00000000 87.50000000 69.00000000
v 75.00000000 87.50000000 70.00000000
v 75.00000000 87.50000000 71.00000000
v 75.00000000 87.50000000 72.00000000
v 75.00000000 87.50000000 73.00000000
v 75.00000000 87.50000000 74.00000000
v 75.00000000 88.00000000 90.50000000
v 75.00000000 89.00000000 62.50000000
v 75.00000000 88.50000000 63.00000000
v 75.00000000 88.50000000 90.00000000
v 75.00000000 89.00000000 89.50000000
v 74.50000000 90.00000000 62.00000000
v 75.00000000 90.00000000 61.50000000
v 75.00000000 89.50000000 62.00000000
v 75.00000000 90.00000000 89.50000000
v 74.50000000 91.00000000 62.00000000
v 75.00000000 91.00000000 61.50000000
v 75.00000000 90.50000000 89.00000000
v 75.00000000 91.00000000 88.50000000
v 75.00000000 91.50000000 62.00000000
v 75.00000000 91.50000000 63.00000000
v 75.00000000 92.00000000 63.50000000
v 74.50000000 92.00000000 70.00000000
v 75.00000000 91.50000000 70.00000000
v 75.00000000 92.00000000 69.50000000
v 74.50000000 92.00000000 71.00000000
v 75.00000000 91.50000000 71.00000000
v 74.50000000 92.00000000 72.00000000
v 75.00000000 91.50000000 72.00000000
v 74.50000000 92.00000000 73.00000000
v 75.00000000 91.50000000 73.00000000
v 74.50000000 92.00000000 74.00000000
v 75.00000000 91.50000000 74.00000000
v 74.50000000 92.00000000 75.00000000
v 75.00000000 91.50000000 75.00000000
v 74.50000000 92.00000000 76.00000000
v 75.00000000 91.50000000 76.00000000
v 75.00000000 92.00000000 76.50000000
v 74.50000000 92.00000000 86.00000000
v 75.00000000 91.50000000 86.00000000
v 75.00000000 92.00000000 85.50000000
v 75.00000000 91.50000000 87.00000000
v 75.00000000 91.50000000 88.00000000
v 75.00000000 92.50000000 64.00000000
v 75.00000000 92.50000000 65.00000000
v 75.00000000 92.50000000 66.00000000
v 75.00000000 92.50000000 67.00000000
v 75.00000000 92.50000000 68.00000000
v 75.00000000 92.50000000 69.00000000
v 75.00000000 92.50000000 77.00000000
v 75.00000000 92.50000000 78.00000000
v 75.00000000 92.50000000 79.00000000
v 74.50000000 93.00000000 80.00000000
v 75.00000000 92.50000000 80.00000000
v 74.50000000 93.00000000 81.00000000
v 75.00000000 92.50000000 81.00000000
v 74.50000000 93.00000000 82.00000000
v 75.00000000 92.50000000 82.00000000
v 74.50000000 93.00000000 83.00000000
v 75.00000000 92.50000000 83.00000000
v 75.00000000 92.50000000 84.00000000
v 75.00000000 92.50000000 85.00000000
v 75.50000000 70.00000000 76.00000000
v 76.00000000 71.00000000 72.50000000
v 76.00000000 70.50000000 73.00000000
v 76.00000000 70.50000000 74.00000000
v 76.00000000 70.50000000 75.00000000
v 76.00000000 70.50000000 76.00000000
v 75.50000000 71.00000000 77.00000000
v 76.00000000 71.00000000 76.50000000
v 75.50000000 71.00000000 78.00000000
v 75.50000000 72.00000000 70.00000000
v 76.00000000 72.00000000 69.50000000
v 76.00000000 71.50000000 70.00000000
v 76.00000000 71.50000000 71.00000000
v 76.00000000 71.50000000 72.00000000
v 76.00000000 71.50000000 77.00000000
v 76.00000000 71.50000000 78.00000000
v 76.00000000 71.50000000 79.00000000
v 76.00000000 71.50000000 80.00000000
v 76.00000000 71.50000000 81.00000000
v 75.50000000 72.00000000 82.00000000
v 76.00000000 72.00000000 81.50000000
v 75.50000000 72.00000000 83.00000000
v 75.50000000 72.00000000 84.00000000
v 75.50000000 73.00000000 68.00000000
v 76.00000000 73.00000000 67.50000000
v 76.00000000 72.50000000 68.00000000
v 76.00000000 72.50000000 69.00000000
v 75.50000000 73.00000000 73.00000000
v 76.00000000 72.50000000 82.00000000
v 76.00000000 72.50000000 83.00000000
v 76.00000000 72.50000000 84.00000000
v 75.50000000 73.00000000 85.00000000
v 76.00000000 73.00000000 84.50000000
v 75.50000000 74.00000000 66.00000000
v 76.00000000 74.00000000 66.50000000
v 76.00000000 73.50000000 67.00000000
v 75.50000000 74.00000000 68.00000000
v 75.50000000 74.00000000 69.00000000
v 75.50000000 74.00000000 70.00000000
v 75.50000000 74.00000000 71.00000000
v 75.50000000 74.00000000 72.00000000
v 76.00000000 74.00000000 72.50000000
v 76.00000000 73.50000000 73.00000000
v 76.00000000 73.50000000 74.00000000
v 75.50000000 74.00000000 75.00000000
v 76.00000000 74.00000000 74.50000000
v 76.00000000 73.50000000 85.00000000
v 76.00000000 74.00000000 85.50000000
v 76.00000000 75.00000000 65.50000000
v 75.50000000 75.00000000 66.00000000
v 76.00000000 74.50000000 66.00000000
v 76.00000000 75.00000000 66.50000000
v 76.00000000 74.50000000 67.00000000
v 76.00000000 74.50000000 68.00000000
v 76.00000000 74.50000000 69.00000000
v 76.00000000 74.50000000 70.00000000
v 76.00000000 74.50000000 71.00000000
v 76.00000000 74.50000000 72.00000000
v 76.00000000 75.00000000 72.50000000
v 75.50000000 75.00000000 73.00000000
v 76.00000000 74.50000000 73.00000000
v 76.00000000 75.00000000 73.50000000
v 76.00000000 74.50000000 75.00000000
v 75.50000000 75.00000000 76.00000000
v 76.00000000 75.00000000 75.50000000
v 76.00000000 74.50000000 86.00000000
v 76.00000000 74.50000000 87.00000000
v 76.00000000 75.00000000 87.50000000
v 76.00000000 75.50000000 66.00000000
v 76.00000000 75.50000000 73.00000000
v 76.00000000 75.50000000 76.00000000
v 75.50000000 76.00000000 77.00000000
v 76.00000000 76.00000000 76.50000000
v 76.00000000 76.00000000 87.50000000
v 76.00000000 76.50000000 77.00000000
v 75.50000000 77.00000000 78.00000000
v 76.00000000 77.00000000 77.50000000
v 76.00000000 76.50000000 88.00000000
v 76.00000000 77.00000000 88.50000000
v 75.50000000 78.00000000 61.00000000
v 76.00000000 78.00000000 60.50000000
v 76.00000000 77.50000000 61.00000000
v 76.00000000 78.00000000 61.50000000
v 75.50000000 78.00000000 78.00000000
v 76.00000000 78.00000000 77.50000000
v 76.00000000 78.00000000 88.50000000
v 76.00000000 78.50000000 61.00000000
v 75.50000000 79.00000000 78.00000000
v 76.00000000 79.00000000 77.50000000
v 76.00000000 78.50000000 89.00000000
v 76.00000000 79.00000000 89.50000000
v 76.00000000 79.50000000 78.00000000
v 76.00000000 80.00000000 78.50000000
v 76.00000000 79.50000000 90.00000000
v 76.00000000 80.00000000 90.50000000
v 75.50000000 81.00000000 79.00000000
v 76.00000000 81.00000000 78.50000000
v 76.00000000 80.50000000 91.00000000
v 76.00000000 81.00000000 91.50000000
v 76.00000000 81.50000000 79.00000000
v 76.00000000 82.00000000 79.50000000
v 75.50000000 82.00000000 92.00000000
v 76.00000000 82.00000000 91.50000000
v 75.50000000 83.00000000 79.00000000
v 76.00000000 83.00000000 78.50000000
v 76.00000000 82.50000000 79.00000000
v 75.50000000 83.00000000 91.00000000
v 76.00000000 82.50000000 91.00000000
v 76.00000000 83.00000000 90.50000000
v 76.00000000 83.50000000 79.00000000
v 75.50000000 84.00000000 80.00000000
v 76.00000000 84.00000000 79.50000000
v 75.50000000 84.00000000 91.00000000
v 76.00000000 84.00000000 90.50000000
v 76.00000000 85.00000000 79.50000000
v 75.50000000 85.00000000 91.00000000
v 76.00000000 85.00000000 90.50000000
v 76.00000000 86.00000000 78.50000000
v 76.00000000 85.50000000 79.00000000
v 75.50000000 86.00000000 91.00000000
v 76.00000000 86.00000000 90.50000000
v 75.50000000 87.00000000 65.00000000
v 76.00000000 87.00000000 64.50000000
v 76.00000000 86.50000000 65.00000000
v 76.00000000 87.00000000 65.50000000
v 75.50000000 87.00000000 74.00000000
v 76.00000000 87.00000000 73.50000000
v 76.00000000 86.50000000 74.00000000
v 76.00000000 86.50000000 75.00000000
v 76.00000000 86.50000000 76.00000000
v 76.00000000 86.50000000 77.00000000
v 76.00000000 86.50000000 78.00000000
v 75.50000000 87.00000000 90.00000000
v 76.00000000 86.50000000 90.00000000
v 76.00000000 87.00000000 89.50000000
v 75.50000000 88.00000000 63.00000000
v 76.00000000 88.00000000 62.50000000
v 76.00000000 87.50000000 63.00000000
v 76.00000000 87.50000000 64.00000000
v 76.00000000 87.50000000 66.00000000
v 76.00000000 87.50000000 67.00000000
v 76.00000000 87.50000000 68.00000000
v 76.00000000 87.50000000 69.00000000
v 76.00000000 87.50000000 70.00000000
v 76.00000000 87.50000000 71.00000000
v 76.00000000 87.50000000 72.00000000
v 76.00000000 87.50000000 73.00000000
v 75.50000000 88.00000000 90.00000000
v 76.00000000 88.00000000 89.50000000
v 75.50000000 89.00000000 62.00000000
v 76.00000000 89.00000000 61.50000000
v 76.00000000 88.50000000 62.00000000
v 76.00000000 89.00000000 89.50000000
v 76.00000000 90.00000000 61.50000000
v 76.00000000 90.00000000 89.50000000
v 76.00000000 91.00000000 61.50000000
v 75.50000000 91.00000000 78.00000000
v 76.00000000 90.50000000 78.00000000
v 76.00000000 91.00000000 77.50000000
v 75.50000000 91.00000000 79.00000000
v 76.00000000 90.50000000 79.00000000
v 75.50000000 91.00000000 80.00000000
v 76.00000000 90.50000000 80.00000000
v 75.50000000 91.00000000 81.00000000
v 76.00000000 90.50000000 81.00000000
v 75.50000000 91.00000000 82.00000000
v 76.00000000 90.50000000 82.00000000
v 75.50000000 91.00000000 83.00000000
v 76.00000000 90.50000000 83.00000000
v 75.50000000 91.00000000 84.00000000
v 76.00000000 90.50000000 84.00000000
v 75.50000000 91.00000000 85.00000000
v 76.00000000 90.50000000 85.00000000
v 76.00000000 91.00000000 85.50000000
v 75.50000000 91.00000000 87.00000000
v 76.00000000 90.50000000 87.00000000
v 76.00000000 91.00000000 86.50000000
v 75.50000000 91.00000000 88.00000000
v 76.00000000 90.50000000 88.00000000
v 76.00000000 90.50000000 89.00000000
v 76.00000000 91.50000000 62.00000000
v 76.00000000 91.50000000 63.00000000
v 76.00000000 92.00000000 63.50000000
v 75.50000000 92.00000000 65.00000000
v 76.00000000 91.50000000 65.00000000
v 76.00000000 92.00000000 64.50000000
v 75.50000000 92.00000000 66.00000000
v 76.00000000 91.50000000 66.00000000
v 75.50000000 92.00000000 67.00000000
v 76.00000000 91.50000000 67.00000000
v 75.50000000 92.00000000 68.00000000
v 76.00000000 91.50000000 68.00000000
v 75.50000000 92.00000000 69.00000000
v 76.00000000 91.50000000 69.00000000
v 76.00000000 91.50000000 70.00000000
v 76.00000000 91.50000000 71.00000000
v 76.00000000 91.50000000 72.00000000
v 76.00000000 91.50000000 73.00000000
v 76.00000000 91.50000000 74.00000000
v 76.00000000 91.50000000 75.00000000
v 76.00000000 91.50000000 76.00000000
v 75.50000000 92.00000000 77.00000000
v 76.00000000 91.50000000 77.00000000
v 75.50000000 92.00000000 78.00000000
v 75.50000000 92.00000000 79.00000000
v 75.50000000 92.00000000 80.00000000
v 75.50000000 92.00000000 81.00000000
v 75.50000000 92.00000000 82.00000000
v 75.50000000 92.00000000 83.00000000
v 75.50000000 92.00000000 84.00000000
v 75.50000000 92.00000000 85.00000000
v 76.00000000 91.50000000 86.00000000
v 76.00000000 92.50000000 64.00000000
v 76.50000000 71.00000000 73.00000000
v 76.50000000 71.00000000 74.00000000
v 76.50000000 71.00000000 75.00000000
v 76.50000000 71.00000000 76.00000000
v 77.00000000 72.00000000 69.50000000
v 77.00000000 71.50000000 70.00000000
v 77.00000000 71.50000000 71.00000000
v 77.00000000 71.50000000 72.00000000
v 77.00000000 71.50000000 73.00000000
v 77.00000000 71.50000000 74.00000000
v 77.00000000 71.50000000 75.00000000
v 77.00000000 71.50000000 76.00000000
v 77.00000000 71.50000000 77.00000000
v 76.50000000 72.00000000 78.00000000
v 77.00000000 72.00000000 77.50000000
v 76.50000000 72.00000000 79.00000000
v 76.50000000 72.00000000 80.00000000
v 76.50000000 72.00000000 81.00000000
v 77.00000000 73.00000000 67.50000000
v 77.00000000 72.50000000 68.00000000
v 77.00000000 72.50000000 69.00000000
v 77.00000000 72.50000000 78.00000000
v 77.00000000 72.50000000 79.00000000
v 77.00000000 72.50000000 80.00000000
v 77.00000000 72.50000000 81.00000000
v 77.00000000 72.50000000 82.00000000
v 77.00000000 72.50000000 83.00000000
v 76.50000000 73.00000000 84.00000000
v 77.00000000 73.00000000 83.50000000
v 76.50000000 74.00000000 67.00000000
v 77.00000000 74.00000000 67.50000000
v 76.50000000 74.00000000 73.00000000
v 76.50000000 74.00000000 74.00000000
v 77.00000000 73.50000000 84.00000000
v 77.00000000 73.50000000 85.00000000
v 77.00000000 74.00000000 85.50000000
v 76.50000000 75.00000000 66.00000000
v 77.00000000 74.50000000 68.00000000
v 77.00000000 74.50000000 69.00000000
v 77.00000000 74.50000000 70.00000000
v 77.00000000 74.50000000 71.00000000
v 76.50000000 75.00000000 72.00000000
v 77.00000000 75.00000000 71.50000000
v 76.50000000 75.00000000 74.00000000
v 76.50000000 75.00000000 75.00000000
v 77.00000000 74.50000000 86.00000000
v 76.50000000 75.00000000 87.00000000
v 77.00000000 75.00000000 86.50000000
v 76.50000000 76.00000000 65.00000000
v 77.00000000 76.00000000 64.50000000
v 77.00000000 75.50000000 65.00000000
v 77.00000000 75.50000000 66.00000000
v 76.50000000 76.00000000 66.00000000
v 77.00000000 76.00000000 66.50000000
v 77.00000000 75.50000000 72.00000000
v 77.00000000 75.50000000 73.00000000
v 76.50000000 76.00000000 74.00000000
v 77.00000000 76.00000000 73.50000000
v 77.00000000 76.00000000 74.50000000
v 77.00000000 75.50000000 75.00000000
v 76.50000000 76.00000000 76.00000000
v 77.00000000 76.00000000 75.50000000
v 77.00000000 75.50000000 87.00000000
v 77.00000000 76.00000000 87.50000000
v 77.00000000 76.50000000 65.00000000
v 77.00000000 76.50000000 66.00000000
v 77.00000000 76.50000000 74.00000000
v 77.00000000 76.50000000 76.00000000
v 76.50000000 77.00000000 77.00000000
v 77.00000000 77.00000000 76.50000000
v 76.50000000 77.00000000 88.00000000
v 77.00000000 77.00000000 87.50000000
v 76.50000000 78.00000000 61.00000000
v 76.50000000 78.00000000 77.00000000
v 77.00000000 78.00000000 76.50000000
v 77.00000000 77.50000000 88.00000000
v 77.00000000 78.00000000 88.50000000
v 77.00000000 78.50000000 77.00000000
v 77.00000000 79.00000000 77.50000000
v 77.00000000 78.50000000 89.00000000
v 77.00000000 79.00000000 89.50000000
v 76.50000000 80.00000000 78.00000000
v 77.00000000 80.00000000 77.50000000
v 77.00000000 79.50000000 90.00000000
v 77.00000000 80.00000000 90.50000000
v 77.00000000 80.50000000 78.00000000
v 77.00000000 81.00000000 78.50000000
v 76.50000000 81.00000000 91.00000000
v 77.00000000 81.00000000 90.50000000
v 76.50000000 82.00000000 79.00000000
v 77.00000000 82.00000000 78.50000000
v 76.50000000 82.00000000 91.00000000
v 77.00000000 82.00000000 90.50000000
v 77.00000000 83.00000000 78.50000000
v 76.50000000 83.00000000 90.00000000
v 77.00000000 82.50000000 90.00000000
v 77.00000000 83.00000000 89.50000000
v 77.00000000 83.50000000 79.00000000
v 77.00000000 84.00000000 79.50000000
v 76.50000000 84.00000000 89.00000000
v 77.00000000 83.50000000 89.00000000
v 77.00000000 84.00000000 88.50000000
v 76.50000000 84.00000000 90.00000000
v 77.00000000 85.00000000 79.50000000
v 76.50000000 85.00000000 89.00000000
v 77.00000000 85.00000000 88.50000000
v 76.50000000 85.00000000 90.00000000
v 76.50000000 86.00000000 78.00000000
v 77.00000000 86.00000000 77.50000000
v 77.00000000 85.50000000 78.00000000
v 77.00000000 85.50000000 79.00000000
v 76.50000000 86.00000000 89.00000000
v 77.00000000 86.00000000 88.50000000
v 76.50000000 86.00000000 90.00000000
v 76.50000000 87.00000000 64.00000000
v 77.00000000 87.00000000 63.50000000
v 77.00000000 86.50000000 64.00000000
v 77.00000000 86.50000000 65.00000000
v 77.00000000 86.50000000 66.00000000
v 76.50000000 87.00000000 66.00000000
v 77.00000000 87.00000000 66.50000000
v 77.00000000 87.00000000 73.50000000
v 77.00000000 86.50000000 74.00000000
v 77.00000000 86.50000000 75.00000000
v 77.00000000 86.50000000 76.00000000
v 77.00000000 86.50000000 77.00000000
v 76.50000000 87.00000000 89.00000000
v 77.00000000 87.00000000 88.50000000
v 76.50000000 88.00000000 62.00000000
v 77.00000000 88.00000000 61.50000000
v 77.00000000 87.50000000 62.00000000
v 77.00000000 87.50000000 63.00000000
v 77.00000000 87.50000000 67.00000000
v 77.00000000 87.50000000 68.00000000
v 77.00000000 87.50000000 69.00000000
v 77.00000000 87.50000000 70.00000000
v 77.00000000 87.50000000 71.00000000
v 77.00000000 87.50000000 72.00000000
v 77.00000000 87.50000000 73.00000000
v 77.00000000 87.50000000 89.00000000
v 77.00000000 88.00000000 89.50000000
v 77.00000000 89.00000000 61.50000000
v 76.50000000 89.00000000 79.00000000
v 77.00000000 88.50000000 79.00000000
v 77.00000000 89.00000000 78.50000000
v 76.50000000 89.00000000 80.00000000
v 77.00000000 88.50000000 80.00000000
v 77.00000000 89.00000000 80.50000000
v 77.00000000 89.00000000 89.50000000
v 77.00000000 90.00000000 61.50000000
v 76.50000000 90.00000000 77.00000000
v 77.00000000 89.50000000 77.00000000
v 77.00000000 90.00000000 76.50000000
v 76.50000000 90.00000000 78.00000000
v 77.00000000 89.50000000 78.00000000
v 76.50000000 90.00000000 79.00000000
v 76.50000000 90.00000000 80.00000000
v 77.00000000 89.50000000 81.00000000
v 76.50000000 90.00000000 81.00000000
v 76.50000000 90.00000000 82.00000000
v 77.00000000 89.50000000 82.00000000
v 76.50000000 90.00000000 83.00000000
v 77.00000000 89.50000000 83.00000000
v 76.50000000 90.00000000 84.00000000
v 77.00000000 89.50000000 84.00000000
v 76.50000000 90.00000000 85.00000000
v 77.00000000 89.50000000 85.00000000
v 77.00000000 90.00000000 85.50000000
v 76.50000000 90.00000000 89.00000000
v 77.00000000 89.50000000 89.00000000
v 77.00000000 90.00000000 88.50000000
v 77.00000000 90.50000000 62.00000000
v 76.50000000 91.00000000 62.00000000
v 77.00000000 91.00000000 62.50000000
v 76.50000000 91.00000000 72.00000000
v 77.00000000 90.50000000 72.00000000
v 77.00000000 91.00000000 71.50000000
v 76.50000000 91.00000000 73.00000000
v 77.00000000 90.50000000 73.00000000
v 76.50000000 91.00000000 74.00000000
v 77.00000000 90.50000000 74.00000000
v 76.50000000 91.00000000 75.00000000
v 77.00000000 90.50000000 75.00000000
v 76.50000000 91.00000000 76.00000000
v 77.00000000 90.50000000 76.00000000
v 76.50000000 91.00000000 77.00000000
v 76.50000000 91.00000000 86.00000000
v 77.00000000 90.50000000 86.00000000
v 77.00000000 90.50000000 87.00000000
v 77.00000000 90.50000000 88.00000000
v 77.00000000 91.50000000 63.00000000
v 76.50000000 92.00000000 64.00000000
v 77.00000000 91.50000000 64.00000000
v 77.00000000 91.50000000 65.00000000
v 77.00000000 91.50000000 66.00000000
v 77.00000000 91.50000000 67.00000000
v 77.00000000 91.50000000 68.00000000
v 77.00000000 91.50000000 69.00000000
v 77.00000000 91.50000000 70.00000000
v 77.00000000 91.50000000 71.00000000
v 77.50000000 72.00000000 70.00000000
v 77.50000000 72.00000000 71.00000000
v 78.00000000 72.00000000 71.50000000
v 78.00000000 71.50000000 72.00000000
v 78.00000000 71.50000000 73.00000000
v 78.00000000 71.50000000 74.00000000
v 78.00000000 71.50000000 75.00000000
v 77.50000000 72.00000000 76.00000000
v 78.00000000 72.00000000 75.50000000
v 77.50000000 72.00000000 77.00000000
v 77.50000000 73.00000000 68.00000000
v 78.00000000 73.00000000 68.50000000
v 78.00000000 72.50000000 69.00000000
v 78.00000000 72.50000000 70.00000000
v 78.00000000 72.50000000 71.00000000
v 78.00000000 72.50000000 76.00000000
v 78.00000000 72.50000000 77.00000000
v 78.00000000 72.50000000 78.00000000
v 78.00000000 72.50000000 79.00000000
v 78.00000000 72.50000000 80.00000000
v 78.00000000 72.50000000 81.00000000
v 78.00000000 72.50000000 82.00000000
v 77.50000000 73.00000000 83.00000000
v 78.00000000 73.00000000 82.50000000
v 77.50000000 74.00000000 67.00000000
v 78.00000000 74.00000000 66.50000000
v 78.00000000 73.50000000 67.00000000
v 78.00000000 73.50000000 68.00000000
v 78.00000000 73.50000000 83.00000000
v 78.00000000 73.50000000 84.00000000
v 77.50000000 74.00000000 85.00000000
v 78.00000000 74.00000000 84.50000000
v 78.00000000 74.50000000 67.00000000
v 77.50000000 75.00000000 68.00000000
v 78.00000000 75.00000000 67.50000000
v 77.50000000 75.00000000 69.00000000
v 77.50000000 75.00000000 70.00000000
v 77.50000000 75.00000000 71.00000000
v 78.00000000 74.50000000 85.00000000
v 77.50000000 75.00000000 86.00000000
v 78.00000000 75.00000000 85.50000000
v 77.50000000 76.00000000 65.00000000
v 77.50000000 76.00000000 66.00000000
v 78.00000000 75.50000000 68.00000000
v 78.00000000 75.50000000 69.00000000
v 78.00000000 75.50000000 70.00000000
v 78.00000000 75.50000000 71.00000000
v 77.50000000 76.00000000 72.00000000
v 78.00000000 76.00000000 71.50000000
v 77.50000000 76.00000000 73.00000000
v 77.50000000 76.00000000 75.00000000
v 78.00000000 75.50000000 86.00000000
v 77.50000000 76.00000000 87.00000000
v 78.00000000 76.00000000 86.50000000
v 78.00000000 76.50000000 67.00000000
v 77.50000000 77.00000000 67.00000000
v 78.00000000 77.00000000 66.50000000
v 78.00000000 77.00000000 67.50000000
v 78.00000000 76.50000000 72.00000000
v 77.50000000 77.00000000 73.00000000
v 78.00000000 77.00000000 72.50000000
v 77.50000000 77.00000000 74.00000000
v 77.50000000 77.00000000 75.00000000
v 77.50000000 77.00000000 76.00000000
v 77.50000000 77.00000000 87.00000000
v 78.00000000 77.00000000 86.50000000
v 77.50000000 78.00000000 63.00000000
v 78.00000000 78.00000000 62.50000000
v 78.00000000 77.50000000 63.00000000
v 78.00000000 77.50000000 64.00000000
v 77.50000000 78.00000000 64.00000000
v 78.00000000 78.00000000 64.50000000
v 78.00000000 77.50000000 67.00000000
v 78.00000000 77.50000000 73.00000000
v 78.00000000 77.50000000 74.00000000
v 78.00000000 77.50000000 75.00000000
v 77.50000000 78.00000000 76.00000000
v 78.00000000 78.00000000 75.50000000
v 78.00000000 77.50000000 87.00000000
v 77.50000000 78.00000000 88.00000000
v 78.00000000 78.00000000 87.50000000
v 78.00000000 78.50000000 63.00000000
v 78.00000000 78.50000000 64.00000000
v 78.00000000 78.50000000 76.00000000
v 77.50000000 79.00000000 77.00000000
v 78.00000000 79.00000000 76.50000000
v 78.00000000 78.50000000 88.00000000
v 77.50000000 79.00000000 89.00000000
v 78.00000000 79.00000000 88.50000000
v 77.50000000 80.00000000 62.00000000
v 78.00000000 80.00000000 61.50000000
v 78.00000000 79.50000000 62.00000000
v 78.00000000 80.00000000 62.50000000
v 78.00000000 79.50000000 77.00000000
v 78.00000000 80.00000000 77.50000000
v 77.50000000 80.00000000 89.00000000
v 78.00000000 80.00000000 88.50000000
v 77.50000000 80.00000000 90.00000000
v 77.50000000 81.00000000 62.00000000
v 78.00000000 81.00000000 61.50000000
v 78.00000000 81.00000000 62.50000000
v 77.50000000 81.00000000 78.00000000
v 78.00000000 81.00000000 77.50000000
v 77.50000000 81.00000000 89.00000000
v 78.00000000 81.00000000 88.50000000
v 77.50000000 81.00000000 90.00000000
v 78.00000000 81.50000000 62.00000000
v 77.50000000 82.00000000 78.00000000
v 78.00000000 82.00000000 77.50000000
v 77.50000000 82.00000000 87.00000000
v 78.00000000 81.50000000 87.00000000
v 78.00000000 82.00000000 86.50000000
v 77.50000000 82.00000000 88.00000000
v 78.00000000 81.50000000 88.00000000
v 77.50000000 82.00000000 89.00000000
v 77.50000000 82.00000000 90.00000000
v 77.50000000 83.00000000 77.00000000
v 78.00000000 83.00000000 76.50000000
v 78.00000000 82.50000000 77.00000000
v 77.50000000 83.00000000 78.00000000
v 77.50000000 83.00000000 87.00000000
v 78.00000000 83.00000000 86.50000000
v 77.50000000 83.00000000 88.00000000
v 77.50000000 83.00000000 89.00000000
v 77.50000000 84.00000000 77.00000000
v 78.00000000 84.00000000 76.50000000
v 77.50000000 84.00000000 78.00000000
v 77.50000000 84.00000000 79.00000000
v 77.50000000 84.00000000 87.00000000
v 78.00000000 84.00000000 86.50000000
v 77.50000000 84.00000000 88.00000000
v 77.50000000 85.00000000 76.00000000
v 78.00000000 85.00000000 75.50000000
v 78.00000000 84.50000000 76.00000000
v 77.50000000 85.00000000 77.00000000
v 77.50000000 85.00000000 78.00000000
v 77.50000000 85.00000000 79.00000000
v 78.00000000 84.50000000 87.00000000
v 78.00000000 85.00000000 87.50000000
v 77.50000000 85.00000000 88.00000000
v 77.50000000 86.00000000 74.00000000
v 78.00000000 86.00000000 73.50000000
v 78.00000000 85.50000000 74.00000000
v 78.00000000 85.50000000 75.00000000
v 77.50000000 86.00000000 75.00000000
v 77.50000000 86.00000000 76.00000000
v 77.50000000 86.00000000 77.00000000
v 77.50000000 86.00000000 88.00000000
v 78.00000000 86.00000000 87.50000000
v 77.50000000 87.00000000 62.00000000
v 78.00000000 87.00000000 61.50000000
v 78.00000000 86.50000000 62.00000000
v 78.00000000 86.50000000 63.00000000
v 77.50000000 87.00000000 63.00000000
v 78.00000000 86.50000000 64.00000000
v 78.00000000 86.50000000 65.00000000
v 78.00000000 86.50000000 66.00000000
v 78.00000000 86.50000000 67.00000000
v 77.50000000 87.00000000 67.00000000
v 78.00000000 86.50000000 68.00000000
v 77.50000000 87.00000000 68.00000000
v 78.00000000 87.00000000 68.50000000
v 77.50000000 87.00000000 72.00000000
v 78.00000000 87.00000000 71.50000000
v 78.00000000 86.50000000 72.00000000
v 78.00000000 86.50000000 73.00000000
v 77.50000000 87.00000000 73.00000000
v 78.00000000 87.00000000 77.50000000
v 77.50000000 87.00000000 78.00000000
v 78.00000000 86.50000000 78.00000000
v 77.50000000 87.00000000 79.00000000
v 78.00000000 86.50000000 79.00000000
v 78.00000000 87.00000000 79.50000000
v 78.00000000 86.50000000 88.00000000
v 78.00000000 87.00000000 88.50000000
v 77.50000000 88.00000000 61.00000000
v 78.00000000 88.00000000 60.50000000
v 78.00000000 87.50000000 61.00000000
v 78.00000000 87.50000000 69.00000000
v 78.00000000 87.50000000 70.00000000
v 78.00000000 87.50000000 71.00000000
v 77.50000000 88.00000000 77.00000000
v 78.00000000 87.50000000 77.00000000
v 78.00000000 88.00000000 76.50000000
v 77.50000000 88.00000000 78.00000000
v 77.50000000 88.00000000 79.00000000
v 78.00000000 87.50000000 80.00000000
v 77.50000000 88.00000000 80.00000000
v 77.50000000 88.00000000 81.00000000
v 78.00000000 87.50000000 81.00000000
v 78.00000000 88.00000000 81.50000000
v 77.50000000 88.00000000 89.00000000
v 78.00000000 88.00000000 88.50000000
v 77.50000000 89.00000000 61.00000000
v 78.00000000 89.00000000 60.50000000
v 77.50000000 89.00000000 76.00000000
v 78.00000000 88.50000000 76.00000000
v 78.00000000 89.00000000 75.50000000
v 77.50000000 89.00000000 77.00000000
v 77.50000000 89.00000000 78.00000000
v 77.50000000 89.00000000 81.00000000
v 78.00000000 88.50000000 82.00000000
v 77.50000000 89.00000000 82.00000000
v 77.50000000 89.00000000 83.00000000
v 78.00000000 88.50000000 83.00000000
v 77.50000000 89.00000000 84.00000000
v 78.00000000 88.50000000 84.00000000
v 77.50000000 89.00000000 85.00000000
v 78.00000000 88.50000000 85.00000000
v 78.00000000 89.00000000 85.50000000
v 77.50000000 89.00000000 89.00000000
v 78.00000000 89.00000000 88.50000000
v 78.00000000 89.50000000 61.00000000
v 78.00000000 90.00000000 61.50000000
v 77.50000000 90.00000000 74.00000000
v 78.00000000 89.50000000 74.00000000
v 78.00000000 90.00000000 73.50000000
v 77.50000000 90.00000000 75.00000000
v 78.00000000 89.50000000 75.00000000
v 77.50000000 90.00000000 76.00000000
v 77.50000000 90.00000000 86.00000000
v 78.00000000 89.50000000 86.00000000
v 77.50000000 90.00000000 87.00000000
v 78.00000000 89.50000000 87.00000000
v 77.50000000 90.00000000 88.00000000
v 78.00000000 89.50000000 88.00000000
v 78.00000000 90.50000000 62.00000000
v 77.50000000 91.00000000 63.00000000
v 78.00000000 90.50000000 63.00000000
v 78.00000000 91.00000000 63.50000000
v 77.50000000 91.00000000 69.00000000
v 78.00000000 90.50000000 69.00000000
v 78.00000000 91.00000000 68.50000000
v 77.50000000 91.00000000 70.00000000
v 78.00000000 90.50000000 70.00000000
v 77.50000000 91.00000000 71.00000000
v 78.00000000 90.50000000 71.00000000
v 78.00000000 90.50000000 72.00000000
v 78.00000000 90.50000000 73.00000000
v 78.00000000 91.50000000 64.00000000
v 78.00000000 91.50000000 65.00000000
v 78.00000000 91.50000000 66.00000000
v 78.00000000 91.50000000 67.00000000
v 78.00000000 91.50000000 68.00000000
v 78.50000000 72.00000000 72.00000000
v 78.50000000 72.00000000 73.00000000
v 78.50000000 72.00000000 74.00000000
v 78.50000000 72.00000000 75.00000000
v 78.50000000 73.00000000 69.00000000
v 78.50000000 73.00000000 70.00000000
v 78.50000000 73.00000000 71.00000000
v 78.50000000 73.00000000 72.00000000
v 78.50000000 73.00000000 73.00000000
v 78.50000000 73.00000000 74.00000000
v 78.50000000 73.00000000 75.00000000
v 78.50000000 73.00000000 76.00000000
v 78.50000000 73.00000000 77.00000000
v 78.50000000 73.00000000 78.00000000
v 78.50000000 73.00000000 79.00000000
v 78.50000000 73.00000000 80.00000000
v 78.50000000 73.00000000 81.00000000
v 78.50000000 73.00000000 82.00000000
v 78.50000000 74.00000000 67.00000000
v 78.50000000 74.00000000 68.00000000
v 79.00000000 74.00000000 68.50000000
v 79.00000000 73.50000000 69.00000000
v 79.00000000 73.50000000 70.00000000
v 79.00000000 73.50000000 71.00000000
v 79.00000000 73.50000000 72.00000000
v 79.00000000 73.50000000 73.00000000
v 79.00000000 73.50000000 74.00000000
v 79.00000000 74.00000000 74.50000000
v 78.50000000 74.00000000 75.00000000
v 78.50000000 74.00000000 76.00000000
v 78.50000000 74.00000000 77.00000000
v 79.00000000 74.00000000 77.50000000
v 79.00000000 73.50000000 78.00000000
v 79.00000000 73.50000000 79.00000000
v 79.00000000 73.50000000 80.00000000
v 79.00000000 73.50000000 81.00000000
v 79.00000000 73.50000000 82.00000000
v 79.00000000 73.50000000 83.00000000
v 78.50000000 74.00000000 84.00000000
v 79.00000000 74.00000000 83.50000000
v 79.00000000 75.00000000 66.50000000
v 78.50000000 75.00000000 67.00000000
v 79.00000000 74.50000000 67.00000000
v 79.00000000 74.50000000 68.00000000
v 78.50000000 74.50000000 67.50000000
v 79.00000000 74.50000000 75.00000000
v 79.00000000 74.50000000 76.00000000
v 79.00000000 74.50000000 77.00000000
v 79.00000000 74.50000000 84.00000000
v 78.50000000 75.00000000 85.00000000
v 79.00000000 75.00000000 84.50000000
v 78.50000000 76.00000000 66.00000000
v 79.00000000 76.00000000 65.50000000
v 79.00000000 75.50000000 66.00000000
v 78.50000000 76.00000000 67.00000000
v 78.50000000 76.00000000 68.00000000
v 79.00000000 76.00000000 68.50000000
v 79.00000000 75.50000000 69.00000000
v 79.00000000 75.50000000 70.00000000
v 79.00000000 75.50000000 71.00000000
v 79.00000000 76.00000000 71.50000000
v 79.00000000 75.50000000 85.00000000
v 78.50000000 76.00000000 86.00000000
v 79.00000000 76.00000000 85.50000000
v 79.00000000 76.50000000 66.00000000
v 78.50000000 77.00000000 67.00000000
v 79.00000000 76.50000000 67.00000000
v 79.00000000 76.50000000 68.00000000
v 78.50000000 77.00000000 72.00000000
v 79.00000000 77.00000000 71.50000000
v 78.50000000 77.00000000 86.00000000
v 79.00000000 77.00000000 85.50000000
v 78.50000000 78.00000000 63.00000000
v 78.50000000 78.00000000 64.00000000
v 79.00000000 77.50000000 72.00000000
v 79.00000000 77.50000000 73.00000000
v 78.50000000 78.00000000 74.00000000
v 79.00000000 78.00000000 73.50000000
v 78.50000000 78.00000000 75.00000000
v 78.50000000 78.00000000 86.00000000
v 79.00000000 78.00000000 85.50000000
v 78.50000000 78.00000000 87.00000000
v 79.00000000 79.00000000 62.50000000
v 78.50000000 79.00000000 63.00000000
v 79.00000000 78.50000000 63.00000000
v 79.00000000 78.50000000 64.00000000
v 78.50000000 79.00000000 64.00000000
v 79.00000000 78.50000000 65.00000000
v 78.50000000 79.00000000 65.00000000
v 79.00000000 78.50000000 66.00000000
v 78.50000000 79.00000000 66.00000000
v 79.00000000 79.00000000 66.50000000
v 79.00000000 78.50000000 74.00000000
v 78.50000000 79.00000000 75.00000000
v 79.00000000 79.00000000 74.50000000
v 78.50000000 79.00000000 76.00000000
v 78.50000000 79.00000000 85.00000000
v 79.00000000 78.50000000 85.00000000
v 79.00000000 79.00000000 84.50000000
v 78.50000000 79.00000000 86.00000000
v 78.50000000 79.00000000 87.00000000
v 78.50000000 79.00000000 88.00000000
v 79.00000000 80.00000000 61.50000000
v 79.00000000 79.50000000 62.00000000
v 78.50000000 80.00000000 63.00000000
v 78.50000000 80.00000000 64.00000000
v 78.50000000 80.00000000 65.00000000
v 79.00000000 80.00000000 65.50000000
v 79.00000000 79.50000000 66.00000000
v 79.00000000 79.50000000 75.00000000
v 78.50000000 80.00000000 76.00000000
v 79.00000000 80.00000000 75.50000000
v 78.50000000 80.00000000 77.00000000
v 78.50000000 80.00000000 83.00000000
v 79.00000000 79.50000000 83.00000000
v 79.00000000 80.00000000 82.50000000
v 78.50000000 80.00000000 84.00000000
v 79.00000000 79.50000000 84.00000000
v 78.50000000 80.00000000 85.00000000
v 78.50000000 80.00000000 86.00000000
v 78.50000000 80.00000000 87.00000000
v 78.50000000 80.00000000 88.00000000
v 79.00000000 81.00000000 61.50000000
v 78.50000000 81.00000000 63.00000000
v 78.50000000 81.00000000 64.00000000
v 79.00000000 81.00000000 64.50000000
v 79.00000000 80.50000000 65.00000000
v 78.50000000 81.00000000 76.00000000
v 79.00000000 81.00000000 75.50000000
v 78.50000000 81.00000000 77.00000000
v 78.50000000 81.00000000 82.00000000
v 79.00000000 80.50000000 82.00000000
v 79.00000000 81.00000000 81.50000000
v 78.50000000 81.00000000 83.00000000
v 78.50000000 81.00000000 84.00000000
v 78.50000000 81.00000000 85.00000000
v 78.50000000 81.00000000 86.00000000
v 78.50000000 81.00000000 87.00000000
v 78.50000000 81.00000000 88.00000000
v 78.50000000 82.00000000 62.00000000
v 79.00000000 82.00000000 61.50000000
v 78.50000000 82.00000000 63.00000000
v 78.50000000 82.00000000 64.00000000
v 79.00000000 82.00000000 64.50000000
v 78.50000000 82.00000000 76.00000000
v 79.00000000 82.00000000 75.50000000
v 78.50000000 82.00000000 77.00000000
v 78.50000000 82.00000000 82.00000000
v 79.00000000 82.00000000 81.50000000
v 78.50000000 82.00000000 83.00000000
v 78.50000000 82.00000000 84.00000000
v 78.50000000 82.00000000 85.00000000
v 78.50000000 82.00000000 86.00000000
v 79.00000000 82.50000000 62.00000000
v 78.50000000 83.00000000 63.00000000
v 79.00000000 83.00000000 62.50000000
v 79.00000000 83.00000000 63.50000000
v 79.00000000 82.50000000 64.00000000
v 78.50000000 83.00000000 76.00000000
v 79.00000000 83.00000000 75.50000000
v 79.00000000 82.50000000 82.00000000
v 79.00000000 82.50000000 83.00000000
v 79.00000000 83.00000000 83.50000000
v 78.50000000 83.00000000 84.00000000
v 78.50000000 83.00000000 85.00000000
v 78.50000000 83.00000000 86.00000000
v 78.50000000 84.00000000 63.00000000
v 79.00000000 84.00000000 62.50000000
v 79.00000000 83.50000000 64.00000000
v 78.50000000 84.00000000 64.00000000
v 79.00000000 84.00000000 64.50000000
v 78.50000000 84.00000000 75.00000000
v 79.00000000 84.00000000 74.50000000
v 79.00000000 83.50000000 75.00000000
v 78.50000000 84.00000000 76.00000000
v 79.00000000 83.50000000 84.00000000
v 79.00000000 84.00000000 84.50000000
v 78.50000000 84.00000000 85.00000000
v 78.50000000 84.00000000 86.00000000
v 79.00000000 84.50000000 63.00000000
v 78.50000000 85.00000000 64.00000000
v 79.00000000 85.00000000 63.50000000
v 79.00000000 84.50000000 65.00000000
v 78.50000000 85.00000000 65.00000000
v 79.00000000 84.50000000 66.00000000
v 78.50000000 85.00000000 66.00000000
v 79.00000000 85.00000000 66.50000000
v 78.50000000 85.00000000 74.00000000
v 79.00000000 85.00000000 73.50000000
v 79.00000000 84.50000000 74.00000000
v 78.50000000 85.00000000 75.00000000
v 79.00000000 84.50000000 85.00000000
v 79.00000000 85.00000000 85.50000000
v 78.50000000 85.00000000 86.00000000
v 78.50000000 85.00000000 87.00000000
v 78.50000000 86.00000000 61.00000000
v 79.00000000 86.00000000 60.50000000
v 79.00000000 85.50000000 61.00000000
v 79.00000000 85.50000000 62.00000000
v 78.50000000 86.00000000 62.00000000
v 79.00000000 86.00000000 62.50000000
v 79.00000000 85.50000000 64.00000000
v 79.00000000 85.50000000 65.00000000
v 78.50000000 86.00000000 66.00000000
v 79.00000000 86.00000000 65.50000000
v 79.00000000 86.00000000 66.50000000
v 78.50000000 86.00000000 68.00000000
v 79.00000000 86.00000000 67.50000000
v 79.00000000 85.50000000 68.00000000
v 79.00000000 85.50000000 69.00000000
v 78.50000000 86.00000000 69.00000000
v 79.00000000 85.50000000 70.00000000
v 78.50000000 86.00000000 70.00000000
v 79.00000000 86.00000000 70.50000000
v 78.50000000 86.00000000 72.00000000
v 79.00000000 86.00000000 71.50000000
v 79.00000000 85.50000000 72.00000000
v 79.00000000 85.50000000 73.00000000
v 78.50000000 86.00000000 73.00000000
v 78.50000000 86.00000000 77.00000000
v 79.00000000 85.50000000 77.00000000
v 79.00000000 86.00000000 76.50000000
v 78.50000000 86.00000000 78.00000000
v 79.00000000 85.50000000 78.00000000
v 78.50000000 86.00000000 79.00000000
v 79.00000000 85.50000000 79.00000000
v 78.50000000 86.00000000 80.00000000
v 79.00000000 85.50000000 80.00000000
v 79.00000000 86.00000000 80.50000000
v 79.00000000 85.50000000 86.00000000
v 79.00000000 86.00000000 86.50000000
v 78.50000000 86.00000000 87.00000000
v 78.50000000 87.00000000 60.00000000
v 79.00000000 87.00000000 59.50000000
v 79.00000000 86.50000000 60.00000000
v 78.50000000 87.00000000 61.00000000
v 79.00000000 86.50000000 63.00000000
v 79.00000000 86.50000000 64.00000000
v 79.00000000 86.50000000 65.00000000
v 79.00000000 86.50000000 67.00000000
v 78.50000000 87.00000000 69.00000000
v 78.50000000 87.00000000 70.00000000
v 79.00000000 86.50000000 71.00000000
v 78.50000000 87.00000000 71.00000000
v 78.50000000 87.00000000 75.00000000
v 79.00000000 86.50000000 75.00000000
v 79.00000000 87.00000000 74.50000000
v 78.50000000 87.00000000 76.00000000
v 79.00000000 86.50000000 76.00000000
v 78.50000000 87.00000000 77.00000000
v 78.50000000 87.00000000 80.00000000
v 79.00000000 86.50000000 81.00000000
v 78.50000000 87.00000000 81.00000000
v 79.00000000 87.00000000 81.50000000
v 78.50000000 87.00000000 87.00000000
v 79.00000000 87.00000000 86.50000000
v 78.50000000 87.00000000 88.00000000
v 79.00000000 87.50000000 60.00000000
v 79.00000000 88.00000000 60.50000000
v 78.50000000 88.00000000 74.00000000
v 79.00000000 87.50000000 74.00000000
v 79.00000000 88.00000000 73.50000000
v 78.50000000 88.00000000 75.00000000
v 78.50000000 88.00000000 76.00000000
v 78.50000000 88.00000000 82.00000000
v 79.00000000 87.50000000 82.00000000
v 78.50000000 88.00000000 83.00000000
v 79.00000000 87.50000000 83.00000000
v 78.50000000 88.00000000 84.00000000
v 79.00000000 87.50000000 84.00000000
v 79.00000000 88.00000000 84.50000000
v 78.50000000 88.00000000 87.00000000
v 79.00000000 88.00000000 86.50000000
v 78.50000000 88.00000000 88.00000000
v 79.00000000 88.50000000 61.00000000
v 78.50000000 89.00000000 61.00000000
v 79.00000000 89.00000000 61.50000000
v 78.50000000 89.00000000 73.00000000
v 79.00000000 88.50000000 73.00000000
v 79.00000000 89.00000000 72.50000000
v 78.50000000 89.00000000 74.00000000
v 78.50000000 89.00000000 75.00000000
v 79.00000000 88.50000000 85.00000000
v 78.50000000 89.00000000 86.00000000
v 79.00000000 88.50000000 86.00000000
v 78.50000000 89.00000000 87.00000000
v 78.50000000 89.00000000 88.00000000
v 78.50000000 90.00000000 62.00000000
v 79.00000000 89.50000000 62.00000000
v 79.00000000 90.00000000 62.50000000
v 78.50000000 90.00000000 70.00000000
v 79.00000000 89.50000000 70.00000000
v 79.00000000 90.00000000 69.50000000
v 78.50000000 90.00000000 71.00000000
v 79.00000000 89.50000000 71.00000000
v 78.50000000 90.00000000 72.00000000
v 79.00000000 89.50000000 72.00000000
v 78.50000000 90.00000000 73.00000000
v 79.00000000 90.50000000 63.00000000
v 78.50000000 91.00000000 64.00000000
v 79.00000000 90.50000000 64.00000000
v 78.50000000 91.00000000 65.00000000
v 79.00000000 90.50000000 65.00000000
v 78.50000000 91.00000000 66.00000000
v 79.00000000 90.50000000 66.00000000
v 78.50000000 91.00000000 67.00000000
v 79.00000000 90.50000000 67.00000000
v 78.50000000 91.00000000 68.00000000
v 79.00000000 90.50000000 68.00000000
v 79.00000000 90.50000000 69.00000000
v 79.50000000 74.00000000 69.00000000
v 79.50000000 74.00000000 70.00000000
v 79.50000000 74.00000000 71.00000000
v 79.50000000 74.00000000 72.00000000
v 79.50000000 74.00000000 73.00000000
v 79.50000000 74.00000000 74.00000000
v 79.50000000 74.00000000 78.00000000
v 80.00000000 74.00000000 78.50000000
v 80.00000000 73.50000000 79.00000000
v 80.00000000 73.50000000 80.00000000
v 79.50000000 74.00000000 81.00000000
v 80.00000000 74.00000000 80.50000000
v 79.50000000 74.00000000 82.00000000
v 79.50000000 74.00000000 83.00000000
v 79.50000000 75.00000000 67.00000000
v 79.50000000 75.00000000 68.00000000
v 79.50000000 75.00000000 69.00000000
v 79.50000000 75.00000000 70.00000000
v 80.00000000 75.00000000 70.50000000
v 80.00000000 74.50000000 71.00000000
v 80.00000000 75.00000000 71.50000000
v 79.50000000 75.00000000 72.00000000
v 79.50000000 75.00000000 73.00000000
v 79.50000000 75.00000000 74.00000000
v 80.00000000 74.50000000 75.00000000
v 80.00000000 75.00000000 74.50000000
v 80.00000000 74.50000000 76.00000000
v 80.00000000 74.50000000 77.00000000
v 80.00000000 74.50000000 78.00000000
v 80.00000000 74.50000000 81.00000000
v 80.00000000 74.50000000 82.00000000
v 80.00000000 75.00000000 82.50000000
v 79.50000000 75.00000000 83.00000000
v 79.50000000 75.00000000 84.00000000
v 79.50000000 76.00000000 66.00000000
v 79.50000000 76.00000000 67.00000000
v 79.50000000 76.00000000 68.00000000
v 79.50000000 76.00000000 69.00000000
v 80.00000000 76.00000000 68.50000000
v 80.00000000 75.50000000 69.00000000
v 80.00000000 75.50000000 70.00000000
v 79.50000000 76.00000000 70.00000000
v 79.50000000 75.50000000 70.50000000
v 79.50000000 76.00000000 71.00000000
v 80.00000000 75.50000000 72.00000000
v 80.00000000 75.50000000 73.00000000
v 80.00000000 75.50000000 74.00000000
v 80.00000000 75.50000000 83.00000000
v 80.00000000 76.00000000 83.50000000
v 79.50000000 76.00000000 84.00000000
v 79.50000000 76.00000000 85.00000000
v 79.50000000 77.00000000 68.00000000
v 80.00000000 77.00000000 67.50000000
v 80.00000000 76.50000000 68.00000000
v 79.50000000 77.00000000 69.00000000
v 79.50000000 77.00000000 70.00000000
v 79.50000000 77.00000000 71.00000000
v 79.50000000 77.00000000 84.00000000
v 80.00000000 77.00000000 83.50000000
v 79.50000000 77.00000000 85.00000000
v 79.50000000 78.00000000 65.00000000
v 80.00000000 78.00000000 64.50000000
v 80.00000000 77.50000000 65.00000000
v 80.00000000 77.50000000 66.00000000
v 79.50000000 78.00000000 66.00000000
v 80.00000000 77.50000000 67.00000000
v 79.50000000 78.00000000 67.00000000
v 79.50000000 78.00000000 68.00000000
v 79.50000000 78.00000000 69.00000000
v 80.00000000 78.00000000 69.50000000
v 80.00000000 77.50000000 70.00000000
v 79.50000000 78.00000000 71.00000000
v 80.00000000 78.00000000 70.50000000
v 79.50000000 78.00000000 72.00000000
v 79.50000000 78.00000000 73.00000000
v 79.50000000 78.00000000 83.00000000
v 80.00000000 77.50000000 83.00000000
v 80.00000000 78.00000000 82.50000000
v 79.50000000 78.00000000 84.00000000
v 79.50000000 78.00000000 85.00000000
v 80.00000000 79.00000000 62.50000000
v 80.00000000 78.50000000 63.00000000
v 80.00000000 78.50000000 64.00000000
v 79.50000000 79.00000000 67.00000000
v 79.50000000 79.00000000 68.00000000
v 80.00000000 79.00000000 68.50000000
v 80.00000000 78.50000000 69.00000000
v 80.00000000 79.00000000 69.50000000
v 79.50000000 79.00000000 70.00000000
v 80.00000000 78.50000000 70.00000000
v 79.50000000 79.00000000 71.00000000
v 79.50000000 79.00000000 72.00000000
v 79.50000000 79.00000000 73.00000000
v 79.50000000 79.00000000 74.00000000
v 79.50000000 79.00000000 81.00000000
v 80.00000000 78.50000000 81.00000000
v 80.00000000 79.00000000 80.50000000
v 79.50000000 79.00000000 82.00000000
v 80.00000000 78.50000000 82.00000000
v 79.50000000 79.00000000 83.00000000
v 79.50000000 79.00000000 84.00000000
v 80.00000000 80.00000000 61.50000000
v 80.00000000 79.50000000 62.00000000
v 79.50000000 80.00000000 66.00000000
v 79.50000000 80.00000000 67.00000000
v 80.00000000 80.00000000 67.50000000
v 80.00000000 79.50000000 68.00000000
v 80.00000000 80.00000000 68.50000000
v 79.50000000 80.00000000 69.00000000
v 80.00000000 79.50000000 69.00000000
v 80.00000000 79.50000000 70.00000000
v 80.00000000 80.00000000 69.50000000
v 80.00000000 79.50000000 71.00000000
v 80.00000000 79.50000000 72.00000000
v 80.00000000 79.50000000 73.00000000
v 79.50000000 80.00000000 74.00000000
v 80.00000000 80.00000000 73.50000000
v 79.50000000 80.00000000 75.00000000
v 79.50000000 80.00000000 81.00000000
v 80.00000000 80.00000000 80.50000000
v 79.50000000 80.00000000 82.00000000
v 79.50000000 81.00000000 60.00000000
v 80.00000000 81.00000000 59.50000000
v 80.00000000 80.50000000 60.00000000
v 80.00000000 80.50000000 61.00000000
v 79.50000000 81.00000000 61.00000000
v 79.50000000 81.00000000 65.00000000
v 79.50000000 81.00000000 66.00000000
v 79.50000000 81.00000000 67.00000000
v 80.00000000 81.00000000 67.50000000
v 80.00000000 80.50000000 69.00000000
v 79.50000000 81.00000000 74.00000000
v 80.00000000 81.00000000 73.50000000
v 79.50000000 81.00000000 75.00000000
v 79.50000000 81.00000000 80.00000000
v 80.00000000 80.50000000 80.00000000
v 80.00000000 81.00000000 79.50000000
v 79.50000000 81.00000000 81.00000000
v 79.50000000 82.00000000 60.00000000
v 80.00000000 82.00000000 59.50000000
v 79.50000000 82.00000000 61.00000000
v 79.50000000 82.00000000 65.00000000
v 79.50000000 82.00000000 66.00000000
v 79.50000000 82.00000000 67.00000000
v 80.00000000 82.00000000 67.50000000
v 79.50000000 82.00000000 74.00000000
v 80.00000000 82.00000000 73.50000000
v 79.50000000 82.00000000 75.00000000
v 79.50000000 82.00000000 80.00000000
v 80.00000000 82.00000000 79.50000000
v 79.50000000 82.00000000 81.00000000
v 79.50000000 83.00000000 60.00000000
v 80.00000000 83.00000000 59.50000000
v 79.50000000 83.00000000 61.00000000
v 79.50000000 83.00000000 62.00000000
v 79.50000000 83.00000000 64.00000000
v 79.50000000 83.00000000 65.00000000
v 79.50000000 83.00000000 66.00000000
v 79.50000000 83.00000000 67.00000000
v 80.00000000 83.00000000 67.50000000
v 79.50000000 83.00000000 74.00000000
v 80.00000000 83.00000000 73.50000000
v 79.50000000 83.00000000 75.00000000
v 79.50000000 83.00000000 80.00000000
v 80.00000000 83.00000000 79.50000000
v 79.50000000 83.00000000 81.00000000
v 79.50000000 83.00000000 82.00000000
v 79.50000000 83.00000000 83.00000000
v 79.50000000 84.00000000 60.00000000
v 80.00000000 84.00000000 59.50000000
v 80.00000000 84.00000000 60.50000000
v 80.00000000 83.50000000 61.00000000
v 80.00000000 83.50000000 62.00000000
v 80.00000000 84.00000000 62.50000000
v 79.50000000 84.00000000 65.00000000
v 79.50000000 84.00000000 66.00000000
v 79.50000000 84.00000000 67.00000000
v 80.00000000 83.50000000 68.00000000
v 79.50000000 84.00000000 68.00000000
v 80.00000000 83.50000000 69.00000000
v 79.50000000 84.00000000 69.00000000
v 80.00000000 84.00000000 69.50000000
v 79.50000000 84.00000000 73.00000000
v 80.00000000 84.00000000 72.50000000
v 80.00000000 83.50000000 73.00000000
v 79.50000000 84.00000000 74.00000000
v 79.50000000 84.00000000 78.00000000
v 80.00000000 83.50000000 78.00000000
v 80.00000000 84.00000000 77.50000000
v 79.50000000 84.00000000 79.00000000
v 80.00000000 83.50000000 79.00000000
v 79.50000000 84.00000000 80.00000000
v 79.50000000 84.00000000 81.00000000
v 79.50000000 84.00000000 82.00000000
v 79.50000000 84.00000000 83.00000000
v 79.50000000 84.00000000 84.00000000
v 79.50000000 85.00000000 60.00000000
v 80.00000000 85.00000000 59.50000000
v 80.00000000 84.50000000 61.00000000
v 79.50000000 85.00000000 61.00000000
v 80.00000000 85.00000000 61.50000000
v 80.00000000 84.50000000 63.00000000
v 79.50000000 85.00000000 64.00000000
v 80.00000000 84.50000000 64.00000000
v 80.00000000 85.00000000 64.50000000
v 79.50000000 85.00000000 67.00000000
v 79.50000000 85.00000000 68.00000000
v 79.50000000 85.00000000 69.00000000
v 80.00000000 84.50000000 70.00000000
v 79.50000000 85.00000000 70.00000000
v 80.00000000 84.50000000 71.00000000
v 79.50000000 85.00000000 71.00000000
v 80.00000000 84.50000000 72.00000000
v 79.50000000 85.00000000 72.00000000
v 79.50000000 85.00000000 73.00000000
v 79.50000000 85.00000000 77.00000000
v 80.00000000 84.50000000 77.00000000
v 80.00000000 85.00000000 76.50000000
v 79.50000000 85.00000000 78.00000000
v 79.50000000 85.00000000 79.00000000
v 79.50000000 85.00000000 80.00000000
v 79.50000000 85.00000000 81.00000000
v 79.50000000 85.00000000 82.00000000
v 79.50000000 85.00000000 83.00000000
v 79.50000000 85.00000000 84.00000000
v 79.50000000 85.00000000 85.00000000
v 79.50000000 86.00000000 60.00000000
v 80.00000000 86.00000000 59.50000000
v 80.00000000 86.00000000 61.50000000
v 79.50000000 86.00000000 62.00000000
v 80.00000000 85.50000000 65.00000000
v 80.00000000 86.00000000 65.50000000
v 79.50000000 86.00000000 67.00000000
v 79.50000000 86.00000000 71.00000000
v 80.00000000 86.00000000 73.50000000
v 79.50000000 86.00000000 74.00000000
v 80.00000000 85.50000000 74.00000000
v 79.50000000 86.00000000 75.00000000
v 80.00000000 85.50000000 75.00000000
v 79.50000000 86.00000000 76.00000000
v 80.00000000 85.50000000 76.00000000
v 79.50000000 86.00000000 81.00000000
v 79.50000000 86.00000000 82.00000000
v 79.50000000 86.00000000 83.00000000
v 79.50000000 86.00000000 84.00000000
v 79.50000000 86.00000000 85.00000000
v 79.50000000 86.00000000 86.00000000
v 79.50000000 87.00000000 60.00000000
v 80.00000000 86.50000000 60.00000000
v 79.50000000 86.50000000 60.50000000
v 80.00000000 86.50000000 61.00000000
v 79.50000000 87.00000000 61.00000000
v 79.50000000 87.00000000 62.00000000
v 79.50000000 87.00000000 63.00000000
v 80.00000000 87.00000000 63.50000000
v 80.00000000 86.50000000 64.00000000
v 80.00000000 86.50000000 65.00000000
v 79.50000000 87.00000000 73.00000000
v 80.00000000 86.50000000 73.00000000
v 80.00000000 87.00000000 72.50000000
v 79.50000000 87.00000000 74.00000000
v 79.50000000 87.00000000 82.00000000
v 79.50000000 87.00000000 83.00000000
v 79.50000000 87.00000000 84.00000000
v 79.50000000 87.00000000 85.00000000
v 79.50000000 87.00000000 86.00000000
v 79.50000000 88.00000000 61.00000000
v 79.50000000 88.00000000 62.00000000
v 80.00000000 88.00000000 62.50000000
v 80.00000000 87.50000000 63.00000000
v 79.50000000 88.00000000 72.00000000
v 80.00000000 87.50000000 72.00000000
v 80.00000000 88.00000000 71.50000000
v 79.50000000 88.00000000 73.00000000
v 79.50000000 88.00000000 85.00000000
v 79.50000000 88.00000000 86.00000000
v 79.50000000 89.00000000 62.00000000
v 80.00000000 88.50000000 63.00000000
v 79.50000000 89.00000000 63.00000000
v 79.50000000 89.00000000 64.00000000
v 80.00000000 88.50000000 64.00000000
v 80.00000000 89.00000000 64.50000000
v 79.50000000 89.00000000 66.00000000
v 80.00000000 88.50000000 66.00000000
v 80.00000000 89.00000000 65.50000000
v 79.50000000 89.00000000 67.00000000
v 80.00000000 88.50000000 67.00000000
v 79.50000000 89.00000000 68.00000000
v 80.00000000 88.50000000 68.00000000
v 79.50000000 89.00000000 69.00000000
v 80.00000000 88.50000000 69.00000000
v 79.50000000 89.00000000 70.00000000
v 80.00000000 88.50000000 70.00000000
v 79.50000000 89.00000000 71.00000000
v 80.00000000 88.50000000 71.00000000
v 79.50000000 89.00000000 72.00000000
v 79.50000000 90.00000000 63.00000000
v 79.50000000 90.00000000 64.00000000
v 80.00000000 89.50000000 65.00000000
v 79.50000000 90.00000000 65.00000000
v 79.50000000 90.00000000 66.00000000
v 79.50000000 90.00000000 67.00000000
v 79.50000000 90.00000000 68.00000000
v 79.50000000 90.00000000 69.00000000
v 80.50000000 74.00000000 79.00000000
v 80.50000000 74.00000000 80.00000000
v 80.50000000 75.00000000 71.00000000
v 80.50000000 75.00000000 75.00000000
v 81.00000000 75.00000000 75.50000000
v 81.00000000 74.50000000 76.00000000
v 81.00000000 74.50000000 77.00000000
v 81.00000000 74.50000000 78.00000000
v 81.00000000 74.50000000 79.00000000
v 81.00000000 74.50000000 80.00000000
v 80.50000000 75.00000000 81.00000000
v 81.00000000 75.00000000 80.50000000
v 80.50000000 75.00000000 82.00000000
v 80.50000000 76.00000000 69.00000000
v 80.50000000 76.00000000 70.00000000
v 80.50000000 76.00000000 71.00000000
v 80.50000000 76.00000000 72.00000000
v 81.00000000 76.00000000 72.50000000
v 81.00000000 75.50000000 73.00000000
v 81.00000000 75.50000000 74.00000000
v 81.00000000 75.50000000 75.00000000
v 81.00000000 75.50000000 81.00000000
v 81.00000000 76.00000000 81.50000000
v 80.50000000 76.00000000 82.00000000
v 80.50000000 76.00000000 83.00000000
v 80.50000000 77.00000000 68.00000000
v 80.50000000 77.00000000 69.00000000
v 81.00000000 77.00000000 69.50000000
v 81.00000000 76.50000000 70.00000000
v 81.00000000 76.50000000 71.00000000
v 81.00000000 76.50000000 72.00000000
v 80.50000000 77.00000000 81.00000000
v 81.00000000 76.50000000 81.00000000
v 81.00000000 77.00000000 80.50000000
v 80.50000000 77.00000000 82.00000000
v 80.50000000 77.00000000 83.00000000
v 80.50000000 78.00000000 65.00000000
v 80.50000000 78.00000000 66.00000000
v 80.50000000 78.00000000 67.00000000
v 81.00000000 78.00000000 67.50000000
v 81.00000000 77.50000000 68.00000000
v 81.00000000 77.50000000 69.00000000
v 80.50000000 78.00000000 70.00000000
v 80.50000000 78.00000000 80.00000000
v 81.00000000 77.50000000 80.00000000
v 81.00000000 78.00000000 79.50000000
v 80.50000000 78.00000000 81.00000000
v 80.50000000 78.00000000 82.00000000
v 81.00000000 79.00000000 62.50000000
v 81.00000000 78.50000000 63.00000000
v 81.00000000 78.50000000 64.00000000
v 81.00000000 78.50000000 65.00000000
v 81.00000000 78.50000000 66.00000000
v 81.00000000 78.50000000 67.00000000
v 80.50000000 79.00000000 69.00000000
v 80.50000000 79.00000000 79.00000000
v 81.00000000 78.50000000 79.00000000
v 81.00000000 79.00000000 78.50000000
v 80.50000000 79.00000000 80.00000000
v 81.00000000 80.00000000 61.50000000
v 81.00000000 79.50000000 62.00000000
v 80.50000000 80.00000000 68.00000000
v 80.50000000 80.00000000 70.00000000
v 80.50000000 80.00000000 71.00000000
v 80.50000000 80.00000000 72.00000000
v 80.50000000 80.00000000 73.00000000
v 80.50000000 80.00000000 79.00000000
v 81.00000000 80.00000000 78.50000000
v 80.50000000 80.00000000 80.00000000
v 80.50000000 81.00000000 60.00000000
v 80.50000000 81.00000000 61.00000000
v 81.00000000 81.00000000 61.50000000
v 80.50000000 81.00000000 68.00000000
v 80.50000000 81.00000000 69.00000000
v 80.50000000 81.00000000 70.00000000
v 80.50000000 81.00000000 71.00000000
v 80.50000000 81.00000000 72.00000000
v 80.50000000 81.00000000 73.00000000
v 80.50000000 81.00000000 79.00000000
v 81.00000000 81.00000000 78.50000000
v 80.50000000 82.00000000 60.00000000
v 80.50000000 82.00000000 61.00000000
v 81.00000000 82.00000000 61.50000000
v 81.00000000 81.50000000 68.00000000
v 81.00000000 82.00000000 67.50000000
v 81.00000000 81.50000000 69.00000000
v 80.50000000 82.00000000 70.00000000
v 81.00000000 82.00000000 69.50000000
v 80.50000000 82.00000000 71.00000000
v 80.50000000 82.00000000 72.00000000
v 80.50000000 82.00000000 73.00000000
v 80.50000000 82.00000000 78.00000000
v 81.00000000 81.50000000 78.00000000
v 81.00000000 82.00000000 77.50000000
v 80.50000000 82.00000000 79.00000000
v 80.50000000 83.00000000 60.00000000
v 80.50000000 83.00000000 61.00000000
v 81.00000000 82.50000000 62.00000000
v 80.50000000 83.00000000 62.00000000
v 81.00000000 83.00000000 62.50000000
v 81.00000000 82.50000000 68.00000000
v 80.50000000 83.00000000 68.00000000
v 81.00000000 82.50000000 69.00000000
v 80.50000000 83.00000000 69.00000000
v 80.50000000 83.00000000 70.00000000
v 80.50000000 83.00000000 71.00000000
v 80.50000000 83.00000000 72.00000000
v 80.50000000 83.00000000 73.00000000
v 80.50000000 83.00000000 77.00000000
v 81.00000000 82.50000000 77.00000000
v 81.00000000 83.00000000 76.50000000
v 80.50000000 83.00000000 78.00000000
v 80.50000000 83.00000000 79.00000000
v 80.50000000 84.00000000 58.00000000
v 81.00000000 84.00000000 57.50000000
v 81.00000000 83.50000000 58.00000000
v 81.00000000 83.50000000 59.00000000
v 80.50000000 84.00000000 59.00000000
v 81.00000000 83.50000000 60.00000000
v 81.00000000 84.00000000 60.50000000
v 80.50000000 84.00000000 63.00000000
v 81.00000000 83.50000000 63.00000000
v 81.00000000 84.00000000 63.50000000
v 80.50000000 84.00000000 70.00000000
v 80.50000000 84.00000000 71.00000000
v 80.50000000 84.00000000 72.00000000
v 80.50000000 84.00000000 76.00000000
v 81.00000000 83.50000000 76.00000000
v 81.00000000 84.00000000 75.50000000
v 80.50000000 84.00000000 77.00000000
v 81.00000000 84.50000000 58.00000000
v 81.00000000 84.50000000 59.00000000
v 81.00000000 84.50000000 60.00000000
v 80.50000000 85.00000000 60.00000000
v 80.50000000 85.00000000 61.00000000
v 81.00000000 84.50000000 64.00000000
v 81.00000000 85.00000000 64.50000000
v 80.50000000 85.00000000 75.00000000
v 81.00000000 84.50000000 75.00000000
v 81.00000000 85.00000000 74.50000000
v 80.50000000 85.00000000 76.00000000
v 80.50000000 86.00000000 60.00000000
v 80.50000000 86.00000000 61.00000000
v 81.00000000 85.50000000 65.00000000
v 80.50000000 86.00000000 66.00000000
v 81.00000000 85.50000000 66.00000000
v 80.50000000 86.00000000 67.00000000
v 81.00000000 85.50000000 67.00000000
v 81.00000000 86.00000000 67.50000000
v 80.50000000 86.00000000 73.00000000
v 81.00000000 85.50000000 73.00000000
v 81.00000000 86.00000000 72.50000000
v 81.00000000 85.50000000 74.00000000
v 80.50000000 87.00000000 64.00000000
v 80.50000000 87.00000000 65.00000000
v 80.50000000 87.00000000 66.00000000
v 80.50000000 87.00000000 67.00000000
v 81.00000000 86.50000000 68.00000000
v 80.50000000 87.00000000 68.00000000
v 80.50000000 87.00000000 69.00000000
v 81.00000000 86.50000000 69.00000000
v 80.50000000 87.00000000 70.00000000
v 81.00000000 86.50000000 70.00000000
v 80.50000000 87.00000000 71.00000000
v 81.00000000 86.50000000 71.00000000
v 80.50000000 87.00000000 72.00000000
v 81.00000000 86.50000000 72.00000000
v 80.50000000 88.00000000 63.00000000
v 80.50000000 88.00000000 64.00000000
v 80.50000000 88.00000000 65.00000000
v 80.50000000 88.00000000 66.00000000
v 80.50000000 88.00000000 67.00000000
v 80.50000000 88.00000000 68.00000000
v 80.50000000 88.00000000 69.00000000
v 80.50000000 88.00000000 70.00000000
v 80.50000000 88.00000000 71.00000000
v 80.50000000 89.00000000 65.00000000
v 81.50000000 75.00000000 75.00000000
v 82.00000000 75.00000000 74.50000000
v 82.00000000 74.50000000 75.00000000
v 82.00000000 74.50000000 76.00000000
v 82.00000000 74.50000000 77.00000000
v 82.00000000 74.50000000 78.00000000
v 81.50000000 75.00000000 79.00000000
v 82.00000000 75.00000000 78.50000000
v 81.50000000 75.00000000 80.00000000
v 81.50000000 76.00000000 72.00000000
v 82.00000000 76.00000000 71.50000000
v 82.00000000 75.50000000 72.00000000
v 82.00000000 75.50000000 73.00000000
v 82.00000000 75.50000000 74.00000000
v 82.00000000 75.50000000 79.00000000
v 82.00000000 76.00000000 79.50000000
v 81.50000000 76.00000000 80.00000000
v 81.50000000 76.00000000 81.00000000
v 82.00000000 77.00000000 69.50000000
v 82.00000000 76.50000000 70.00000000
v 82.00000000 76.50000000 71.00000000
v 81.50000000 77.00000000 79.00000000
v 82.00000000 76.50000000 79.00000000
v 82.00000000 77.00000000 78.50000000
v 81.50000000 77.00000000 80.00000000
v 82.00000000 78.00000000 67.50000000
v 82.00000000 77.50000000 68.00000000
v 82.00000000 77.50000000 69.00000000
v 81.50000000 78.00000000 79.00000000
v 82.00000000 78.00000000 78.50000000
v 81.50000000 79.00000000 63.00000000
v 82.00000000 79.00000000 63.50000000
v 82.00000000 78.50000000 64.00000000
v 82.00000000 78.50000000 65.00000000
v 82.00000000 78.50000000 66.00000000
v 82.00000000 78.50000000 67.00000000
v 81.50000000 79.00000000 78.00000000
v 82.00000000 78.50000000 78.00000000
v 82.00000000 79.00000000 77.50000000
v 82.00000000 80.00000000 61.50000000
v 82.00000000 79.50000000 62.00000000
v 82.00000000 79.50000000 63.00000000
v 81.50000000 80.00000000 78.00000000
v 82.00000000 80.00000000 77.50000000
v 82.00000000 81.00000000 61.50000000
v 81.50000000 81.00000000 78.00000000
v 82.00000000 81.00000000 77.50000000
v 82.00000000 82.00000000 61.50000000
v 81.50000000 82.00000000 68.00000000
v 81.50000000 82.00000000 69.00000000
v 81.50000000 82.00000000 77.00000000
v 82.00000000 81.50000000 77.00000000
v 82.00000000 82.00000000 76.50000000
v 82.00000000 82.50000000 62.00000000
v 82.00000000 83.00000000 62.50000000
v 81.50000000 83.00000000 76.00000000
v 82.00000000 82.50000000 76.00000000
v 82.00000000 83.00000000 75.50000000
v 81.50000000 84.00000000 58.00000000
v 81.50000000 84.00000000 59.00000000
v 81.50000000 84.00000000 60.00000000
v 82.00000000 83.50000000 63.00000000
v 82.00000000 84.00000000 63.50000000
v 81.50000000 84.00000000 75.00000000
v 82.00000000 83.50000000 75.00000000
v 82.00000000 84.00000000 74.50000000
v 82.00000000 84.50000000 64.00000000
v 81.50000000 85.00000000 65.00000000
v 82.00000000 84.50000000 65.00000000
v 82.00000000 85.00000000 65.50000000
v 81.50000000 85.00000000 72.00000000
v 82.00000000 84.50000000 72.00000000
v 82.00000000 85.00000000 71.50000000
v 81.50000000 85.00000000 73.00000000
v 82.00000000 84.50000000 73.00000000
v 81.50000000 85.00000000 74.00000000
v 82.00000000 84.50000000 74.00000000
v 82.00000000 85.50000000 66.00000000
v 82.00000000 85.50000000 67.00000000
v 81.50000000 86.00000000 68.00000000
v 82.00000000 85.50000000 68.00000000
v 81.50000000 86.00000000 69.00000000
v 82.00000000 85.50000000 69.00000000
v 81.50000000 86.00000000 70.00000000
v 82.00000000 85.50000000 70.00000000
v 81.50000000 86.00000000 71.00000000
v 82.00000000 85.50000000 71.00000000
v 81.50000000 86.00000000 72.00000000
v 83.00000000 75.00000000 74.50000000
v 83.00000000 74.50000000 75.00000000
v 83.00000000 74.50000000 76.00000000
v 82.50000000 75.00000000 77.00000000
v 83.00000000 75.00000000 76.50000000
v 82.50000000 75.00000000 78.00000000
v 83.00000000 76.00000000 71.50000000
v 83.00000000 75.50000000 72.00000000
v 83.00000000 75.50000000 73.00000000
v 83.00000000 75.50000000 74.00000000
v 83.00000000 75.50000000 77.00000000
v 83.00000000 76.00000000 77.50000000
v 82.50000000 76.00000000 78.00000000
v 82.50000000 76.00000000 79.00000000
v 83.00000000 77.00000000 69.50000000
v 83.00000000 76.50000000 70.00000000
v 83.00000000 76.50000000 71.00000000
v 82.50000000 77.00000000 78.00000000
v 83.00000000 77.00000000 77.50000000
v 83.00000000 78.00000000 67.50000000
v 83.00000000 77.50000000 68.00000000
v 83.00000000 77.50000000 69.00000000
v 82.50000000 78.00000000 77.00000000
v 83.00000000 77.50000000 77.00000000
v 83.00000000 78.00000000 76.50000000
v 82.50000000 78.00000000 78.00000000
v 82.50000000 79.00000000 64.00000000
v 82.50000000 79.00000000 65.00000000
v 83.00000000 79.00000000 65.50000000
v 83.00000000 78.50000000 66.00000000
v 83.00000000 78.50000000 67.00000000
v 82.50000000 79.00000000 77.00000000
v 83.00000000 79.00000000 76.50000000
v 82.50000000 80.00000000 62.00000000
v 83.00000000 80.00000000 62.50000000
v 83.00000000 79.50000000 63.00000000
v 83.00000000 79.50000000 64.00000000
v 83.00000000 79.50000000 65.00000000
v 82.50000000 80.00000000 76.00000000
v 83.00000000 79.50000000 76.00000000
v 83.00000000 80.00000000 75.50000000
v 82.50000000 80.00000000 77.00000000
v 82.50000000 81.00000000 62.00000000
v 83.00000000 81.00000000 62.50000000
v 82.50000000 81.00000000 76.00000000
v 83.00000000 81.00000000 75.50000000
v 82.50000000 81.00000000 77.00000000
v 82.50000000 82.00000000 62.00000000
v 83.00000000 81.50000000 63.00000000
v 82.50000000 82.00000000 63.00000000
v 83.00000000 82.00000000 63.50000000
v 82.50000000 82.00000000 76.00000000
v 83.00000000 82.00000000 75.50000000
v 82.50000000 83.00000000 63.00000000
v 83.00000000 83.00000000 63.50000000
v 82.50000000 83.00000000 75.00000000
v 83.00000000 82.50000000 75.00000000
v 83.00000000 83.00000000 74.50000000
v 82.50000000 84.00000000 64.00000000
v 83.00000000 83.50000000 64.00000000
v 82.50000000 84.00000000 65.00000000
v 83.00000000 83.50000000 65.00000000
v 83.00000000 84.00000000 65.50000000
v 82.50000000 84.00000000 73.00000000
v 83.00000000 83.50000000 73.00000000
v 83.00000000 84.00000000 72.50000000
v 82.50000000 84.00000000 74.00000000
v 83.00000000 83.50000000 74.00000000
v 82.50000000 85.00000000 66.00000000
v 83.00000000 84.50000000 66.00000000
v 82.50000000 85.00000000 67.00000000
v 83.00000000 84.50000000 67.00000000
v 82.50000000 85.00000000 68.00000000
v 83.00000000 84.50000000 68.00000000
v 82.50000000 85.00000000 69.00000000
v 83.00000000 84.50000000 69.00000000
v 82.50000000 85.00000000 70.00000000
v 83.00000000 84.50000000 70.00000000
v 82.50000000 85.00000000 71.00000000
v 83.00000000 84.50000000 71.00000000
v 83.00000000 84.50000000 72.00000000
v 83.50000000 75.00000000 75.00000000
v 83.50000000 75.00000000 76.00000000
v 83.50000000 76.00000000 72.00000000
v 83.50000000 76.00000000 73.00000000
v 84.00000000 76.00000000 73.50000000
v 84.00000000 75.50000000 74.00000000
v 84.00000000 75.50000000 75.00000000
v 84.00000000 75.50000000 76.00000000
v 83.50000000 76.00000000 77.00000000
v 84.00000000 76.00000000 76.50000000
v 83.50000000 77.00000000 70.00000000
v 84.00000000 77.00000000 70.50000000
v 84.00000000 76.50000000 71.00000000
v 84.00000000 76.50000000 72.00000000
v 84.00000000 76.50000000 73.00000000
v 83.50000000 77.00000000 77.00000000
v 84.00000000 77.00000000 76.50000000
v 83.50000000 78.00000000 68.00000000
v 84.00000000 78.00000000 68.50000000
v 84.00000000 77.50000000 69.00000000
v 84.00000000 77.50000000 70.00000000
v 83.50000000 78.00000000 76.00000000
v 84.00000000 77.50000000 76.00000000
v 84.00000000 78.00000000 75.50000000
v 83.50000000 79.00000000 66.00000000
v 84.00000000 79.00000000 66.50000000
v 84.00000000 78.50000000 67.00000000
v 84.00000000 78.50000000 68.00000000
v 83.50000000 79.00000000 75.00000000
v 84.00000000 78.50000000 75.00000000
v 84.00000000 79.00000000 74.50000000
v 83.50000000 79.00000000 76.00000000
v 83.50000000 80.00000000 63.00000000
v 83.50000000 80.00000000 64.00000000
v 84.00000000 80.00000000 64.50000000
v 84.00000000 79.50000000 65.00000000
v 84.00000000 79.50000000 66.00000000
v 83.50000000 80.00000000 75.00000000
v 84.00000000 80.00000000 74.50000000
v 83.50000000 81.00000000 63.00000000
v 83.50000000 81.00000000 64.00000000
v 84.00000000 81.00000000 64.50000000
v 83.50000000 81.00000000 75.00000000
v 84.00000000 81.00000000 74.50000000
v 83.50000000 82.00000000 64.00000000
v 84.00000000 82.00000000 64.50000000
v 83.50000000 82.00000000 74.00000000
v 84.00000000 81.50000000 74.00000000
v 84.00000000 82.00000000 73.50000000
v 83.50000000 82.00000000 75.00000000
v 83.50000000 83.00000000 64.00000000
v 84.00000000 82.50000000 65.00000000
v 83.50000000 83.00000000 65.00000000
v 84.00000000 83.00000000 65.50000000
v 83.50000000 83.00000000 73.00000000
v 84.00000000 82.50000000 73.00000000
v 84.00000000 83.00000000 72.50000000
v 83.50000000 83.00000000 74.00000000
v 83.50000000 84.00000000 66.00000000
v 84.00000000 83.50000000 66.00000000
v 83.50000000 84.00000000 67.00000000
v 84.00000000 83.50000000 67.00000000
v 83.50000000 84.00000000 68.00000000
v 84.00000000 83.50000000 68.00000000
v 83.50000000 84.00000000 69.00000000
v 84.00000000 83.50000000 69.00000000
v 83.50000000 84.00000000 70.00000000
v 84.00000000 83.50000000 70.00000000
v 83.50000000 84.00000000 71.00000000
v 84.00000000 83.50000000 71.00000000
v 83.50000000 84.00000000 72.00000000
v 84.00000000 83.50000000 72.00000000
v 84.50000000 76.00000000 74.00000000
v 84.50000000 76.00000000 75.00000000
v 84.50000000 76.00000000 76.00000000
v 84.50000000 77.00000000 71.00000000
v 84.50000000 77.00000000 72.00000000
v 84.50000000 77.00000000 73.00000000
v 84.50000000 77.00000000 74.00000000
v 84.50000000 77.00000000 75.00000000
v 84.50000000 77.00000000 76.00000000
v 84.50000000 78.00000000 69.00000000
v 84.50000000 78.00000000 70.00000000
v 84.50000000 78.00000000 71.00000000
v 84.50000000 78.00000000 72.00000000
v 84.50000000 78.00000000 73.00000000
v 84.50000000 78.00000000 74.00000000
v 84.50000000 78.00000000 75.00000000
v 84.50000000 79.00000000 67.00000000
v 84.50000000 79.00000000 68.00000000
v 84.50000000 79.00000000 69.00000000
v 85.00000000 79.00000000 69.50000000
v 85.00000000 78.50000000 70.00000000
v 85.00000000 78.50000000 71.00000000
v 85.00000000 78.50000000 72.00000000
v 85.00000000 79.00000000 72.50000000
v 84.50000000 79.00000000 73.00000000
v 84.50000000 79.00000000 74.00000000
v 84.50000000 80.00000000 65.00000000
v 84.50000000 80.00000000 66.00000000
v 84.50000000 80.00000000 67.00000000
v 84.50000000 80.00000000 68.00000000
v 85.00000000 80.00000000 68.50000000
v 85.00000000 79.50000000 69.00000000
v 84.50000000 80.00000000 73.00000000
v 85.00000000 80.00000000 72.50000000
v 84.50000000 80.00000000 74.00000000
v 84.50000000 81.00000000 65.00000000
v 84.50000000 81.00000000 66.00000000
v 84.50000000 81.00000000 67.00000000
v 85.00000000 81.00000000 67.50000000
v 85.00000000 80.50000000 68.00000000
v 84.50000000 81.00000000 72.00000000
v 85.00000000 80.50000000 72.00000000
v 85.00000000 81.00000000 71.50000000
v 84.50000000 81.00000000 73.00000000
v 84.50000000 81.00000000 74.00000000
v 84.50000000 82.00000000 65.00000000
v 84.50000000 82.00000000 66.00000000
v 84.50000000 82.00000000 67.00000000
v 85.00000000 81.50000000 68.00000000
v 84.50000000 82.00000000 68.00000000
v 84.50000000 82.00000000 69.00000000
v 85.00000000 81.50000000 69.00000000
v 84.50000000 82.00000000 70.00000000
v 85.00000000 81.50000000 70.00000000
v 84.50000000 82.00000000 71.00000000
v 85.00000000 81.50000000 71.00000000
v 84.50000000 82.00000000 72.00000000
v 84.50000000 82.00000000 73.00000000
v 84.50000000 83.00000000 66.00000000
v 84.50000000 83.00000000 67.00000000
v 84.50000000 83.00000000 68.00000000
v 84.50000000 83.00000000 69.00000000
v 84.50000000 83.00000000 70.00000000
v 84.50000000 83.00000000 71.00000000
v 84.50000000 83.00000000 72.00000000
v 85.50000000 79.00000000 70.00000000
v 85.50000000 79.00000000 71.00000000
v 85.50000000 79.00000000 72.00000000
v 85.50000000 80.00000000 69.00000000
v 85.50000000 80.00000000 70.00000000
v 85.50000000 80.00000000 71.00000000
v 85.50000000 80.00000000 72.00000000
v 85.50000000 81.00000000 68.00000000
v 85.50000000 81.00000000 69.00000000
v 85.50000000 81.00000000 70.00000000
v 85.50000000 81.00000000 71.00000000
f 1370 1369 1368
f 1368 1371 1370
f 1369 1372 1368
f 1368 1372 1371
f 1375 1374 1373
f 1377 1376 1373
f 1373 1376 1375
f 1379 1378 1377
f 1377 1378 1376
f 1379 1380 1378
f 1373 1374 1381
f 1381 1374 1382
f 1381 1369 1370
f 1377 1381 1370
f 1373 1381 1377
f 1377 1370 1371
f 1383 1377 1371
f 1379 1377 1383
f 1380 1379 1384
f 1384 1379 1383
f 1381 1382 1385
f 1385 1382 1386
f 1387 1372 1369
f 1381 1387 1369
f 1385 1387 1381
f 1383 1371 1372
f 1387 1383 1372
f 1388 1383 1387
f 1384 1383 1389
f 1389 1383 1388
f 1386 1390 1385
f 1385 1390 1387
f 1387 1390 1391
f 1387 1391 1388
f 1388 1391 1392
f 1388 1392 1389
f 1395 1394 1393
f 1397 1396 1393
f 1393 1396 1395
f 1397 1398 1396
f 1399 1374 1375
f 1394 1400 1393
f 1400 1375 1393
f 1375 1376 1393
f 1375 1400 1399
f 1393 1376 1378
f 1393 1378 1397
f 1402 1401 1380
f 1380 1401 1378
f 1401 1398 1378
f 1398 1397 1378
f 1402 1403 1401
f 1404 1382 1399
f 1399 1382 1374
f 1399 1400 1405
f 1399 1405 1404
f 1407 1406 1402
f 1380 1407 1402
f 1384 1407 1380
f 1402 1406 1403
f 1408 1386 1404
f 1404 1386 1382
f 1404 1405 1409
f 1404 1409 1408
f 1389 1407 1384
f 1389 1410 1407
f 1408 1390 1386
f 1409 1411 1408
f 1411 1390 1408
f 1411 1391 1390
f 1391 1412 1392
f 1411 1412 1391
f 1389 1392 1410
f 1410 1392 1412
f 1415 1414 1413
f 1413 1416 1415
f 1419 1418 1417
f 1417 1420 1419
f 1414 1421 1413
f 1413 1421 1416
f 1418 1422 1417
f 1417 1422 1420
f 1424 1423 1395
f 1395 1423 1394
f 1425 1395 1396
f 1425 1424 1395
f 1427 1426 1398
f 1426 1396 1398
f 1426 1425 1396
f 1427 1428 1426
f 1430 1400 1429
f 1400 1423 1429
f 1400 1394 1423
f 1431 1430 1429
f 1427 1398 1401
f 1434 1433 1432
f 1433 1434 1403
f 1434 1428 1403
f 1427 1401 1403
f 1427 1403 1428
f 1435 1405 1430
f 1430 1405 1400
f 1430 1431 1436
f 1430 1436 1435
f 1432 1433 1406
f 1407 1432 1406
f 1437 1432 1407
f 1406 1433 1403
f 1438 1409 1435
f 1435 1409 1405
f 1435 1436 1439
f 1435 1439 1438
f 1410 1437 1407
f 1410 1440 1437
f 1438 1411 1409
f 1439 1441 1438
f 1441 1411 1438
f 1441 1412 1411
f 1410 1412 1440
f 1440 1412 1441
f 1444 1443 1442
f 1442 1445 1444
f 1448 1447 1446
f 1446 1449 1448
f 1452 1451 1450
f 1450 1453 1452
f 1443 1454 1442
f 1442 1454 1445
f 1447 1455 1446
f 1446 1455 1449
f 1451 1456 1450
f 1450 1456 1453
f 1457 1414 1415
f 1416 1457 1415
f 1458 1418 1419
f 1420 1458 1419
f 1461 1460 1459
f 1461 1457 1462
f 1457 1461 1414
f 1459 1414 1461
f 1414 1459 1421
f 1463 1421 1459
f 1462 1457 1464
f 1457 1416 1464
f 1421 1463 1464
f 1421 1464 1416
f 1458 1422 1418
f 1422 1458 1420
f 1465 1423 1424
f 1425 1459 1424
f 1460 1424 1459
f 1424 1460 1465
f 1466 1465 1460
f 1465 1466 1467
f 1469 1468 1466
f 1467 1466 1468
f 1459 1426 1463
f 1426 1459 1425
f 1468 1469 1428
f 1469 1464 1428
f 1463 1426 1428
f 1463 1428 1464
f 1465 1429 1423
f 1429 1465 1431
f 1465 1470 1431
f 1465 1467 1470
f 1432 1470 1434
f 1470 1468 1434
f 1470 1467 1468
f 1434 1468 1428
f 1471 1436 1470
f 1470 1436 1431
f 1437 1471 1432
f 1432 1471 1470
f 1472 1439 1471
f 1471 1439 1436
f 1440 1473 1437
f 1474 1437 1473
f 1437 1474 1471
f 1475 1471 1474
f 1471 1475 1472
f 1473 1476 1474
f 1472 1441 1439
f 1477 1472 1475
f 1472 1477 1441
f 1478 1441 1477
f 1441 1478 1440
f 1473 1440 1478
f 1476 1473 1479
f 1473 1480 1479
f 1473 1478 1480
f 1480 1481 1479
f 1478 1477 1482
f 1482 1477 1483
f 1485 1480 1484
f 1480 1482 1484
f 1480 1478 1482
f 1480 1485 1481
f 1483 1486 1482
f 1482 1486 1484
f 1488 1487 1444
f 1444 1487 1443
f 1444 1445 1488
f 1488 1445 1489
f 1491 1490 1448
f 1448 1490 1447
f 1448 1449 1491
f 1491 1449 1492
f 1493 1451 1452
f 1453 1493 1452
f 1454 1443 1494
f 1443 1495 1494
f 1443 1487 1495
f 1494 1496 1454
f 1496 1445 1454
f 1496 1489 1445
f 1490 1497 1447
f 1447 1497 1455
f 1449 1455 1492
f 1492 1455 1497
f 1493 1456 1451
f 1456 1493 1453
f 1494 1495 1498
f 1498 1495 1499
f 1496 1494 1500
f 1494 1501 1500
f 1494 1498 1501
f 1501 1502 1500
f 1503 1460 1461
f 1499 1504 1498
f 1504 1461 1498
f 1461 1462 1498
f 1461 1504 1503
f 1501 1498 1505
f 1498 1464 1505
f 1464 1506 1505
f 1464 1498 1462
f 1501 1505 1502
f 1503 1466 1460
f 1504 1507 1503
f 1507 1466 1503
f 1507 1469 1466
f 1464 1469 1506
f 1506 1469 1507
f 1508 1475 1474
f 1510 1508 1509
f 1508 1474 1509
f 1476 1511 1509
f 1476 1509 1474
f 1511 1512 1509
f 1514 1513 1508
f 1513 1475 1508
f 1513 1477 1475
f 1476 1479 1511
f 1508 1510 1514
f 1479 1481 1511
f 1481 1512 1511
f 1481 1515 1512
f 1518 1517 1516
f 1521 1520 1519
f 1518 1516 1513
f 1483 1513 1516
f 1513 1483 1477
f 1522 1485 1484
f 1523 1519 1520
f 1522 1524 1485
f 1524 1481 1485
f 1524 1515 1481
f 1517 1525 1516
f 1521 1519 1525
f 1519 1486 1525
f 1483 1516 1525
f 1483 1525 1486
f 1519 1523 1486
f 1523 1526 1486
f 1522 1484 1486
f 1522 1486 1526
f 1522 1526 1524
f 1528 1527 1488
f 1488 1527 1487
f 1488 1489 1528
f 1528 1489 1529
f 1530 1490 1491
f 1492 1530 1491
f 1532 1495 1531
f 1495 1527 1531
f 1495 1487 1527
f 1531 1529 1532
f 1529 1496 1532
f 1529 1489 1496
f 1530 1497 1490
f 1497 1530 1492
f 1533 1499 1532
f 1532 1499 1495
f 1533 1532 1496
f 1534 1533 1496
f 1500 1534 1496
f 1535 1533 1534
f 1500 1502 1534
f 1534 1502 1536
f 1537 1504 1533
f 1533 1504 1499
f 1538 1505 1506
f 1533 1538 1506
f 1537 1533 1506
f 1538 1533 1535
f 1502 1505 1536
f 1536 1505 1538
f 1537 1507 1504
f 1507 1537 1506
f 1540 1539 1509
f 1509 1539 1510
f 1542 1541 1512
f 1541 1509 1512
f 1541 1540 1509
f 1542 1543 1541
f 1544 1513 1514
f 1545 1544 1514
f 1510 1545 1514
f 1539 1545 1510
f 1515 1546 1542
f 1515 1542 1512
f 1543 1542 1547
f 1547 1542 1546
f 1548 1517 1518
f 1544 1550 1549
f 1551 1549 1550
f 1549 1551 1548
f 1549 1548 1521
f 1518 1521 1548
f 1521 1518 1520
f 1513 1520 1518
f 1520 1513 1544
f 1520 1544 1549
f 1544 1545 1550
f 1520 1549 1523
f 1524 1552 1546
f 1524 1546 1515
f 1547 1546 1553
f 1553 1546 1552
f 1548 1525 1517
f 1548 1551 1525
f 1551 1554 1525
f 1549 1521 1525
f 1549 1525 1554
f 1554 1556 1555
f 1554 1555 1526
f 1549 1554 1526
f 1523 1549 1526
f 1555 1557 1526
f 1526 1557 1524
f 1557 1558 1524
f 1558 1552 1524
f 1552 1558 1553
f 1556 1559 1555
f 1555 1559 1557
f 1560 1527 1528
f 1529 1560 1528
f 1562 1531 1561
f 1531 1527 1561
f 1561 1527 1560
f 1563 1561 1560
f 1563 1560 1564
f 1560 1529 1564
f 1531 1562 1564
f 1531 1564 1529
f 1567 1566 1565
f 1565 1568 1567
f 1561 1569 1562
f 1570 1535 1534
f 1569 1564 1562
f 1566 1571 1565
f 1570 1534 1536
f 1565 1571 1568
f 1570 1538 1535
f 1538 1570 1536
f 1573 1572 1540
f 1540 1572 1539
f 1574 1540 1541
f 1574 1573 1540
f 1576 1575 1543
f 1575 1541 1543
f 1575 1574 1541
f 1576 1577 1575
f 1572 1545 1539
f 1578 1545 1572
f 1547 1579 1576
f 1547 1576 1543
f 1577 1576 1580
f 1580 1576 1579
f 1581 1551 1550
f 1582 1581 1550
f 1545 1582 1550
f 1578 1582 1545
f 1553 1583 1579
f 1553 1579 1547
f 1580 1579 1584
f 1584 1579 1583
f 1581 1554 1551
f 1556 1554 1581
f 1582 1556 1581
f 1585 1556 1582
f 1557 1586 1558
f 1586 1587 1558
f 1558 1587 1553
f 1587 1588 1553
f 1588 1583 1553
f 1583 1588 1584
f 1591 1590 1589
f 1593 1592 1589
f 1589 1592 1591
f 1595 1594 1593
f 1593 1594 1592
f 1597 1596 1595
f 1595 1596 1594
f 1597 1598 1596
f 1585 1599 1556
f 1556 1599 1559
f 1557 1559 1586
f 1559 1600 1586
f 1559 1599 1600
f 1586 1600 1587
f 1603 1602 1601
f 1603 1601 1590
f 1601 1589 1590
f 1601 1604 1589
f 1589 1605 1593
f 1589 1604 1605
f 1593 1606 1595
f 1593 1605 1606
f 1595 1607 1597
f 1595 1606 1607
f 1598 1597 1608
f 1597 1609 1608
f 1597 1607 1609
f 1611 1610 1609
f 1609 1610 1608
f 1611 1612 1610
f 1615 1614 1613
f 1617 1616 1613
f 1613 1616 1615
f 1616 1617 1602
f 1617 1601 1602
f 1617 1618 1601
f 1601 1619 1604
f 1601 1618 1619
f 1604 1620 1605
f 1604 1619 1620
f 1605 1621 1606
f 1605 1620 1621
f 1606 1622 1607
f 1606 1621 1622
f 1607 1623 1609
f 1607 1622 1623
f 1609 1624 1611
f 1609 1623 1624
f 1612 1611 1625
f 1625 1611 1624
f 1628 1627 1626
f 1630 1629 1626
f 1626 1629 1628
f 1632 1631 1630
f 1630 1631 1629
f 1632 1633 1631
f 1636 1635 1634
f 1638 1637 1634
f 1634 1637 1636
f 1637 1638 1614
f 1638 1613 1614
f 1638 1639 1613
f 1613 1640 1617
f 1613 1639 1640
f 1617 1641 1618
f 1617 1640 1641
f 1618 1642 1619
f 1618 1641 1642
f 1619 1643 1620
f 1619 1642 1643
f 1620 1644 1621
f 1620 1643 1644
f 1621 1645 1622
f 1621 1644 1645
f 1622 1646 1623
f 1622 1645 1646
f 1623 1647 1624
f 1623 1646 1647
f 1625 1624 1648
f 1624 1649 1648
f 1624 1647 1649
f 1651 1650 1649
f 1649 1650 1648
f 1651 1652 1650
f 1627 1653 1626
f 1626 1653 1630
f 1630 1653 1654
f 1630 1654 1632
f 1632 1654 1655
f 1632 1655 1633
f 1658 1657 1656
f 1660 1659 1656
f 1656 1659 1658
f 1659 1660 1635
f 1660 1634 1635
f 1660 1661 1634
f 1634 1662 1638
f 1634 1661 1662
f 1638 1663 1639
f 1638 1662 1663
f 1639 1664 1640
f 1639 1663 1664
f 1640 1665 1641
f 1640 1664 1665
f 1641 1666 1642
f 1641 1665 1666
f 1642 1667 1643
f 1642 1666 1667
f 1643 1668 1644
f 1643 1667 1668
f 1644 1669 1645
f 1644 1668 1669
f 1645 1670 1646
f 1645 1669 1670
f 1646 1671 1647
f 1646 1670 1671
f 1647 1672 1649
f 1647 1671 1672
f 1649 1673 1651
f 1649 1672 1673
f 1652 1651 1674
f 1674 1651 1673
f 1656 1657 1675
f 1675 1657 1676
f 1656 1677 1660
f 1656 1675 1677
f 1660 1678 1661
f 1660 1677 1678
f 1661 1679 1662
f 1661 1678 1679
f 1662 1680 1663
f 1662 1679 1680
f 1663 1681 1664
f 1663 1680 1681
f 1664 1682 1665
f 1664 1681 1682
f 1665 1683 1666
f 1665 1682 1683
f 1666 1684 1667
f 1666 1683 1684
f 1667 1685 1668
f 1667 1684 1685
f 1668 1686 1669
f 1668 1685 1686
f 1669 1687 1670
f 1669 1686 1687
f 1670 1688 1671
f 1670 1687 1688
f 1690 1672 1689
f 1672 1688 1689
f 1672 1671 1688
f 1672 1690 1673
f 1673 1690 1691
f 1673 1691 1674
f 1694 1693 1692
f 1694 1692 1676
f 1692 1675 1676
f 1692 1695 1675
f 1675 1696 1677
f 1675 1695 1696
f 1677 1697 1678
f 1677 1696 1697
f 1678 1698 1679
f 1678 1697 1698
f 1679 1699 1680
f 1679 1698 1699
f 1680 1700 1681
f 1680 1699 1700
f 1681 1701 1682
f 1681 1700 1701
f 1682 1702 1683
f 1682 1701 1702
f 1683 1703 1684
f 1683 1702 1703
f 1684 1704 1685
f 1684 1703 1704
f 1685 1705 1686
f 1685 1704 1705
f 1707 1687 1706
f 1687 1705 1706
f 1687 1686 1705
f 1687 1707 1688
f 1688 1707 1708
f 1688 1708 1689
f 1693 1709 1692
f 1711 1710 1709
f 1710 1692 1709
f 1710 1695 1692
f 1695 1712 1696
f 1695 1710 1712
f 1696 1713 1697
f 1696 1712 1713
f 1697 1714 1698
f 1697 1713 1714
f 1698 1715 1699
f 1698 1714 1715
f 1699 1716 1700
f 1699 1715 1716
f 1700 1717 1701
f 1700 1716 1717
f 1701 1718 1702
f 1701 1717 1718
f 1702 1719 1703
f 1702 1718 1719
f 1703 1720 1704
f 1703 1719 1720
f 1722 1705 1721
f 1705 1720 1721
f 1705 1704 1720
f 1705 1722 1706
f 1711 1723 1710
f 1710 1723 1712
f 1712 1723 1724
f 1712 1724 1713
f 1713 1724 1725
f 1713 1725 1714
f 1714 1725 1726
f 1714 1726 1715
f 1715 1726 1727
f 1715 1727 1716
f 1716 1727 1728
f 1730 1729 1728
f 1729 1716 1728
f 1729 1717 1716
f 1717 1731 1718
f 1717 1729 1731
f 1718 1732 1719
f 1718 1731 1732
f 1734 1720 1733
f 1720 1732 1733
f 1720 1719 1732
f 1720 1734 1721
f 1730 1735 1729
f 1729 1735 1731
f 1731 1735 1736
f 1731 1736 1732
f 1732 1736 1737
f 1732 1737 1733
f 1738 1561 1563
f 1564 1738 1563
f 1739 1566 1567
f 1568 1739 1567
f 1738 1569 1561
f 1569 1738 1564
f 1739 1571 1566
f 1571 1739 1568
f 1740 1572 1573
f 1740 1573 1741
f 1573 1742 1741
f 1573 1574 1742
f 1743 1574 1575
f 1743 1742 1574
f 1745 1744 1577
f 1744 1575 1577
f 1744 1743 1575
f 1745 1746 1744
f 1747 1578 1740
f 1740 1578 1572
f 1740 1741 1748
f 1740 1748 1747
f 1580 1749 1745
f 1580 1745 1577
f 1746 1745 1750
f 1745 1751 1750
f 1745 1749 1751
f 1753 1752 1751
f 1751 1752 1750
f 1753 1754 1752
f 1755 1582 1747
f 1747 1582 1578
f 1747 1748 1756
f 1747 1756 1755
f 1584 1757 1749
f 1584 1749 1580
f 1749 1758 1751
f 1749 1757 1758
f 1751 1759 1753
f 1751 1758 1759
f 1754 1753 1760
f 1753 1761 1760
f 1753 1759 1761
f 1763 1762 1761
f 1761 1762 1760
f 1765 1764 1763
f 1763 1764 1762
f 1767 1766 1765
f 1765 1766 1764
f 1769 1768 1767
f 1767 1768 1766
f 1771 1770 1769
f 1769 1770 1768
f 1771 1772 1770
f 1774 1773 1755
f 1773 1582 1755
f 1773 1585 1582
f 1777 1776 1775
f 1756 1774 1755
f 1778 1588 1587
f 1779 1776 1777
f 1778 1780 1588
f 1588 1780 1584
f 1780 1781 1584
f 1781 1757 1584
f 1757 1781 1758
f 1758 1781 1782
f 1784 1783 1782
f 1783 1758 1782
f 1783 1759 1758
f 1759 1785 1761
f 1759 1783 1785
f 1785 1590 1591
f 1763 1785 1591
f 1761 1785 1763
f 1763 1591 1592
f 1763 1592 1765
f 1765 1592 1594
f 1765 1594 1767
f 1767 1594 1596
f 1767 1596 1769
f 1769 1596 1598
f 1786 1769 1598
f 1771 1769 1786
f 1772 1771 1787
f 1771 1788 1787
f 1771 1786 1788
f 1788 1789 1787
f 1599 1585 1790
f 1585 1791 1790
f 1585 1773 1791
f 1599 1792 1600
f 1599 1776 1792
f 1776 1599 1775
f 1790 1775 1599
f 1775 1790 1793
f 1792 1793 1790
f 1790 1794 1792
f 1792 1794 1600
f 1776 1793 1792
f 1779 1793 1776
f 1794 1587 1600
f 1587 1794 1778
f 1795 1778 1794
f 1780 1778 1796
f 1796 1778 1795
f 1799 1798 1797
f 1799 1797 1784
f 1797 1783 1784
f 1797 1800 1783
f 1800 1602 1603
f 1785 1800 1603
f 1783 1800 1785
f 1785 1603 1590
f 1608 1786 1598
f 1786 1608 1610
f 1786 1610 1788
f 1610 1612 1788
f 1612 1789 1788
f 1612 1801 1789
f 1804 1803 1802
f 1806 1805 1802
f 1802 1805 1804
f 1805 1806 1791
f 1806 1790 1791
f 1806 1807 1790
f 1809 1794 1808
f 1794 1807 1808
f 1794 1790 1807
f 1811 1810 1809
f 1810 1794 1809
f 1810 1795 1794
f 1796 1795 1812
f 1795 1813 1812
f 1795 1810 1813
f 1812 1813 1798
f 1798 1813 1797
f 1813 1614 1797
f 1614 1615 1797
f 1797 1615 1616
f 1797 1616 1800
f 1800 1616 1602
f 1625 1815 1814
f 1801 1625 1814
f 1612 1625 1801
f 1815 1816 1814
f 1819 1818 1817
f 1627 1628 1817
f 1628 1819 1817
f 1628 1820 1819
f 1822 1820 1821
f 1820 1629 1821
f 1820 1628 1629
f 1821 1629 1823
f 1629 1824 1823
f 1629 1631 1824
f 1826 1825 1633
f 1825 1631 1633
f 1825 1824 1631
f 1825 1826 1803
f 1826 1802 1803
f 1826 1827 1802
f 1802 1828 1806
f 1802 1827 1828
f 1806 1829 1807
f 1806 1828 1829
f 1808 1807 1830
f 1807 1831 1830
f 1807 1829 1831
f 1830 1831 1811
f 1811 1831 1810
f 1831 1635 1810
f 1635 1636 1810
f 1810 1636 1637
f 1810 1637 1813
f 1813 1637 1614
f 1648 1815 1625
f 1832 1816 1815
f 1648 1832 1815
f 1650 1832 1648
f 1650 1652 1832
f 1832 1652 1833
f 1817 1818 1834
f 1834 1818 1835
f 1836 1653 1627
f 1817 1836 1627
f 1834 1836 1817
f 1653 1837 1654
f 1653 1821 1837
f 1821 1653 1822
f 1836 1822 1653
f 1822 1836 1838
f 1837 1838 1836
f 1836 1839 1837
f 1837 1839 1654
f 1821 1838 1837
f 1654 1840 1655
f 1840 1821 1655
f 1823 1655 1821
f 1655 1823 1841
f 1838 1841 1823
f 1841 1838 1840
f 1840 1839 1841
f 1654 1839 1840
f 1840 1838 1821
f 1826 1633 1655
f 1841 1826 1655
f 1842 1826 1841
f 1826 1843 1827
f 1826 1842 1843
f 1827 1844 1828
f 1827 1843 1844
f 1844 1657 1658
f 1829 1844 1658
f 1828 1844 1829
f 1829 1658 1659
f 1829 1659 1831
f 1831 1659 1635
f 1674 1833 1652
f 1674 1845 1833
f 1835 1846 1834
f 1848 1847 1846
f 1847 1834 1846
f 1847 1836 1834
f 1836 1849 1839
f 1836 1847 1849
f 1839 1850 1841
f 1839 1849 1850
f 1841 1851 1842
f 1841 1850 1851
f 1842 1852 1843
f 1842 1851 1852
f 1843 1853 1844
f 1843 1852 1853
f 1853 1676 1657
f 1853 1657 1844
f 1689 1854 1690
f 1690 1854 1855
f 1856 1690 1855
f 1691 1690 1856
f 1674 1691 1845
f 1845 1691 1856
f 1848 1857 1847
f 1847 1857 1849
f 1849 1857 1858
f 1849 1858 1850
f 1850 1858 1859
f 1861 1860 1859
f 1860 1850 1859
f 1860 1851 1850
f 1851 1862 1852
f 1851 1860 1862
f 1862 1693 1694
f 1853 1862 1694
f 1852 1862 1853
f 1853 1694 1676
f 1706 1863 1707
f 1864 1708 1707
f 1864 1707 1863
f 1864 1865 1708
f 1708 1865 1689
f 1865 1866 1689
f 1866 1854 1689
f 1854 1866 1855
f 1869 1868 1867
f 1869 1867 1861
f 1867 1860 1861
f 1867 1870 1860
f 1860 1871 1862
f 1860 1870 1871
f 1872 1709 1693
f 1862 1872 1693
f 1871 1872 1862
f 1872 1711 1709
f 1721 1873 1722
f 1863 1706 1722
f 1873 1863 1722
f 1874 1863 1873
f 1876 1864 1875
f 1864 1874 1875
f 1864 1863 1874
f 1864 1876 1865
f 1867 1868 1877
f 1877 1868 1878
f 1867 1879 1870
f 1867 1877 1879
f 1870 1880 1871
f 1870 1879 1880
f 1871 1881 1872
f 1871 1880 1881
f 1882 1723 1711
f 1872 1882 1711
f 1881 1882 1872
f 1883 1724 1723
f 1883 1723 1882
f 1884 1725 1724
f 1884 1724 1883
f 1885 1726 1725
f 1885 1725 1884
f 1886 1727 1726
f 1886 1726 1885
f 1887 1728 1727
f 1887 1727 1886
f 1887 1730 1728
f 1733 1888 1734
f 1873 1721 1734
f 1888 1873 1734
f 1889 1873 1888
f 1891 1874 1890
f 1874 1889 1890
f 1874 1873 1889
f 1874 1891 1875
f 1877 1878 1892
f 1892 1878 1893
f 1877 1894 1879
f 1877 1892 1894
f 1879 1895 1880
f 1879 1894 1895
f 1880 1896 1881
f 1880 1895 1896
f 1881 1897 1882
f 1881 1896 1897
f 1882 1898 1883
f 1882 1897 1898
f 1900 1884 1899
f 1884 1898 1899
f 1884 1883 1898
f 1884 1900 1885
f 1885 1900 1901
f 1885 1901 1886
f 1886 1901 1902
f 1886 1902 1887
f 1887 1902 1903
f 1887 1903 1730
f 1903 1735 1730
f 1903 1904 1735
f 1904 1906 1905
f 1736 1904 1905
f 1735 1904 1736
f 1907 1737 1736
f 1907 1736 1905
f 1888 1733 1737
f 1907 1888 1737
f 1908 1888 1907
f 1910 1889 1909
f 1889 1908 1909
f 1889 1888 1908
f 1889 1910 1890
f 1893 1911 1892
f 1913 1912 1911
f 1912 1892 1911
f 1912 1894 1892
f 1894 1914 1895
f 1894 1912 1914
f 1916 1896 1915
f 1896 1914 1915
f 1896 1895 1914
f 1896 1916 1897
f 1897 1916 1917
f 1897 1917 1898
f 1898 1917 1918
f 1898 1918 1899
f 1906 1919 1905
f 1905 1919 1907
f 1907 1919 1920
f 1907 1920 1908
f 1908 1920 1921
f 1908 1921 1909
f 1913 1922 1912
f 1912 1922 1914
f 1914 1922 1923
f 1914 1923 1915
f 1926 1925 1924
f 1924 1927 1926
f 1924 1925 1928
f 1928 1925 1929
f 1927 1924 1930
f 1930 1924 1928
f 1933 1932 1931
f 1935 1934 1931
f 1931 1934 1933
f 1935 1936 1934
f 1928 1929 1937
f 1937 1929 1938
f 1930 1928 1939
f 1939 1928 1937
f 1931 1932 1940
f 1940 1932 1941
f 1931 1942 1935
f 1931 1940 1942
f 1936 1935 1943
f 1943 1935 1942
f 1938 1944 1937
f 1937 1944 1939
f 1940 1941 1945
f 1945 1941 1946
f 1940 1947 1942
f 1940 1945 1947
f 1943 1942 1948
f 1948 1942 1947
f 1949 1741 1742
f 1949 1742 1950
f 1742 1951 1950
f 1742 1743 1951
f 1952 1743 1744
f 1952 1951 1743
f 1954 1953 1746
f 1953 1744 1746
f 1953 1952 1744
f 1954 1955 1953
f 1958 1957 1956
f 1960 1959 1956
f 1956 1959 1958
f 1959 1960 1946
f 1960 1945 1946
f 1960 1961 1945
f 1945 1962 1947
f 1945 1961 1962
f 1948 1947 1963
f 1963 1947 1962
f 1966 1965 1964
f 1964 1967 1966
f 1968 1748 1949
f 1949 1748 1741
f 1949 1950 1969
f 1949 1969 1968
f 1750 1954 1746
f 1970 1955 1954
f 1750 1970 1954
f 1752 1970 1750
f 1971 1956 1754
f 1956 1970 1754
f 1970 1752 1754
f 1956 1957 1970
f 1956 1972 1960
f 1956 1971 1972
f 1960 1973 1961
f 1960 1972 1973
f 1961 1974 1962
f 1961 1973 1974
f 1963 1962 1975
f 1962 1976 1975
f 1962 1974 1976
f 1976 1977 1975
f 1965 1978 1964
f 1964 1978 1967
f 1979 1756 1968
f 1968 1756 1748
f 1968 1969 1980
f 1981 1968 1980
f 1979 1968 1981
f 1982 1981 1980
f 1760 1971 1754
f 1971 1760 1762
f 1971 1762 1972
f 1972 1762 1764
f 1972 1764 1973
f 1973 1764 1766
f 1973 1766 1974
f 1974 1766 1768
f 1974 1768 1976
f 1983 1977 1976
f 1768 1983 1976
f 1770 1983 1768
f 1985 1984 1772
f 1984 1770 1772
f 1984 1983 1770
f 1985 1986 1984
f 1987 1773 1774
f 1774 1756 1987
f 1756 1979 1987
f 1777 1775 1987
f 1777 1987 1979
f 1979 1981 1988
f 1779 1979 1988
f 1989 1779 1988
f 1979 1779 1777
f 1991 1990 1780
f 1990 1988 1780
f 1981 1780 1988
f 1780 1981 1781
f 1982 1781 1981
f 1781 1982 1990
f 1990 1992 1781
f 1991 1992 1990
f 1990 1982 1988
f 1992 1994 1993
f 1782 1992 1993
f 1781 1992 1782
f 1993 1784 1782
f 1787 1985 1772
f 1787 1789 1985
f 1789 1986 1985
f 1789 1995 1986
f 1996 1791 1987
f 1987 1791 1773
f 1793 1997 1775
f 1997 1987 1775
f 1997 1996 1987
f 1998 1997 1793
f 1779 1998 1793
f 1989 1998 1779
f 1796 1991 1780
f 1796 1999 1991
f 1993 1994 1799
f 1994 1798 1799
f 1994 2000 1798
f 1993 1799 1784
f 1801 1995 1789
f 1801 2001 1995
f 2002 1803 1804
f 1805 2003 1804
f 1804 2003 2002
f 1791 1996 1805
f 1996 2003 1805
f 1996 2004 2003
f 1808 2004 1809
f 2004 1997 1809
f 2004 1996 1997
f 2006 2005 1811
f 2006 1811 1809
f 1998 2006 1809
f 1997 1998 1809
f 2008 2007 1812
f 2007 2009 1812
f 2005 1812 2009
f 1812 2005 1796
f 2006 1796 2005
f 1796 2006 2007
f 2007 1999 1796
f 2008 1999 2007
f 2007 2006 2009
f 1812 1798 2000
f 1812 2000 2008
f 2010 2001 1801
f 2010 1801 1814
f 1814 1816 2010
f 2010 1816 2011
f 2012 1818 1819
f 2012 1819 2013
f 1819 2014 2013
f 1819 1820 2014
f 2016 2015 1822
f 2015 1820 1822
f 2015 2014 1820
f 1823 1824 2016
f 1824 2015 2016
f 1824 2017 2015
f 2019 2017 2018
f 2017 1825 2018
f 2017 1824 1825
f 1803 2002 1825
f 2002 2018 1825
f 2002 2020 2018
f 2021 2002 2003
f 2020 2002 2021
f 2004 2023 2022
f 2021 2004 2022
f 2003 2004 2021
f 2023 2004 1808
f 1830 2023 1808
f 2024 2023 1830
f 1830 1811 2005
f 2025 1830 2005
f 2024 1830 2025
f 2025 2005 2009
f 2026 2011 1816
f 2026 1816 1832
f 1832 1833 2026
f 2026 1833 2027
f 2029 2028 2012
f 2028 1818 2012
f 2028 1835 1818
f 2029 2012 2013
f 1838 2016 1822
f 2016 1838 1823
f 2030 2019 2018
f 2030 2018 2020
f 2030 2020 2031
f 2031 2020 2021
f 2031 2021 2032
f 2032 2021 2022
f 1845 2027 1833
f 1845 2033 2027
f 1846 1835 2034
f 1835 2035 2034
f 1835 2028 2035
f 2034 1848 1846
f 2037 2036 1856
f 2037 1856 1855
f 1845 1856 2033
f 2033 1856 2036
f 2034 2035 2038
f 2038 2035 2039
f 2040 1857 1848
f 2034 2040 1848
f 2038 2040 2034
f 2041 1858 1857
f 2041 1857 2040
f 2042 1859 1858
f 2042 1858 2041
f 2042 1861 1859
f 2044 2043 1866
f 2044 1866 1865
f 1855 1866 2037
f 2037 1866 2043
f 2047 2046 2045
f 2047 2045 2039
f 2045 2038 2039
f 2045 2048 2038
f 2038 2049 2040
f 2038 2048 2049
f 2040 2050 2041
f 2040 2049 2050
f 2050 1868 1869
f 2042 2050 1869
f 2041 2050 2042
f 2042 1869 1861
f 2052 2051 1876
f 2052 1876 1875
f 1865 1876 2044
f 2044 1876 2051
f 2045 2046 2053
f 2053 2046 2054
f 2045 2055 2048
f 2045 2053 2055
f 2048 2056 2049
f 2048 2055 2056
f 2049 2057 2050
f 2049 2056 2057
f 2057 1878 1868
f 2057 1868 2050
f 2059 2058 1891
f 2059 1891 1890
f 1875 1891 2052
f 2052 1891 2058
f 2054 2060 2053
f 2053 2060 2055
f 2055 2060 2061
f 2063 2062 2061
f 2062 2055 2061
f 2062 2056 2055
f 2056 2064 2057
f 2056 2062 2064
f 2064 1893 1878
f 2064 1878 2057
f 1899 2065 1900
f 2066 1901 1900
f 2066 1900 2065
f 2067 1902 1901
f 2067 1901 2066
f 2068 1903 1902
f 2068 1902 2067
f 2069 1904 1903
f 2069 1903 2068
f 2069 1906 1904
f 1909 2070 1910
f 2070 2071 1910
f 2071 1890 1910
f 2071 2059 1890
f 2063 2072 2062
f 2074 2073 2072
f 2073 2062 2072
f 2073 2064 2062
f 2075 1911 1893
f 2064 2075 1893
f 2073 2075 2064
f 2075 1913 1911
f 1915 2076 1916
f 2077 1917 1916
f 2077 1916 2076
f 2078 1918 1917
f 2078 1917 2077
f 2078 2079 1918
f 1918 2079 1899
f 2079 2080 1899
f 2080 2065 1899
f 2065 2080 2066
f 2066 2080 2081
f 2066 2081 2067
f 2067 2081 2082
f 2067 2082 2068
f 2068 2082 2083
f 2068 2083 2069
f 2069 2083 2084
f 2069 2084 1906
f 2084 1919 1906
f 2084 2085 1919
f 1919 2086 1920
f 2085 2086 1919
f 1920 2087 1921
f 2086 2087 1920
f 1909 1921 2070
f 1921 2088 2070
f 1921 2087 2088
f 2070 2088 2071
f 2074 2089 2073
f 2073 2089 2075
f 2075 2089 2090
f 2075 2090 1913
f 2090 1922 1913
f 2090 2091 1922
f 1922 2092 1923
f 2091 2092 1922
f 1915 1923 2076
f 1923 2093 2076
f 1923 2092 2093
f 2076 2093 2077
f 2077 2093 2094
f 2077 2094 2078
f 2078 2094 2095
f 2078 2095 2079
f 2097 2096 1926
f 1926 2096 1925
f 1926 1927 2097
f 2097 1927 2098
f 2101 2100 2099
f 2103 2102 2099
f 2099 2102 2101
f 2103 2104 2102
f 2096 1929 1925
f 2105 1929 2096
f 1930 2107 2106
f 2098 1930 2106
f 1927 1930 2098
f 2107 2108 2106
f 2110 2109 1933
f 1933 2109 1932
f 1934 2099 2100
f 2110 1934 2100
f 1933 1934 2110
f 2099 1934 1936
f 2111 2099 1936
f 2103 2099 2111
f 2104 2103 2112
f 2112 2103 2111
f 2114 1938 2113
f 1938 2105 2113
f 1938 1929 2105
f 2113 2115 2107
f 1939 2113 2107
f 1930 1939 2107
f 2114 2113 1939
f 2107 2115 2108
f 2109 1941 1932
f 2116 1941 2109
f 1943 2117 2111
f 1943 2111 1936
f 2112 2111 2118
f 2118 2111 2117
f 2114 1944 1938
f 1944 2114 1939
f 2116 1946 1941
f 2119 1946 2116
f 1948 2120 2117
f 1948 2117 1943
f 2118 2117 2121
f 2121 2117 2120
f 2122 1950 1951
f 1952 2123 1951
f 1951 2123 2122
f 2123 1952 2124
f 1952 2125 2124
f 1952 1953 2125
f 2127 2126 1955
f 2126 1953 1955
f 2126 2125 1953
f 1957 1958 2127
f 1958 2126 2127
f 1958 2128 2126
f 2129 1958 1959
f 2129 2128 1958
f 1959 1946 2119
f 1959 2119 2129
f 1963 2130 2120
f 1963 2120 1948
f 2121 2120 2131
f 2131 2120 2130
f 2134 2133 2132
f 2136 2135 2132
f 2132 2135 2134
f 1965 1966 2136
f 1966 2135 2136
f 1966 2137 2135
f 1966 1967 2137
f 2137 1967 2138
f 2139 1969 2122
f 2122 1969 1950
f 2123 2141 2140
f 2139 2123 2140
f 2122 2123 2139
f 2141 2123 2124
f 1970 2127 1955
f 2127 1970 1957
f 1975 2130 1963
f 2143 2142 1977
f 1977 2142 1975
f 2142 2131 1975
f 2131 2130 1975
f 2143 2144 2142
f 2132 2133 2145
f 2145 2133 2146
f 2132 2147 2136
f 2132 2145 2147
f 2148 1978 1965
f 2136 2148 1965
f 2147 2148 2136
f 2148 2149 1978
f 2149 1967 1978
f 2149 2138 1967
f 2139 1980 1969
f 2151 2150 1982
f 2151 1982 1980
f 2140 2151 1980
f 2139 2140 1980
f 2153 2152 2150
f 2153 2150 2151
f 2155 2154 2152
f 2155 2152 2153
f 2156 2154 2155
f 1983 2143 1977
f 2157 2144 2143
f 1983 2157 2143
f 1984 2157 1983
f 1984 1986 2157
f 2157 1986 2158
f 2146 2159 2145
f 2145 2159 2147
f 2147 2159 2160
f 2147 2160 2148
f 2148 2160 2161
f 2148 2161 2149
f 2162 1989 1988
f 2150 2164 2163
f 2165 2163 2164
f 2163 2165 2162
f 2163 2162 1991
f 1988 1991 2162
f 1991 1988 1992
f 1982 1992 1988
f 1992 1982 2150
f 1992 2150 2163
f 2163 1994 1992
f 2167 2164 2166
f 2150 2166 2164
f 2166 2150 2152
f 2168 2152 2154
f 2166 2152 2168
f 2154 2156 2169
f 2154 2169 2168
f 1995 2158 1986
f 1995 2170 2158
f 2171 1998 2162
f 2162 1998 1989
f 1999 2163 1991
f 2163 1999 2172
f 2171 2172 1999
f 2172 2171 2165
f 2162 2165 2171
f 1994 2163 2000
f 2172 2000 2163
f 2000 2172 2173
f 2167 2173 2172
f 2173 2167 2166
f 2174 2166 2168
f 2173 2166 2174
f 2168 2169 2175
f 2168 2175 2174
f 2001 2170 1995
f 2001 2176 2170
f 2171 2006 1998
f 2009 2006 2177
f 2006 2171 2177
f 1999 2008 2177
f 1999 2177 2171
f 2000 2173 2008
f 2173 2177 2008
f 2173 2178 2177
f 2179 2173 2174
f 2178 2173 2179
f 2174 2175 2180
f 2174 2180 2179
f 2181 2176 2001
f 2181 2001 2010
f 2010 2011 2181
f 2181 2011 2182
f 2184 2183 2014
f 2014 2183 2013
f 2186 2184 2185
f 2184 2015 2185
f 2184 2014 2015
f 2017 2187 2015
f 2015 2187 2185
f 2019 2187 2017
f 2188 2022 2023
f 2024 2189 2023
f 2023 2189 2188
f 2025 2190 2024
f 2024 2190 2189
f 2009 2177 2025
f 2177 2190 2025
f 2177 2191 2190
f 2192 2177 2178
f 2191 2177 2192
f 2193 2178 2179
f 2192 2178 2193
f 2179 2180 2194
f 2179 2194 2193
f 2011 2026 2195
f 2196 2011 2195
f 2182 2011 2196
f 2027 2195 2026
f 2197 2028 2029
f 2198 2197 2029
f 2013 2198 2029
f 2183 2198 2013
f 2199 2186 2185
f 2201 2200 2199
f 2185 2201 2199
f 2187 2201 2185
f 2030 2202 2019
f 2202 2187 2019
f 2202 2201 2187
f 2031 2203 2030
f 2030 2203 2202
f 2032 2204 2031
f 2031 2204 2203
f 2022 2188 2032
f 2188 2204 2032
f 2188 2205 2204
f 2206 2188 2189
f 2205 2188 2206
f 2207 2189 2190
f 2206 2189 2207
f 2208 2190 2191
f 2207 2190 2208
f 2209 2191 2192
f 2208 2191 2209
f 2210 2192 2193
f 2209 2192 2210
f 2193 2194 2211
f 2193 2211 2210
f 2196 2195 2212
f 2196 2212 2213
f 2033 2212 2027
f 2027 2212 2195
f 2215 2214 2197
f 2214 2028 2197
f 2214 2035 2028
f 2215 2197 2198
f 2216 2200 2201
f 2218 2217 2216
f 2201 2218 2216
f 2202 2218 2201
f 2219 2202 2203
f 2218 2202 2219
f 2220 2203 2204
f 2219 2203 2220
f 2221 2204 2205
f 2220 2204 2221
f 2222 2205 2206
f 2221 2205 2222
f 2223 2206 2207
f 2222 2206 2223
f 2224 2207 2208
f 2223 2207 2224
f 2209 2226 2225
f 2224 2209 2225
f 2208 2209 2224
f 2226 2209 2210
f 2226 2210 2227
f 2227 2210 2211
f 2213 2212 2036
f 2037 2213 2036
f 2228 2213 2037
f 2036 2212 2033
f 2231 2230 2229
f 2214 2231 2229
f 2039 2214 2229
f 2035 2214 2039
f 2217 2218 2232
f 2217 2232 2233
f 2234 2218 2219
f 2232 2218 2234
f 2235 2219 2220
f 2234 2219 2235
f 2236 2220 2221
f 2235 2220 2236
f 2222 2238 2237
f 2236 2222 2237
f 2221 2222 2236
f 2238 2222 2223
f 2238 2223 2239
f 2239 2223 2224
f 2239 2224 2240
f 2240 2224 2225
f 2243 2242 2241
f 2043 2044 2241
f 2242 2043 2241
f 2244 2043 2242
f 2037 2043 2228
f 2228 2043 2244
f 2247 2246 2245
f 2249 2248 2245
f 2245 2248 2247
f 2248 2249 2230
f 2230 2249 2229
f 2249 2046 2229
f 2046 2047 2229
f 2229 2047 2039
f 2250 2233 2232
f 2250 2232 2234
f 2250 2234 2251
f 2251 2234 2235
f 2251 2235 2252
f 2252 2235 2236
f 2252 2236 2253
f 2253 2236 2237
f 2243 2241 2051
f 2052 2243 2051
f 2254 2243 2052
f 2051 2241 2044
f 2257 2256 2255
f 2257 2255 2246
f 2255 2245 2246
f 2255 2258 2245
f 2245 2259 2249
f 2245 2258 2259
f 2259 2054 2046
f 2259 2046 2249
f 2059 2260 2058
f 2260 2261 2058
f 2261 2052 2058
f 2261 2254 2052
f 2256 2262 2255
f 2255 2262 2258
f 2258 2262 2263
f 2258 2263 2259
f 2259 2263 2264
f 2264 2266 2265
f 2264 2265 2060
f 2259 2264 2060
f 2054 2259 2060
f 2267 2061 2060
f 2267 2060 2265
f 2267 2063 2061
f 2269 2268 2260
f 2059 2269 2260
f 2071 2269 2059
f 2260 2268 2261
f 2266 2270 2265
f 2265 2270 2267
f 2267 2270 2271
f 2271 2273 2272
f 2271 2272 2072
f 2267 2271 2072
f 2063 2267 2072
f 2272 2074 2072
f 2079 2274 2080
f 2080 2274 2275
f 2276 2080 2275
f 2081 2080 2276
f 2081 2277 2082
f 2276 2277 2081
f 2082 2278 2083
f 2277 2278 2082
f 2083 2279 2084
f 2278 2279 2083
f 2084 2280 2085
f 2279 2280 2084
f 2280 2282 2281
f 2086 2280 2281
f 2085 2280 2086
f 2283 2087 2086
f 2283 2086 2281
f 2284 2088 2087
f 2284 2087 2283
f 2284 2285 2088
f 2285 2071 2088
f 2285 2269 2071
f 2273 2286 2272
f 2272 2286 2074
f 2286 2089 2074
f 2286 2287 2089
f 2287 2289 2288
f 2090 2287 2288
f 2089 2287 2090
f 2290 2091 2090
f 2290 2090 2288
f 2291 2092 2091
f 2291 2091 2290
f 2292 2093 2092
f 2292 2092 2291
f 2293 2094 2093
f 2293 2093 2292
f 2094 2293 2294
f 2295 2094 2294
f 2095 2094 2295
f 2079 2095 2274
f 2095 2296 2274
f 2095 2295 2296
f 2274 2296 2275
f 2282 2297 2281
f 2281 2297 2283
f 2283 2297 2298
f 2283 2298 2284
f 2284 2298 2299
f 2284 2299 2285
f 2289 2300 2288
f 2288 2300 2290
f 2290 2300 2301
f 2290 2301 2291
f 2291 2301 2302
f 2291 2302 2292
f 2292 2302 2303
f 2292 2303 2293
f 2293 2303 2304
f 2293 2304 2294
f 2305 2096 2097
f 2307 2305 2306
f 2305 2097 2306
f 2098 2308 2306
f 2098 2306 2097
f 2308 2309 2306
f 2310 2100 2101
f 2310 2101 2311
f 2101 2312 2311
f 2101 2102 2312
f 2102 2104 2312
f 2312 2104 2313
f 2315 2314 2305
f 2314 2096 2305
f 2314 2105 2096
f 2098 2106 2308
f 2305 2307 2315
f 2317 2316 2108
f 2108 2316 2106
f 2316 2309 2106
f 2309 2308 2106
f 2319 2318 2317
f 2317 2318 2316
f 2319 2320 2318
f 2321 2109 2110
f 2100 2310 2110
f 2310 2321 2110
f 2310 2322 2321
f 2310 2311 2323
f 2310 2323 2322
f 2112 2313 2104
f 2112 2324 2313
f 2314 2325 2105
f 2105 2325 2113
f 2113 2326 2115
f 2325 2326 2113
f 2108 2115 2317
f 2115 2327 2317
f 2115 2326 2327
f 2317 2327 2319
f 2319 2327 2328
f 2319 2328 2320
f 2329 2116 2321
f 2321 2116 2109
f 2330 2321 2322
f 2329 2321 2330
f 2322 2323 2331
f 2322 2331 2330
f 2118 2324 2112
f 2118 2332 2324
f 2333 2119 2329
f 2329 2119 2116
f 2334 2329 2330
f 2333 2329 2334
f 2330 2331 2335
f 2330 2335 2334
f 2121 2332 2118
f 2121 2336 2332
f 2338 2337 2125
f 2125 2337 2124
f 2339 2125 2126
f 2339 2338 2125
f 2340 2126 2128
f 2340 2339 2126
f 2341 2128 2129
f 2341 2340 2128
f 2129 2119 2333
f 2342 2129 2333
f 2341 2129 2342
f 2342 2333 2334
f 2342 2334 2343
f 2343 2334 2335
f 2131 2345 2344
f 2336 2131 2344
f 2121 2131 2336
f 2345 2346 2344
f 2347 2133 2134
f 2347 2134 2348
f 2134 2349 2348
f 2134 2135 2349
f 2350 2135 2137
f 2350 2349 2135
f 2137 2138 2350
f 2350 2138 2351
f 2352 2140 2141
f 2124 2337 2353
f 2352 2124 2353
f 2354 2352 2353
f 2141 2124 2352
f 2356 2355 2354
f 2356 2354 2353
f 2357 2355 2356
f 2142 2345 2131
f 2142 2144 2345
f 2144 2346 2345
f 2144 2358 2346
f 2360 2359 2347
f 2359 2133 2347
f 2359 2146 2133
f 2360 2347 2348
f 2363 2362 2361
f 2362 2351 2361
f 2351 2149 2361
f 2351 2138 2149
f 2352 2151 2140
f 2151 2352 2153
f 2153 2352 2354
f 2153 2354 2155
f 2155 2354 2355
f 2365 2364 2156
f 2365 2156 2155
f 2357 2365 2155
f 2355 2357 2155
f 2366 2364 2365
f 2367 2358 2144
f 2367 2144 2157
f 2157 2158 2367
f 2367 2158 2368
f 2359 2369 2146
f 2146 2369 2159
f 2159 2370 2160
f 2369 2370 2159
f 2361 2161 2363
f 2161 2370 2363
f 2161 2160 2370
f 2161 2361 2149
f 2371 2165 2164
f 2167 2371 2164
f 2372 2169 2364
f 2364 2169 2156
f 2364 2366 2373
f 2364 2373 2372
f 2170 2368 2158
f 2170 2374 2368
f 2371 2172 2165
f 2172 2371 2167
f 2375 2175 2372
f 2372 2175 2169
f 2372 2373 2376
f 2372 2376 2375
f 2176 2374 2170
f 2176 2377 2374
f 2378 2180 2375
f 2375 2180 2175
f 2375 2376 2379
f 2380 2375 2379
f 2378 2375 2380
f 2381 2380 2379
f 2176 2181 2382
f 2383 2176 2382
f 2377 2176 2383
f 2182 2382 2181
f 2384 2183 2184
f 2186 2384 2184
f 2385 2194 2378
f 2378 2194 2180
f 2386 2378 2380
f 2385 2378 2386
f 2380 2381 2387
f 2380 2387 2386
f 2388 2383 2382
f 2382 2182 2388
f 2182 2389 2388
f 2182 2196 2389
f 2390 2198 2384
f 2384 2198 2183
f 2199 2391 2186
f 2391 2384 2186
f 2391 2390 2384
f 2200 2391 2199
f 2392 2211 2385
f 2385 2211 2194
f 2393 2385 2386
f 2392 2385 2393
f 2386 2387 2394
f 2386 2394 2393
f 2213 2389 2196
f 2213 2395 2389
f 2396 2214 2215
f 2397 2396 2215
f 2397 2215 2198
f 2398 2397 2198
f 2390 2398 2198
f 2398 2390 2391
f 2398 2391 2399
f 2401 2399 2400
f 2400 2399 2216
f 2399 2391 2216
f 2391 2200 2216
f 2217 2400 2216
f 2402 2225 2226
f 2227 2403 2226
f 2226 2403 2402
f 2211 2392 2227
f 2392 2403 2227
f 2392 2404 2403
f 2405 2392 2393
f 2404 2392 2405
f 2393 2394 2406
f 2393 2406 2405
f 2409 2408 2407
f 2408 2395 2407
f 2395 2228 2407
f 2395 2213 2228
f 2410 2230 2231
f 2411 2410 2231
f 2411 2231 2214
f 2412 2411 2214
f 2396 2412 2214
f 2412 2396 2397
f 2401 2400 2413
f 2401 2413 2414
f 2233 2413 2217
f 2217 2413 2400
f 2415 2237 2238
f 2239 2416 2238
f 2238 2416 2415
f 2240 2417 2239
f 2239 2417 2416
f 2225 2402 2240
f 2402 2417 2240
f 2402 2418 2417
f 2419 2402 2403
f 2418 2402 2419
f 2420 2403 2404
f 2419 2403 2420
f 2405 2422 2421
f 2420 2405 2421
f 2404 2405 2420
f 2422 2405 2406
f 2424 2423 2242
f 2424 2242 2243
f 2407 2244 2409
f 2244 2423 2409
f 2244 2242 2423
f 2244 2407 2228
f 2427 2426 2425
f 2425 2428 2427
f 2430 2429 2247
f 2247 2429 2246
f 2431 2247 2248
f 2431 2430 2247
f 2248 2230 2410
f 2432 2248 2410
f 2431 2248 2432
f 2432 2410 2411
f 2433 2414 2413
f 2435 2433 2434
f 2434 2433 2250
f 2433 2413 2250
f 2413 2233 2250
f 2251 2436 2250
f 2250 2436 2434
f 2252 2437 2251
f 2251 2437 2436
f 2253 2438 2252
f 2252 2438 2437
f 2237 2415 2253
f 2415 2438 2253
f 2415 2439 2438
f 2440 2415 2416
f 2439 2415 2440
f 2441 2416 2417
f 2440 2416 2441
f 2418 2443 2442
f 2441 2418 2442
f 2417 2418 2441
f 2443 2418 2419
f 2443 2419 2444
f 2444 2419 2420
f 2444 2420 2445
f 2445 2420 2421
f 2254 2424 2243
f 2254 2446 2424
f 2449 2448 2447
f 2449 2447 2426
f 2447 2425 2426
f 2447 2450 2425
f 2257 2451 2256
f 2451 2425 2256
f 2425 2450 2256
f 2425 2451 2428
f 2257 2246 2429
f 2257 2429 2451
f 2452 2435 2434
f 2452 2434 2436
f 2452 2436 2453
f 2455 2454 2453
f 2436 2455 2453
f 2437 2455 2436
f 2456 2437 2438
f 2455 2437 2456
f 2457 2438 2439
f 2456 2438 2457
f 2458 2439 2440
f 2457 2439 2458
f 2441 2460 2459
f 2458 2441 2459
f 2440 2441 2458
f 2460 2441 2442
f 2261 2446 2254
f 2261 2461 2446
f 2448 2462 2447
f 2447 2462 2450
f 2450 2462 2463
f 2463 2465 2464
f 2463 2464 2262
f 2450 2463 2262
f 2256 2450 2262
f 2466 2263 2262
f 2466 2262 2464
f 2467 2264 2263
f 2467 2263 2466
f 2467 2266 2264
f 2468 2454 2455
f 2468 2455 2456
f 2468 2456 2469
f 2469 2456 2457
f 2469 2457 2470
f 2470 2457 2458
f 2470 2458 2471
f 2471 2458 2459
f 2269 2472 2268
f 2472 2473 2268
f 2473 2261 2268
f 2473 2461 2261
f 2465 2474 2464
f 2464 2474 2466
f 2466 2474 2475
f 2466 2475 2467
f 2467 2475 2476
f 2467 2476 2266
f 2476 2270 2266
f 2476 2477 2270
f 2270 2478 2271
f 2477 2478 2270
f 2273 2271 2478
f 2273 2478 2479
f 2275 2480 2276
f 2481 2277 2276
f 2481 2276 2480
f 2482 2278 2277
f 2482 2277 2481
f 2483 2279 2278
f 2483 2278 2482
f 2484 2280 2279
f 2484 2279 2483
f 2484 2282 2280
f 2285 2485 2472
f 2285 2472 2269
f 2473 2472 2486
f 2472 2487 2486
f 2472 2485 2487
f 2489 2488 2487
f 2487 2488 2486
f 2489 2490 2488
f 2479 2491 2273
f 2273 2491 2286
f 2491 2493 2492
f 2287 2491 2492
f 2286 2491 2287
f 2492 2289 2287
f 2294 2494 2295
f 2495 2296 2295
f 2495 2295 2494
f 2480 2275 2296
f 2495 2480 2296
f 2496 2480 2495
f 2498 2481 2497
f 2481 2496 2497
f 2481 2480 2496
f 2481 2498 2482
f 2482 2498 2499
f 2482 2499 2483
f 2483 2499 2500
f 2483 2500 2484
f 2484 2500 2501
f 2484 2501 2282
f 2501 2297 2282
f 2501 2502 2297
f 2297 2503 2298
f 2502 2503 2297
f 2298 2504 2299
f 2503 2504 2298
f 2285 2299 2485
f 2299 2505 2485
f 2299 2504 2505
f 2485 2505 2487
f 2487 2505 2506
f 2508 2507 2506
f 2507 2487 2506
f 2507 2489 2487
f 2490 2489 2509
f 2489 2510 2509
f 2489 2507 2510
f 2512 2511 2510
f 2510 2511 2509
f 2514 2513 2512
f 2512 2513 2511
f 2514 2515 2513
f 2493 2516 2492
f 2492 2516 2289
f 2516 2300 2289
f 2516 2517 2300
f 2300 2518 2301
f 2517 2518 2300
f 2518 2520 2519
f 2302 2518 2519
f 2301 2518 2302
f 2521 2303 2302
f 2521 2302 2519
f 2522 2304 2303
f 2522 2303 2521
f 2494 2294 2304
f 2522 2494 2304
f 2523 2494 2522
f 2525 2495 2524
f 2495 2523 2524
f 2495 2494 2523
f 2495 2525 2496
f 2496 2525 2526
f 2496 2526 2497
f 2508 2527 2507
f 2529 2528 2527
f 2528 2507 2527
f 2528 2510 2507
f 2510 2530 2512
f 2510 2528 2530
f 2512 2531 2514
f 2512 2530 2531
f 2515 2514 2532
f 2514 2533 2532
f 2514 2531 2533
f 2533 2534 2532
f 2520 2535 2519
f 2519 2535 2521
f 2521 2535 2536
f 2521 2536 2522
f 2522 2536 2537
f 2522 2537 2523
f 2523 2537 2538
f 2523 2538 2524
f 2528 2529 2539
f 2539 2529 2540
f 2528 2541 2530
f 2528 2539 2541
f 2530 2542 2531
f 2530 2541 2542
f 2531 2543 2533
f 2531 2542 2543
f 2534 2533 2544
f 2544 2533 2543
f 2540 2545 2539
f 2547 2546 2545
f 2546 2539 2545
f 2546 2541 2539
f 2541 2548 2542
f 2541 2546 2548
f 2550 2543 2549
f 2543 2548 2549
f 2543 2542 2548
f 2543 2550 2544
f 2546 2547 2551
f 2551 2547 2552
f 2554 2548 2553
f 2548 2551 2553
f 2548 2546 2551
f 2548 2554 2549
f 2552 2555 2551
f 2551 2555 2553
f 2556 2307 2306
f 2558 2556 2557
f 2556 2306 2557
f 2309 2559 2557
f 2309 2557 2306
f 2561 2560 2559
f 2559 2560 2557
f 2561 2562 2560
f 2563 2311 2312
f 2313 2563 2312
f 2565 2564 2315
f 2315 2564 2314
f 2315 2307 2556
f 2566 2315 2556
f 2565 2315 2566
f 2309 2316 2559
f 2556 2558 2566
f 2559 2316 2318
f 2559 2318 2561
f 2568 2567 2320
f 2320 2567 2318
f 2567 2562 2318
f 2562 2561 2318
f 2568 2569 2567
f 2570 2323 2563
f 2563 2323 2311
f 2324 2570 2313
f 2313 2570 2563
f 2325 2314 2571
f 2314 2572 2571
f 2314 2564 2572
f 2325 2571 2573
f 2574 2325 2573
f 2326 2325 2574
f 2326 2575 2327
f 2574 2575 2326
f 2575 2577 2576
f 2328 2575 2576
f 2327 2575 2328
f 2568 2320 2328
f 2576 2568 2328
f 2578 2568 2576
f 2569 2568 2579
f 2579 2568 2578
f 2580 2331 2570
f 2570 2331 2323
f 2332 2580 2324
f 2324 2580 2570
f 2572 2581 2571
f 2571 2581 2573
f 2577 2582 2576
f 2576 2582 2578
f 2578 2582 2583
f 2578 2583 2579
f 2584 2335 2580
f 2580 2335 2331
f 2336 2584 2332
f 2332 2584 2580
f 2586 2585 2338
f 2338 2585 2337
f 2587 2338 2339
f 2587 2586 2338
f 2588 2339 2340
f 2588 2587 2339
f 2589 2340 2341
f 2589 2588 2340
f 2590 2341 2342
f 2590 2589 2341
f 2591 2342 2343
f 2591 2590 2342
f 2343 2335 2584
f 2592 2343 2584
f 2591 2343 2592
f 2592 2584 2336
f 2344 2592 2336
f 2593 2592 2344
f 2344 2346 2593
f 2593 2346 2594
f 2595 2348 2349
f 2350 2596 2349
f 2349 2596 2595
f 2351 2596 2350
f 2585 2597 2337
f 2337 2597 2353
f 2353 2598 2356
f 2597 2598 2353
f 2600 2599 2357
f 2356 2600 2357
f 2598 2600 2356
f 2601 2599 2600
f 2358 2594 2346
f 2358 2602 2594
f 2603 2359 2360
f 2604 2603 2360
f 2604 2360 2348
f 2605 2604 2348
f 2595 2605 2348
f 2363 2606 2362
f 2606 2595 2362
f 2595 2596 2362
f 2606 2605 2595
f 2362 2596 2351
f 2599 2365 2357
f 2366 2365 2599
f 2601 2366 2599
f 2607 2366 2601
f 2608 2602 2358
f 2608 2358 2367
f 2367 2368 2608
f 2608 2368 2609
f 2603 2369 2359
f 2604 2610 2603
f 2610 2369 2603
f 2610 2370 2369
f 2363 2370 2606
f 2606 2370 2610
f 2607 2373 2366
f 2611 2373 2607
f 2374 2609 2368
f 2374 2612 2609
f 2614 2376 2613
f 2376 2611 2613
f 2376 2373 2611
f 2615 2614 2613
f 2377 2612 2374
f 2377 2616 2612
f 2614 2379 2376
f 2618 2617 2381
f 2618 2381 2379
f 2615 2618 2379
f 2614 2615 2379
f 2619 2617 2618
f 2383 2616 2377
f 2383 2620 2616
f 2622 2621 2617
f 2621 2381 2617
f 2621 2387 2381
f 2622 2617 2619
f 2623 2620 2383
f 2623 2383 2388
f 2388 2389 2623
f 2623 2389 2624
f 2626 2394 2625
f 2394 2621 2625
f 2394 2387 2621
f 2627 2626 2625
f 2630 2629 2628
f 2629 2624 2628
f 2624 2395 2628
f 2624 2389 2395
f 2631 2397 2398
f 2399 2632 2398
f 2398 2632 2631
f 2401 2632 2399
f 2633 2406 2626
f 2626 2406 2394
f 2626 2627 2634
f 2626 2634 2633
f 2637 2636 2635
f 2639 2638 2635
f 2639 2635 2636
f 2638 2639 2630
f 2638 2630 2628
f 2409 2638 2628
f 2408 2409 2628
f 2408 2628 2395
f 2640 2411 2412
f 2641 2640 2412
f 2641 2412 2397
f 2642 2641 2397
f 2631 2642 2397
f 2644 2643 2642
f 2631 2644 2642
f 2632 2644 2631
f 2414 2644 2401
f 2401 2644 2632
f 2645 2421 2422
f 2406 2633 2422
f 2633 2645 2422
f 2633 2646 2645
f 2633 2634 2647
f 2633 2647 2646
f 2637 2635 2648
f 2637 2648 2649
f 2424 2648 2423
f 2648 2638 2423
f 2648 2635 2638
f 2423 2638 2409
f 2650 2426 2427
f 2428 2650 2427
f 2651 2429 2430
f 2431 2652 2430
f 2430 2652 2651
f 2652 2431 2653
f 2431 2654 2653
f 2431 2432 2654
f 2432 2411 2640
f 2655 2432 2640
f 2654 2432 2655
f 2655 2640 2641
f 2656 2643 2644
f 2658 2656 2657
f 2657 2656 2433
f 2656 2644 2433
f 2644 2414 2433
f 2435 2657 2433
f 2659 2442 2443
f 2444 2660 2443
f 2443 2660 2659
f 2445 2661 2444
f 2444 2661 2660
f 2421 2645 2445
f 2645 2661 2445
f 2645 2662 2661
f 2646 2664 2663
f 2662 2646 2663
f 2645 2646 2662
f 2664 2646 2647
f 2649 2648 2665
f 2649 2665 2666
f 2446 2665 2424
f 2424 2665 2648
f 2667 2448 2449
f 2426 2650 2449
f 2650 2667 2449
f 2650 2668 2667
f 2451 2669 2428
f 2669 2650 2428
f 2669 2668 2650
f 2670 2669 2451
f 2670 2451 2429
f 2671 2670 2429
f 2651 2671 2429
f 2671 2651 2652
f 2671 2652 2672
f 2672 2652 2653
f 2673 2658 2657
f 2675 2673 2674
f 2674 2673 2452
f 2673 2657 2452
f 2657 2435 2452
f 2453 2676 2452
f 2452 2676 2674
f 2454 2676 2453
f 2677 2459 2460
f 2442 2659 2460
f 2659 2677 2460
f 2659 2678 2677
f 2679 2659 2660
f 2678 2659 2679
f 2661 2681 2680
f 2679 2661 2680
f 2660 2661 2679
f 2681 2661 2662
f 2681 2662 2682
f 2682 2662 2663
f 2683 2666 2665
f 2665 2446 2683
f 2446 2684 2683
f 2446 2461 2684
f 2667 2462 2448
f 2462 2667 2463
f 2463 2667 2668
f 2463 2668 2465
f 2668 2685 2465
f 2668 2669 2685
f 2669 2670 2686
f 2687 2669 2686
f 2685 2669 2687
f 2688 2687 2686
f 2689 2675 2674
f 2689 2674 2676
f 2689 2676 2690
f 2690 2676 2454
f 2468 2690 2454
f 2691 2690 2468
f 2692 2468 2469
f 2692 2691 2468
f 2693 2469 2470
f 2693 2692 2469
f 2694 2470 2471
f 2694 2693 2470
f 2471 2459 2677
f 2695 2471 2677
f 2694 2471 2695
f 2695 2677 2678
f 2695 2678 2696
f 2696 2678 2679
f 2696 2679 2697
f 2697 2679 2680
f 2473 2699 2698
f 2684 2473 2698
f 2461 2473 2684
f 2701 2700 2699
f 2699 2700 2698
f 2701 2702 2700
f 2685 2474 2465
f 2474 2685 2475
f 2475 2685 2687
f 2688 2703 2687
f 2703 2475 2687
f 2703 2476 2475
f 2476 2704 2477
f 2703 2704 2476
f 2704 2706 2705
f 2478 2704 2705
f 2477 2704 2478
f 2705 2479 2478
f 2486 2699 2473
f 2699 2486 2488
f 2699 2488 2701
f 2708 2707 2490
f 2490 2707 2488
f 2707 2702 2488
f 2702 2701 2488
f 2710 2709 2708
f 2708 2709 2707
f 2712 2711 2710
f 2710 2711 2709
f 2714 2713 2712
f 2712 2713 2711
f 2714 2715 2713
f 2706 2716 2705
f 2705 2716 2479
f 2716 2491 2479
f 2716 2717 2491
f 2493 2491 2717
f 2493 2717 2718
f 2497 2719 2498
f 2720 2499 2498
f 2720 2498 2719
f 2721 2500 2499
f 2721 2499 2720
f 2722 2501 2500
f 2722 2500 2721
f 2723 2502 2501
f 2723 2501 2722
f 2724 2503 2502
f 2724 2502 2723
f 2725 2504 2503
f 2725 2503 2724
f 2726 2505 2504
f 2726 2504 2725
f 2727 2506 2505
f 2727 2505 2726
f 2727 2508 2506
f 2509 2708 2490
f 2708 2509 2511
f 2708 2511 2710
f 2710 2511 2513
f 2710 2513 2712
f 2712 2513 2515
f 2728 2712 2515
f 2714 2712 2728
f 2715 2714 2729
f 2714 2730 2729
f 2714 2728 2730
f 2730 2731 2729
f 2718 2732 2493
f 2493 2732 2516
f 2732 2734 2733
f 2517 2732 2733
f 2516 2732 2517
f 2735 2518 2517
f 2735 2517 2733
f 2735 2520 2518
f 2524 2736 2525
f 2737 2526 2525
f 2737 2525 2736
f 2719 2497 2526
f 2737 2719 2526
f 2738 2719 2737
f 2740 2720 2739
f 2720 2738 2739
f 2720 2719 2738
f 2720 2740 2721
f 2721 2740 2741
f 2721 2741 2722
f 2722 2741 2742
f 2722 2742 2723
f 2723 2742 2743
f 2723 2743 2724
f 2724 2743 2744
f 2746 2745 2744
f 2745 2724 2744
f 2745 2725 2724
f 2725 2747 2726
f 2725 2745 2747
f 2726 2748 2727
f 2726 2747 2748
f 2749 2527 2508
f 2727 2749 2508
f 2748 2749 2727
f 2749 2529 2527
f 2532 2728 2515
f 2728 2532 2534
f 2750 2728 2534
f 2730 2728 2750
f 2731 2730 2751
f 2730 2752 2751
f 2730 2750 2752
f 2752 2753 2751
f 2734 2754 2733
f 2733 2754 2735
f 2735 2754 2755
f 2755 2757 2756
f 2755 2756 2535
f 2735 2755 2535
f 2520 2735 2535
f 2758 2536 2535
f 2758 2535 2756
f 2759 2537 2536
f 2759 2536 2758
f 2760 2538 2537
f 2760 2537 2759
f 2736 2524 2538
f 2760 2736 2538
f 2761 2736 2760
f 2736 2762 2737
f 2736 2761 2762
f 2737 2763 2738
f 2737 2762 2763
f 2739 2738 2764
f 2764 2738 2763
f 2745 2746 2765
f 2765 2746 2766
f 2745 2767 2747
f 2745 2765 2767
f 2747 2768 2748
f 2747 2767 2768
f 2748 2769 2749
f 2748 2768 2769
f 2769 2540 2529
f 2769 2529 2749
f 2544 2770 2750
f 2544 2750 2534
f 2750 2771 2752
f 2750 2770 2771
f 2753 2752 2772
f 2772 2752 2771
f 2757 2773 2756
f 2756 2773 2758
f 2758 2773 2774
f 2758 2774 2759
f 2759 2774 2775
f 2777 2776 2775
f 2776 2759 2775
f 2776 2760 2759
f 2760 2778 2761
f 2760 2776 2778
f 2761 2779 2762
f 2761 2778 2779
f 2762 2780 2763
f 2762 2779 2780
f 2764 2763 2781
f 2763 2782 2781
f 2763 2780 2782
f 2784 2783 2782
f 2782 2783 2781
f 2786 2785 2784
f 2784 2785 2783
f 2788 2787 2786
f 2786 2787 2785
f 2790 2789 2788
f 2788 2789 2787
f 2789 2790 2766
f 2790 2765 2766
f 2790 2791 2765
f 2765 2792 2767
f 2765 2791 2792
f 2767 2793 2768
f 2767 2792 2793
f 2768 2794 2769
f 2768 2793 2794
f 2795 2545 2540
f 2769 2795 2540
f 2794 2795 2769
f 2795 2547 2545
f 2549 2796 2550
f 2770 2544 2550
f 2796 2770 2550
f 2797 2770 2796
f 2799 2771 2798
f 2771 2797 2798
f 2771 2770 2797
f 2771 2799 2772
f 2777 2800 2776
f 2776 2800 2778
f 2778 2800 2801
f 2778 2801 2779
f 2779 2801 2802
f 2779 2802 2780
f 2780 2802 2803
f 2805 2804 2803
f 2804 2780 2803
f 2804 2782 2780
f 2782 2806 2784
f 2782 2804 2806
f 2784 2807 2786
f 2784 2806 2807
f 2786 2808 2788
f 2786 2807 2808
f 2788 2809 2790
f 2788 2808 2809
f 2790 2810 2791
f 2790 2809 2810
f 2791 2811 2792
f 2791 2810 2811
f 2792 2812 2793
f 2792 2811 2812
f 2793 2813 2794
f 2793 2812 2813
f 2794 2814 2795
f 2794 2813 2814
f 2814 2552 2547
f 2814 2547 2795
f 2553 2815 2554
f 2796 2549 2554
f 2815 2796 2554
f 2816 2796 2815
f 2796 2817 2797
f 2796 2816 2817
f 2798 2797 2818
f 2818 2797 2817
f 2805 2819 2804
f 2804 2819 2806
f 2806 2819 2820
f 2822 2821 2820
f 2821 2806 2820
f 2821 2807 2806
f 2807 2823 2808
f 2807 2821 2823
f 2808 2824 2809
f 2808 2823 2824
f 2809 2825 2810
f 2809 2824 2825
f 2810 2826 2811
f 2810 2825 2826
f 2811 2827 2812
f 2811 2826 2827
f 2812 2828 2813
f 2812 2827 2828
f 2813 2829 2814
f 2813 2828 2829
f 2830 2555 2552
f 2814 2830 2552
f 2829 2830 2814
f 2815 2553 2555
f 2830 2815 2555
f 2831 2815 2830
f 2833 2816 2832
f 2816 2831 2832
f 2816 2815 2831
f 2816 2833 2817
f 2817 2833 2834
f 2817 2834 2818
f 2822 2835 2821
f 2821 2835 2823
f 2823 2835 2836
f 2823 2836 2824
f 2824 2836 2837
f 2824 2837 2825
f 2825 2837 2838
f 2825 2838 2826
f 2826 2838 2839
f 2826 2839 2827
f 2827 2839 2840
f 2827 2840 2828
f 2828 2840 2841
f 2828 2841 2829
f 2829 2841 2842
f 2829 2842 2830
f 2830 2842 2843
f 2830 2843 2831
f 2831 2843 2844
f 2831 2844 2832
f 2846 2845 2557
f 2557 2845 2558
f 2847 2557 2560
f 2847 2846 2557
f 2560 2562 2847
f 2847 2562 2848
f 2851 2850 2849
f 2564 2565 2849
f 2565 2851 2849
f 2565 2852 2851
f 2853 2565 2566
f 2853 2852 2565
f 2566 2558 2845
f 2566 2845 2853
f 2854 2848 2562
f 2854 2562 2567
f 2567 2569 2854
f 2854 2569 2855
f 2850 2856 2849
f 2572 2564 2849
f 2857 2572 2849
f 2856 2857 2849
f 2572 2857 2858
f 2574 2573 2858
f 2857 2574 2858
f 2859 2574 2857
f 2574 2860 2575
f 2859 2860 2574
f 2577 2575 2860
f 2577 2860 2861
f 2579 2863 2862
f 2855 2579 2862
f 2569 2579 2855
f 2863 2864 2862
f 2858 2581 2572
f 2581 2858 2573
f 2861 2865 2577
f 2577 2865 2582
f 2582 2866 2583
f 2865 2866 2582
f 2583 2866 2579
f 2866 2867 2579
f 2867 2863 2579
f 2867 2866 2868
f 2864 2863 2869
f 2869 2863 2867
f 2870 2585 2586
f 2587 2871 2586
f 2586 2871 2870
f 2868 2872 2867
f 2872 2587 2867
f 2587 2588 2867
f 2587 2872 2871
f 2873 2869 2867
f 2588 2873 2867
f 2589 2873 2588
f 2874 2589 2590
f 2874 2873 2589
f 2875 2590 2591
f 2875 2874 2590
f 2876 2591 2592
f 2876 2875 2591
f 2878 2876 2877
f 2876 2593 2877
f 2876 2592 2593
f 2594 2877 2593
f 2870 2597 2585
f 2597 2870 2598
f 2598 2870 2871
f 2872 2879 2871
f 2879 2598 2871
f 2879 2600 2598
f 2881 2880 2601
f 2600 2881 2601
f 2879 2881 2600
f 2882 2880 2881
f 2883 2878 2877
f 2877 2594 2883
f 2594 2884 2883
f 2594 2602 2884
f 2885 2604 2605
f 2606 2885 2605
f 2886 2607 2880
f 2880 2607 2601
f 2880 2882 2887
f 2880 2887 2886
f 2888 2884 2602
f 2888 2602 2608
f 2608 2609 2888
f 2888 2609 2889
f 2885 2610 2604
f 2610 2885 2606
f 2890 2611 2886
f 2886 2611 2607
f 2886 2887 2891
f 2886 2891 2890
f 2612 2889 2609
f 2612 2892 2889
f 2890 2613 2611
f 2894 2893 2615
f 2894 2615 2613
f 2891 2894 2613
f 2890 2891 2613
f 2895 2893 2894
f 2616 2892 2612
f 2616 2896 2892
f 2893 2618 2615
f 2619 2618 2893
f 2895 2619 2893
f 2897 2619 2895
f 2620 2896 2616
f 2620 2898 2896
f 2899 2621 2622
f 2619 2897 2900
f 2899 2619 2900
f 2901 2899 2900
f 2622 2619 2899
f 2902 2901 2900
f 2620 2623 2903
f 2904 2620 2903
f 2898 2620 2904
f 2624 2903 2623
f 2899 2625 2621
f 2899 2901 2905
f 2627 2899 2905
f 2906 2627 2905
f 2899 2627 2625
f 2905 2901 2902
f 2909 2908 2907
f 2907 2908 2904
f 2907 2904 2903
f 2630 2907 2903
f 2629 2630 2903
f 2629 2903 2624
f 2911 2634 2910
f 2634 2906 2910
f 2634 2627 2906
f 2912 2911 2910
f 2914 2913 2636
f 2914 2636 2637
f 2907 2639 2909
f 2639 2913 2909
f 2639 2636 2913
f 2639 2907 2630
f 2915 2641 2642
f 2643 2915 2642
f 2917 2916 2911
f 2916 2634 2911
f 2916 2647 2634
f 2917 2911 2912
f 2649 2914 2637
f 2649 2918 2914
f 2919 2653 2654
f 2655 2920 2654
f 2654 2920 2919
f 2921 2920 2655
f 2921 2655 2641
f 2922 2921 2641
f 2915 2922 2641
f 2922 2915 2643
f 2656 2922 2643
f 2923 2922 2656
f 2656 2658 2923
f 2923 2658 2924
f 2926 2925 2664
f 2664 2925 2663
f 2664 2647 2916
f 2664 2916 2926
f 2666 2928 2927
f 2918 2666 2927
f 2649 2666 2918
f 2928 2929 2927
f 2930 2670 2671
f 2672 2931 2671
f 2671 2931 2930
f 2653 2919 2672
f 2919 2931 2672
f 2919 2932 2931
f 2933 2919 2920
f 2932 2919 2933
f 2920 2921 2934
f 2920 2934 2933
f 2658 2673 2935
f 2936 2658 2935
f 2924 2658 2936
f 2675 2935 2673
f 2937 2680 2681
f 2682 2938 2681
f 2681 2938 2937
f 2939 2938 2682
f 2663 2939 2682
f 2925 2939 2663
f 2683 2928 2666
f 2941 2940 2684
f 2684 2940 2683
f 2940 2929 2683
f 2929 2928 2683
f 2941 2942 2940
f 2930 2686 2670
f 2686 2930 2688
f 2930 2943 2688
f 2930 2931 2943
f 2944 2931 2932
f 2943 2931 2944
f 2945 2932 2933
f 2944 2932 2945
f 2933 2934 2946
f 2933 2946 2945
f 2947 2936 2935
f 2947 2935 2675
f 2689 2947 2675
f 2948 2947 2689
f 2950 2948 2949
f 2948 2690 2949
f 2948 2689 2690
f 2691 2951 2690
f 2690 2951 2949
f 2692 2952 2691
f 2691 2952 2951
f 2693 2953 2692
f 2692 2953 2952
f 2694 2954 2693
f 2693 2954 2953
f 2695 2955 2694
f 2694 2955 2954
f 2696 2956 2695
f 2695 2956 2955
f 2956 2696 2957
f 2696 2958 2957
f 2696 2697 2958
f 2697 2680 2937
f 2959 2697 2937
f 2958 2697 2959
f 2959 2937 2938
f 2959 2938 2960
f 2960 2938 2939
f 2698 2941 2684
f 2961 2942 2941
f 2698 2961 2941
f 2700 2961 2698
f 2963 2962 2702
f 2962 2700 2702
f 2962 2961 2700
f 2965 2964 2963
f 2963 2964 2962
f 2967 2966 2965
f 2965 2966 2964
f 2967 2968 2966
f 2943 2703 2688
f 2703 2943 2704
f 2704 2943 2944
f 2704 2944 2706
f 2944 2969 2706
f 2944 2945 2969
f 2945 2946 2970
f 2945 2970 2969
f 2971 2950 2949
f 2971 2949 2951
f 2971 2951 2972
f 2972 2951 2952
f 2972 2952 2973
f 2973 2952 2953
f 2973 2953 2974
f 2974 2953 2954
f 2974 2954 2975
f 2975 2954 2955
f 2975 2955 2976
f 2976 2955 2956
f 2976 2956 2977
f 2977 2956 2957
f 2707 2963 2702
f 2963 2707 2709
f 2963 2709 2965
f 2965 2709 2711
f 2965 2711 2967
f 2978 2968 2967
f 2711 2978 2967
f 2713 2978 2711
f 2980 2979 2715
f 2979 2713 2715
f 2979 2978 2713
f 2982 2981 2980
f 2980 2981 2979
f 2982 2983 2981
f 2969 2716 2706
f 2717 2716 2969
f 2984 2717 2969
f 2970 2984 2969
f 2985 2717 2984
f 2985 2718 2717
f 2729 2980 2715
f 2980 2729 2731
f 2986 2980 2731
f 2982 2980 2986
f 2983 2982 2987
f 2982 2988 2987
f 2982 2986 2988
f 2988 2989 2987
f 2985 2984 2990
f 2990 2984 2991
f 2992 2732 2718
f 2985 2992 2718
f 2990 2992 2985
f 2992 2734 2732
f 2739 2993 2740
f 2994 2741 2740
f 2994 2740 2993
f 2995 2742 2741
f 2995 2741 2994
f 2996 2743 2742
f 2996 2742 2995
f 2997 2744 2743
f 2997 2743 2996
f 2997 2746 2744
f 2751 2986 2731
f 2988 2986 2998
f 2986 2753 2998
f 2753 2999 2998
f 2753 2986 2751
f 2988 2998 2989
f 2991 3000 2990
f 3002 3001 3000
f 3001 2990 3000
f 3001 2992 2990
f 3003 2754 2734
f 2992 3003 2734
f 3001 3003 2992
f 3004 2755 2754
f 3004 2754 3003
f 3004 2757 2755
f 2764 3005 2993
f 2764 2993 2739
f 2993 3006 2994
f 2993 3005 3006
f 2994 3007 2995
f 2994 3006 3007
f 2995 3008 2996
f 2995 3007 3008
f 2996 3009 2997
f 2996 3008 3009
f 3009 2766 2746
f 3009 2746 2997
f 2772 2999 2753
f 2772 3010 2999
f 3002 3011 3001
f 3001 3011 3003
f 3003 3011 3012
f 3014 3013 3012
f 3013 3003 3012
f 3013 3004 3003
f 3015 2773 2757
f 3004 3015 2757
f 3013 3015 3004
f 3016 2774 2773
f 3016 2773 3015
f 3017 2775 2774
f 3017 2774 3016
f 3017 2777 2775
f 2781 3005 2764
f 3005 2781 2783
f 3005 2783 3006
f 3006 2783 2785
f 3006 2785 3007
f 3007 2785 2787
f 3007 2787 3008
f 3008 2787 2789
f 3008 2789 3009
f 3009 2789 2766
f 2798 3018 2799
f 3018 3019 2799
f 3019 2772 2799
f 3019 3010 2772
f 3014 3020 3013
f 3013 3020 3015
f 3015 3020 3021
f 3015 3021 3016
f 3016 3021 3022
f 3016 3022 3017
f 3017 3022 3023
f 3017 3023 2777
f 3023 2800 2777
f 3023 3024 2800
f 3024 3026 3025
f 2801 3024 3025
f 2800 3024 2801
f 3027 2802 2801
f 3027 2801 3025
f 3028 2803 2802
f 3028 2802 3027
f 3028 2805 2803
f 3030 3029 3018
f 2798 3030 3018
f 2818 3030 2798
f 3018 3029 3019
f 3026 3031 3025
f 3025 3031 3027
f 3027 3031 3032
f 3027 3032 3028
f 3028 3032 3033
f 3028 3033 2805
f 3033 2819 2805
f 3033 3034 2819
f 2819 3035 2820
f 3034 3035 2819
f 2822 2820 3035
f 2822 3035 3036
f 3038 3037 2833
f 3038 2833 2832
f 2833 3039 2834
f 3037 3039 2833
f 2818 2834 3030
f 3030 2834 3039
f 3036 3040 2822
f 2822 3040 2835
f 2835 3041 2836
f 3040 3041 2835
f 2836 3042 2837
f 3041 3042 2836
f 2837 3043 2838
f 3042 3043 2837
f 3043 3045 3044
f 2839 3043 3044
f 2838 3043 2839
f 2839 3044 3046
f 3047 2839 3046
f 2840 2839 3047
f 2840 3048 2841
f 3047 3048 2840
f 2841 3049 2842
f 3048 3049 2841
f 2842 3050 2843
f 3049 3050 2842
f 2843 3051 2844
f 3050 3051 2843
f 2832 2844 3038
f 3038 2844 3051
f 3045 3052 3044
f 3044 3052 3046
f 3053 2845 2846
f 2847 3054 2846
f 2846 3054 3053
f 2848 3054 2847
f 3056 3055 2851
f 2851 3055 2850
f 3057 2851 2852
f 3057 3056 2851
f 3058 2852 2853
f 3058 3057 2852
f 2853 2845 3053
f 3059 2853 3053
f 3058 2853 3059
f 3059 3053 3054
f 3059 3054 3060
f 3060 3054 2848
f 2854 3060 2848
f 3061 3060 2854
f 3063 3062 2855
f 3062 2854 2855
f 3062 3061 2854
f 3063 3064 3062
f 3067 3066 3065
f 3065 3068 3067
f 3055 3069 2850
f 2850 3069 2856
f 3069 3071 3070
f 2857 3069 3070
f 2856 3069 2857
f 3072 2859 2857
f 3072 2857 3070
f 3073 2860 2859
f 3073 2859 3072
f 3073 2861 2860
f 2862 3063 2855
f 3075 3074 2864
f 2864 3074 2862
f 3074 3064 2862
f 3064 3063 2862
f 3075 3076 3074
f 3065 3066 3077
f 3077 3066 3078
f 3068 3065 3079
f 3065 3080 3079
f 3065 3077 3080
f 3080 3081 3079
f 3071 3082 3070
f 3070 3082 3072
f 3072 3082 3083
f 3085 3084 3083
f 3084 3072 3083
f 3084 3073 3072
f 3073 3084 2861
f 3084 3086 2861
f 3086 2865 2861
f 3084 3087 3086
f 2865 3088 2866
f 3086 3088 2865
f 2868 2866 3088
f 2868 3088 3089
f 2869 3090 3075
f 2869 3075 2864
f 3076 3075 3091
f 3091 3075 3090
f 3077 3078 3092
f 3092 3078 3093
f 3095 3080 3094
f 3080 3092 3094
f 3080 3077 3092
f 3080 3095 3081
f 3085 3096 3084
f 3084 3096 3087
f 3098 2872 3097
f 2872 3089 3097
f 2872 2868 3089
f 2869 2873 3090
f 3098 3097 3099
f 3100 3091 3090
f 2873 3100 3090
f 2874 3100 2873
f 3101 2874 2875
f 3101 3100 2874
f 3102 2875 2876
f 3102 3101 2875
f 3104 3103 2878
f 3103 2876 2878
f 3103 3102 2876
f 3103 3104 3093
f 3104 3092 3093
f 3104 3105 3092
f 3094 3092 3106
f 3106 3092 3105
f 3098 2879 2872
f 3099 3107 3098
f 3107 2879 3098
f 3107 2881 2879
f 2882 2881 3107
f 2882 3107 3108
f 2883 3104 2878
f 3104 2883 2884
f 3109 3104 2884
f 3105 3104 3109
f 3106 3105 3110
f 3110 3105 3109
f 3108 2887 2882
f 3111 2887 3108
f 2888 3109 2884
f 2888 2889 3109
f 2889 3110 3109
f 2889 3112 3110
f 3114 2891 3113
f 2891 3111 3113
f 2891 2887 3111
f 3115 3114 3113
f 2892 3112 2889
f 2892 3116 3112
f 3114 2894 2891
f 2895 2894 3114
f 3115 2895 3114
f 3117 2895 3115
f 2896 3119 3118
f 3116 2896 3118
f 2892 2896 3116
f 3119 3120 3118
f 3122 2897 3121
f 2897 3117 3121
f 2897 2895 3117
f 3123 3122 3121
f 2898 3124 3119
f 2898 3119 2896
f 3120 3119 3125
f 3125 3119 3124
f 3122 2900 2897
f 2902 2900 3122
f 3123 2902 3122
f 3126 2902 3123
f 3128 3127 3124
f 2898 3128 3124
f 2904 3128 2898
f 3124 3127 3125
f 3131 3130 3129
f 3129 3132 3131
f 3133 2906 2905
f 3134 3133 2905
f 2902 3134 2905
f 3126 3134 2902
f 2909 3135 2908
f 3135 3136 2908
f 3136 2904 2908
f 3136 3128 2904
f 3130 3137 3129
f 3129 3137 3132
f 3133 2910 2906
f 2912 2910 3133
f 3134 2912 3133
f 3138 2912 3134
f 2914 3139 2913
f 3139 3140 2913
f 2913 3140 2909
f 3140 3141 2909
f 3141 3135 2909
f 3135 3141 3136
f 3142 2916 2917
f 3143 3142 2917
f 2912 3143 2917
f 3138 3143 2912
f 2918 3144 3139
f 2918 3139 2914
f 3140 3139 3145
f 3145 3139 3144
f 3147 3146 2922
f 2922 3146 2921
f 3148 2922 2923
f 3148 3147 2922
f 2923 2924 3148
f 3148 2924 3149
f 3150 2925 2926
f 3151 3150 2926
f 3151 2926 2916
f 3152 3151 2916
f 3142 3152 2916
f 3152 3142 3143
f 2927 3144 2918
f 3154 3153 2929
f 2929 3153 2927
f 3153 3145 2927
f 3145 3144 2927
f 3154 3155 3153
f 3157 2934 3156
f 2934 3146 3156
f 2934 2921 3146
f 3158 3157 3156
f 2936 3149 2924
f 2936 3159 3149
f 3161 3160 3150
f 3160 2925 3150
f 3160 2939 2925
f 3161 3150 3151
f 2940 3154 2929
f 3163 3162 2942
f 2942 3162 2940
f 3162 3155 2940
f 3155 3154 2940
f 3165 3164 3163
f 3163 3164 3162
f 3167 3166 3165
f 3165 3166 3164
f 3169 3168 3167
f 3167 3168 3166
f 3169 3170 3168
f 3172 3171 3157
f 3171 2934 3157
f 3171 2946 2934
f 3172 3157 3158
f 3173 3159 2936
f 3173 2936 2947
f 3174 2947 2948
f 3174 3173 2947
f 2948 2950 3174
f 3174 2950 3175
f 3176 2957 2958
f 3176 2958 3177
f 2958 3178 3177
f 2958 2959 3178
f 3179 2959 2960
f 3179 3178 2959
f 2960 2939 3160
f 2960 3160 3179
f 2961 3163 2942
f 3163 2961 2962
f 3163 2962 3165
f 3165 2962 2964
f 3165 2964 3167
f 3167 2964 2966
f 3167 2966 3169
f 3181 3180 2968
f 2968 3180 2966
f 3180 3170 2966
f 3170 3169 2966
f 3183 3182 3181
f 3181 3182 3180
f 3185 3184 3183
f 3183 3184 3182
f 3187 3186 3185
f 3185 3186 3184
f 3187 3188 3186
f 3171 2970 2946
f 3189 2970 3171
f 3190 3175 2950
f 3190 2950 2971
f 3191 2971 2972
f 3191 3190 2971
f 3193 3191 3192
f 3191 2973 3192
f 3191 2972 2973
f 3192 2973 3194
f 2973 3195 3194
f 2973 2974 3195
f 3197 3195 3196
f 3195 2975 3196
f 3195 2974 2975
f 3196 2975 3198
f 2975 3199 3198
f 2975 2976 3199
f 3200 2976 2977
f 3200 3199 2976
f 2977 2957 3176
f 3201 2977 3176
f 3200 2977 3201
f 3201 3176 3177
f 2978 3181 2968
f 3181 2978 2979
f 3181 2979 3183
f 3183 2979 2981
f 3183 2981 3185
f 3185 2981 2983
f 3202 3185 2983
f 3187 3185 3202
f 3188 3187 3203
f 3187 3204 3203
f 3187 3202 3204
f 3204 3205 3203
f 3189 2984 2970
f 3206 2984 3189
f 3207 3193 3192
f 3207 3192 3194
f 3208 3197 3196
f 3208 3196 3198
f 2987 3202 2983
f 3204 3202 3209
f 3202 2989 3209
f 2989 3210 3209
f 2989 3202 2987
f 3204 3209 3205
f 3213 3212 3211
f 3206 3213 3211
f 2991 3206 3211
f 2984 3206 2991
f 3215 3214 2998
f 3215 2998 2999
f 2989 2998 3210
f 3210 2998 3214
f 3211 3212 3216
f 3216 3212 3217
f 3218 3000 2991
f 3211 3218 2991
f 3216 3218 3211
f 3218 3002 3000
f 3010 3215 2999
f 3010 3219 3215
f 3217 3220 3216
f 3222 3221 3220
f 3221 3216 3220
f 3221 3218 3216
f 3223 3011 3002
f 3218 3223 3002
f 3221 3223 3218
f 3224 3012 3011
f 3224 3011 3223
f 3224 3014 3012
f 3227 3226 3225
f 3226 3219 3225
f 3219 3019 3225
f 3219 3010 3019
f 3222 3228 3221
f 3221 3228 3223
f 3223 3228 3229
f 3223 3229 3224
f 3224 3229 3230
f 3224 3230 3014
f 3230 3020 3014
f 3230 3231 3020
f 3020 3232 3021
f 3231 3232 3020
f 3021 3233 3022
f 3232 3233 3021
f 3233 3235 3234
f 3023 3233 3234
f 3022 3233 3023
f 3236 3024 3023
f 3236 3023 3234
f 3236 3026 3024
f 3239 3238 3237
f 3237 3238 3227
f 3237 3227 3225
f 3030 3237 3225
f 3029 3030 3225
f 3029 3225 3019
f 3235 3240 3234
f 3234 3240 3236
f 3236 3240 3241
f 3236 3241 3026
f 3241 3031 3026
f 3241 3242 3031
f 3031 3243 3032
f 3242 3243 3031
f 3032 3244 3033
f 3243 3244 3032
f 3033 3245 3034
f 3244 3245 3033
f 3034 3246 3035
f 3245 3246 3034
f 3036 3035 3246
f 3036 3246 3247
f 3249 3248 3037
f 3249 3037 3038
f 3237 3039 3239
f 3039 3248 3239
f 3039 3037 3248
f 3039 3237 3030
f 3247 3250 3036
f 3036 3250 3040
f 3040 3251 3041
f 3250 3251 3040
f 3041 3252 3042
f 3251 3252 3041
f 3042 3253 3043
f 3252 3253 3042
f 3255 3254 3045
f 3043 3255 3045
f 3253 3255 3043
f 3047 3046 3254
f 3255 3047 3254
f 3256 3047 3255
f 3047 3257 3048
f 3256 3257 3047
f 3048 3258 3049
f 3257 3258 3048
f 3049 3259 3050
f 3258 3259 3049
f 3050 3260 3051
f 3259 3260 3050
f 3038 3051 3249
f 3249 3051 3260
f 3254 3052 3045
f 3052 3254 3046
f 3262 3261 3056
f 3056 3261 3055
f 3263 3056 3057
f 3263 3262 3056
f 3264 3057 3058
f 3264 3263 3057
f 3265 3058 3059
f 3265 3264 3058
f 3266 3059 3060
f 3266 3265 3059
f 3267 3060 3061
f 3267 3266 3060
f 3268 3061 3062
f 3268 3267 3061
f 3062 3064 3268
f 3268 3064 3269
f 3272 3271 3270
f 3066 3067 3270
f 3067 3272 3270
f 3067 3273 3272
f 3275 3274 3068
f 3274 3067 3068
f 3274 3273 3067
f 3277 3276 3275
f 3275 3276 3274
f 3277 3278 3276
f 3261 3279 3055
f 3055 3279 3069
f 3071 3069 3279
f 3071 3279 3280
f 3281 3269 3064
f 3281 3064 3074
f 3074 3076 3281
f 3281 3076 3282
f 3270 3271 3283
f 3283 3271 3284
f 3283 3078 3066
f 3283 3066 3270
f 3079 3275 3068
f 3275 3079 3081
f 3285 3275 3081
f 3277 3275 3285
f 3278 3277 3286
f 3277 3287 3286
f 3277 3285 3287
f 3287 3288 3286
f 3280 3289 3071
f 3071 3289 3082
f 3082 3290 3083
f 3289 3290 3082
f 3292 3291 3085
f 3083 3292 3085
f 3290 3292 3083
f 3086 3087 3291
f 3292 3086 3291
f 3293 3086 3292
f 3293 3295 3294
f 3088 3293 3294
f 3086 3293 3088
f 3294 3089 3088
f 3091 3297 3296
f 3282 3091 3296
f 3076 3091 3282
f 3297 3298 3296
f 3283 3284 3299
f 3299 3284 3300
f 3299 3093 3078
f 3299 3078 3283
f 3094 3301 3095
f 3285 3081 3095
f 3301 3285 3095
f 3302 3285 3301
f 3285 3303 3287
f 3285 3302 3303
f 3288 3287 3304
f 3304 3287 3303
f 3291 3096 3085
f 3096 3291 3087
f 3295 3305 3294
f 3294 3305 3089
f 3305 3097 3089
f 3305 3306 3097
f 3099 3097 3306
f 3099 3306 3307
f 3100 3297 3091
f 3308 3298 3297
f 3100 3308 3297
f 3101 3308 3100
f 3309 3101 3102
f 3309 3308 3101
f 3103 3299 3300
f 3309 3103 3300
f 3102 3103 3309
f 3299 3103 3093
f 3106 3310 3301
f 3106 3301 3094
f 3301 3311 3302
f 3301 3310 3311
f 3313 3303 3312
f 3303 3311 3312
f 3303 3302 3311
f 3303 3313 3304
f 3307 3314 3099
f 3099 3314 3107
f 3108 3107 3314
f 3108 3314 3315
f 3110 3316 3310
f 3110 3310 3106
f 3310 3317 3311
f 3310 3316 3317
f 3312 3311 3318
f 3318 3311 3317
f 3315 3111 3108
f 3319 3111 3315
f 3112 3320 3316
f 3112 3316 3110
f 3322 3317 3321
f 3317 3320 3321
f 3317 3316 3320
f 3317 3322 3318
f 3319 3323 3111
f 3111 3323 3113
f 3115 3113 3323
f 3115 3323 3324
f 3116 3325 3320
f 3116 3320 3112
f 3321 3320 3326
f 3326 3320 3325
f 3328 3117 3327
f 3117 3324 3327
f 3117 3115 3324
f 3329 3328 3327
f 3118 3325 3116
f 3118 3120 3325
f 3120 3326 3325
f 3120 3330 3326
f 3328 3121 3117
f 3123 3121 3328
f 3329 3123 3328
f 3331 3123 3329
f 3125 3330 3120
f 3125 3332 3330
f 3331 3126 3123
f 3333 3126 3331
f 3128 3334 3127
f 3334 3335 3127
f 3335 3125 3127
f 3335 3332 3125
f 3336 3130 3131
f 3132 3336 3131
f 3333 3134 3126
f 3337 3134 3333
f 3339 3338 3334
f 3128 3339 3334
f 3136 3339 3128
f 3334 3338 3335
f 3336 3137 3130
f 3137 3336 3132
f 3337 3138 3134
f 3340 3138 3337
f 3140 3341 3141
f 3341 3342 3141
f 3342 3136 3141
f 3342 3339 3136
f 3340 3143 3138
f 3343 3143 3340
f 3145 3344 3341
f 3145 3341 3140
f 3342 3341 3345
f 3341 3346 3345
f 3341 3344 3346
f 3346 3347 3345
f 3348 3146 3147
f 3148 3349 3147
f 3147 3349 3348
f 3149 3349 3148
f 3350 3151 3152
f 3143 3343 3351
f 3350 3143 3351
f 3352 3350 3351
f 3152 3143 3350
f 3353 3352 3351
f 3153 3344 3145
f 3344 3153 3155
f 3354 3344 3155
f 3346 3344 3354
f 3347 3346 3355
f 3346 3356 3355
f 3346 3354 3356
f 3358 3357 3356
f 3356 3357 3355
f 3360 3359 3358
f 3358 3359 3357
f 3362 3361 3360
f 3360 3361 3359
f 3364 3363 3362
f 3362 3363 3361
f 3366 3365 3364
f 3364 3365 3363
f 3368 3367 3366
f 3366 3367 3365
f 3370 3369 3368
f 3368 3369 3367
f 3370 3371 3369
f 3348 3156 3146
f 3156 3348 3158
f 3348 3372 3158
f 3348 3349 3372
f 3159 3372 3149
f 3149 3372 3349
f 3373 3160 3161
f 3151 3350 3161
f 3350 3373 3161
f 3350 3374 3373
f 3352 3376 3375
f 3374 3352 3375
f 3350 3352 3374
f 3376 3352 3353
f 3162 3354 3155
f 3354 3162 3164
f 3354 3164 3356
f 3356 3164 3166
f 3356 3166 3358
f 3358 3166 3168
f 3358 3168 3360
f 3360 3168 3170
f 3377 3360 3170
f 3362 3360 3377
f 3362 3378 3364
f 3362 3377 3378
f 3364 3379 3366
f 3364 3378 3379
f 3366 3380 3368
f 3366 3379 3380
f 3368 3381 3370
f 3368 3380 3381
f 3371 3370 3382
f 3370 3383 3382
f 3370 3381 3383
f 3383 3384 3382
f 3385 3171 3172
f 3386 3385 3172
f 3386 3172 3158
f 3387 3386 3158
f 3372 3387 3158
f 3387 3372 3159
f 3173 3387 3159
f 3388 3387 3173
f 3390 3388 3389
f 3388 3174 3389
f 3388 3173 3174
f 3175 3389 3174
f 3391 3177 3178
f 3391 3178 3392
f 3178 3393 3392
f 3178 3179 3393
f 3179 3160 3373
f 3394 3179 3373
f 3393 3179 3394
f 3394 3373 3374
f 3394 3374 3395
f 3395 3374 3375
f 3180 3377 3170
f 3377 3180 3182
f 3377 3182 3378
f 3378 3182 3184
f 3378 3184 3379
f 3379 3184 3186
f 3379 3186 3380
f 3380 3186 3188
f 3396 3380 3188
f 3381 3380 3396
f 3398 3383 3397
f 3383 3396 3397
f 3383 3381 3396
f 3383 3398 3384
f 3399 3189 3385
f 3385 3189 3171
f 3385 3386 3400
f 3385 3400 3399
f 3401 3390 3389
f 3401 3389 3175
f 3190 3401 3175
f 3402 3401 3190
f 3404 3402 3403
f 3402 3191 3403
f 3402 3190 3191
f 3193 3403 3191
f 3405 3194 3195
f 3197 3405 3195
f 3406 3198 3199
f 3200 3407 3199
f 3199 3407 3406
f 3407 3200 3408
f 3200 3409 3408
f 3200 3201 3409
f 3201 3177 3391
f 3410 3201 3391
f 3409 3201 3410
f 3410 3391 3392
f 3203 3396 3188
f 3203 3205 3396
f 3205 3397 3396
f 3205 3411 3397
f 3413 3412 3399
f 3412 3189 3399
f 3412 3206 3189
f 3413 3399 3400
f 3414 3404 3403
f 3414 3403 3193
f 3207 3414 3193
f 3415 3414 3207
f 3207 3194 3405
f 3416 3207 3405
f 3415 3207 3416
f 3416 3405 3197
f 3208 3416 3197
f 3417 3416 3208
f 3208 3198 3406
f 3418 3208 3406
f 3417 3208 3418
f 3418 3406 3407
f 3418 3407 3419
f 3419 3407 3408
f 3421 3420 3209
f 3421 3209 3210
f 3205 3209 3411
f 3411 3209 3420
f 3423 3422 3213
f 3213 3422 3212
f 3213 3206 3412
f 3213 3412 3423
f 3425 3424 3214
f 3425 3214 3215
f 3210 3214 3421
f 3421 3214 3424
f 3422 3217 3212
f 3426 3217 3422
f 3219 3425 3215
f 3219 3427 3425
f 3220 3217 3428
f 3217 3429 3428
f 3217 3426 3429
f 3428 3222 3220
f 3431 3430 3226
f 3431 3226 3227
f 3219 3226 3427
f 3427 3226 3430
f 3429 3432 3428
f 3432 3434 3433
f 3432 3433 3228
f 3428 3432 3228
f 3222 3428 3228
f 3435 3229 3228
f 3435 3228 3433
f 3436 3230 3229
f 3436 3229 3435
f 3437 3231 3230
f 3437 3230 3436
f 3438 3232 3231
f 3438 3231 3437
f 3439 3233 3232
f 3439 3232 3438
f 3439 3235 3233
f 3441 3440 3238
f 3441 3238 3239
f 3227 3238 3431
f 3431 3238 3440
f 3434 3442 3433
f 3433 3442 3435
f 3435 3442 3443
f 3435 3443 3436
f 3436 3443 3444
f 3436 3444 3437
f 3437 3444 3445
f 3437 3445 3438
f 3438 3445 3446
f 3438 3446 3439
f 3439 3446 3447
f 3439 3447 3235
f 3447 3240 3235
f 3447 3448 3240
f 3240 3449 3241
f 3448 3449 3240
f 3241 3450 3242
f 3449 3450 3241
f 3242 3451 3243
f 3450 3451 3242
f 3243 3452 3244
f 3451 3452 3243
f 3244 3453 3245
f 3452 3453 3244
f 3245 3454 3246
f 3453 3454 3245
f 3456 3455 3247
f 3246 3456 3247
f 3454 3456 3246
f 3457 3455 3456
f 3460 3459 3458
f 3248 3249 3458
f 3459 3248 3458
f 3461 3248 3459
f 3239 3248 3441
f 3441 3248 3461
f 3455 3250 3247
f 3457 3462 3455
f 3462 3250 3455
f 3462 3251 3250
f 3251 3463 3252
f 3462 3463 3251
f 3252 3464 3253
f 3463 3464 3252
f 3253 3465 3255
f 3464 3465 3253
f 3255 3466 3256
f 3465 3466 3255
f 3256 3467 3257
f 3466 3467 3256
f 3257 3468 3258
f 3467 3468 3257
f 3258 3469 3259
f 3468 3469 3258
f 3458 3260 3460
f 3260 3469 3460
f 3260 3259 3469
f 3260 3458 3249
f 3470 3261 3262
f 3263 3471 3262
f 3262 3471 3470
f 3264 3472 3263
f 3263 3472 3471
f 3472 3264 3473
f 3264 3474 3473
f 3264 3265 3474
f 3475 3265 3266
f 3475 3474 3265
f 3476 3266 3267
f 3476 3475 3266
f 3477 3267 3268
f 3477 3476 3267
f 3268 3269 3477
f 3477 3269 3478
f 3481 3480 3479
f 3271 3272 3479
f 3272 3481 3479
f 3272 3482 3481
f 3483 3272 3273
f 3483 3482 3272
f 3484 3273 3274
f 3484 3483 3273
f 3485 3274 3276
f 3485 3484 3274
f 3276 3278 3485
f 3485 3278 3486
f 3488 3279 3487
f 3279 3261 3487
f 3487 3261 3470
f 3489 3487 3470
f 3489 3491 3490
f 3491 3488 3490
f 3280 3490 3488
f 3490 3280 3471
f 3279 3471 3280
f 3471 3279 3491
f 3491 3470 3471
f 3489 3470 3491
f 3491 3279 3488
f 3490 3471 3472
f 3490 3472 3492
f 3492 3472 3473
f 3493 3478 3269
f 3493 3269 3281
f 3495 3494 3282
f 3494 3281 3282
f 3494 3493 3281
f 3497 3496 3495
f 3495 3496 3494
f 3496 3497 3480
f 3497 3479 3480
f 3497 3498 3479
f 3498 3284 3271
f 3498 3271 3479
f 3499 3486 3278
f 3499 3278 3286
f 3286 3288 3499
f 3499 3288 3500
f 3487 3501 3488
f 3488 3501 3280
f 3501 3289 3280
f 3501 3502 3289
f 3502 3504 3503
f 3290 3502 3503
f 3289 3502 3290
f 3290 3503 3505
f 3506 3290 3505
f 3292 3290 3506
f 3506 3508 3507
f 3293 3506 3507
f 3292 3506 3293
f 3507 3295 3293
f 3296 3495 3282
f 3495 3296 3298
f 3509 3495 3298
f 3497 3495 3509
f 3497 3510 3498
f 3497 3509 3510
f 3510 3300 3284
f 3510 3284 3498
f 3304 3500 3288
f 3304 3511 3500
f 3514 3513 3512
f 3512 3515 3514
f 3504 3516 3503
f 3503 3516 3505
f 3508 3517 3507
f 3507 3517 3295
f 3517 3305 3295
f 3517 3518 3305
f 3305 3519 3306
f 3518 3519 3305
f 3307 3306 3519
f 3307 3519 3520
f 3308 3509 3298
f 3509 3308 3309
f 3509 3309 3510
f 3510 3309 3300
f 3312 3521 3313
f 3521 3522 3313
f 3522 3304 3313
f 3522 3511 3304
f 3513 3523 3512
f 3512 3523 3515
f 3520 3524 3307
f 3307 3524 3314
f 3315 3314 3524
f 3315 3524 3525
f 3318 3526 3521
f 3318 3521 3312
f 3522 3521 3527
f 3527 3521 3526
f 3525 3319 3315
f 3528 3319 3525
f 3321 3529 3322
f 3526 3318 3322
f 3529 3526 3322
f 3530 3526 3529
f 3527 3526 3531
f 3526 3532 3531
f 3526 3530 3532
f 3532 3533 3531
f 3528 3534 3319
f 3319 3534 3323
f 3324 3323 3534
f 3324 3534 3535
f 3326 3536 3529
f 3326 3529 3321
f 3529 3537 3530
f 3529 3536 3537
f 3530 3538 3532
f 3530 3537 3538
f 3533 3532 3539
f 3539 3532 3538
f 3535 3540 3324
f 3324 3540 3327
f 3329 3327 3540
f 3329 3540 3541
f 3330 3542 3536
f 3330 3536 3326
f 3536 3543 3537
f 3536 3542 3543
f 3537 3544 3538
f 3537 3543 3544
f 3539 3538 3545
f 3545 3538 3544
f 3541 3331 3329
f 3546 3331 3541
f 3332 3547 3542
f 3332 3542 3330
f 3542 3548 3543
f 3542 3547 3548
f 3543 3549 3544
f 3543 3548 3549
f 3545 3544 3550
f 3550 3544 3549
f 3546 3333 3331
f 3551 3333 3546
f 3335 3552 3547
f 3335 3547 3332
f 3547 3553 3548
f 3547 3552 3553
f 3548 3554 3549
f 3548 3553 3554
f 3550 3549 3555
f 3549 3556 3555
f 3549 3554 3556
f 3556 3557 3555
f 3551 3337 3333
f 3558 3337 3551
f 3339 3559 3338
f 3552 3335 3338
f 3559 3552 3338
f 3560 3552 3559
f 3552 3561 3553
f 3552 3560 3561
f 3553 3562 3554
f 3553 3561 3562
f 3554 3563 3556
f 3554 3562 3563
f 3557 3556 3564
f 3556 3565 3564
f 3556 3563 3565
f 3567 3566 3565
f 3565 3566 3564
f 3569 3568 3567
f 3567 3568 3566
f 3569 3570 3568
f 3558 3340 3337
f 3571 3340 3558
f 3342 3572 3559
f 3342 3559 3339
f 3559 3573 3560
f 3559 3572 3573
f 3560 3574 3561
f 3560 3573 3574
f 3561 3575 3562
f 3561 3574 3575
f 3562 3576 3563
f 3562 3575 3576
f 3563 3577 3565
f 3563 3576 3577
f 3565 3578 3567
f 3565 3577 3578
f 3567 3579 3569
f 3567 3578 3579
f 3570 3569 3580
f 3569 3581 3580
f 3569 3579 3581
f 3581 3582 3580
f 3571 3343 3340
f 3583 3343 3571
f 3345 3572 3342
f 3572 3345 3347
f 3584 3572 3347
f 3573 3572 3584
f 3573 3585 3574
f 3573 3584 3585
f 3574 3586 3575
f 3574 3585 3586
f 3575 3587 3576
f 3575 3586 3587
f 3576 3588 3577
f 3576 3587 3588
f 3577 3589 3578
f 3577 3588 3589
f 3578 3590 3579
f 3578 3589 3590
f 3579 3591 3581
f 3579 3590 3591
f 3582 3581 3592
f 3581 3593 3592
f 3581 3591 3593
f 3593 3594 3592
f 3583 3595 3343
f 3343 3595 3351
f 3353 3351 3595
f 3353 3595 3596
f 3355 3584 3347
f 3584 3355 3357
f 3584 3357 3585
f 3585 3357 3359
f 3585 3359 3586
f 3586 3359 3361
f 3586 3361 3587
f 3587 3361 3363
f 3587 3363 3588
f 3588 3363 3365
f 3588 3365 3589
f 3589 3365 3367
f 3589 3367 3590
f 3590 3367 3369
f 3590 3369 3591
f 3591 3369 3371
f 3597 3591 3371
f 3593 3591 3597
f 3594 3593 3598
f 3598 3593 3597
f 3600 3599 3376
f 3376 3599 3375
f 3376 3353 3596
f 3376 3596 3600
f 3597 3371 3382
f 3603 3602 3601
f 3602 3603 3384
f 3603 3598 3384
f 3597 3382 3384
f 3597 3384 3598
f 3604 3386 3387
f 3388 3605 3387
f 3387 3605 3604
f 3390 3605 3388
f 3606 3392 3393
f 3394 3607 3393
f 3393 3607 3606
f 3607 3394 3608
f 3394 3609 3608
f 3394 3395 3609
f 3395 3375 3599
f 3395 3599 3609
f 3601 3602 3398
f 3397 3601 3398
f 3610 3601 3397
f 3398 3602 3384
f 3612 3611 3604
f 3611 3386 3604
f 3611 3400 3386
f 3614 3613 3612
f 3604 3614 3612
f 3605 3614 3604
f 3401 3615 3390
f 3615 3605 3390
f 3615 3614 3605
f 3402 3616 3401
f 3401 3616 3615
f 3404 3616 3402
f 3618 3617 3409
f 3409 3617 3408
f 3619 3409 3410
f 3619 3618 3409
f 3410 3392 3606
f 3620 3410 3606
f 3619 3410 3620
f 3620 3606 3607
f 3620 3607 3621
f 3621 3607 3608
f 3411 3610 3397
f 3411 3622 3610
f 3624 3623 3413
f 3413 3623 3412
f 3413 3400 3611
f 3413 3611 3624
f 3625 3613 3614
f 3625 3614 3615
f 3625 3615 3626
f 3626 3615 3616
f 3626 3616 3627
f 3627 3616 3404
f 3414 3627 3404
f 3628 3627 3414
f 3629 3414 3415
f 3629 3628 3414
f 3630 3415 3416
f 3630 3629 3415
f 3631 3416 3417
f 3631 3630 3416
f 3632 3417 3418
f 3632 3631 3417
f 3633 3418 3419
f 3633 3632 3418
f 3419 3408 3617
f 3419 3617 3633
f 3635 3634 3420
f 3635 3420 3421
f 3411 3420 3622
f 3622 3420 3634
f 3637 3636 3423
f 3423 3636 3422
f 3423 3412 3623
f 3423 3623 3637
f 3639 3638 3424
f 3639 3424 3425
f 3421 3424 3635
f 3635 3424 3638
f 3636 3426 3422
f 3640 3426 3636
f 3427 3639 3425
f 3427 3641 3639
f 3640 3429 3426
f 3642 3429 3640
f 3644 3643 3430
f 3644 3430 3431
f 3427 3430 3641
f 3641 3430 3643
f 3642 3645 3429
f 3429 3645 3432
f 3434 3432 3645
f 3434 3645 3646
f 3649 3648 3647
f 3440 3441 3647
f 3648 3440 3647
f 3650 3440 3648
f 3431 3440 3644
f 3644 3440 3650
f 3646 3651 3434
f 3434 3651 3442
f 3442 3652 3443
f 3651 3652 3442
f 3443 3653 3444
f 3652 3653 3443
f 3444 3654 3445
f 3653 3654 3444
f 3445 3655 3446
f 3654 3655 3445
f 3446 3656 3447
f 3655 3656 3446
f 3447 3657 3448
f 3656 3657 3447
f 3448 3658 3449
f 3657 3658 3448
f 3449 3659 3450
f 3658 3659 3449
f 3450 3660 3451
f 3659 3660 3450
f 3451 3661 3452
f 3660 3661 3451
f 3452 3662 3453
f 3661 3662 3452
f 3453 3663 3454
f 3662 3663 3453
f 3454 3664 3456
f 3663 3664 3454
f 3666 3665 3457
f 3456 3666 3457
f 3664 3666 3456
f 3668 3667 3665
f 3668 3665 3666
f 3669 3667 3668
f 3672 3671 3670
f 3674 3673 3670
f 3674 3670 3671
f 3459 3460 3673
f 3674 3459 3673
f 3675 3459 3674
f 3647 3461 3649
f 3461 3675 3649
f 3461 3459 3675
f 3461 3647 3441
f 3665 3462 3457
f 3462 3665 3463
f 3463 3665 3667
f 3669 3676 3667
f 3676 3463 3667
f 3676 3464 3463
f 3464 3677 3465
f 3676 3677 3464
f 3465 3678 3466
f 3677 3678 3465
f 3466 3679 3467
f 3678 3679 3466
f 3670 3468 3672
f 3468 3679 3672
f 3468 3467 3679
f 3468 3670 3469
f 3469 3670 3673
f 3469 3673 3460
f 3682 3681 3680
f 3680 3683 3682
f 3685 3684 3474
f 3474 3684 3473
f 3686 3474 3475
f 3686 3685 3474
f 3687 3475 3476
f 3687 3686 3475
f 3477 3680 3681
f 3687 3477 3681
f 3476 3477 3687
f 3689 3688 3478
f 3478 3688 3477
f 3688 3683 3477
f 3683 3680 3477
f 3691 3690 3689
f 3689 3690 3688
f 3691 3692 3690
f 3693 3480 3481
f 3482 3694 3481
f 3481 3694 3693
f 3483 3695 3482
f 3482 3695 3694
f 3484 3696 3483
f 3483 3696 3695
f 3485 3697 3484
f 3484 3697 3696
f 3486 3697 3485
f 3698 3487 3489
f 3698 3489 3699
f 3489 3700 3699
f 3489 3490 3700
f 3701 3490 3492
f 3701 3700 3490
f 3492 3473 3684
f 3492 3684 3701
f 3493 3689 3478
f 3689 3493 3494
f 3689 3494 3691
f 3702 3692 3691
f 3494 3702 3691
f 3496 3702 3494
f 3496 3480 3693
f 3703 3496 3693
f 3702 3496 3703
f 3703 3693 3694
f 3703 3694 3704
f 3704 3694 3695
f 3704 3695 3705
f 3705 3695 3696
f 3705 3696 3706
f 3706 3696 3697
f 3706 3697 3707
f 3709 3707 3708
f 3708 3707 3499
f 3707 3697 3499
f 3697 3486 3499
f 3500 3708 3499
f 3712 3711 3710
f 3712 3698 3713
f 3698 3712 3487
f 3710 3487 3712
f 3487 3710 3501
f 3714 3501 3710
f 3501 3715 3502
f 3715 3698 3502
f 3699 3502 3698
f 3502 3699 3716
f 3713 3716 3699
f 3716 3713 3715
f 3715 3714 3716
f 3501 3714 3715
f 3715 3713 3698
f 3716 3504 3502
f 3718 3717 3506
f 3718 3506 3505
f 3508 3506 3717
f 3508 3717 3719
f 3720 3709 3708
f 3708 3500 3720
f 3500 3721 3720
f 3500 3511 3721
f 3723 3722 3514
f 3514 3722 3513
f 3725 3724 3515
f 3724 3514 3515
f 3724 3723 3514
f 3725 3726 3724
f 3711 3727 3710
f 3710 3727 3714
f 3714 3727 3728
f 3714 3728 3716
f 3716 3728 3729
f 3716 3729 3504
f 3729 3516 3504
f 3729 3730 3516
f 3505 3516 3718
f 3718 3516 3730
f 3719 3731 3508
f 3508 3731 3517
f 3517 3732 3518
f 3731 3732 3517
f 3732 3734 3733
f 3519 3732 3733
f 3518 3732 3519
f 3733 3520 3519
f 3522 3721 3511
f 3522 3735 3721
f 3722 3736 3513
f 3513 3736 3523
f 3515 3523 3725
f 3523 3737 3725
f 3523 3736 3737
f 3725 3737 3726
f 3734 3738 3733
f 3738 3740 3739
f 3738 3739 3524
f 3733 3738 3524
f 3520 3733 3524
f 3739 3525 3524
f 3527 3742 3741
f 3735 3527 3741
f 3522 3527 3735
f 3744 3743 3742
f 3742 3743 3741
f 3744 3745 3743
f 3740 3746 3739
f 3525 3739 3746
f 3747 3525 3746
f 3528 3525 3747
f 3531 3742 3527
f 3742 3531 3533
f 3748 3742 3533
f 3744 3742 3748
f 3745 3744 3749
f 3749 3744 3748
f 3747 3750 3528
f 3528 3750 3534
f 3535 3534 3750
f 3535 3750 3751
f 3539 3752 3748
f 3539 3748 3533
f 3749 3748 3753
f 3748 3754 3753
f 3748 3752 3754
f 3754 3755 3753
f 3540 3535 3756
f 3535 3757 3756
f 3535 3751 3757
f 3756 3541 3540
f 3545 3758 3752
f 3545 3752 3539
f 3752 3759 3754
f 3752 3758 3759
f 3755 3754 3760
f 3760 3754 3759
f 3756 3757 3761
f 3761 3757 3762
f 3761 3546 3541
f 3761 3541 3756
f 3550 3763 3758
f 3550 3758 3545
f 3758 3764 3759
f 3758 3763 3764
f 3760 3759 3765
f 3759 3766 3765
f 3759 3764 3766
f 3766 3767 3765
f 3761 3762 3768
f 3768 3762 3769
f 3768 3551 3546
f 3768 3546 3761
f 3555 3763 3550
f 3763 3555 3557
f 3770 3763 3557
f 3764 3763 3770
f 3764 3771 3766
f 3764 3770 3771
f 3767 3766 3772
f 3766 3773 3772
f 3766 3771 3773
f 3773 3774 3772
f 3769 3775 3768
f 3551 3768 3775
f 3776 3551 3775
f 3558 3551 3776
f 3564 3770 3557
f 3770 3564 3566
f 3770 3566 3771
f 3771 3566 3568
f 3771 3568 3773
f 3778 3777 3570
f 3570 3777 3568
f 3777 3774 3568
f 3774 3773 3568
f 3778 3779 3777
f 3776 3571 3558
f 3780 3571 3776
f 3580 3778 3570
f 3782 3781 3582
f 3582 3781 3580
f 3781 3779 3580
f 3779 3778 3580
f 3782 3783 3781
f 3780 3583 3571
f 3784 3583 3780
f 3782 3582 3592
f 3787 3786 3785
f 3786 3787 3594
f 3787 3783 3594
f 3782 3592 3594
f 3782 3594 3783
f 3784 3788 3583
f 3583 3788 3595
f 3596 3595 3788
f 3596 3788 3789
f 3785 3786 3790
f 3785 3790 3791
f 3598 3790 3594
f 3594 3790 3786
f 3793 3792 3600
f 3600 3792 3599
f 3600 3596 3789
f 3600 3789 3793
f 3791 3790 3603
f 3601 3791 3603
f 3794 3791 3601
f 3603 3790 3598
f 3796 3795 3609
f 3609 3795 3608
f 3609 3599 3792
f 3609 3792 3796
f 3610 3794 3601
f 3610 3797 3794
f 3798 3611 3612
f 3613 3798 3612
f 3800 3799 3618
f 3618 3799 3617
f 3801 3618 3619
f 3801 3800 3618
f 3802 3619 3620
f 3802 3801 3619
f 3803 3620 3621
f 3803 3802 3620
f 3621 3608 3795
f 3621 3795 3803
f 3806 3805 3804
f 3805 3797 3804
f 3797 3622 3804
f 3797 3610 3622
f 3808 3807 3624
f 3624 3807 3623
f 3624 3611 3798
f 3809 3624 3798
f 3808 3624 3809
f 3809 3798 3613
f 3625 3809 3613
f 3810 3809 3625
f 3811 3625 3626
f 3811 3810 3625
f 3812 3626 3627
f 3812 3811 3626
f 3813 3627 3628
f 3813 3812 3627
f 3814 3628 3629
f 3814 3813 3628
f 3815 3629 3630
f 3815 3814 3629
f 3816 3630 3631
f 3816 3815 3630
f 3817 3631 3632
f 3817 3816 3631
f 3818 3632 3633
f 3818 3817 3632
f 3633 3617 3799
f 3633 3799 3818
f 3806 3804 3634
f 3635 3806 3634
f 3819 3806 3635
f 3634 3804 3622
f 3821 3820 3637
f 3637 3820 3636
f 3637 3623 3807
f 3637 3807 3821
f 3823 3822 3638
f 3823 3638 3639
f 3635 3638 3819
f 3819 3638 3822
f 3826 3825 3824
f 3820 3826 3824
f 3640 3820 3824
f 3636 3820 3640
f 3641 3823 3639
f 3641 3827 3823
f 3824 3825 3828
f 3828 3825 3829
f 3828 3642 3640
f 3828 3640 3824
f 3831 3830 3643
f 3831 3643 3644
f 3641 3643 3827
f 3827 3643 3830
f 3829 3832 3828
f 3828 3832 3642
f 3832 3645 3642
f 3832 3833 3645
f 3646 3645 3833
f 3646 3833 3834
f 3837 3836 3835
f 3839 3838 3835
f 3839 3835 3836
f 3841 3840 3838
f 3841 3838 3839
f 3843 3842 3840
f 3843 3840 3841
f 3845 3844 3842
f 3845 3842 3843
f 3847 3846 3844
f 3847 3844 3845
f 3849 3848 3846
f 3849 3846 3847
f 3850 3848 3849
f 3853 3852 3851
f 3648 3649 3851
f 3852 3648 3851
f 3854 3648 3852
f 3648 3855 3650
f 3854 3855 3648
f 3644 3650 3831
f 3831 3650 3855
f 3834 3856 3646
f 3646 3856 3651
f 3651 3857 3652
f 3856 3857 3651
f 3652 3858 3653
f 3857 3858 3652
f 3653 3859 3654
f 3858 3859 3653
f 3654 3860 3655
f 3859 3860 3654
f 3655 3861 3656
f 3860 3861 3655
f 3835 3657 3837
f 3657 3861 3837
f 3657 3656 3861
f 3657 3835 3658
f 3658 3835 3838
f 3658 3838 3659
f 3659 3838 3840
f 3659 3840 3660
f 3660 3840 3842
f 3660 3842 3661
f 3661 3842 3844
f 3661 3844 3662
f 3662 3844 3846
f 3662 3846 3663
f 3663 3846 3848
f 3850 3862 3848
f 3862 3663 3848
f 3862 3664 3663
f 3664 3863 3666
f 3862 3863 3664
f 3666 3864 3668
f 3863 3864 3666
f 3866 3865 3669
f 3668 3866 3669
f 3864 3866 3668
f 3868 3867 3865
f 3868 3865 3866
f 3870 3869 3867
f 3870 3867 3868
f 3872 3871 3869
f 3872 3869 3870
f 3671 3672 3871
f 3872 3671 3871
f 3873 3671 3872
f 3671 3874 3674
f 3873 3874 3671
f 3851 3675 3853
f 3675 3874 3853
f 3675 3674 3874
f 3675 3851 3649
f 3865 3676 3669
f 3676 3865 3677
f 3677 3865 3867
f 3677 3867 3678
f 3678 3867 3869
f 3678 3869 3679
f 3679 3869 3871
f 3679 3871 3672
f 3875 3681 3682
f 3683 3875 3682
f 3877 3876 3685
f 3685 3876 3684
f 3878 3685 3686
f 3878 3877 3685
f 3879 3686 3687
f 3879 3878 3686
f 3687 3681 3875
f 3880 3687 3875
f 3879 3687 3880
f 3882 3880 3881
f 3881 3880 3688
f 3880 3875 3688
f 3875 3683 3688
f 3690 3883 3688
f 3688 3883 3881
f 3692 3883 3690
f 3886 3885 3884
f 3699 3700 3884
f 3700 3886 3884
f 3700 3887 3886
f 3888 3700 3701
f 3888 3887 3700
f 3701 3684 3876
f 3701 3876 3888
f 3889 3882 3881
f 3889 3881 3883
f 3889 3883 3890
f 3890 3883 3692
f 3702 3890 3692
f 3891 3890 3702
f 3892 3702 3703
f 3892 3891 3702
f 3893 3703 3704
f 3893 3892 3703
f 3895 3893 3894
f 3893 3705 3894
f 3893 3704 3705
f 3706 3896 3705
f 3705 3896 3894
f 3707 3897 3706
f 3706 3897 3896
f 3709 3897 3707
f 3900 3899 3898
f 3711 3712 3898
f 3712 3900 3898
f 3712 3901 3900
f 3713 3884 3885
f 3901 3713 3885
f 3712 3713 3901
f 3884 3713 3699
f 3718 3902 3717
f 3902 3719 3717
f 3903 3895 3894
f 3903 3894 3896
f 3903 3896 3904
f 3904 3896 3897
f 3904 3897 3905
f 3907 3905 3906
f 3906 3905 3720
f 3905 3897 3720
f 3897 3709 3720
f 3721 3906 3720
f 3908 3722 3723
f 3908 3723 3909
f 3723 3910 3909
f 3723 3724 3910
f 3911 3898 3726
f 3898 3910 3726
f 3910 3724 3726
f 3898 3899 3910
f 3912 3727 3711
f 3898 3912 3711
f 3911 3912 3898
f 3913 3728 3727
f 3913 3727 3912
f 3914 3729 3728
f 3914 3728 3913
f 3915 3730 3729
f 3915 3729 3914
f 3915 3916 3730
f 3730 3916 3718
f 3916 3917 3718
f 3917 3902 3718
f 3902 3917 3719
f 3917 3731 3719
f 3917 3918 3731
f 3918 3920 3919
f 3732 3918 3919
f 3731 3918 3732
f 3919 3734 3732
f 3921 3907 3906
f 3906 3721 3921
f 3721 3922 3921
f 3721 3735 3922
f 3924 3736 3923
f 3736 3722 3923
f 3923 3722 3908
f 3925 3923 3908
f 3908 3909 3925
f 3927 3924 3926
f 3924 3927 3736
f 3737 3736 3927
f 3726 3737 3911
f 3737 3928 3911
f 3737 3927 3928
f 3911 3928 3912
f 3912 3928 3929
f 3912 3929 3913
f 3913 3929 3930
f 3913 3930 3914
f 3914 3930 3931
f 3914 3931 3915
f 3915 3931 3932
f 3932 3933 3915
f 3933 3934 3915
f 3935 3916 3915
f 3935 3915 3934
f 3934 3936 3935
f 3920 3937 3919
f 3937 3939 3938
f 3937 3938 3738
f 3919 3937 3738
f 3734 3919 3738
f 3938 3740 3738
f 3940 3922 3735
f 3940 3735 3741
f 3941 3741 3743
f 3941 3940 3741
f 3743 3745 3941
f 3941 3745 3942
f 3923 3943 3924
f 3924 3943 3926
f 3933 3944 3934
f 3934 3944 3936
f 3939 3945 3938
f 3945 3947 3946
f 3945 3946 3746
f 3938 3945 3746
f 3740 3938 3746
f 3946 3747 3746
f 3749 3942 3745
f 3749 3948 3942
f 3947 3949 3946
f 3949 3951 3950
f 3949 3950 3750
f 3946 3949 3750
f 3747 3946 3750
f 3950 3751 3750
f 3952 3948 3749
f 3952 3749 3753
f 3753 3755 3952
f 3952 3755 3953
f 3956 3955 3954
f 3954 3957 3956
f 3950 3951 3958
f 3958 3951 3959
f 3958 3757 3751
f 3958 3751 3950
f 3760 3953 3755
f 3760 3960 3953
f 3955 3961 3954
f 3954 3961 3957
f 3958 3959 3962
f 3962 3959 3963
f 3962 3762 3757
f 3962 3757 3958
f 3964 3960 3760
f 3964 3760 3765
f 3765 3767 3964
f 3964 3767 3965
f 3963 3966 3962
f 3762 3962 3966
f 3967 3762 3966
f 3769 3762 3967
f 3968 3965 3767
f 3968 3767 3772
f 3772 3774 3968
f 3968 3774 3969
f 3775 3769 3970
f 3769 3971 3970
f 3769 3967 3971
f 3970 3776 3775
f 3972 3969 3774
f 3972 3774 3777
f 3777 3779 3972
f 3972 3779 3973
f 3971 3974 3970
f 3776 3970 3974
f 3975 3776 3974
f 3780 3776 3975
f 3779 3781 3976
f 3977 3779 3976
f 3973 3779 3977
f 3783 3976 3781
f 3980 3979 3978
f 3975 3980 3978
f 3784 3975 3978
f 3780 3975 3784
f 3983 3982 3981
f 3981 3982 3977
f 3981 3977 3976
f 3785 3981 3976
f 3787 3785 3976
f 3787 3976 3783
f 3979 3984 3978
f 3984 3986 3985
f 3984 3985 3788
f 3978 3984 3788
f 3784 3978 3788
f 3985 3789 3788
f 3983 3981 3987
f 3983 3987 3988
f 3791 3987 3785
f 3785 3987 3981
f 3985 3986 3793
f 3986 3792 3793
f 3986 3989 3792
f 3985 3793 3789
f 3988 3987 3990
f 3988 3990 3991
f 3794 3990 3791
f 3791 3990 3987
f 3993 3992 3796
f 3796 3992 3795
f 3796 3792 3989
f 3796 3989 3993
f 3991 3990 3994
f 3991 3994 3995
f 3797 3994 3794
f 3794 3994 3990
f 3998 3997 3996
f 3996 3999 3998
f 4002 4001 4000
f 3799 3800 4000
f 3800 4002 4000
f 3800 4003 4002
f 4004 3800 3801
f 4004 4003 3800
f 4005 3801 3802
f 4005 4004 3801
f 4006 3802 3803
f 4006 4005 3802
f 3803 3795 3992
f 3803 3992 4006
f 4009 4008 4007
f 4007 4008 3995
f 4007 3995 3994
f 3806 4007 3994
f 3805 3806 3994
f 3805 3994 3797
f 4012 4011 4010
f 3807 3808 4010
f 3808 4012 4010
f 3808 4013 4012
f 3809 3996 3997
f 4013 3809 3997
f 3808 3809 4013
f 4014 3999 3996
f 3809 4014 3996
f 3810 4014 3809
f 4015 3810 3811
f 4015 4014 3810
f 4016 3811 3812
f 4016 4015 3811
f 4017 3812 3813
f 4017 4016 3812
f 4018 3813 3814
f 4018 4017 3813
f 4019 3814 3815
f 4019 4018 3814
f 4020 3815 3816
f 4020 4019 3815
f 4021 3816 3817
f 4021 4020 3816
f 3818 4000 4001
f 4021 3818 4001
f 3817 3818 4021
f 4000 3818 3799
f 4009 4007 4022
f 4009 4022 4023
f 3819 4022 3806
f 3806 4022 4007
f 4026 4025 4024
f 4026 4024 4011
f 4011 4024 4010
f 4024 3820 4010
f 3820 3821 4010
f 4010 3821 3807
f 4023 4022 3822
f 3823 4023 3822
f 4027 4023 3823
f 3822 4022 3819
f 4024 4025 3826
f 4025 3825 3826
f 4025 4028 3825
f 4024 3826 3820
f 3827 4027 3823
f 3827 4029 4027
f 4028 3829 3825
f 4030 3829 4028
f 4033 4032 4031
f 4035 4034 4031
f 4035 4031 4032
f 4037 4036 4034
f 4037 4034 4035
f 4039 4038 4036
f 4039 4036 4037
f 4041 4040 4038
f 4041 4038 4039
f 4043 4042 4040
f 4043 4040 4041
f 4045 4044 4042
f 4045 4042 4043
f 4047 4046 4044
f 4047 4044 4045
f 4048 4046 4047
f 4051 4050 4049
f 4053 4052 4049
f 4053 4049 4050
f 3830 3831 4052
f 4053 3830 4052
f 4054 3830 4053
f 3827 3830 4029
f 4029 3830 4054
f 4030 4055 3829
f 3829 4055 3832
f 3832 4056 3833
f 4055 4056 3832
f 3834 3833 4056
f 3834 4056 4057
f 4060 4059 4058
f 4062 4061 4058
f 4062 4058 4059
f 4064 4063 4061
f 4064 4061 4062
f 4066 4065 4063
f 4066 4063 4064
f 4068 4067 4065
f 4068 4065 4066
f 3836 3837 4067
f 4068 3836 4067
f 4069 3836 4068
f 3836 4070 3839
f 4069 4070 3836
f 3839 4071 3841
f 4070 4071 3839
f 3841 4072 3843
f 4071 4072 3841
f 3843 4073 3845
f 4072 4073 3843
f 3845 4074 3847
f 4073 4074 3845
f 3847 4075 3849
f 4074 4075 3847
f 4077 4076 3850
f 3849 4077 3850
f 4075 4077 3849
f 4076 4077 4033
f 4031 4076 4033
f 4078 4076 4031
f 4079 4031 4034
f 4078 4031 4079
f 4080 4034 4036
f 4079 4034 4080
f 4081 4036 4038
f 4080 4036 4081
f 4082 4038 4040
f 4081 4038 4082
f 4083 4040 4042
f 4082 4040 4083
f 4084 4042 4044
f 4083 4042 4084
f 4085 4044 4046
f 4084 4044 4085
f 4086 3852 3853
f 4046 4086 3853
f 4085 4046 3853
f 4086 4046 4048
f 4049 3854 4051
f 3854 4086 4051
f 3854 3852 4086
f 3854 4049 3855
f 3855 4049 4052
f 3855 4052 3831
f 4057 4087 3834
f 3834 4087 3856
f 4058 3857 4060
f 3857 4087 4060
f 3857 3856 4087
f 3857 4058 3858
f 3858 4058 4061
f 3858 4061 3859
f 3859 4061 4063
f 3859 4063 3860
f 3860 4063 4065
f 3860 4065 3861
f 3861 4065 4067
f 3861 4067 3837
f 4076 3862 3850
f 3862 4076 3863
f 3863 4076 4078
f 3863 4078 3864
f 3864 4078 4079
f 3864 4079 3866
f 3866 4079 4080
f 3866 4080 3868
f 3868 4080 4081
f 3868 4081 3870
f 3870 4081 4082
f 3870 4082 3872
f 3872 4082 4083
f 3872 4083 3873
f 3873 4083 4084
f 3873 4084 3874
f 3874 4084 4085
f 3874 4085 3853
f 4088 3876 3877
f 3878 4089 3877
f 3877 4089 4088
f 3879 4090 3878
f 3878 4090 4089
f 3880 4091 3879
f 3879 4091 4090
f 3882 4091 3880
f 4093 4092 3886
f 3886 4092 3885
f 4094 3886 3887
f 4094 4093 3886
f 4095 3887 3888
f 4095 4094 3887
f 3888 3876 4088
f 4096 3888 4088
f 4095 3888 4096
f 4096 4088 4089
f 4096 4089 4097
f 4097 4089 4090
f 4097 4090 4098
f 4098 4090 4091
f 4098 4091 4099
f 4099 4091 3882
f 3889 4099 3882
f 4100 4099 3889
f 4102 4100 4101
f 4100 3890 4101
f 4100 3889 3890
f 3891 4103 3890
f 3890 4103 4101
f 3892 4104 3891
f 3891 4104 4103
f 3893 4105 3892
f 3892 4105 4104
f 3895 4105 3893
f 4107 4106 3900
f 3900 4106 3899
f 4108 3900 3901
f 4108 4107 3900
f 3901 3885 4092
f 3901 4092 4108
f 4109 4102 4101
f 4109 4101 4103
f 4109 4103 4110
f 4110 4103 4104
f 4110 4104 4111
f 4111 4104 4105
f 4111 4105 4112
f 4112 4105 3895
f 3903 4112 3895
f 4113 4112 3903
f 4114 3903 3904
f 4114 4113 3903
f 4116 4114 4115
f 4114 3905 4115
f 4114 3904 3905
f 3907 4115 3905
f 4117 3909 3910
f 4118 4117 3910
f 3899 4118 3910
f 4106 4118 3899
f 3916 4119 3917
f 4120 3918 3917
f 4120 3917 4119
f 4120 3920 3918
f 4121 4116 4115
f 4121 4115 3907
f 3921 4121 3907
f 4122 4121 3921
f 3921 3922 4122
f 4122 3922 4123
f 4124 3923 3925
f 3925 3909 4124
f 3909 4117 4124
f 3927 3926 4124
f 3927 4124 4117
f 4118 4125 4117
f 4125 3927 4117
f 4125 3928 3927
f 3928 4126 3929
f 4125 4126 3928
f 3929 4127 3930
f 4126 4127 3929
f 3930 4128 3931
f 4127 4128 3930
f 4128 4130 4129
f 3932 4128 4129
f 3931 4128 3932
f 3935 4119 3916
f 3933 3932 4129
f 4119 3935 3936
f 4131 4119 3936
f 4120 4119 4131
f 4132 3937 3920
f 4120 4132 3920
f 4131 4132 4120
f 4132 3939 3937
f 4133 4123 3922
f 4133 3922 3940
f 4135 4133 4134
f 4133 3941 4134
f 4133 3940 3941
f 3942 4134 3941
f 4138 4137 4136
f 4138 4124 4139
f 4124 4138 3923
f 4136 3923 4138
f 3923 4136 3943
f 4140 3943 4136
f 4139 4124 4141
f 4124 3926 4141
f 3943 4140 4141
f 3943 4141 3926
f 4130 4142 4129
f 4129 4142 3933
f 4142 3944 3933
f 4142 4143 3944
f 3944 4143 3936
f 4143 4144 3936
f 4144 4131 3936
f 4144 4143 4145
f 4147 4132 4146
f 4132 4144 4146
f 4132 4131 4144
f 4147 4149 4148
f 4147 4148 3945
f 4132 4147 3945
f 3939 4132 3945
f 4148 3947 3945
f 4150 4135 4134
f 4134 3942 4150
f 3942 4151 4150
f 3942 3948 4151
f 4137 4152 4136
f 4136 4152 4140
f 4140 4152 4153
f 4140 4153 4141
f 4145 4154 4144
f 4144 4154 4146
f 4149 4155 4148
f 4155 4157 4156
f 4155 4156 3949
f 4148 4155 3949
f 3947 4148 3949
f 4156 3951 3949
f 3948 3952 4158
f 4159 3948 4158
f 4151 3948 4159
f 3953 4158 3952
f 4160 3955 3956
f 3957 4160 3956
f 4156 4157 4161
f 4161 4157 4162
f 4161 3959 3951
f 4161 3951 4156
f 4163 4159 4158
f 4158 3953 4163
f 3953 4164 4163
f 3953 3960 4164
f 4160 3961 3955
f 3961 4160 3957
f 4162 4165 4161
f 3959 4161 4165
f 4166 3959 4165
f 3963 3959 4166
f 4167 4164 3960
f 4167 3960 3964
f 3964 3965 4167
f 4167 3965 4168
f 3966 3963 4169
f 3963 4170 4169
f 3963 4166 4170
f 4169 3967 3966
f 4171 4168 3965
f 4171 3965 3968
f 3968 3969 4171
f 4171 3969 4172
f 4170 4173 4169
f 3967 4169 4173
f 4174 3967 4173
f 3971 3967 4174
f 3969 3972 4175
f 4176 3969 4175
f 4172 3969 4176
f 3973 4175 3972
f 3974 3971 4177
f 3971 4178 4177
f 3971 4174 4178
f 4177 3975 3974
f 4176 4175 4179
f 4176 4179 4180
f 3977 4179 3973
f 3973 4179 4175
f 4177 4178 3980
f 4178 3979 3980
f 4178 4181 3979
f 4177 3980 3975
f 4184 4183 4182
f 4182 4183 4180
f 4182 4180 4179
f 3983 4182 4179
f 3982 3983 4179
f 3982 4179 3977
f 4181 4185 3979
f 3979 4185 3984
f 3986 3984 4185
f 3986 4185 4186
f 4189 4188 4187
f 4187 4188 4184
f 4182 4187 4184
f 4190 4187 4182
f 3988 4190 3983
f 3983 4190 4182
f 4186 3989 3986
f 4191 3989 4186
f 4189 4187 4192
f 4189 4192 4193
f 4194 4187 4190
f 4192 4187 4194
f 3991 4194 3988
f 3988 4194 4190
f 4197 4196 4195
f 3992 3993 4195
f 3993 4197 4195
f 3993 4198 4197
f 3993 3989 4191
f 3993 4191 4198
f 4193 4192 4199
f 4193 4199 4200
f 4201 4192 4194
f 4199 4192 4201
f 3995 4201 3991
f 3991 4201 4194
f 4204 4203 4202
f 3997 3998 4202
f 3998 4204 4202
f 3998 4205 4204
f 4207 4206 3999
f 4206 3998 3999
f 4206 4205 3998
f 4207 4208 4206
f 4210 4209 4002
f 4002 4209 4001
f 4211 4002 4003
f 4211 4210 4002
f 4212 4003 4004
f 4212 4211 4003
f 4213 4004 4005
f 4213 4212 4004
f 4006 4195 4196
f 4213 4006 4196
f 4005 4006 4213
f 4195 4006 3992
f 4200 4199 4214
f 4200 4214 4215
f 4009 4214 4008
f 4214 4201 4008
f 4214 4199 4201
f 4008 4201 3995
f 4218 4217 4216
f 4011 4012 4216
f 4012 4218 4216
f 4012 4219 4218
f 4013 4202 4203
f 4219 4013 4203
f 4012 4013 4219
f 4202 4013 3997
f 4014 4207 3999
f 4220 4208 4207
f 4014 4220 4207
f 4015 4220 4014
f 4221 4015 4016
f 4221 4220 4015
f 4222 4016 4017
f 4222 4221 4016
f 4223 4017 4018
f 4223 4222 4017
f 4224 4018 4019
f 4224 4223 4018
f 4225 4019 4020
f 4225 4224 4019
f 4226 4020 4021
f 4226 4225 4020
f 4021 4001 4209
f 4021 4209 4226
f 4227 4215 4214
f 4214 4009 4227
f 4009 4228 4227
f 4009 4023 4228
f 4216 4217 4026
f 4217 4025 4026
f 4217 4229 4025
f 4216 4026 4011
f 4232 4231 4230
f 4234 4233 4230
f 4234 4230 4231
f 4235 4233 4234
f 4027 4228 4023
f 4027 4236 4228
f 4229 4028 4025
f 4237 4028 4229
f 4240 4239 4238
f 4242 4241 4238
f 4242 4238 4239
f 4241 4242 4232
f 4230 4241 4232
f 4243 4241 4230
f 4244 4230 4233
f 4243 4230 4244
f 4233 4235 4245
f 4246 4233 4245
f 4244 4233 4246
f 4248 4247 4246
f 4248 4246 4245
f 4250 4249 4247
f 4250 4247 4248
f 4252 4251 4249
f 4252 4249 4250
f 4254 4253 4251
f 4254 4251 4252
f 4255 4253 4254
f 4258 4257 4256
f 4257 4236 4256
f 4236 4029 4256
f 4236 4027 4029
f 4260 4030 4259
f 4030 4237 4259
f 4030 4028 4237
f 4261 4260 4259
f 4264 4263 4262
f 4266 4265 4262
f 4266 4262 4263
f 4268 4267 4265
f 4268 4265 4266
f 4270 4269 4267
f 4270 4267 4268
f 4272 4271 4269
f 4272 4269 4270
f 4271 4272 4240
f 4238 4271 4240
f 4273 4271 4238
f 4033 4273 4032
f 4273 4241 4032
f 4273 4238 4241
f 4032 4241 4035
f 4035 4241 4243
f 4035 4243 4037
f 4037 4243 4244
f 4037 4244 4039
f 4039 4244 4246
f 4039 4246 4041
f 4041 4246 4247
f 4041 4247 4043
f 4043 4247 4249
f 4043 4249 4045
f 4045 4249 4251
f 4045 4251 4047
f 4047 4251 4253
f 4275 4274 4048
f 4275 4048 4047
f 4255 4275 4047
f 4253 4255 4047
f 4050 4051 4274
f 4275 4050 4274
f 4276 4050 4275
f 4050 4277 4053
f 4276 4277 4050
f 4256 4054 4258
f 4054 4277 4258
f 4054 4053 4277
f 4054 4256 4029
f 4260 4055 4030
f 4261 4278 4260
f 4278 4055 4260
f 4278 4056 4055
f 4280 4279 4057
f 4056 4280 4057
f 4278 4280 4056
f 4059 4060 4279
f 4280 4059 4279
f 4281 4059 4280
f 4059 4282 4062
f 4281 4282 4059
f 4062 4283 4064
f 4282 4283 4062
f 4064 4284 4066
f 4283 4284 4064
f 4066 4285 4068
f 4284 4285 4066
f 4068 4286 4069
f 4285 4286 4068
f 4069 4287 4070
f 4286 4287 4069
f 4262 4071 4264
f 4071 4287 4264
f 4071 4070 4287
f 4071 4262 4072
f 4072 4262 4265
f 4072 4265 4073
f 4073 4265 4267
f 4073 4267 4074
f 4074 4267 4269
f 4074 4269 4075
f 4075 4269 4271
f 4075 4271 4077
f 4077 4271 4273
f 4077 4273 4033
f 4274 4086 4048
f 4086 4274 4051
f 4279 4087 4057
f 4087 4279 4060
f 4288 4092 4093
f 4094 4289 4093
f 4093 4289 4288
f 4289 4094 4290
f 4094 4291 4290
f 4094 4095 4291
f 4292 4095 4096
f 4292 4291 4095
f 4293 4096 4097
f 4293 4292 4096
f 4294 4097 4098
f 4294 4293 4097
f 4296 4294 4295
f 4294 4099 4295
f 4294 4098 4099
f 4100 4297 4099
f 4099 4297 4295
f 4102 4297 4100
f 4298 4106 4107
f 4298 4107 4299
f 4107 4300 4299
f 4107 4108 4300
f 4108 4092 4288
f 4301 4108 4288
f 4300 4108 4301
f 4301 4288 4289
f 4301 4289 4302
f 4302 4289 4290
f 4303 4296 4295
f 4303 4295 4297
f 4303 4297 4304
f 4304 4297 4102
f 4109 4304 4102
f 4305 4304 4109
f 4306 4109 4110
f 4306 4305 4109
f 4307 4110 4111
f 4307 4306 4110
f 4308 4111 4112
f 4308 4307 4111
f 4309 4112 4113
f 4309 4308 4112
f 4311 4309 4310
f 4309 4114 4310
f 4309 4113 4114
f 4116 4310 4114
f 4314 4313 4312
f 4315 4314 4298
f 4314 4118 4298
f 4118 4106 4298
f 4314 4312 4118
f 4315 4298 4299
f 4316 4311 4310
f 4316 4310 4116
f 4121 4316 4116
f 4317 4316 4121
f 4319 4317 4318
f 4317 4122 4318
f 4317 4121 4122
f 4123 4318 4122
f 4313 4320 4312
f 4320 4322 4321
f 4320 4321 4125
f 4312 4320 4125
f 4118 4312 4125
f 4323 4126 4125
f 4323 4125 4321
f 4324 4127 4126
f 4324 4126 4323
f 4325 4128 4127
f 4325 4127 4324
f 4325 4130 4128
f 4326 4319 4318
f 4328 4326 4327
f 4327 4326 4133
f 4326 4318 4133
f 4318 4123 4133
f 4135 4327 4133
f 4329 4137 4138
f 4139 4330 4138
f 4138 4330 4329
f 4141 4330 4139
f 4322 4331 4321
f 4321 4331 4323
f 4323 4331 4332
f 4323 4332 4324
f 4324 4332 4333
f 4324 4333 4325
f 4325 4333 4334
f 4334 4336 4335
f 4334 4335 4142
f 4325 4334 4142
f 4130 4325 4142
f 4337 4143 4142
f 4337 4142 4335
f 4337 4145 4143
f 4146 4338 4147
f 4338 4149 4147
f 4339 4328 4327
f 4341 4339 4340
f 4340 4339 4150
f 4339 4327 4150
f 4327 4135 4150
f 4151 4340 4150
f 4329 4152 4137
f 4152 4329 4153
f 4153 4329 4330
f 4153 4330 4141
f 4344 4343 4342
f 4343 4345 4342
f 4336 4346 4335
f 4348 4347 4346
f 4347 4335 4346
f 4347 4337 4335
f 4349 4154 4145
f 4337 4349 4145
f 4347 4349 4337
f 4338 4146 4154
f 4349 4338 4154
f 4350 4338 4349
f 4351 4155 4149
f 4338 4351 4149
f 4350 4351 4338
f 4351 4157 4155
f 4341 4340 4352
f 4341 4352 4353
f 4159 4352 4151
f 4151 4352 4340
f 4356 4355 4354
f 4358 4357 4354
f 4354 4357 4356
f 4358 4359 4357
f 4344 4360 4343
f 4343 4360 4345
f 4348 4361 4347
f 4347 4361 4349
f 4349 4361 4362
f 4349 4362 4350
f 4350 4362 4363
f 4365 4364 4363
f 4364 4350 4363
f 4364 4351 4350
f 4364 4162 4157
f 4364 4157 4351
f 4366 4353 4352
f 4368 4366 4367
f 4367 4366 4163
f 4366 4352 4163
f 4352 4159 4163
f 4164 4367 4163
f 4355 4369 4354
f 4354 4369 4358
f 4358 4369 4370
f 4358 4370 4359
f 4365 4371 4364
f 4371 4373 4372
f 4371 4372 4165
f 4364 4371 4165
f 4162 4364 4165
f 4372 4166 4165
f 4374 4368 4367
f 4376 4374 4375
f 4375 4374 4167
f 4374 4367 4167
f 4367 4164 4167
f 4168 4375 4167
f 4379 4378 4377
f 4377 4380 4379
f 4373 4381 4372
f 4166 4372 4381
f 4382 4166 4381
f 4170 4166 4382
f 4376 4375 4383
f 4376 4383 4384
f 4171 4385 4168
f 4385 4375 4168
f 4385 4383 4375
f 4172 4385 4171
f 4377 4378 4386
f 4386 4378 4387
f 4380 4377 4388
f 4388 4377 4386
f 4173 4170 4389
f 4170 4390 4389
f 4170 4382 4390
f 4389 4174 4173
f 4384 4383 4391
f 4384 4391 4392
f 4393 4383 4385
f 4391 4383 4393
f 4176 4393 4172
f 4172 4393 4385
f 4387 4394 4386
f 4386 4394 4388
f 4389 4390 4395
f 4395 4390 4396
f 4395 4178 4174
f 4395 4174 4389
f 4399 4398 4397
f 4401 4400 4397
f 4401 4397 4398
f 4400 4401 4392
f 4391 4400 4392
f 4402 4400 4391
f 4403 4391 4393
f 4402 4391 4403
f 4180 4403 4176
f 4176 4403 4393
f 4406 4405 4404
f 4406 4404 4396
f 4404 4395 4396
f 4404 4407 4395
f 4407 4181 4178
f 4407 4178 4395
f 4399 4397 4408
f 4399 4408 4409
f 4410 4397 4400
f 4408 4397 4410
f 4411 4400 4402
f 4410 4400 4411
f 4184 4411 4183
f 4411 4403 4183
f 4411 4402 4403
f 4183 4403 4180
f 4404 4405 4412
f 4412 4405 4413
f 4404 4414 4407
f 4404 4412 4414
f 4415 4185 4181
f 4407 4415 4181
f 4414 4415 4407
f 4415 4186 4185
f 4409 4408 4416
f 4409 4416 4417
f 4418 4408 4410
f 4416 4408 4418
f 4189 4418 4188
f 4418 4411 4188
f 4418 4410 4411
f 4188 4411 4184
f 4421 4420 4419
f 4421 4419 4413
f 4419 4412 4413
f 4419 4422 4412
f 4412 4423 4414
f 4412 4422 4423
f 4414 4424 4415
f 4414 4423 4424
f 4424 4191 4186
f 4424 4186 4415
f 4425 4417 4416
f 4427 4426 4425
f 4416 4427 4425
f 4418 4427 4416
f 4193 4427 4189
f 4189 4427 4418
f 4430 4429 4428
f 4432 4431 4428
f 4428 4431 4430
f 4431 4432 4420
f 4432 4419 4420
f 4432 4433 4419
f 4419 4434 4422
f 4419 4433 4434
f 4434 4196 4197
f 4423 4434 4197
f 4422 4434 4423
f 4423 4197 4198
f 4423 4198 4424
f 4424 4198 4191
f 4426 4427 4435
f 4426 4435 4436
f 4200 4435 4193
f 4193 4435 4427
f 4439 4438 4437
f 4441 4440 4437
f 4437 4440 4439
f 4203 4204 4441
f 4204 4440 4441
f 4204 4442 4440
f 4443 4204 4205
f 4443 4442 4204
f 4444 4205 4206
f 4444 4443 4205
f 4446 4445 4208
f 4445 4206 4208
f 4445 4444 4206
f 4448 4447 4446
f 4446 4447 4445
f 4448 4449 4447
f 4452 4451 4450
f 4454 4453 4450
f 4450 4453 4452
f 4453 4454 4429
f 4429 4454 4428
f 4454 4209 4428
f 4209 4210 4428
f 4428 4210 4211
f 4428 4211 4432
f 4432 4211 4212
f 4432 4212 4433
f 4433 4212 4213
f 4433 4213 4434
f 4196 4434 4213
f 4457 4456 4455
f 4459 4458 4456
f 4459 4456 4457
f 4460 4458 4459
f 4461 4436 4435
f 4435 4200 4461
f 4200 4462 4461
f 4200 4215 4462
f 4465 4464 4463
f 4465 4463 4438
f 4438 4463 4437
f 4463 4217 4437
f 4217 4218 4437
f 4437 4218 4219
f 4437 4219 4441
f 4441 4219 4203
f 4220 4446 4208
f 4446 4220 4221
f 4446 4221 4448
f 4466 4449 4448
f 4221 4466 4448
f 4222 4466 4221
f 4467 4222 4223
f 4467 4466 4222
f 4468 4223 4224
f 4468 4467 4223
f 4225 4450 4451
f 4468 4225 4451
f 4224 4225 4468
f 4450 4225 4226
f 4450 4226 4454
f 4454 4226 4209
f 4471 4470 4469
f 4469 4470 4455
f 4456 4469 4455
f 4472 4469 4456
f 4473 4456 4458
f 4472 4456 4473
f 4458 4460 4474
f 4475 4458 4474
f 4473 4458 4475
f 4477 4476 4475
f 4477 4475 4474
f 4478 4476 4477
f 4215 4227 4479
f 4480 4215 4479
f 4462 4215 4480
f 4228 4479 4227
f 4463 4464 4481
f 4481 4464 4482
f 4481 4229 4217
f 4481 4217 4463
f 4485 4484 4483
f 4483 4484 4471
f 4469 4483 4471
f 4486 4483 4469
f 4487 4469 4472
f 4486 4469 4487
f 4232 4487 4231
f 4487 4473 4231
f 4487 4472 4473
f 4231 4473 4234
f 4234 4473 4475
f 4234 4475 4235
f 4475 4488 4235
f 4475 4476 4488
f 4476 4478 4489
f 4490 4476 4489
f 4488 4476 4490
f 4492 4491 4490
f 4492 4490 4489
f 4494 4493 4491
f 4494 4491 4492
f 4496 4495 4493
f 4496 4493 4494
f 4497 4495 4496
f 4480 4479 4498
f 4480 4498 4499
f 4236 4498 4228
f 4228 4498 4479
f 4482 4500 4481
f 4229 4481 4500
f 4501 4229 4500
f 4237 4229 4501
f 4504 4503 4502
f 4506 4505 4502
f 4506 4502 4503
f 4505 4506 4485
f 4483 4505 4485
f 4507 4505 4483
f 4240 4507 4239
f 4507 4486 4239
f 4507 4483 4486
f 4239 4486 4242
f 4242 4486 4487
f 4242 4487 4232
f 4488 4245 4235
f 4245 4488 4248
f 4248 4488 4490
f 4248 4490 4250
f 4250 4490 4491
f 4250 4491 4252
f 4252 4491 4493
f 4252 4493 4254
f 4254 4493 4495
f 4509 4508 4255
f 4509 4255 4254
f 4497 4509 4254
f 4495 4497 4254
f 4511 4510 4508
f 4511 4508 4509
f 4513 4512 4510
f 4513 4510 4511
f 4512 4513 4499
f 4512 4499 4498
f 4258 4512 4498
f 4257 4258 4498
f 4257 4498 4236
f 4501 4514 4237
f 4237 4514 4259
f 4516 4515 4261
f 4259 4516 4261
f 4514 4516 4259
f 4517 4515 4516
f 4520 4519 4518
f 4522 4521 4518
f 4522 4518 4519
f 4524 4523 4521
f 4524 4521 4522
f 4263 4264 4523
f 4524 4263 4523
f 4525 4263 4524
f 4263 4526 4266
f 4525 4526 4263
f 4502 4268 4504
f 4268 4526 4504
f 4268 4266 4526
f 4268 4502 4270
f 4270 4502 4505
f 4270 4505 4272
f 4272 4505 4507
f 4272 4507 4240
f 4508 4275 4255
f 4275 4508 4276
f 4276 4508 4510
f 4276 4510 4277
f 4277 4510 4512
f 4277 4512 4258
f 4515 4278 4261
f 4517 4527 4515
f 4527 4278 4515
f 4527 4280 4278
f 4280 4528 4281
f 4527 4528 4280
f 4281 4529 4282
f 4528 4529 4281
f 4282 4530 4283
f 4529 4530 4282
f 4283 4531 4284
f 4530 4531 4283
f 4518 4285 4520
f 4285 4531 4520
f 4285 4284 4531
f 4285 4518 4286
f 4286 4518 4521
f 4286 4521 4287
f 4287 4521 4523
f 4287 4523 4264
f 4532 4290 4291
f 4292 4533 4291
f 4291 4533 4532
f 4293 4534 4292
f 4292 4534 4533
f 4294 4535 4293
f 4293 4535 4534
f 4296 4535 4294
f 4536 4299 4300
f 4301 4537 4300
f 4300 4537 4536
f 4302 4538 4301
f 4301 4538 4537
f 4290 4532 4302
f 4532 4538 4302
f 4532 4539 4538
f 4540 4532 4533
f 4539 4532 4540
f 4541 4533 4534
f 4540 4533 4541
f 4542 4534 4535
f 4541 4534 4542
f 4303 4543 4296
f 4543 4535 4296
f 4543 4542 4535
f 4304 4544 4303
f 4303 4544 4543
f 4305 4545 4304
f 4304 4545 4544
f 4306 4546 4305
f 4305 4546 4545
f 4307 4547 4306
f 4306 4547 4546
f 4308 4548 4307
f 4307 4548 4547
f 4309 4549 4308
f 4308 4549 4548
f 4311 4549 4309
f 4550 4313 4314
f 4315 4551 4314
f 4314 4551 4550
f 4552 4551 4315
f 4552 4315 4299
f 4553 4552 4299
f 4536 4553 4299
f 4553 4536 4537
f 4553 4537 4554
f 4554 4537 4538
f 4554 4538 4555
f 4555 4538 4539
f 4555 4539 4556
f 4556 4539 4540
f 4556 4540 4557
f 4557 4540 4541
f 4557 4541 4558
f 4560 4559 4558
f 4541 4560 4558
f 4542 4560 4541
f 4561 4542 4543
f 4560 4542 4561
f 4562 4543 4544
f 4561 4543 4562
f 4545 4564 4563
f 4562 4545 4563
f 4544 4545 4562
f 4564 4545 4546
f 4564 4546 4565
f 4565 4546 4547
f 4565 4547 4566
f 4566 4547 4548
f 4566 4548 4567
f 4567 4548 4549
f 4567 4549 4568
f 4568 4549 4311
f 4316 4568 4311
f 4569 4568 4316
f 4571 4569 4570
f 4569 4317 4570
f 4569 4316 4317
f 4319 4570 4317
f 4573 4320 4572
f 4320 4313 4572
f 4572 4313 4550
f 4574 4572 4550
f 4574 4576 4575
f 4576 4573 4575
f 4322 4575 4573
f 4575 4322 4551
f 4320 4551 4322
f 4551 4320 4576
f 4576 4550 4551
f 4574 4550 4576
f 4576 4320 4573
f 4575 4551 4552
f 4577 4559 4560
f 4577 4560 4561
f 4577 4561 4578
f 4578 4561 4562
f 4578 4562 4579
f 4579 4562 4563
f 4580 4571 4570
f 4582 4580 4581
f 4581 4580 4326
f 4580 4570 4326
f 4570 4319 4326
f 4328 4581 4326
f 4585 4584 4583
f 4585 4583 4572
f 4583 4573 4572
f 4583 4586 4573
f 4587 4331 4322
f 4573 4587 4322
f 4586 4587 4573
f 4331 4587 4588
f 4589 4331 4588
f 4332 4331 4589
f 4332 4590 4333
f 4589 4590 4332
f 4333 4591 4334
f 4590 4591 4333
f 4336 4334 4591
f 4336 4591 4592
f 4593 4582 4581
f 4595 4593 4594
f 4594 4593 4339
f 4593 4581 4339
f 4581 4328 4339
f 4341 4594 4339
f 4584 4596 4583
f 4598 4597 4596
f 4344 4596 4597
f 4596 4344 4583
f 4342 4583 4344
f 4583 4342 4586
f 4599 4597 4598
f 4597 4599 4345
f 4587 4345 4599
f 4345 4587 4342
f 4586 4342 4587
f 4587 4599 4588
f 4346 4336 4600
f 4336 4601 4600
f 4336 4592 4601
f 4600 4348 4346
f 4595 4594 4602
f 4595 4602 4603
f 4353 4602 4341
f 4341 4602 4594
f 4604 4355 4356
f 4357 4605 4356
f 4356 4605 4604
f 4359 4605 4357
f 4597 4360 4344
f 4360 4597 4345
f 4601 4606 4600
f 4600 4606 4348
f 4606 4361 4348
f 4606 4607 4361
f 4607 4609 4608
f 4362 4607 4608
f 4361 4607 4362
f 4610 4363 4362
f 4610 4362 4608
f 4610 4365 4363
f 4603 4602 4611
f 4603 4611 4612
f 4366 4613 4353
f 4613 4602 4353
f 4613 4611 4602
f 4368 4613 4366
f 4615 4369 4614
f 4369 4355 4614
f 4614 4355 4604
f 4616 4614 4604
f 4616 4605 4617
f 4605 4616 4604
f 4618 4370 4615
f 4369 4615 4370
f 4617 4605 4619
f 4359 4619 4605
f 4619 4359 4620
f 4370 4620 4359
f 4620 4370 4618
f 4622 4621 4620
f 4620 4621 4619
f 4622 4623 4621
f 4609 4624 4608
f 4626 4625 4624
f 4625 4608 4624
f 4625 4610 4608
f 4627 4371 4365
f 4610 4627 4365
f 4625 4627 4610
f 4627 4373 4371
f 4630 4629 4628
f 4628 4629 4612
f 4611 4628 4612
f 4631 4628 4611
f 4632 4611 4613
f 4631 4611 4632
f 4374 4633 4368
f 4633 4613 4368
f 4633 4632 4613
f 4376 4633 4374
f 4635 4634 4379
f 4379 4634 4378
f 4636 4615 4380
f 4615 4635 4380
f 4635 4379 4380
f 4615 4614 4635
f 4615 4637 4618
f 4615 4636 4637
f 4618 4638 4620
f 4618 4637 4638
f 4640 4622 4639
f 4622 4638 4639
f 4622 4620 4638
f 4622 4640 4623
f 4626 4641 4625
f 4643 4642 4641
f 4642 4625 4641
f 4642 4627 4625
f 4644 4381 4373
f 4627 4644 4373
f 4642 4644 4627
f 4644 4382 4381
f 4647 4646 4645
f 4649 4648 4645
f 4649 4645 4646
f 4648 4649 4630
f 4628 4648 4630
f 4650 4648 4628
f 4651 4628 4631
f 4650 4628 4651
f 4652 4631 4632
f 4651 4631 4652
f 4653 4632 4633
f 4652 4632 4653
f 4384 4653 4376
f 4376 4653 4633
f 4634 4387 4378
f 4654 4387 4634
f 4388 4655 4636
f 4388 4636 4380
f 4636 4656 4637
f 4636 4655 4656
f 4658 4638 4657
f 4638 4656 4657
f 4638 4637 4656
f 4638 4658 4639
f 4642 4643 4659
f 4659 4643 4660
f 4642 4661 4644
f 4642 4659 4661
f 4661 4390 4382
f 4661 4382 4644
f 4664 4663 4662
f 4662 4663 4647
f 4645 4662 4647
f 4665 4662 4645
f 4666 4645 4648
f 4665 4645 4666
f 4667 4648 4650
f 4666 4648 4667
f 4668 4650 4651
f 4667 4650 4668
f 4669 4651 4652
f 4668 4651 4669
f 4670 4652 4653
f 4669 4652 4670
f 4392 4670 4384
f 4384 4670 4653
f 4394 4387 4671
f 4387 4672 4671
f 4387 4654 4672
f 4655 4388 4394
f 4671 4655 4394
f 4673 4655 4671
f 4655 4674 4656
f 4655 4673 4674
f 4657 4656 4675
f 4675 4656 4674
f 4659 4660 4676
f 4676 4660 4677
f 4659 4678 4661
f 4659 4676 4678
f 4678 4396 4390
f 4678 4390 4661
f 4664 4662 4679
f 4664 4679 4680
f 4681 4662 4665
f 4679 4662 4681
f 4682 4665 4666
f 4681 4665 4682
f 4683 4666 4667
f 4682 4666 4683
f 4684 4667 4668
f 4683 4667 4684
f 4399 4684 4398
f 4684 4669 4398
f 4684 4668 4669
f 4398 4669 4401
f 4401 4669 4670
f 4401 4670 4392
f 4672 4685 4671
f 4687 4686 4685
f 4686 4671 4685
f 4686 4673 4671
f 4689 4674 4688
f 4674 4686 4688
f 4674 4673 4686
f 4674 4689 4675
f 4676 4677 4690
f 4690 4677 4691
f 4690 4405 4406
f 4678 4690 4406
f 4676 4690 4678
f 4678 4406 4396
f 4692 4680 4679
f 4692 4679 4681
f 4692 4681 4693
f 4695 4694 4693
f 4681 4695 4693
f 4682 4695 4681
f 4696 4682 4683
f 4695 4682 4696
f 4697 4683 4684
f 4696 4683 4697
f 4409 4697 4399
f 4399 4697 4684
f 4686 4687 4698
f 4698 4687 4699
f 4688 4686 4700
f 4686 4701 4700
f 4686 4698 4701
f 4701 4702 4700
f 4705 4704 4703
f 4705 4703 4691
f 4703 4690 4691
f 4703 4706 4690
f 4706 4413 4405
f 4706 4405 4690
f 4707 4694 4695
f 4709 4708 4707
f 4695 4709 4707
f 4696 4709 4695
f 4710 4696 4697
f 4709 4696 4710
f 4417 4710 4409
f 4409 4710 4697
f 4699 4711 4698
f 4713 4712 4711
f 4712 4698 4711
f 4712 4701 4698
f 4702 4701 4714
f 4701 4715 4714
f 4701 4712 4715
f 4717 4716 4715
f 4715 4716 4714
f 4717 4718 4716
f 4721 4720 4719
f 4721 4719 4704
f 4719 4703 4704
f 4719 4722 4703
f 4722 4420 4421
f 4706 4722 4421
f 4703 4722 4706
f 4706 4421 4413
f 4723 4708 4709
f 4725 4724 4723
f 4709 4725 4723
f 4710 4725 4709
f 4425 4726 4417
f 4726 4710 4417
f 4726 4725 4710
f 4426 4726 4425
f 4729 4728 4727
f 4731 4730 4727
f 4727 4730 4729
f 4731 4732 4730
f 4713 4733 4712
f 4712 4733 4715
f 4715 4733 4734
f 4736 4735 4734
f 4735 4715 4734
f 4735 4717 4715
f 4718 4717 4737
f 4737 4717 4735
f 4740 4739 4738
f 4742 4741 4738
f 4738 4741 4740
f 4744 4743 4742
f 4742 4743 4741
f 4744 4745 4743
f 4748 4747 4746
f 4750 4749 4746
f 4746 4749 4748
f 4749 4750 4720
f 4720 4750 4719
f 4750 4429 4719
f 4429 4430 4719
f 4719 4430 4431
f 4719 4431 4722
f 4722 4431 4420
f 4753 4752 4751
f 4755 4754 4751
f 4755 4751 4752
f 4757 4756 4754
f 4757 4754 4755
f 4759 4758 4756
f 4759 4756 4757
f 4760 4758 4759
f 4761 4724 4725
f 4763 4762 4761
f 4725 4763 4761
f 4726 4763 4725
f 4436 4763 4426
f 4426 4763 4726
f 4766 4765 4764
f 4766 4764 4728
f 4764 4727 4728
f 4764 4767 4727
f 4767 4438 4439
f 4731 4767 4439
f 4727 4767 4731
f 4768 4732 4731
f 4439 4768 4731
f 4440 4768 4439
f 4769 4440 4442
f 4769 4768 4440
f 4770 4442 4443
f 4770 4769 4442
f 4444 4735 4736
f 4770 4444 4736
f 4443 4444 4770
f 4771 4737 4735
f 4444 4771 4735
f 4445 4771 4444
f 4447 4738 4739
f 4771 4447 4739
f 4445 4447 4771
f 4738 4447 4449
f 4772 4738 4449
f 4742 4738 4772
f 4742 4773 4744
f 4742 4772 4773
f 4745 4744 4774
f 4744 4775 4774
f 4744 4773 4775
f 4774 4775 4747
f 4747 4775 4746
f 4775 4451 4746
f 4451 4452 4746
f 4746 4452 4453
f 4746 4453 4750
f 4750 4453 4429
f 4778 4777 4776
f 4780 4779 4776
f 4780 4776 4777
f 4779 4780 4753
f 4751 4779 4753
f 4781 4779 4751
f 4455 4781 4457
f 4781 4754 4457
f 4781 4751 4754
f 4457 4754 4459
f 4459 4754 4756
f 4459 4756 4460
f 4756 4782 4460
f 4756 4758 4782
f 4758 4760 4783
f 4784 4758 4783
f 4782 4758 4784
f 4785 4784 4783
f 4762 4763 4786
f 4762 4786 4787
f 4461 4788 4436
f 4788 4763 4436
f 4788 4786 4763
f 4462 4788 4461
f 4765 4789 4764
f 4790 4464 4465
f 4764 4790 4465
f 4767 4764 4465
f 4789 4790 4764
f 4767 4465 4438
f 4466 4772 4449
f 4772 4466 4467
f 4772 4467 4773
f 4773 4467 4468
f 4773 4468 4775
f 4775 4468 4451
f 4793 4792 4791
f 4791 4792 4778
f 4776 4791 4778
f 4794 4791 4776
f 4795 4776 4779
f 4794 4776 4795
f 4471 4795 4470
f 4795 4781 4470
f 4795 4779 4781
f 4470 4781 4455
f 4782 4474 4460
f 4474 4782 4477
f 4477 4782 4784
f 4797 4796 4478
f 4797 4478 4477
f 4785 4797 4477
f 4784 4785 4477
f 4799 4798 4796
f 4799 4796 4797
f 4801 4800 4798
f 4801 4798 4799
f 4802 4800 4801
f 4787 4786 4803
f 4787 4803 4804
f 4805 4786 4788
f 4803 4786 4805
f 4480 4805 4462
f 4462 4805 4788
f 4807 4482 4806
f 4482 4790 4806
f 4482 4464 4790
f 4808 4807 4806
f 4811 4810 4809
f 4809 4810 4793
f 4791 4809 4793
f 4812 4809 4791
f 4813 4791 4794
f 4812 4791 4813
f 4485 4813 4484
f 4813 4795 4484
f 4813 4794 4795
f 4484 4795 4471
f 4796 4489 4478
f 4489 4796 4492
f 4492 4796 4798
f 4492 4798 4494
f 4494 4798 4800
f 4802 4814 4800
f 4814 4494 4800
f 4814 4496 4494
f 4816 4815 4497
f 4496 4816 4497
f 4814 4816 4496
f 4815 4816 4804
f 4803 4815 4804
f 4817 4815 4803
f 4818 4803 4805
f 4817 4803 4818
f 4499 4818 4480
f 4480 4818 4805
f 4807 4500 4482
f 4820 4819 4501
f 4820 4501 4500
f 4808 4820 4500
f 4807 4808 4500
f 4821 4819 4820
f 4824 4823 4822
f 4826 4825 4822
f 4826 4822 4823
f 4828 4827 4825
f 4828 4825 4826
f 4827 4828 4811
f 4809 4827 4811
f 4829 4827 4809
f 4504 4829 4503
f 4829 4812 4503
f 4829 4809 4812
f 4503 4812 4506
f 4506 4812 4813
f 4506 4813 4485
f 4815 4509 4497
f 4509 4815 4511
f 4511 4815 4817
f 4511 4817 4513
f 4513 4817 4818
f 4513 4818 4499
f 4819 4514 4501
f 4821 4830 4819
f 4830 4514 4819
f 4830 4516 4514
f 4832 4831 4517
f 4516 4832 4517
f 4830 4832 4516
f 4834 4833 4831
f 4834 4831 4832
f 4836 4835 4833
f 4836 4833 4834
f 4838 4837 4835
f 4838 4835 4836
f 4840 4839 4837
f 4840 4837 4838
f 4519 4520 4839
f 4840 4519 4839
f 4841 4519 4840
f 4822 4522 4824
f 4522 4841 4824
f 4522 4519 4841
f 4522 4822 4524
f 4524 4822 4825
f 4524 4825 4525
f 4525 4825 4827
f 4525 4827 4526
f 4526 4827 4829
f 4526 4829 4504
f 4831 4527 4517
f 4527 4831 4528
f 4528 4831 4833
f 4528 4833 4529
f 4529 4833 4835
f 4529 4835 4530
f 4530 4835 4837
f 4530 4837 4531
f 4531 4837 4839
f 4531 4839 4520
f 4842 4552 4553
f 4554 4843 4553
f 4553 4843 4842
f 4555 4844 4554
f 4554 4844 4843
f 4556 4845 4555
f 4555 4845 4844
f 4557 4846 4556
f 4556 4846 4845
f 4558 4847 4557
f 4557 4847 4846
f 4559 4847 4558
f 4848 4563 4564
f 4848 4564 4849
f 4564 4850 4849
f 4564 4565 4850
f 4851 4565 4566
f 4851 4850 4565
f 4853 4851 4852
f 4851 4567 4852
f 4851 4566 4567
f 4568 4854 4567
f 4567 4854 4852
f 4569 4855 4568
f 4568 4855 4854
f 4571 4855 4569
f 4856 4572 4574
f 4575 4857 4574
f 4574 4857 4856
f 4552 4842 4575
f 4842 4857 4575
f 4842 4858 4857
f 4859 4842 4843
f 4858 4842 4859
f 4844 4861 4860
f 4859 4844 4860
f 4843 4844 4859
f 4863 4862 4861
f 4844 4863 4861
f 4845 4863 4844
f 4864 4845 4846
f 4863 4845 4864
f 4865 4846 4847
f 4864 4846 4865
f 4865 4847 4559
f 4866 4865 4559
f 4577 4866 4559
f 4867 4865 4866
f 4868 4577 4578
f 4868 4866 4577
f 4869 4578 4579
f 4869 4868 4578
f 4579 4563 4848
f 4870 4579 4848
f 4869 4579 4870
f 4870 4848 4849
f 4871 4853 4852
f 4871 4852 4854
f 4871 4854 4872
f 4874 4873 4872
f 4854 4874 4872
f 4855 4874 4854
f 4580 4875 4571
f 4875 4855 4571
f 4875 4874 4855
f 4582 4875 4580
f 4876 4584 4585
f 4572 4856 4585
f 4856 4876 4585
f 4856 4877 4876
f 4878 4856 4857
f 4877 4856 4878
f 4879 4589 4588
f 4881 4880 4858
f 4878 4858 4880
f 4858 4878 4857
f 4881 4859 4882
f 4859 4881 4858
f 4883 4590 4879
f 4589 4879 4590
f 4590 4884 4591
f 4884 4859 4591
f 4860 4591 4859
f 4591 4860 4885
f 4882 4885 4860
f 4885 4882 4884
f 4884 4883 4885
f 4590 4883 4884
f 4884 4882 4859
f 4863 4886 4862
f 4592 4591 4885
f 4886 4863 4864
f 4886 4864 4887
f 4887 4864 4865
f 4887 4865 4888
f 4888 4865 4867
f 4889 4873 4874
f 4891 4890 4889
f 4874 4891 4889
f 4875 4891 4874
f 4593 4892 4582
f 4892 4875 4582
f 4892 4891 4875
f 4595 4892 4593
f 4876 4596 4584
f 4596 4876 4598
f 4598 4876 4877
f 4598 4893 4599
f 4893 4598 4894
f 4877 4894 4598
f 4894 4877 4895
f 4878 4895 4877
f 4880 4895 4878
f 4893 4588 4599
f 4588 4893 4879
f 4896 4879 4893
f 4879 4897 4883
f 4879 4896 4897
f 4883 4898 4885
f 4883 4897 4898
f 4898 4601 4592
f 4898 4592 4885
f 4890 4891 4899
f 4890 4899 4900
f 4901 4891 4892
f 4899 4891 4901
f 4603 4901 4595
f 4595 4901 4892
f 4904 4903 4902
f 4906 4905 4902
f 4902 4905 4904
f 4908 4907 4906
f 4906 4907 4905
f 4907 4908 4894
f 4908 4893 4894
f 4908 4909 4893
f 4893 4910 4896
f 4893 4909 4910
f 4912 4897 4911
f 4897 4910 4911
f 4897 4896 4910
f 4914 4913 4912
f 4913 4897 4912
f 4913 4898 4897
f 4915 4606 4601
f 4898 4915 4601
f 4913 4915 4898
f 4916 4607 4606
f 4916 4606 4915
f 4916 4609 4607
f 4919 4918 4917
f 4917 4918 4900
f 4899 4917 4900
f 4920 4917 4899
f 4921 4899 4901
f 4920 4899 4921
f 4612 4921 4603
f 4603 4921 4901
f 4923 4922 4616
f 4616 4922 4614
f 4924 4616 4617
f 4924 4923 4616
f 4619 4902 4903
f 4924 4619 4903
f 4617 4619 4924
f 4902 4619 4621
f 4902 4621 4906
f 4906 4621 4623
f 4925 4906 4623
f 4908 4906 4925
f 4908 4926 4909
f 4908 4925 4926
f 4928 4910 4927
f 4910 4926 4927
f 4910 4909 4926
f 4928 4929 4910
f 4929 4930 4910
f 4931 4911 4910
f 4931 4910 4930
f 4931 4930 4914
f 4930 4913 4914
f 4930 4932 4913
f 4913 4933 4915
f 4913 4932 4933
f 4915 4934 4916
f 4915 4933 4934
f 4935 4624 4609
f 4916 4935 4609
f 4934 4935 4916
f 4935 4626 4624
f 4938 4937 4936
f 4940 4939 4936
f 4940 4936 4937
f 4939 4940 4919
f 4917 4939 4919
f 4941 4939 4917
f 4942 4917 4920
f 4941 4917 4942
f 4630 4942 4629
f 4942 4921 4629
f 4942 4920 4921
f 4629 4921 4612
f 4944 4943 4635
f 4635 4943 4634
f 4635 4614 4922
f 4635 4922 4944
f 4639 4945 4640
f 4925 4623 4640
f 4945 4925 4640
f 4946 4925 4945
f 4948 4926 4947
f 4926 4946 4947
f 4926 4925 4946
f 4948 4949 4926
f 4949 4950 4926
f 4951 4927 4926
f 4951 4926 4950
f 4953 4952 4950
f 4952 4930 4950
f 4929 4951 4950
f 4929 4950 4930
f 4930 4952 4932
f 4932 4952 4954
f 4932 4954 4933
f 4933 4954 4955
f 4933 4955 4934
f 4934 4955 4956
f 4958 4957 4956
f 4957 4934 4956
f 4957 4935 4934
f 4959 4641 4626
f 4935 4959 4626
f 4957 4959 4935
f 4959 4643 4641
f 4938 4936 4960
f 4938 4960 4961
f 4962 4936 4939
f 4960 4936 4962
f 4647 4962 4646
f 4962 4941 4646
f 4962 4939 4941
f 4646 4941 4649
f 4649 4941 4942
f 4649 4942 4630
f 4965 4964 4963
f 4967 4966 4963
f 4963 4966 4965
f 4943 4966 4967
f 4654 4943 4967
f 4634 4943 4654
f 4657 4968 4658
f 4945 4639 4658
f 4968 4945 4658
f 4969 4945 4968
f 4945 4970 4946
f 4945 4969 4970
f 4947 4946 4971
f 4971 4946 4970
f 4949 4972 4950
f 4950 4972 4953
f 4957 4958 4973
f 4973 4958 4974
f 4957 4975 4959
f 4957 4973 4975
f 4975 4660 4643
f 4975 4643 4959
f 4978 4977 4976
f 4976 4977 4961
f 4960 4976 4961
f 4979 4976 4960
f 4664 4979 4663
f 4979 4962 4663
f 4979 4960 4962
f 4663 4962 4647
f 4963 4964 4980
f 4980 4964 4981
f 4963 4982 4967
f 4963 4980 4982
f 4982 4672 4654
f 4982 4654 4967
f 4675 4983 4968
f 4675 4968 4657
f 4968 4984 4969
f 4968 4983 4984
f 4969 4985 4970
f 4969 4984 4985
f 4971 4970 4986
f 4986 4970 4985
f 4973 4974 4987
f 4987 4974 4988
f 4973 4989 4975
f 4973 4987 4989
f 4989 4677 4660
f 4989 4660 4975
f 4978 4976 4990
f 4978 4990 4991
f 4992 4976 4979
f 4990 4976 4992
f 4680 4992 4664
f 4664 4992 4979
f 4980 4981 4993
f 4993 4981 4994
f 4980 4995 4982
f 4980 4993 4995
f 4996 4685 4672
f 4982 4996 4672
f 4995 4996 4982
f 4996 4687 4685
f 4688 4997 4689
f 4983 4675 4689
f 4997 4983 4689
f 4998 4983 4997
f 4983 4999 4984
f 4983 4998 4999
f 4984 5000 4985
f 4984 4999 5000
f 4986 4985 5001
f 5001 4985 5000
f 4987 4988 5002
f 5002 4988 5003
f 4987 5004 4989
f 4987 5002 5004
f 5004 4691 4677
f 5004 4677 4989
f 4991 4990 5005
f 4991 5005 5006
f 5007 4990 4992
f 5005 4990 5007
f 4692 5008 4680
f 5008 4992 4680
f 5008 5007 4992
f 4693 5009 4692
f 4692 5009 5008
f 4694 5009 4693
f 4993 4994 5010
f 5010 4994 5011
f 5013 4995 5012
f 4995 5010 5012
f 4995 4993 5010
f 4995 5013 4996
f 4996 5013 5014
f 4687 4996 5014
f 5015 4687 5014
f 4699 4687 5015
f 4700 4997 4688
f 4997 4700 4702
f 5016 4997 4702
f 4998 4997 5016
f 4998 5017 4999
f 4998 5016 5017
f 4999 5018 5000
f 4999 5017 5018
f 5001 5000 5019
f 5000 5020 5019
f 5000 5018 5020
f 5022 5021 5020
f 5020 5021 5019
f 5022 5023 5021
f 5026 5025 5024
f 5026 5024 5003
f 5024 5002 5003
f 5024 5027 5002
f 5027 4704 4705
f 5004 5027 4705
f 5002 5027 5004
f 5004 4705 4691
f 5030 5029 5028
f 5032 5031 5028
f 5032 5028 5029
f 5031 5032 5006
f 5005 5031 5006
f 5033 5031 5005
f 5034 5005 5007
f 5033 5005 5034
f 5035 5007 5008
f 5034 5007 5035
f 5036 5008 5009
f 5035 5008 5036
f 4707 5037 4694
f 5037 5009 4694
f 5037 5036 5009
f 4708 5037 4707
f 5010 5011 5038
f 5038 5011 5039
f 5012 5010 5040
f 5010 5041 5040
f 5010 5038 5041
f 5041 5042 5040
f 5015 5043 4699
f 4699 5043 4711
f 5045 5044 4713
f 4711 5045 4713
f 5043 5045 4711
f 4702 4714 5016
f 5044 5045 5046
f 5016 4714 4716
f 5016 4716 5017
f 5017 4716 4718
f 5047 5017 4718
f 5018 5017 5047
f 5018 5048 5020
f 5018 5047 5048
f 5020 5049 5022
f 5020 5048 5049
f 5023 5022 5050
f 5022 5051 5050
f 5022 5049 5051
f 5053 5052 5051
f 5051 5052 5050
f 5055 5054 5053
f 5053 5054 5052
f 5054 5055 5025
f 5055 5024 5025
f 5055 5056 5024
f 5056 4720 4721
f 5027 5056 4721
f 5024 5056 5027
f 5027 4721 4704
f 5059 5058 5057
f 5057 5058 5030
f 5028 5057 5030
f 5060 5057 5028
f 5061 5028 5031
f 5060 5028 5061
f 5062 5031 5033
f 5061 5031 5062
f 5063 5033 5034
f 5062 5033 5063
f 5064 5034 5035
f 5063 5034 5064
f 5065 5035 5036
f 5064 5035 5065
f 5066 5036 5037
f 5065 5036 5066
f 4723 5067 4708
f 5067 5037 4708
f 5067 5066 5037
f 4724 5067 4723
f 5038 5039 5068
f 5068 5039 5069
f 5068 4728 4729
f 5041 5068 4729
f 5038 5068 5041
f 4729 4730 5041
f 4730 5070 5041
f 5070 5042 5041
f 4730 5071 5070
f 4732 5071 4730
f 5044 4733 4713
f 5046 5072 5044
f 5072 4733 5044
f 5072 4734 4733
f 4736 4734 5072
f 4736 5072 5073
f 4737 5074 5047
f 4737 5047 4718
f 5074 4739 4740
f 5048 5074 4740
f 5047 5074 5048
f 5048 4740 4741
f 5048 4741 5049
f 5049 4741 4743
f 5049 4743 5051
f 5051 4743 4745
f 5075 5051 4745
f 5053 5051 5075
f 5075 4747 4748
f 5055 5075 4748
f 5053 5075 5055
f 5055 4748 4749
f 5055 4749 5056
f 4720 5056 4749
f 5078 5077 5076
f 5080 5079 5077
f 5080 5077 5078
f 5082 5081 5079
f 5082 5079 5080
f 5081 5082 5059
f 5081 5059 5057
f 4753 5081 5057
f 4752 4753 5057
f 4752 5057 4755
f 4755 5057 5060
f 4755 5060 4757
f 4757 5060 5061
f 4757 5061 4759
f 4759 5061 5062
f 4759 5062 4760
f 5062 5083 4760
f 5062 5063 5083
f 5084 5063 5064
f 5083 5063 5084
f 5085 5064 5065
f 5084 5064 5085
f 5086 5065 5066
f 5085 5065 5086
f 5087 5066 5067
f 5086 5066 5087
f 4761 5088 4724
f 5088 5067 4724
f 5088 5087 5067
f 4762 5088 4761
f 5090 5089 5069
f 5089 4765 5069
f 4766 5068 5069
f 4766 5069 4765
f 5092 5091 5090
f 5092 5068 5091
f 5068 5092 4728
f 5093 4728 5092
f 4728 5093 4766
f 5091 4766 5093
f 5093 5089 5091
f 5091 5089 5090
f 5068 4766 5091
f 5093 5092 5070
f 5071 5093 5070
f 5094 5093 5071
f 4768 5095 4732
f 5095 5071 4732
f 5095 5094 5071
f 5095 4768 5096
f 4768 5097 5096
f 4768 4769 5097
f 5098 4769 4770
f 5098 5097 4769
f 4770 4736 5073
f 4770 5073 5098
f 4771 5074 4737
f 5074 4771 4739
f 4774 5075 4745
f 5075 4774 4747
f 5101 5100 5099
f 5099 5100 5076
f 5077 5099 5076
f 5102 5099 5077
f 4778 5102 4777
f 5102 5079 4777
f 5102 5077 5079
f 4777 5079 4780
f 4780 5079 5081
f 4780 5081 4753
f 5083 4783 4760
f 4783 5083 4785
f 5083 5103 4785
f 5083 5084 5103
f 5104 5084 5085
f 5103 5084 5104
f 5105 5085 5086
f 5104 5085 5105
f 5106 5086 5087
f 5105 5086 5106
f 5107 5087 5088
f 5106 5087 5107
f 4787 5107 4762
f 4762 5107 5088
f 5089 4789 4765
f 4789 5089 4790
f 5089 5108 4790
f 5089 5093 5108
f 5109 5093 5094
f 5108 5093 5109
f 5095 5111 5110
f 5109 5095 5110
f 5094 5095 5109
f 5111 5095 5096
f 5114 5113 5112
f 5112 5113 5101
f 5099 5112 5101
f 5115 5112 5099
f 4793 5115 4792
f 5115 5102 4792
f 5115 5099 5102
f 4792 5102 4778
f 5103 4797 4785
f 4797 5103 4799
f 4799 5103 5104
f 4799 5104 4801
f 4801 5104 5105
f 4801 5105 4802
f 5105 5116 4802
f 5105 5106 5116
f 5117 5106 5107
f 5116 5106 5117
f 4804 5117 4787
f 4787 5117 5107
f 5108 4806 4790
f 4806 5108 4808
f 5108 5118 4808
f 5108 5109 5118
f 5109 5110 5119
f 5120 5109 5119
f 5118 5109 5120
f 5122 5121 5120
f 5122 5120 5119
f 5123 5121 5122
f 5126 5125 5124
f 5128 5127 5124
f 5128 5124 5125
f 5130 5129 5127
f 5130 5127 5128
f 5132 5131 5129
f 5132 5129 5130
f 5134 5133 5131
f 5134 5131 5132
f 5136 5135 5133
f 5136 5133 5134
f 5135 5136 5114
f 5112 5135 5114
f 5137 5135 5112
f 4811 5137 4810
f 5137 5115 4810
f 5137 5112 5115
f 4810 5115 4793
f 5116 4814 4802
f 4814 5116 4816
f 4816 5116 5117
f 4816 5117 4804
f 5118 4820 4808
f 4820 5118 4821
f 5118 5138 4821
f 5118 5120 5138
f 5139 5120 5121
f 5138 5120 5139
f 5121 5123 5140
f 5141 5121 5140
f 5139 5121 5141
f 5141 5140 5126
f 5124 5141 5126
f 5142 5141 5124
f 5143 5124 5127
f 5142 5124 5143
f 5144 5127 5129
f 5143 5127 5144
f 5145 5129 5131
f 5144 5129 5145
f 4824 5145 4823
f 5145 5133 4823
f 5145 5131 5133
f 4823 5133 4826
f 4826 5133 5135
f 4826 5135 4828
f 4828 5135 5137
f 4828 5137 4811
f 5138 4830 4821
f 4830 5138 4832
f 4832 5138 5139
f 4832 5139 4834
f 4834 5139 5141
f 4834 5141 4836
f 4836 5141 5142
f 4836 5142 4838
f 4838 5142 5143
f 4838 5143 4840
f 4840 5143 5144
f 4840 5144 4841
f 4841 5144 5145
f 4841 5145 4824
f 5146 4849 4850
f 4851 5147 4850
f 4850 5147 5146
f 4853 5147 4851
f 5148 4860 4861
f 4862 5148 4861
f 5149 4867 4866
f 5149 4866 5150
f 4866 5151 5150
f 4866 4868 5151
f 5152 4868 4869
f 5152 5151 4868
f 5153 4869 4870
f 5153 5152 4869
f 4870 4849 5146
f 5154 4870 5146
f 5153 4870 5154
f 5154 5146 5147
f 5154 5147 5155
f 5157 5155 5156
f 5156 5155 4871
f 5155 5147 4871
f 5147 4853 4871
f 4872 5158 4871
f 4871 5158 5156
f 4873 5158 4872
f 5159 4880 4881
f 4882 5160 4881
f 4881 5160 5159
f 4860 5148 4882
f 5148 5160 4882
f 5148 5161 5160
f 4886 5162 4862
f 5162 5148 4862
f 5162 5161 5148
f 5162 4886 5163
f 4886 5164 5163
f 4886 4887 5164
f 5165 4887 4888
f 5165 5164 4887
f 4888 4867 5149
f 5166 4888 5149
f 5165 4888 5166
f 5166 5149 5150
f 5167 5157 5156
f 5169 5168 5167
f 5156 5169 5167
f 5158 5169 5156
f 4889 5170 4873
f 5170 5158 4873
f 5170 5169 5158
f 4890 5170 4889
f 5171 4894 4895
f 4880 5159 4895
f 5159 5171 4895
f 5159 5172 5171
f 5160 5174 5173
f 5172 5160 5173
f 5159 5160 5172
f 5174 5160 5161
f 5174 5161 5175
f 5175 5161 5162
f 5175 5162 5176
f 5176 5162 5163
f 5179 5178 5177
f 5177 5178 5168
f 5169 5177 5168
f 5180 5177 5169
f 5181 5169 5170
f 5180 5169 5181
f 4900 5181 4890
f 4890 5181 5170
f 5182 4903 4904
f 4905 5183 4904
f 4904 5183 5182
f 4907 5184 4905
f 4905 5184 5183
f 5185 5184 4907
f 5185 4907 4894
f 5186 5185 4894
f 5171 5186 4894
f 5186 5171 5172
f 5186 5172 5187
f 4912 4911 5188
f 5172 5173 5187
f 5188 4914 4912
f 5191 5190 5189
f 5189 5190 5179
f 5177 5189 5179
f 5192 5189 5177
f 5193 5177 5180
f 5192 5177 5193
f 4919 5193 4918
f 5193 5181 4918
f 5193 5180 5181
f 4918 5181 4900
f 5195 5194 4923
f 4923 5194 4922
f 5196 4923 4924
f 5196 5195 4923
f 4924 4903 5182
f 5197 4924 5182
f 5196 4924 5197
f 5197 5182 5183
f 5197 5183 5198
f 5198 5183 5184
f 5198 5184 5199
f 5199 5184 5185
f 4927 5200 4928
f 4931 5188 4911
f 4929 4928 5200
f 5188 4931 4914
f 5203 5202 5201
f 5201 5202 5191
f 5189 5201 5191
f 5204 5201 5189
f 4938 5204 4937
f 5204 5192 4937
f 5204 5189 5192
f 4937 5192 4940
f 4940 5192 5193
f 4940 5193 4919
f 5206 5205 4944
f 4944 5205 4943
f 4944 4922 5194
f 4944 5194 5206
f 4947 5207 4948
f 4951 5200 4927
f 4949 4948 5207
f 4929 5200 4951
f 4952 4953 5208
f 5209 4954 4952
f 5209 4952 5208
f 5210 4955 4954
f 5210 4954 5209
f 5211 4956 4955
f 5211 4955 5210
f 5211 4958 4956
f 5203 5201 5212
f 5203 5212 5213
f 5214 5201 5204
f 5212 5201 5214
f 4961 5214 4938
f 4938 5214 5204
f 5215 4964 4965
f 4966 5216 4965
f 4965 5216 5215
f 5217 5216 4966
f 4943 5217 4966
f 5205 5217 4943
f 4971 5218 5207
f 4971 5207 4947
f 5219 4972 4949
f 5207 5219 4949
f 5218 5219 5207
f 5208 4953 4972
f 5219 5208 4972
f 5220 5208 5219
f 5208 5221 5209
f 5208 5220 5221
f 5209 5222 5210
f 5209 5221 5222
f 5210 5223 5211
f 5210 5222 5223
f 5223 4974 4958
f 5223 4958 5211
f 5213 5212 5224
f 5213 5224 5225
f 4978 5224 4977
f 5224 5214 4977
f 5224 5212 5214
f 4977 5214 4961
f 5226 4981 5215
f 5215 4981 4964
f 5227 5215 5216
f 5226 5215 5227
f 5216 5217 5228
f 5216 5228 5227
f 5230 5229 5218
f 4971 5230 5218
f 4986 5230 4971
f 5218 5229 5219
f 5219 5229 5231
f 5233 5232 5231
f 5232 5219 5231
f 5232 5220 5219
f 5220 5234 5221
f 5220 5232 5234
f 5221 5235 5222
f 5221 5234 5235
f 5222 5236 5223
f 5222 5235 5236
f 5236 4988 4974
f 5236 4974 5223
f 5239 5238 5237
f 5237 5238 5225
f 5224 5237 5225
f 5240 5237 5224
f 4991 5240 4978
f 4978 5240 5224
f 5241 4994 5226
f 5226 4994 4981
f 5242 5226 5227
f 5241 5226 5242
f 5227 5228 5243
f 5244 5227 5243
f 5242 5227 5244
f 5245 5244 5243
f 5001 5247 5246
f 5230 5001 5246
f 4986 5001 5230
f 5249 5248 5247
f 5247 5248 5246
f 5248 5249 5233
f 5249 5232 5233
f 5249 5250 5232
f 5232 5251 5234
f 5232 5250 5251
f 5234 5252 5235
f 5234 5251 5252
f 5235 5253 5236
f 5235 5252 5253
f 5253 5003 4988
f 5253 4988 5236
f 5256 5255 5254
f 5254 5255 5239
f 5237 5254 5239
f 5257 5254 5237
f 5258 5237 5240
f 5257 5237 5258
f 5006 5258 4991
f 4991 5258 5240
f 5261 5260 5259
f 5263 5262 5259
f 5259 5262 5261
f 5264 5262 5241
f 5262 5011 5241
f 5011 4994 5241
f 5262 5263 5011
f 5012 5265 5013
f 5265 5241 5013
f 5241 5242 5013
f 5265 5264 5241
f 5013 5242 5014
f 5014 5242 5244
f 5267 5266 5015
f 5267 5015 5014
f 5245 5267 5014
f 5244 5245 5014
f 5268 5266 5267
f 5019 5247 5001
f 5247 5019 5021
f 5247 5021 5249
f 5249 5021 5023
f 5269 5249 5023
f 5250 5249 5269
f 5250 5270 5251
f 5250 5269 5270
f 5251 5271 5252
f 5251 5270 5271
f 5271 5025 5026
f 5253 5271 5026
f 5252 5271 5253
f 5253 5026 5003
f 5274 5273 5272
f 5272 5273 5256
f 5254 5272 5256
f 5275 5272 5254
f 5030 5275 5029
f 5275 5257 5029
f 5275 5254 5257
f 5029 5257 5032
f 5032 5257 5258
f 5032 5258 5006
f 5260 5276 5259
f 5259 5276 5263
f 5263 5276 5277
f 5039 5011 5263
f 5278 5039 5263
f 5277 5278 5263
f 5039 5278 5279
f 5280 5279 5040
f 5279 5265 5040
f 5265 5012 5040
f 5265 5279 5278
f 5042 5280 5040
f 5266 5043 5015
f 5268 5281 5266
f 5281 5043 5266
f 5281 5045 5043
f 5046 5045 5281
f 5046 5281 5282
f 5050 5269 5023
f 5269 5050 5052
f 5269 5052 5270
f 5270 5052 5054
f 5270 5054 5271
f 5271 5054 5025
f 5285 5284 5283
f 5283 5284 5274
f 5272 5283 5274
f 5286 5283 5272
f 5059 5286 5058
f 5286 5275 5058
f 5286 5272 5275
f 5058 5275 5030
f 5287 5069 5279
f 5279 5069 5039
f 5288 5279 5280
f 5287 5279 5288
f 5070 5288 5042
f 5042 5288 5280
f 5282 5289 5046
f 5046 5289 5072
f 5291 5290 5073
f 5072 5291 5073
f 5289 5291 5072
f 5293 5292 5290
f 5293 5290 5291
f 5294 5292 5293
f 5297 5296 5295
f 5078 5076 5295
f 5296 5078 5295
f 5298 5078 5296
f 5283 5080 5285
f 5080 5298 5285
f 5080 5078 5298
f 5080 5283 5082
f 5082 5283 5286
f 5082 5286 5059
f 5287 5090 5069
f 5090 5287 5092
f 5092 5287 5288
f 5092 5288 5070
f 5299 5096 5097
f 5098 5300 5097
f 5097 5300 5299
f 5073 5290 5098
f 5290 5300 5098
f 5290 5301 5300
f 5302 5290 5292
f 5301 5290 5302
f 5292 5294 5303
f 5304 5292 5303
f 5302 5292 5304
f 5306 5305 5304
f 5306 5304 5303
f 5308 5307 5305
f 5308 5305 5306
f 5310 5309 5307
f 5310 5307 5308
f 5312 5311 5309
f 5312 5309 5310
f 5311 5312 5297
f 5311 5297 5295
f 5101 5311 5295
f 5100 5101 5295
f 5100 5295 5076
f 5313 5110 5111
f 5096 5299 5111
f 5299 5313 5111
f 5299 5314 5313
f 5315 5299 5300
f 5314 5299 5315
f 5316 5300 5301
f 5315 5300 5316
f 5317 5301 5302
f 5316 5301 5317
f 5318 5302 5304
f 5317 5302 5318
f 5319 5304 5305
f 5318 5304 5319
f 5320 5305 5307
f 5319 5305 5320
f 5321 5307 5309
f 5320 5307 5321
f 5114 5321 5113
f 5321 5311 5113
f 5321 5309 5311
f 5113 5311 5101
f 5313 5119 5110
f 5119 5313 5122
f 5122 5313 5314
f 5122 5314 5123
f 5314 5322 5123
f 5314 5315 5322
f 5126 5322 5125
f 5322 5316 5125
f 5322 5315 5316
f 5125 5316 5128
f 5128 5316 5317
f 5128 5317 5130
f 5130 5317 5318
f 5130 5318 5132
f 5132 5318 5319
f 5132 5319 5134
f 5134 5319 5320
f 5134 5320 5136
f 5136 5320 5321
f 5136 5321 5114
f 5322 5140 5123
f 5140 5322 5126
f 5325 5324 5323
f 5150 5151 5323
f 5151 5325 5323
f 5151 5326 5325
f 5327 5151 5152
f 5327 5326 5151
f 5328 5152 5153
f 5328 5327 5152
f 5330 5328 5329
f 5328 5154 5329
f 5328 5153 5154
f 5155 5331 5154
f 5154 5331 5329
f 5157 5331 5155
f 5334 5333 5332
f 5163 5164 5332
f 5164 5334 5332
f 5164 5335 5334
f 5336 5164 5165
f 5336 5335 5164
f 5166 5323 5324
f 5336 5166 5324
f 5165 5166 5336
f 5323 5166 5150
f 5337 5330 5329
f 5339 5338 5337
f 5329 5339 5337
f 5331 5339 5329
f 5167 5340 5157
f 5340 5331 5157
f 5340 5339 5331
f 5168 5340 5167
f 5342 5341 5174
f 5174 5341 5173
f 5343 5174 5175
f 5343 5342 5174
f 5176 5332 5333
f 5343 5176 5333
f 5175 5176 5343
f 5332 5176 5163
f 5346 5345 5344
f 5344 5345 5338
f 5339 5344 5338
f 5347 5344 5339
f 5179 5347 5178
f 5347 5340 5178
f 5347 5339 5340
f 5178 5340 5168
f 5349 5348 5186
f 5186 5348 5185
f 5350 5186 5187
f 5350 5349 5186
f 5187 5173 5341
f 5187 5341 5350
f 5346 5344 5351
f 5346 5351 5352
f 5191 5351 5190
f 5351 5347 5190
f 5351 5344 5347
f 5190 5347 5179
f 5353 5194 5195
f 5353 5195 5354
f 5195 5355 5354
f 5195 5196 5355
f 5356 5196 5197
f 5356 5355 5196
f 5357 5197 5198
f 5357 5356 5197
f 5358 5198 5199
f 5358 5357 5198
f 5199 5185 5348
f 5199 5348 5358
f 5361 5360 5359
f 5359 5360 5352
f 5359 5352 5351
f 5203 5359 5351
f 5202 5203 5351
f 5202 5351 5191
f 5363 5362 5206
f 5206 5362 5205
f 5206 5194 5353
f 5364 5206 5353
f 5363 5206 5364
f 5364 5353 5354
f 5361 5359 5365
f 5361 5365 5366
f 5213 5365 5203
f 5203 5365 5359
f 5362 5217 5205
f 5367 5217 5362
f 5366 5365 5368
f 5366 5368 5369
f 5225 5368 5213
f 5213 5368 5365
f 5367 5228 5217
f 5370 5228 5367
f 5230 5371 5229
f 5372 5231 5229
f 5372 5229 5371
f 5372 5233 5231
f 5375 5374 5373
f 5373 5374 5369
f 5373 5369 5368
f 5239 5373 5368
f 5238 5239 5368
f 5238 5368 5225
f 5370 5376 5228
f 5228 5376 5243
f 5245 5243 5376
f 5245 5376 5377
f 5246 5371 5230
f 5371 5246 5248
f 5371 5248 5372
f 5372 5248 5233
f 5380 5379 5378
f 5378 5379 5375
f 5378 5375 5373
f 5256 5378 5373
f 5255 5256 5373
f 5255 5373 5239
f 5381 5260 5261
f 5262 5382 5261
f 5261 5382 5381
f 5264 5383 5262
f 5262 5383 5382
f 5265 5383 5264
f 5377 5384 5245
f 5245 5384 5267
f 5268 5267 5384
f 5268 5384 5385
f 5388 5387 5386
f 5386 5387 5380
f 5386 5380 5378
f 5274 5386 5378
f 5273 5274 5378
f 5273 5378 5256
f 5381 5276 5260
f 5276 5381 5277
f 5277 5381 5382
f 5277 5382 5278
f 5278 5382 5383
f 5278 5383 5265
f 5385 5389 5268
f 5268 5389 5281
f 5391 5390 5282
f 5281 5391 5282
f 5389 5391 5281
f 5392 5390 5391
f 5395 5394 5393
f 5397 5396 5393
f 5397 5393 5394
f 5399 5398 5396
f 5399 5396 5397
f 5398 5399 5388
f 5398 5388 5386
f 5285 5398 5386
f 5284 5285 5386
f 5284 5386 5274
f 5390 5289 5282
f 5392 5400 5390
f 5400 5289 5390
f 5400 5291 5289
f 5291 5401 5293
f 5400 5401 5291
f 5403 5402 5294
f 5293 5403 5294
f 5401 5403 5293
f 5405 5404 5402
f 5405 5402 5403
f 5407 5406 5404
f 5407 5404 5405
f 5409 5408 5406
f 5409 5406 5407
f 5408 5409 5395
f 5393 5408 5395
f 5410 5408 5393
f 5297 5410 5296
f 5410 5396 5296
f 5410 5393 5396
f 5296 5396 5298
f 5298 5396 5398
f 5298 5398 5285
f 5402 5303 5294
f 5303 5402 5306
f 5306 5402 5404
f 5306 5404 5308
f 5308 5404 5406
f 5308 5406 5310
f 5310 5406 5408
f 5310 5408 5312
f 5312 5408 5410
f 5312 5410 5297
f 5412 5411 5325
f 5325 5411 5324
f 5413 5325 5326
f 5413 5412 5325
f 5415 5413 5414
f 5413 5327 5414
f 5413 5326 5327
f 5328 5416 5327
f 5327 5416 5414
f 5330 5416 5328
f 5418 5417 5334
f 5334 5417 5333
f 5419 5334 5335
f 5419 5418 5334
f 5420 5335 5336
f 5420 5419 5335
f 5336 5324 5411
f 5336 5411 5420
f 5421 5415 5414
f 5423 5422 5421
f 5414 5423 5421
f 5416 5423 5414
f 5337 5424 5330
f 5424 5416 5330
f 5424 5423 5416
f 5338 5424 5337
f 5426 5425 5342
f 5342 5425 5341
f 5427 5342 5343
f 5427 5426 5342
f 5343 5333 5417
f 5343 5417 5427
f 5422 5423 5428
f 5422 5428 5429
f 5346 5428 5345
f 5428 5424 5345
f 5428 5423 5424
f 5345 5424 5338
f 5431 5430 5349
f 5349 5430 5348
f 5432 5349 5350
f 5432 5431 5349
f 5350 5341 5425
f 5350 5425 5432
f 5435 5434 5433
f 5433 5434 5429
f 5428 5433 5429
f 5436 5433 5428
f 5352 5436 5346
f 5346 5436 5428
f 5437 5354 5355
f 5356 5438 5355
f 5355 5438 5437
f 5438 5356 5439
f 5356 5440 5439
f 5356 5357 5440
f 5441 5357 5358
f 5441 5440 5357
f 5358 5348 5430
f 5358 5430 5441
f 5435 5433 5442
f 5435 5442 5443
f 5361 5442 5360
f 5442 5436 5360
f 5442 5433 5436
f 5360 5436 5352
f 5444 5362 5363
f 5444 5363 5445
f 5363 5446 5445
f 5363 5364 5446
f 5364 5354 5437
f 5447 5364 5437
f 5446 5364 5447
f 5447 5437 5438
f 5447 5438 5448
f 5448 5438 5439
f 5451 5450 5449
f 5449 5450 5443
f 5442 5449 5443
f 5452 5449 5442
f 5366 5452 5361
f 5361 5452 5442
f 5453 5367 5444
f 5444 5367 5362
f 5444 5445 5454
f 5444 5454 5453
f 5451 5449 5455
f 5451 5455 5456
f 5457 5449 5452
f 5455 5449 5457
f 5369 5457 5366
f 5366 5457 5452
f 5458 5370 5453
f 5453 5370 5367
f 5453 5454 5459
f 5460 5453 5459
f 5458 5453 5460
f 5461 5460 5459
f 5456 5455 5462
f 5456 5462 5463
f 5375 5462 5374
f 5462 5457 5374
f 5462 5455 5457
f 5374 5457 5369
f 5458 5376 5370
f 5376 5458 5377
f 5458 5464 5377
f 5458 5460 5464
f 5460 5461 5465
f 5460 5465 5464
f 5468 5467 5466
f 5466 5467 5463
f 5466 5463 5462
f 5380 5466 5462
f 5379 5380 5462
f 5379 5462 5375
f 5464 5384 5377
f 5470 5469 5385
f 5470 5385 5384
f 5465 5470 5384
f 5464 5465 5384
f 5472 5471 5469
f 5472 5469 5470
f 5473 5471 5472
f 5476 5475 5474
f 5478 5477 5474
f 5478 5474 5475
f 5477 5478 5468
f 5477 5468 5466
f 5388 5477 5466
f 5387 5388 5466
f 5387 5466 5380
f 5469 5389 5385
f 5389 5469 5391
f 5391 5469 5471
f 5480 5479 5392
f 5480 5392 5391
f 5473 5480 5391
f 5471 5473 5391
f 5482 5481 5479
f 5482 5479 5480
f 5484 5483 5481
f 5484 5481 5482
f 5486 5485 5483
f 5486 5483 5484
f 5488 5487 5485
f 5488 5485 5486
f 5490 5489 5487
f 5490 5487 5488
f 5394 5395 5489
f 5490 5394 5489
f 5491 5394 5490
f 5474 5397 5476
f 5397 5491 5476
f 5397 5394 5491
f 5397 5474 5399
f 5399 5474 5477
f 5399 5477 5388
f 5479 5400 5392
f 5400 5479 5401
f 5401 5479 5481
f 5401 5481 5403
f 5403 5481 5483
f 5403 5483 5405
f 5405 5483 5485
f 5405 5485 5407
f 5407 5485 5487
f 5407 5487 5409
f 5409 5487 5489
f 5409 5489 5395
f 5492 5411 5412
f 5413 5493 5412
f 5412 5493 5492
f 5415 5493 5413
f 5494 5417 5418
f 5419 5495 5418
f 5418 5495 5494
f 5495 5419 5496
f 5419 5497 5496
f 5419 5420 5497
f 5420 5411 5492
f 5498 5420 5492
f 5497 5420 5498
f 5498 5492 5493
f 5498 5493 5499
f 5501 5499 5500
f 5500 5499 5421
f 5499 5493 5421
f 5493 5415 5421
f 5422 5500 5421
f 5502 5425 5426
f 5502 5426 5503
f 5426 5504 5503
f 5426 5427 5504
f 5427 5417 5494
f 5505 5427 5494
f 5504 5427 5505
f 5505 5494 5495
f 5505 5495 5506
f 5506 5495 5496
f 5501 5500 5507
f 5501 5507 5508
f 5429 5507 5422
f 5422 5507 5500
f 5509 5430 5431
f 5509 5431 5510
f 5431 5511 5510
f 5431 5432 5511
f 5432 5425 5502
f 5512 5432 5502
f 5511 5432 5512
f 5512 5502 5503
f 5515 5514 5513
f 5513 5514 5508
f 5513 5508 5507
f 5435 5513 5507
f 5434 5435 5507
f 5434 5507 5429
f 5516 5439 5440
f 5516 5440 5517
f 5440 5518 5517
f 5440 5441 5518
f 5441 5430 5509
f 5519 5441 5509
f 5518 5441 5519
f 5519 5509 5510
f 5522 5521 5520
f 5520 5521 5515
f 5513 5520 5515
f 5523 5520 5513
f 5443 5523 5435
f 5435 5523 5513
f 5524 5445 5446
f 5447 5525 5446
f 5446 5525 5524
f 5525 5447 5526
f 5447 5527 5526
f 5447 5448 5527
f 5448 5439 5516
f 5528 5448 5516
f 5527 5448 5528
f 5528 5516 5517
f 5522 5520 5529
f 5522 5529 5530
f 5451 5529 5450
f 5529 5523 5450
f 5529 5520 5523
f 5450 5523 5443
f 5531 5454 5524
f 5524 5454 5445
f 5532 5524 5525
f 5531 5524 5532
f 5525 5526 5533
f 5525 5533 5532
f 5530 5529 5534
f 5530 5534 5535
f 5456 5534 5451
f 5451 5534 5529
f 5531 5459 5454
f 5459 5531 5461
f 5531 5536 5461
f 5531 5532 5536
f 5532 5533 5537
f 5532 5537 5536
f 5540 5539 5538
f 5538 5539 5535
f 5534 5538 5535
f 5541 5538 5534
f 5463 5541 5456
f 5456 5541 5534
f 5542 5465 5536
f 5536 5465 5461
f 5536 5537 5543
f 5544 5536 5543
f 5542 5536 5544
f 5545 5544 5543
f 5548 5547 5546
f 5546 5547 5540
f 5538 5546 5540
f 5549 5546 5538
f 5468 5549 5467
f 5549 5541 5467
f 5549 5538 5541
f 5467 5541 5463
f 5542 5470 5465
f 5470 5542 5472
f 5472 5542 5544
f 5551 5550 5473
f 5551 5473 5472
f 5545 5551 5472
f 5544 5545 5472
f 5553 5552 5550
f 5553 5550 5551
f 5555 5554 5552
f 5555 5552 5553
f 5557 5556 5554
f 5557 5554 5555
f 5559 5558 5556
f 5559 5556 5557
f 5561 5560 5558
f 5561 5558 5559
f 5563 5562 5560
f 5563 5560 5561
f 5562 5563 5548
f 5562 5548 5546
f 5476 5562 5546
f 5475 5476 5546
f 5475 5546 5478
f 5478 5546 5549
f 5478 5549 5468
f 5550 5480 5473
f 5480 5550 5482
f 5482 5550 5552
f 5482 5552 5484
f 5484 5552 5554
f 5484 5554 5486
f 5486 5554 5556
f 5486 5556 5488
f 5488 5556 5558
f 5488 5558 5490
f 5490 5558 5560
f 5490 5560 5491
f 5491 5560 5562
f 5491 5562 5476
f 5564 5496 5497
f 5498 5565 5497
f 5497 5565 5564
f 5499 5566 5498
f 5498 5566 5565
f 5501 5566 5499
f 5567 5503 5504
f 5505 5568 5504
f 5504 5568 5567
f 5506 5569 5505
f 5505 5569 5568
f 5496 5564 5506
f 5564 5569 5506
f 5564 5570 5569
f 5571 5564 5565
f 5570 5564 5571
f 5572 5565 5566
f 5571 5565 5572
f 5508 5572 5501
f 5501 5572 5566
f 5573 5510 5511
f 5512 5574 5511
f 5511 5574 5573
f 5503 5567 5512
f 5567 5574 5512
f 5567 5575 5574
f 5576 5567 5568
f 5575 5567 5576
f 5577 5568 5569
f 5576 5568 5577
f 5578 5569 5570
f 5577 5569 5578
f 5579 5570 5571
f 5578 5570 5579
f 5515 5579 5514
f 5579 5572 5514
f 5579 5571 5572
f 5514 5572 5508
f 5580 5517 5518
f 5519 5581 5518
f 5518 5581 5580
f 5510 5573 5519
f 5573 5581 5519
f 5573 5582 5581
f 5574 5584 5583
f 5582 5574 5583
f 5573 5574 5582
f 5584 5574 5575
f 5584 5575 5585
f 5585 5575 5576
f 5585 5576 5586
f 5588 5587 5586
f 5576 5588 5586
f 5577 5588 5576
f 5589 5577 5578
f 5588 5577 5589
f 5522 5589 5521
f 5589 5579 5521
f 5589 5578 5579
f 5521 5579 5515
f 5590 5526 5527
f 5528 5591 5527
f 5527 5591 5590
f 5517 5580 5528
f 5580 5591 5528
f 5580 5592 5591
f 5593 5580 5581
f 5592 5580 5593
f 5582 5595 5594
f 5593 5582 5594
f 5581 5582 5593
f 5595 5582 5583
f 5587 5588 5596
f 5587 5596 5597
f 5598 5588 5589
f 5596 5588 5598
f 5530 5598 5522
f 5522 5598 5589
f 5599 5533 5590
f 5590 5533 5526
f 5600 5590 5591
f 5599 5590 5600
f 5601 5591 5592
f 5600 5591 5601
f 5593 5603 5602
f 5601 5593 5602
f 5592 5593 5601
f 5603 5593 5594
f 5606 5605 5604
f 5604 5605 5597
f 5596 5604 5597
f 5607 5604 5596
f 5608 5596 5598
f 5607 5596 5608
f 5535 5608 5530
f 5530 5608 5598
f 5609 5537 5599
f 5599 5537 5533
f 5610 5599 5600
f 5609 5599 5610
f 5611 5600 5601
f 5610 5600 5611
f 5601 5602 5612
f 5613 5601 5612
f 5611 5601 5613
f 5615 5614 5613
f 5615 5613 5612
f 5617 5616 5614
f 5617 5614 5615
f 5619 5618 5616
f 5619 5616 5617
f 5618 5619 5606
f 5604 5618 5606
f 5620 5618 5604
f 5621 5604 5607
f 5620 5604 5621
f 5540 5621 5539
f 5621 5608 5539
f 5621 5607 5608
f 5539 5608 5535
f 5609 5543 5537
f 5543 5609 5545
f 5609 5622 5545
f 5609 5610 5622
f 5623 5610 5611
f 5622 5610 5623
f 5624 5611 5613
f 5623 5611 5624
f 5625 5613 5614
f 5624 5613 5625
f 5626 5614 5616
f 5625 5614 5626
f 5627 5616 5618
f 5626 5616 5627
f 5628 5618 5620
f 5627 5618 5628
f 5548 5628 5547
f 5628 5621 5547
f 5628 5620 5621
f 5547 5621 5540
f 5622 5551 5545
f 5551 5622 5553
f 5553 5622 5623
f 5553 5623 5555
f 5555 5623 5624
f 5555 5624 5557
f 5557 5624 5625
f 5557 5625 5559
f 5559 5625 5626
f 5559 5626 5561
f 5561 5626 5627
f 5561 5627 5563
f 5563 5627 5628
f 5563 5628 5548
f 5629 5583 5584
f 5585 5630 5584
f 5584 5630 5629
f 5586 5631 5585
f 5585 5631 5630
f 5587 5631 5586
f 5632 5594 5595
f 5583 5629 5595
f 5629 5632 5595
f 5629 5633 5632
f 5634 5629 5630
f 5633 5629 5634
f 5635 5630 5631
f 5634 5630 5635
f 5597 5635 5587
f 5587 5635 5631
f 5636 5602 5603
f 5594 5632 5603
f 5632 5636 5603
f 5632 5637 5636
f 5638 5632 5633
f 5637 5632 5638
f 5639 5633 5634
f 5638 5633 5639
f 5606 5639 5605
f 5639 5635 5605
f 5639 5634 5635
f 5605 5635 5597
f 5636 5612 5602
f 5612 5636 5615
f 5615 5636 5637
f 5615 5637 5617
f 5617 5637 5638
f 5617 5638 5619
f 5619 5638 5639
f 5619 5639 5606

o enhancing
usemtl material_2
v 63.50000000 76.00000000 68.00000000
v 64.00000000 76.00000000 67.50000000
v 64.00000000 75.50000000 68.00000000
v 64.00000000 76.00000000 68.50000000
v 64.00000000 76.50000000 68.00000000
v 64.50000000 76.00000000 66.00000000
v 65.00000000 76.00000000 65.50000000
v 65.00000000 75.50000000 66.00000000
v 65.00000000 75.50000000 67.00000000
v 64.50000000 76.00000000 67.00000000
v 65.00000000 75.50000000 68.00000000
v 65.00000000 76.00000000 68.50000000
v 65.00000000 76.50000000 66.00000000
v 64.50000000 77.00000000 67.00000000
v 65.00000000 77.00000000 66.50000000
v 64.50000000 77.00000000 68.00000000
v 65.00000000 76.50000000 69.00000000
v 64.50000000 77.00000000 69.00000000
v 65.00000000 77.00000000 69.50000000
v 65.00000000 77.50000000 67.00000000
v 65.00000000 77.50000000 68.00000000
v 65.00000000 77.50000000 69.00000000
v 65.50000000 76.00000000 65.00000000
v 66.00000000 76.00000000 64.50000000
v 66.00000000 75.50000000 65.00000000
v 66.00000000 75.50000000 66.00000000
v 66.00000000 75.50000000 67.00000000
v 66.00000000 75.50000000 68.00000000
v 66.00000000 76.00000000 68.50000000
v 65.50000000 77.00000000 65.00000000
v 66.00000000 77.00000000 64.50000000
v 65.50000000 77.00000000 66.00000000
v 66.00000000 76.50000000 69.00000000
v 66.00000000 77.00000000 69.50000000
v 66.00000000 77.50000000 65.00000000
v 65.50000000 78.00000000 66.00000000
v 66.00000000 78.00000000 65.50000000
v 65.50000000 78.00000000 67.00000000
v 65.50000000 78.00000000 68.00000000
v 65.50000000 78.00000000 69.00000000
v 66.00000000 78.00000000 69.50000000
v 66.00000000 78.50000000 66.00000000
v 66.00000000 78.50000000 67.00000000
v 66.00000000 78.50000000 68.00000000
v 66.00000000 78.50000000 69.00000000
v 66.50000000 76.00000000 65.00000000
v 66.50000000 76.00000000 66.00000000
v 66.50000000 76.00000000 67.00000000
v 66.50000000 76.00000000 68.00000000
v 66.50000000 77.00000000 64.00000000
v 67.00000000 77.00000000 63.50000000
v 67.00000000 76.50000000 64.00000000
v 67.00000000 76.50000000 65.00000000
v 67.00000000 76.50000000 66.00000000
v 67.00000000 77.00000000 66.50000000
v 66.50000000 77.00000000 67.00000000
v 66.50000000 77.00000000 68.00000000
v 66.50000000 77.00000000 69.00000000
v 66.50000000 77.00000000 73.00000000
v 67.00000000 77.00000000 72.50000000
v 67.00000000 76.50000000 73.00000000
v 67.00000000 77.00000000 73.50000000
v 66.50000000 78.00000000 64.00000000
v 67.00000000 78.00000000 63.50000000
v 66.50000000 78.00000000 65.00000000
v 67.00000000 77.50000000 67.00000000
v 67.00000000 78.00000000 67.50000000
v 66.50000000 78.00000000 68.00000000
v 66.50000000 78.00000000 69.00000000
v 66.50000000 78.00000000 73.00000000
v 67.00000000 78.00000000 72.50000000
v 67.00000000 78.00000000 73.50000000
v 67.00000000 78.50000000 64.00000000
v 66.50000000 79.00000000 65.00000000
v 67.00000000 79.00000000 64.50000000
v 66.50000000 79.00000000 66.00000000
v 66.50000000 79.00000000 67.00000000
v 67.00000000 79.00000000 67.50000000
v 66.50000000 79.00000000 71.00000000
v 67.00000000 79.00000000 70.50000000
v 67.00000000 78.50000000 71.00000000
v 67.00000000 78.50000000 72.00000000
v 66.50000000 79.00000000 72.00000000
v 67.00000000 78.50000000 73.00000000
v 67.00000000 79.00000000 72.50000000
v 67.00000000 79.50000000 65.00000000
v 67.00000000 79.50000000 66.00000000
v 67.00000000 79.50000000 67.00000000
v 67.00000000 79.50000000 71.00000000
v 67.00000000 79.50000000 72.00000000
v 67.50000000 72.00000000 72.00000000
v 68.00000000 72.00000000 71.50000000
v 68.00000000 71.50000000 72.00000000
v 68.00000000 72.00000000 72.50000000
v 68.00000000 72.50000000 72.00000000
v 67.50000000 74.00000000 73.00000000
v 68.00000000 74.00000000 72.50000000
v 68.00000000 73.50000000 73.00000000
v 68.00000000 74.00000000 73.50000000
v 68.00000000 74.50000000 73.00000000
v 67.50000000 76.00000000 74.00000000
v 68.00000000 76.00000000 73.50000000
v 68.00000000 75.50000000 74.00000000
v 68.00000000 75.50000000 75.00000000
v 67.50000000 76.00000000 75.00000000
v 68.00000000 76.00000000 75.50000000
v 67.50000000 77.00000000 64.00000000
v 67.50000000 77.00000000 65.00000000
v 67.50000000 77.00000000 66.00000000
v 67.50000000 77.00000000 73.00000000
v 68.00000000 77.00000000 73.50000000
v 67.50000000 77.00000000 74.00000000
v 67.50000000 77.00000000 75.00000000
v 68.00000000 77.00000000 75.50000000
v 68.00000000 78.00000000 63.50000000
v 68.00000000 77.50000000 64.00000000
v 68.00000000 77.50000000 65.00000000
v 68.00000000 78.00000000 65.50000000
v 67.50000000 78.00000000 66.00000000
v 67.50000000 78.00000000 67.00000000
v 68.00000000 78.00000000 72.50000000
v 68.00000000 77.50000000 73.00000000
v 67.50000000 77.50000000 73.50000000
v 67.50000000 78.00000000 74.00000000
v 67.50000000 78.00000000 75.00000000
v 68.00000000 78.00000000 75.50000000
v 68.00000000 78.50000000 64.00000000
v 67.50000000 79.00000000 65.00000000
v 68.00000000 78.50000000 65.00000000
v 67.50000000 79.00000000 66.00000000
v 67.50000000 79.00000000 67.00000000
v 67.50000000 79.00000000 71.00000000
v 67.50000000 79.00000000 72.00000000
v 67.50000000 79.00000000 73.00000000
v 68.00000000 79.00000000 72.50000000
v 67.50000000 79.00000000 74.00000000
v 67.50000000 79.00000000 75.00000000
v 68.00000000 79.00000000 75.50000000
v 67.50000000 80.00000000 72.00000000
v 68.00000000 80.00000000 71.50000000
v 68.00000000 79.50000000 72.00000000
v 67.50000000 80.00000000 73.00000000
v 67.50000000 80.00000000 74.00000000
v 67.50000000 80.00000000 75.00000000
v 68.00000000 80.00000000 75.50000000
v 67.50000000 81.00000000 72.00000000
v 68.00000000 81.00000000 71.50000000
v 68.00000000 81.00000000 72.50000000
v 68.00000000 80.50000000 73.00000000
v 67.50000000 81.00000000 74.00000000
v 68.00000000 81.00000000 73.50000000
v 68.00000000 81.00000000 74.50000000
v 68.00000000 80.50000000 75.00000000
v 68.00000000 81.50000000 72.00000000
v 68.00000000 81.50000000 74.00000000
v 68.50000000 71.00000000 69.00000000
v 69.00000000 71.00000000 68.50000000
v 69.00000000 70.50000000 69.00000000
v 69.00000000 71.00000000 69.50000000
v 69.00000000 71.50000000 69.00000000
v 69.00000000 72.00000000 71.50000000
v 69.00000000 71.50000000 72.00000000
v 69.00000000 71.50000000 73.00000000
v 68.50000000 72.00000000 73.00000000
v 69.00000000 72.00000000 73.50000000
v 69.00000000 72.50000000 72.00000000
v 69.00000000 72.50000000 73.00000000
v 68.50000000 74.00000000 73.00000000
v 69.00000000 74.50000000 74.00000000
v 68.50000000 75.00000000 74.00000000
v 69.00000000 75.00000000 73.50000000
v 69.00000000 74.50000000 75.00000000
v 68.50000000 75.00000000 75.00000000
v 69.00000000 75.00000000 75.50000000
v 69.00000000 76.00000000 73.50000000
v 69.00000000 75.50000000 76.00000000
v 68.50000000 76.00000000 76.00000000
v 69.00000000 76.00000000 76.50000000
v 69.00000000 76.50000000 74.00000000
v 68.50000000 77.00000000 74.00000000
v 69.00000000 77.00000000 74.50000000
v 68.50000000 77.00000000 76.00000000
v 69.00000000 77.00000000 76.50000000
v 68.50000000 78.00000000 64.00000000
v 68.50000000 78.00000000 65.00000000
v 68.50000000 78.00000000 73.00000000
v 69.00000000 78.00000000 73.50000000
v 69.00000000 77.50000000 74.00000000
v 68.50000000 78.00000000 76.00000000
v 69.00000000 78.00000000 76.50000000
v 68.50000000 79.00000000 73.00000000
v 69.00000000 79.00000000 73.50000000
v 68.50000000 79.00000000 76.00000000
v 69.00000000 78.50000000 77.00000000
v 68.50000000 79.00000000 77.00000000
v 69.00000000 79.00000000 77.50000000
v 68.50000000 80.00000000 72.00000000
v 69.00000000 80.00000000 72.50000000
v 69.00000000 79.50000000 73.00000000
v 68.50000000 80.00000000 76.00000000
v 69.00000000 80.00000000 76.50000000
v 69.00000000 79.50000000 77.00000000
v 68.50000000 81.00000000 71.00000000
v 69.00000000 81.00000000 70.50000000
v 69.00000000 80.50000000 71.00000000
v 69.00000000 80.50000000 72.00000000
v 68.50000000 81.00000000 73.00000000
v 69.00000000 80.50000000 75.00000000
v 69.00000000 81.00000000 74.50000000
v 69.00000000 80.50000000 76.00000000
v 68.50000000 82.00000000 70.00000000
v 69.00000000 82.00000000 69.50000000
v 69.00000000 81.50000000 70.00000000
v 68.50000000 82.00000000 71.00000000
v 68.50000000 82.00000000 72.00000000
v 69.00000000 82.00000000 72.50000000
v 69.00000000 81.50000000 73.00000000
v 69.00000000 81.50000000 74.00000000
v 68.50000000 83.00000000 70.00000000
v 69.00000000 83.00000000 69.50000000
v 68.50000000 83.00000000 71.00000000
v 69.00000000 83.00000000 71.50000000
v 69.00000000 82.50000000 72.00000000
v 69.00000000 83.50000000 70.00000000
v 69.00000000 83.50000000 71.00000000
v 69.50000000 71.00000000 69.00000000
v 70.00000000 72.00000000 71.50000000
v 70.00000000 71.50000000 72.00000000
v 70.00000000 71.50000000 73.00000000
v 70.00000000 72.00000000 73.50000000
v 70.00000000 72.50000000 72.00000000
v 70.00000000 72.50000000 73.00000000
v 70.00000000 72.50000000 74.00000000
v 69.50000000 73.00000000 74.00000000
v 70.00000000 73.00000000 73.50000000
v 70.00000000 73.00000000 74.50000000
v 70.00000000 73.50000000 74.00000000
v 69.50000000 75.00000000 74.00000000
v 70.00000000 75.00000000 74.50000000
v 70.00000000 74.50000000 75.00000000
v 70.00000000 74.50000000 76.00000000
v 69.50000000 75.00000000 76.00000000
v 70.00000000 75.00000000 76.50000000
v 69.50000000 76.00000000 74.00000000
v 70.00000000 76.00000000 74.50000000
v 70.00000000 76.00000000 76.50000000
v 69.50000000 77.00000000 75.00000000
v 70.00000000 76.50000000 75.00000000
v 70.00000000 77.00000000 75.50000000
v 70.00000000 77.00000000 76.50000000
v 69.50000000 78.00000000 74.00000000
v 69.50000000 78.00000000 75.00000000
v 70.00000000 78.00000000 75.50000000
v 70.00000000 77.50000000 77.00000000
v 69.50000000 78.00000000 77.00000000
v 70.00000000 78.00000000 77.50000000
v 69.50000000 79.00000000 74.00000000
v 69.50000000 79.00000000 75.00000000
v 70.00000000 79.00000000 75.50000000
v 70.00000000 78.50000000 78.00000000
v 69.50000000 79.00000000 78.00000000
v 70.00000000 79.00000000 78.50000000
v 69.50000000 80.00000000 62.00000000
v 70.00000000 80.00000000 61.50000000
v 70.00000000 79.50000000 62.00000000
v 70.00000000 80.00000000 62.50000000
v 69.50000000 80.00000000 73.00000000
v 69.50000000 80.00000000 74.00000000
v 69.50000000 80.00000000 75.00000000
v 70.00000000 79.50000000 76.00000000
v 69.50000000 80.00000000 76.00000000
v 70.00000000 79.50000000 77.00000000
v 70.00000000 79.50000000 78.00000000
v 70.00000000 80.50000000 62.00000000
v 70.00000000 81.00000000 62.50000000
v 69.50000000 81.00000000 63.00000000
v 70.00000000 80.50000000 63.00000000
v 70.00000000 81.00000000 63.50000000
v 69.50000000 81.00000000 71.00000000
v 69.50000000 81.00000000 72.00000000
v 69.50000000 81.00000000 73.00000000
v 69.50000000 81.00000000 74.00000000
v 70.00000000 81.50000000 63.00000000
v 70.00000000 82.00000000 69.50000000
v 70.00000000 81.50000000 70.00000000
v 69.50000000 82.00000000 71.00000000
v 70.00000000 82.00000000 70.50000000
v 69.50000000 82.00000000 72.00000000
v 69.50000000 83.00000000 69.00000000
v 70.00000000 83.00000000 68.50000000
v 70.00000000 82.50000000 69.00000000
v 69.50000000 83.00000000 71.00000000
v 70.00000000 83.00000000 70.50000000
v 70.00000000 83.50000000 69.00000000
v 70.00000000 83.50000000 70.00000000
v 70.50000000 71.00000000 69.00000000
v 71.00000000 71.00000000 68.50000000
v 71.00000000 70.50000000 69.00000000
v 71.00000000 71.00000000 69.50000000
v 71.00000000 71.50000000 69.00000000
v 71.00000000 72.00000000 71.50000000
v 71.00000000 71.50000000 72.00000000
v 71.00000000 71.50000000 73.00000000
v 71.00000000 72.00000000 73.50000000
v 71.00000000 72.50000000 72.00000000
v 71.00000000 72.50000000 73.00000000
v 71.00000000 73.00000000 73.50000000
v 71.00000000 72.50000000 74.00000000
v 71.00000000 72.50000000 75.00000000
v 70.50000000 73.00000000 75.00000000
v 71.00000000 73.00000000 75.50000000
v 70.50000000 74.00000000 74.00000000
v 71.00000000 74.00000000 73.50000000
v 70.50000000 74.00000000 75.00000000
v 71.00000000 74.00000000 75.50000000
v 71.00000000 74.50000000 74.00000000
v 71.00000000 75.00000000 74.50000000
v 71.00000000 74.50000000 76.00000000
v 71.00000000 74.50000000 77.00000000
v 70.50000000 75.00000000 77.00000000
v 71.00000000 75.00000000 77.50000000
v 71.00000000 76.00000000 74.50000000
v 70.50000000 76.00000000 77.00000000
v 71.00000000 76.00000000 77.50000000
v 71.00000000 76.50000000 75.00000000
v 70.50000000 77.00000000 76.00000000
v 71.00000000 76.50000000 76.00000000
v 70.50000000 76.50000000 76.50000000
v 71.00000000 77.00000000 76.50000000
v 70.50000000 77.00000000 77.00000000
v 71.00000000 77.00000000 77.50000000
v 70.50000000 78.00000000 76.00000000
v 70.50000000 77.50000000 76.50000000
v 71.00000000 78.00000000 76.50000000
v 71.00000000 77.50000000 78.00000000
v 70.50000000 78.00000000 78.00000000
v 71.00000000 78.00000000 78.50000000
v 70.50000000 79.00000000 76.00000000
v 71.00000000 79.00000000 76.50000000
v 71.00000000 79.00000000 78.50000000
v 70.50000000 80.00000000 62.00000000
v 71.00000000 79.50000000 77.00000000
v 70.50000000 80.00000000 78.00000000
v 71.00000000 80.00000000 77.50000000
v 71.00000000 79.50000000 79.00000000
v 70.50000000 80.00000000 79.00000000
v 71.00000000 80.00000000 79.50000000
v 71.00000000 81.00000000 61.50000000
v 70.50000000 81.00000000 62.00000000
v 71.00000000 80.50000000 62.00000000
v 71.00000000 80.50000000 63.00000000
v 71.00000000 81.00000000 63.50000000
v 71.00000000 80.50000000 78.00000000
v 71.00000000 80.50000000 79.00000000
v 71.00000000 81.50000000 62.00000000
v 71.00000000 81.50000000 63.00000000
v 70.50000000 82.00000000 69.00000000
v 71.00000000 82.00000000 68.50000000
v 71.00000000 81.50000000 69.00000000
v 71.00000000 82.00000000 69.50000000
v 70.50000000 82.00000000 70.00000000
v 70.50000000 83.00000000 68.00000000
v 71.00000000 83.00000000 67.50000000
v 71.00000000 82.50000000 68.00000000
v 71.00000000 82.50000000 70.00000000
v 71.00000000 83.00000000 70.50000000
v 71.00000000 83.50000000 68.00000000
v 71.00000000 83.50000000 69.00000000
v 71.00000000 83.50000000 70.00000000
v 71.50000000 71.00000000 69.00000000
v 71.50000000 72.00000000 72.00000000
v 71.50000000 72.00000000 73.00000000
v 72.00000000 73.00000000 73.50000000
v 72.00000000 72.50000000 74.00000000
v 72.00000000 72.50000000 75.00000000
v 72.00000000 73.00000000 75.50000000
v 72.00000000 74.00000000 73.50000000
v 72.00000000 73.50000000 76.00000000
v 71.50000000 74.00000000 76.00000000
v 72.00000000 74.00000000 76.50000000
v 71.50000000 75.00000000 74.00000000
v 72.00000000 75.00000000 73.50000000
v 72.00000000 74.50000000 77.00000000
v 72.00000000 75.00000000 77.50000000
v 72.00000000 75.50000000 74.00000000
v 72.00000000 75.50000000 75.00000000
v 71.50000000 76.00000000 75.00000000
v 72.00000000 76.00000000 75.50000000
v 72.00000000 76.00000000 77.50000000
v 72.00000000 76.50000000 76.00000000
v 72.00000000 77.00000000 76.50000000
v 72.00000000 76.50000000 78.00000000
v 71.50000000 77.00000000 78.00000000
v 72.00000000 77.00000000 78.50000000
v 72.00000000 78.00000000 76.50000000
v 72.00000000 78.00000000 78.50000000
v 72.00000000 78.50000000 77.00000000
v 71.50000000 79.00000000 77.00000000
v 72.00000000 79.00000000 77.50000000
v 72.00000000 78.50000000 79.00000000
v 71.50000000 79.00000000 79.00000000
v 72.00000000 79.00000000 79.50000000
v 72.00000000 80.00000000 77.50000000
v 72.00000000 80.00000000 79.50000000
v 71.50000000 81.00000000 62.00000000
v 71.50000000 81.00000000 63.00000000
v 72.00000000 80.50000000 78.00000000
v 71.50000000 81.00000000 79.00000000
v 72.00000000 81.00000000 78.50000000
v 72.00000000 81.00000000 79.50000000
v 72.00000000 82.00000000 61.50000000
v 71.50000000 82.00000000 62.00000000
v 72.00000000 81.50000000 62.00000000
v 72.00000000 81.50000000 63.00000000
v 71.50000000 82.00000000 63.00000000
v 72.00000000 81.50000000 64.00000000
v 71.50000000 82.00000000 64.00000000
v 72.00000000 81.50000000 65.00000000
v 71.50000000 82.00000000 65.00000000
v 72.00000000 82.00000000 65.50000000
v 71.50000000 82.00000000 69.00000000
v 72.00000000 81.50000000 79.00000000
v 72.00000000 82.50000000 62.00000000
v 71.50000000 83.00000000 63.00000000
v 72.00000000 83.00000000 62.50000000
v 71.50000000 83.00000000 64.00000000
v 71.50000000 83.00000000 65.00000000
v 72.00000000 83.00000000 65.50000000
v 71.50000000 83.00000000 68.00000000
v 71.50000000 83.00000000 69.00000000
v 71.50000000 83.00000000 70.00000000
v 72.00000000 83.50000000 63.00000000
v 72.00000000 83.50000000 64.00000000
v 72.00000000 83.50000000 65.00000000
v 72.50000000 73.00000000 73.00000000
v 73.00000000 73.00000000 72.50000000
v 73.00000000 72.50000000 73.00000000
v 73.00000000 72.50000000 74.00000000
v 72.50000000 73.00000000 75.00000000
v 73.00000000 73.00000000 74.50000000
v 73.00000000 73.50000000 73.00000000
v 73.00000000 74.00000000 73.50000000
v 73.00000000 73.50000000 75.00000000
v 73.00000000 73.50000000 76.00000000
v 73.00000000 74.00000000 76.50000000
v 73.00000000 74.50000000 74.00000000
v 72.50000000 75.00000000 74.00000000
v 73.00000000 75.00000000 74.50000000
v 73.00000000 74.50000000 77.00000000
v 73.00000000 75.00000000 77.50000000
v 73.00000000 75.50000000 75.00000000
v 73.00000000 76.00000000 75.50000000
v 73.00000000 76.00000000 77.50000000
v 73.00000000 76.50000000 76.00000000
v 73.00000000 77.00000000 76.50000000
v 73.00000000 76.50000000 78.00000000
v 73.00000000 77.00000000 78.50000000
v 73.00000000 77.50000000 77.00000000
v 72.50000000 78.00000000 77.00000000
v 73.00000000 78.00000000 77.50000000
v 73.00000000 77.50000000 79.00000000
v 72.50000000 78.00000000 79.00000000
v 73.00000000 78.00000000 79.50000000
v 73.00000000 79.00000000 77.50000000
v 73.00000000 79.00000000 79.50000000
v 73.00000000 80.00000000 77.50000000
v 73.00000000 80.00000000 79.50000000
v 73.00000000 80.50000000 78.00000000
v 73.00000000 81.00000000 78.50000000
v 73.00000000 81.00000000 79.50000000
v 72.50000000 82.00000000 62.00000000
v 72.50000000 82.00000000 63.00000000
v 72.50000000 82.00000000 64.00000000
v 72.50000000 82.00000000 65.00000000
v 73.00000000 81.50000000 79.00000000
v 73.00000000 83.00000000 61.50000000
v 72.50000000 83.00000000 62.00000000
v 73.00000000 82.50000000 62.00000000
v 73.00000000 82.50000000 63.00000000
v 72.50000000 82.50000000 62.50000000
v 73.00000000 82.50000000 64.00000000
v 73.00000000 83.00000000 64.50000000
v 72.50000000 83.00000000 65.00000000
v 73.00000000 83.50000000 62.00000000
v 72.50000000 84.00000000 63.00000000
v 73.00000000 84.00000000 62.50000000
v 73.00000000 84.00000000 63.50000000
v 73.00000000 83.50000000 64.00000000
v 72.50000000 84.00000000 79.00000000
v 73.00000000 84.00000000 78.50000000
v 73.00000000 83.50000000 79.00000000
v 73.00000000 83.50000000 80.00000000
v 72.50000000 84.00000000 80.00000000
v 73.00000000 84.00000000 80.50000000
v 73.00000000 84.50000000 63.00000000
v 72.50000000 85.00000000 78.00000000
v 73.00000000 85.00000000 77.50000000
v 73.00000000 84.50000000 78.00000000
v 72.50000000 85.00000000 79.00000000
v 73.00000000 85.00000000 79.50000000
v 73.00000000 84.50000000 80.00000000
v 73.00000000 85.50000000 78.00000000
v 73.00000000 85.50000000 79.00000000
v 74.00000000 73.00000000 72.50000000
v 74.00000000 72.50000000 73.00000000
v 73.50000000 73.00000000 74.00000000
v 74.00000000 73.00000000 73.50000000
v 73.50000000 74.00000000 73.00000000
v 74.00000000 74.00000000 72.50000000
v 74.00000000 73.50000000 74.00000000
v 74.00000000 73.50000000 75.00000000
v 74.00000000 73.50000000 76.00000000
v 74.00000000 74.00000000 76.50000000
v 74.00000000 74.50000000 73.00000000
v 74.00000000 74.50000000 74.00000000
v 74.00000000 75.00000000 74.50000000
v 74.00000000 74.50000000 77.00000000
v 74.00000000 75.00000000 77.50000000
v 74.00000000 75.50000000 75.00000000
v 74.00000000 76.00000000 75.50000000
v 74.00000000 76.00000000 77.50000000
v 74.00000000 76.50000000 76.00000000
v 74.00000000 77.00000000 76.50000000
v 74.00000000 76.50000000 78.00000000
v 74.00000000 77.00000000 78.50000000
v 74.00000000 77.50000000 77.00000000
v 74.00000000 78.00000000 77.50000000
v 74.00000000 77.50000000 79.00000000
v 74.00000000 78.00000000 79.50000000
v 74.00000000 79.00000000 77.50000000
v 74.00000000 79.00000000 79.50000000
v 74.00000000 79.50000000 78.00000000
v 73.50000000 80.00000000 78.00000000
v 74.00000000 80.00000000 78.50000000
v 74.00000000 80.00000000 79.50000000
v 73.50000000 81.00000000 79.00000000
v 74.00000000 80.50000000 79.00000000
v 73.50000000 83.00000000 62.00000000
v 73.50000000 83.00000000 63.00000000
v 73.50000000 83.00000000 64.00000000
v 73.50000000 84.00000000 63.00000000
v 74.00000000 84.00000000 78.50000000
v 74.00000000 83.50000000 79.00000000
v 74.00000000 83.50000000 80.00000000
v 74.00000000 84.00000000 80.50000000
v 73.50000000 85.00000000 71.00000000
v 74.00000000 85.00000000 70.50000000
v 74.00000000 84.50000000 71.00000000
v 74.00000000 84.50000000 72.00000000
v 73.50000000 85.00000000 72.00000000
v 74.00000000 85.00000000 72.50000000
v 74.00000000 85.00000000 77.50000000
v 74.00000000 84.50000000 78.00000000
v 74.00000000 84.50000000 80.00000000
v 74.00000000 85.00000000 79.50000000
v 73.50000000 86.00000000 64.00000000
v 74.00000000 86.00000000 63.50000000
v 74.00000000 85.50000000 64.00000000
v 74.00000000 85.50000000 65.00000000
v 73.50000000 86.00000000 65.00000000
v 74.00000000 86.00000000 65.50000000
v 73.50000000 86.00000000 70.00000000
v 74.00000000 86.00000000 69.50000000
v 74.00000000 85.50000000 70.00000000
v 73.50000000 86.00000000 71.00000000
v 73.50000000 86.00000000 72.00000000
v 74.00000000 86.00000000 72.50000000
v 73.50000000 86.00000000 77.00000000
v 74.00000000 86.00000000 76.50000000
v 74.00000000 85.50000000 77.00000000
v 73.50000000 86.00000000 78.00000000
v 74.00000000 86.00000000 78.50000000
v 74.00000000 85.50000000 79.00000000
v 74.00000000 86.50000000 64.00000000
v 74.00000000 86.50000000 65.00000000
v 74.00000000 87.00000000 65.50000000
v 73.50000000 87.00000000 66.00000000
v 74.00000000 86.50000000 66.00000000
v 74.00000000 86.50000000 67.00000000
v 73.50000000 87.00000000 67.00000000
v 74.00000000 86.50000000 68.00000000
v 73.50000000 87.00000000 68.00000000
v 74.00000000 86.50000000 69.00000000
v 73.50000000 87.00000000 69.00000000
v 73.50000000 87.00000000 70.00000000
v 74.00000000 87.00000000 70.50000000
v 74.00000000 86.50000000 71.00000000
v 74.00000000 86.50000000 72.00000000
v 74.00000000 86.50000000 77.00000000
v 74.00000000 86.50000000 78.00000000
v 74.00000000 87.50000000 66.00000000
v 74.00000000 87.50000000 67.00000000
v 74.00000000 87.50000000 68.00000000
v 74.00000000 87.50000000 69.00000000
v 74.00000000 87.50000000 70.00000000
v 75.00000000 73.00000000 72.50000000
v 75.00000000 72.50000000 73.00000000
v 75.00000000 73.00000000 73.50000000
v 75.00000000 74.00000000 72.50000000
v 75.00000000 73.50000000 74.00000000
v 75.00000000 73.50000000 75.00000000
v 74.50000000 74.00000000 76.00000000
v 75.00000000 74.00000000 75.50000000
v 75.00000000 74.50000000 73.00000000
v 75.00000000 74.50000000 74.00000000
v 75.00000000 75.00000000 74.50000000
v 75.00000000 74.50000000 76.00000000
v 74.50000000 75.00000000 77.00000000
v 75.00000000 75.00000000 76.50000000
v 75.00000000 75.50000000 75.00000000
v 75.00000000 76.00000000 75.50000000
v 75.00000000 75.50000000 77.00000000
v 75.00000000 76.00000000 77.50000000
v 75.00000000 76.50000000 76.00000000
v 75.00000000 77.00000000 76.50000000
v 75.00000000 76.50000000 78.00000000
v 75.00000000 77.00000000 78.50000000
v 75.00000000 77.50000000 77.00000000
v 75.00000000 78.00000000 77.50000000
v 74.50000000 78.00000000 79.00000000
v 75.00000000 78.00000000 78.50000000
v 75.00000000 78.50000000 78.00000000
v 74.50000000 79.00000000 78.00000000
v 74.50000000 79.00000000 79.00000000
v 74.50000000 80.00000000 79.00000000
v 75.00000000 84.00000000 78.50000000
v 75.00000000 83.50000000 79.00000000
v 75.00000000 83.50000000 80.00000000
v 75.00000000 84.00000000 80.50000000
v 75.00000000 85.00000000 70.50000000
v 75.00000000 84.50000000 71.00000000
v 75.00000000 84.50000000 72.00000000
v 75.00000000 85.00000000 72.50000000
v 74.50000000 85.00000000 77.00000000
v 75.00000000 85.00000000 76.50000000
v 75.00000000 84.50000000 77.00000000
v 75.00000000 84.50000000 78.00000000
v 75.00000000 84.50000000 80.00000000
v 75.00000000 85.00000000 79.50000000
v 75.00000000 86.00000000 63.50000000
v 75.00000000 85.50000000 64.00000000
v 75.00000000 85.50000000 65.00000000
v 75.00000000 86.00000000 65.50000000
v 74.50000000 86.00000000 70.00000000
v 75.00000000 86.00000000 70.50000000
v 75.00000000 86.00000000 72.50000000
v 74.50000000 86.00000000 76.00000000
v 75.00000000 86.00000000 75.50000000
v 75.00000000 85.50000000 76.00000000
v 75.00000000 85.50000000 79.00000000
v 75.00000000 86.00000000 78.50000000
v 75.00000000 86.50000000 64.00000000
v 74.50000000 87.00000000 65.00000000
v 75.00000000 87.00000000 64.50000000
v 74.50000000 86.50000000 65.50000000
v 75.00000000 86.50000000 66.00000000
v 75.00000000 86.50000000 67.00000000
v 75.00000000 86.50000000 68.00000000
v 75.00000000 86.50000000 69.00000000
v 75.00000000 86.50000000 70.00000000
v 74.50000000 87.00000000 71.00000000
v 74.50000000 87.00000000 72.00000000
v 75.00000000 87.00000000 72.50000000
v 75.00000000 86.50000000 76.00000000
v 75.00000000 86.50000000 77.00000000
v 75.00000000 86.50000000 78.00000000
v 75.00000000 87.50000000 65.00000000
v 75.00000000 87.50000000 66.00000000
v 75.00000000 87.50000000 67.00000000
v 75.00000000 87.50000000 68.00000000
v 75.00000000 87.50000000 69.00000000
v 75.00000000 87.50000000 70.00000000
v 75.00000000 87.50000000 71.00000000
v 75.00000000 87.50000000 72.00000000
v 75.50000000 73.00000000 66.00000000
v 76.00000000 73.00000000 65.50000000
v 76.00000000 72.50000000 66.00000000
v 76.00000000 72.50000000 67.00000000
v 75.50000000 73.00000000 67.00000000
v 76.00000000 73.00000000 67.50000000
v 75.50000000 73.00000000 73.00000000
v 75.50000000 74.00000000 64.00000000
v 76.00000000 74.00000000 63.50000000
v 76.00000000 73.50000000 64.00000000
v 76.00000000 73.50000000 65.00000000
v 75.50000000 74.00000000 65.00000000
v 75.50000000 74.00000000 66.00000000
v 76.00000000 74.00000000 66.50000000
v 76.00000000 73.50000000 67.00000000
v 76.00000000 74.00000000 72.50000000
v 76.00000000 73.50000000 73.00000000
v 76.00000000 73.50000000 74.00000000
v 75.50000000 74.00000000 75.00000000
v 76.00000000 74.00000000 74.50000000
v 75.50000000 75.00000000 64.00000000
v 76.00000000 75.00000000 63.50000000
v 76.00000000 75.00000000 64.50000000
v 76.00000000 74.50000000 65.00000000
v 76.00000000 74.50000000 66.00000000
v 76.00000000 74.50000000 73.00000000
v 75.50000000 75.00000000 74.00000000
v 76.00000000 75.00000000 73.50000000
v 76.00000000 74.50000000 75.00000000
v 75.50000000 75.00000000 76.00000000
v 76.00000000 75.00000000 75.50000000
v 76.00000000 75.50000000 64.00000000
v 76.00000000 75.50000000 74.00000000
v 75.50000000 76.00000000 75.00000000
v 76.00000000 76.00000000 74.50000000
v 76.00000000 75.50000000 76.00000000
v 75.50000000 76.00000000 77.00000000
v 76.00000000 76.00000000 76.50000000
v 76.00000000 76.50000000 75.00000000
v 75.50000000 77.00000000 76.00000000
v 76.00000000 77.00000000 75.50000000
v 76.00000000 76.50000000 77.00000000
v 75.50000000 77.00000000 78.00000000
v 76.00000000 77.00000000 77.50000000
v 76.00000000 77.50000000 76.00000000
v 76.00000000 77.50000000 77.00000000
v 75.50000000 78.00000000 78.00000000
v 75.50000000 84.00000000 78.00000000
v 76.00000000 84.00000000 77.50000000
v 76.00000000 83.50000000 78.00000000
v 76.00000000 83.50000000 79.00000000
v 75.50000000 84.00000000 80.00000000
v 76.00000000 84.00000000 79.50000000
v 75.50000000 85.00000000 71.00000000
v 75.50000000 85.00000000 72.00000000
v 76.00000000 85.00000000 76.50000000
v 76.00000000 84.50000000 77.00000000
v 76.00000000 85.00000000 79.50000000
v 76.00000000 86.00000000 63.50000000
v 76.00000000 85.50000000 64.00000000
v 76.00000000 85.50000000 65.00000000
v 76.00000000 86.00000000 65.50000000
v 76.00000000 86.00000000 70.50000000
v 76.00000000 85.50000000 71.00000000
v 76.00000000 85.50000000 72.00000000
v 76.00000000 86.00000000 72.50000000
v 76.00000000 86.00000000 75.50000000
v 76.00000000 85.50000000 76.00000000
v 76.00000000 85.50000000 79.00000000
v 76.00000000 86.00000000 78.50000000
v 76.00000000 86.50000000 64.00000000
v 75.50000000 87.00000000 65.00000000
v 76.00000000 86.50000000 65.00000000
v 75.50000000 86.50000000 65.50000000
v 76.00000000 86.50000000 66.00000000
v 76.00000000 87.00000000 65.50000000
v 76.00000000 86.50000000 67.00000000
v 76.00000000 86.50000000 68.00000000
v 76.00000000 86.50000000 69.00000000
v 76.00000000 86.50000000 70.00000000
v 76.00000000 86.50000000 73.00000000
v 75.50000000 87.00000000 73.00000000
v 76.00000000 87.00000000 73.50000000
v 76.00000000 86.50000000 76.00000000
v 76.00000000 86.50000000 77.00000000
v 76.00000000 86.50000000 78.00000000
v 76.00000000 87.50000000 66.00000000
v 76.00000000 87.50000000 67.00000000
v 76.00000000 87.50000000 68.00000000
v 76.00000000 87.50000000 69.00000000
v 76.00000000 87.50000000 70.00000000
v 76.00000000 87.50000000 71.00000000
v 76.00000000 87.50000000 72.00000000
v 76.00000000 87.50000000 73.00000000
v 76.50000000 73.00000000 66.00000000
v 76.50000000 73.00000000 67.00000000
v 76.50000000 74.00000000 64.00000000
v 77.00000000 74.00000000 64.50000000
v 77.00000000 73.50000000 65.00000000
v 77.00000000 73.50000000 66.00000000
v 77.00000000 73.50000000 67.00000000
v 76.50000000 73.50000000 66.50000000
v 76.50000000 74.00000000 67.00000000
v 77.00000000 74.00000000 67.50000000
v 76.50000000 74.00000000 73.00000000
v 76.50000000 74.00000000 74.00000000
v 77.00000000 75.00000000 63.50000000
v 77.00000000 74.50000000 64.00000000
v 76.50000000 75.00000000 65.00000000
v 76.50000000 75.00000000 66.00000000
v 76.50000000 75.00000000 67.00000000
v 77.00000000 74.50000000 68.00000000
v 76.50000000 75.00000000 68.00000000
v 77.00000000 74.50000000 69.00000000
v 76.50000000 75.00000000 69.00000000
v 77.00000000 74.50000000 70.00000000
v 76.50000000 75.00000000 70.00000000
v 77.00000000 74.50000000 71.00000000
v 76.50000000 75.00000000 71.00000000
v 77.00000000 75.00000000 71.50000000
v 76.50000000 75.00000000 74.00000000
v 76.50000000 75.00000000 75.00000000
v 77.00000000 75.50000000 64.00000000
v 77.00000000 75.50000000 65.00000000
v 77.00000000 75.50000000 66.00000000
v 77.00000000 75.50000000 67.00000000
v 77.00000000 75.50000000 68.00000000
v 77.00000000 75.50000000 69.00000000
v 77.00000000 75.50000000 70.00000000
v 77.00000000 75.50000000 71.00000000
v 77.00000000 75.50000000 75.00000000
v 77.00000000 76.00000000 74.50000000
v 76.50000000 76.00000000 76.00000000
v 77.00000000 76.00000000 75.50000000
v 76.50000000 77.00000000 75.00000000
v 77.00000000 77.00000000 74.50000000
v 77.00000000 76.50000000 76.00000000
v 76.50000000 77.00000000 77.00000000
v 77.00000000 77.00000000 76.50000000
v 77.00000000 77.50000000 75.00000000
v 77.00000000 77.50000000 76.00000000
v 77.00000000 84.00000000 77.50000000
v 77.00000000 83.50000000 78.00000000
v 77.00000000 83.50000000 79.00000000
v 77.00000000 84.00000000 79.50000000
v 76.50000000 85.00000000 76.00000000
v 77.00000000 85.00000000 75.50000000
v 77.00000000 84.50000000 76.00000000
v 77.00000000 84.50000000 77.00000000
v 77.00000000 85.00000000 79.50000000
v 77.00000000 86.00000000 63.50000000
v 77.00000000 85.50000000 64.00000000
v 77.00000000 85.50000000 65.00000000
v 77.00000000 85.50000000 66.00000000
v 76.50000000 86.00000000 66.00000000
v 77.00000000 85.50000000 67.00000000
v 76.50000000 86.00000000 67.00000000
v 77.00000000 85.50000000 68.00000000
v 76.50000000 86.00000000 68.00000000
v 77.00000000 85.50000000 69.00000000
v 76.50000000 86.00000000 69.00000000
v 77.00000000 85.50000000 70.00000000
v 76.50000000 86.00000000 70.00000000
v 77.00000000 85.50000000 71.00000000
v 77.00000000 85.50000000 72.00000000
v 77.00000000 85.50000000 73.00000000
v 76.50000000 86.00000000 73.00000000
v 77.00000000 86.00000000 73.50000000
v 76.50000000 86.00000000 75.00000000
v 77.00000000 86.00000000 74.50000000
v 77.00000000 85.50000000 75.00000000
v 76.50000000 86.00000000 78.00000000
v 77.00000000 85.50000000 78.00000000
v 77.00000000 86.00000000 77.50000000
v 77.00000000 85.50000000 79.00000000
v 77.00000000 86.50000000 64.00000000
v 77.00000000 86.50000000 65.00000000
v 76.50000000 87.00000000 66.00000000
v 77.00000000 86.50000000 66.00000000
v 76.50000000 86.50000000 66.50000000
v 77.00000000 87.00000000 66.50000000
v 77.00000000 87.00000000 73.50000000
v 77.00000000 86.50000000 75.00000000
v 77.00000000 86.50000000 76.00000000
v 77.00000000 86.50000000 77.00000000
v 77.00000000 87.50000000 67.00000000
v 77.00000000 87.50000000 68.00000000
v 77.00000000 87.50000000 69.00000000
v 77.00000000 87.50000000 70.00000000
v 77.00000000 87.50000000 71.00000000
v 77.00000000 87.50000000 72.00000000
v 77.00000000 87.50000000 73.00000000
v 77.50000000 74.00000000 65.00000000
v 77.50000000 74.00000000 66.00000000
v 77.50000000 74.00000000 67.00000000
v 77.50000000 75.00000000 64.00000000
v 78.00000000 75.00000000 64.50000000
v 78.00000000 74.50000000 65.00000000
v 78.00000000 74.50000000 66.00000000
v 78.00000000 74.50000000 67.00000000
v 77.50000000 75.00000000 68.00000000
v 78.00000000 75.00000000 67.50000000
v 77.50000000 75.00000000 69.00000000
v 77.50000000 75.00000000 70.00000000
v 77.50000000 75.00000000 71.00000000
v 78.00000000 76.00000000 63.50000000
v 77.50000000 76.00000000 64.00000000
v 78.00000000 75.50000000 64.00000000
v 77.50000000 75.50000000 64.50000000
v 77.50000000 76.00000000 65.00000000
v 77.50000000 76.00000000 66.00000000
v 77.50000000 76.00000000 67.00000000
v 77.50000000 75.50000000 67.50000000
v 78.00000000 75.50000000 68.00000000
v 77.50000000 76.00000000 68.00000000
v 78.00000000 75.50000000 69.00000000
v 77.50000000 76.00000000 69.00000000
v 78.00000000 75.50000000 70.00000000
v 77.50000000 76.00000000 70.00000000
v 78.00000000 75.50000000 71.00000000
v 77.50000000 76.00000000 71.00000000
v 78.00000000 76.00000000 71.50000000
v 77.50000000 76.00000000 75.00000000
v 77.50000000 77.00000000 64.00000000
v 78.00000000 77.00000000 63.50000000
v 77.50000000 77.00000000 65.00000000
v 77.50000000 77.00000000 66.00000000
v 78.00000000 77.00000000 66.50000000
v 78.00000000 76.50000000 67.00000000
v 77.50000000 77.00000000 68.00000000
v 78.00000000 77.00000000 67.50000000
v 77.50000000 77.00000000 69.00000000
v 77.50000000 77.00000000 70.00000000
v 78.00000000 77.00000000 70.50000000
v 78.00000000 76.50000000 71.00000000
v 77.50000000 77.00000000 75.00000000
v 77.50000000 77.00000000 76.00000000
v 78.00000000 77.50000000 64.00000000
v 78.00000000 77.50000000 65.00000000
v 78.00000000 77.50000000 66.00000000
v 78.00000000 77.50000000 68.00000000
v 78.00000000 77.50000000 69.00000000
v 78.00000000 77.50000000 70.00000000
v 77.50000000 84.00000000 78.00000000
v 77.50000000 84.00000000 79.00000000
v 77.50000000 85.00000000 76.00000000
v 77.50000000 85.00000000 77.00000000
v 77.50000000 85.00000000 78.00000000
v 77.50000000 85.00000000 79.00000000
v 77.50000000 86.00000000 64.00000000
v 78.00000000 86.00000000 64.50000000
v 78.00000000 85.50000000 65.00000000
v 78.00000000 85.50000000 66.00000000
v 78.00000000 85.50000000 67.00000000
v 78.00000000 85.50000000 68.00000000
v 78.00000000 85.50000000 69.00000000
v 78.00000000 85.50000000 70.00000000
v 78.00000000 85.50000000 71.00000000
v 78.00000000 85.50000000 72.00000000
v 78.00000000 85.50000000 73.00000000
v 78.00000000 86.00000000 73.50000000
v 77.50000000 86.00000000 75.00000000
v 77.50000000 86.00000000 76.00000000
v 77.50000000 86.00000000 77.00000000
v 78.00000000 86.50000000 65.00000000
v 78.00000000 86.50000000 66.00000000
v 77.50000000 87.00000000 67.00000000
v 78.00000000 86.50000000 67.00000000
v 77.50000000 87.00000000 68.00000000
v 78.00000000 86.50000000 68.00000000
v 78.00000000 87.00000000 68.50000000
v 77.50000000 87.00000000 72.00000000
v 78.00000000 86.50000000 72.00000000
v 78.00000000 87.00000000 71.50000000
v 77.50000000 87.00000000 73.00000000
v 78.00000000 86.50000000 73.00000000
v 78.00000000 87.50000000 69.00000000
v 78.00000000 87.50000000 70.00000000
v 78.00000000 87.50000000 71.00000000
v 78.50000000 75.00000000 65.00000000
v 78.50000000 75.00000000 66.00000000
v 78.50000000 75.00000000 67.00000000
v 78.50000000 76.00000000 64.00000000
v 78.50000000 76.00000000 65.00000000
v 78.50000000 76.00000000 66.00000000
v 78.50000000 76.00000000 67.00000000
v 78.50000000 76.00000000 68.00000000
v 79.00000000 76.00000000 68.50000000
v 79.00000000 75.50000000 69.00000000
v 79.00000000 75.50000000 70.00000000
v 79.00000000 75.50000000 71.00000000
v 79.00000000 76.00000000 71.50000000
v 78.50000000 77.00000000 64.00000000
v 79.00000000 77.00000000 64.50000000
v 79.00000000 76.50000000 65.00000000
v 79.00000000 76.50000000 66.00000000
v 79.00000000 76.50000000 67.00000000
v 78.50000000 76.50000000 66.50000000
v 78.50000000 77.00000000 67.00000000
v 79.00000000 76.50000000 68.00000000
v 78.50000000 76.50000000 67.50000000
v 78.50000000 77.00000000 71.00000000
v 79.00000000 77.00000000 71.50000000
v 79.00000000 78.00000000 63.50000000
v 78.50000000 78.00000000 64.00000000
v 79.00000000 77.50000000 64.00000000
v 78.50000000 77.50000000 64.50000000
v 78.50000000 78.00000000 65.00000000
v 78.50000000 78.00000000 66.00000000
v 78.50000000 78.00000000 67.00000000
v 78.50000000 78.00000000 68.00000000
v 78.50000000 78.00000000 69.00000000
v 78.50000000 78.00000000 70.00000000
v 79.00000000 78.00000000 70.50000000
v 79.00000000 77.50000000 71.00000000
v 79.00000000 78.50000000 64.00000000
v 79.00000000 78.50000000 65.00000000
v 79.00000000 78.50000000 66.00000000
v 79.00000000 78.50000000 67.00000000
v 79.00000000 78.50000000 68.00000000
v 79.00000000 78.50000000 69.00000000
v 79.00000000 78.50000000 70.00000000
v 78.50000000 86.00000000 65.00000000
v 78.50000000 86.00000000 66.00000000
v 79.00000000 86.00000000 66.50000000
v 79.00000000 85.50000000 67.00000000
v 78.50000000 86.00000000 68.00000000
v 79.00000000 86.00000000 67.50000000
v 78.50000000 86.00000000 69.00000000
v 78.50000000 86.00000000 70.00000000
v 79.00000000 86.00000000 70.50000000
v 79.00000000 85.50000000 71.00000000
v 78.50000000 86.00000000 72.00000000
v 79.00000000 86.00000000 71.50000000
v 78.50000000 86.00000000 73.00000000
v 79.00000000 86.50000000 67.00000000
v 78.50000000 87.00000000 69.00000000
v 78.50000000 87.00000000 70.00000000
v 79.00000000 86.50000000 71.00000000
v 78.50000000 87.00000000 71.00000000
v 79.50000000 76.00000000 69.00000000
v 79.50000000 76.00000000 70.00000000
v 79.50000000 76.00000000 71.00000000
v 79.50000000 77.00000000 65.00000000
v 79.50000000 77.00000000 66.00000000
v 79.50000000 77.00000000 67.00000000
v 79.50000000 77.00000000 68.00000000
v 79.50000000 77.00000000 69.00000000
v 79.50000000 77.00000000 70.00000000
v 79.50000000 77.00000000 71.00000000
v 79.50000000 78.00000000 64.00000000
v 79.50000000 78.00000000 65.00000000
v 79.50000000 78.00000000 66.00000000
v 79.50000000 78.00000000 67.00000000
v 79.50000000 78.00000000 68.00000000
v 79.50000000 78.00000000 69.00000000
v 80.00000000 78.00000000 69.50000000
v 80.00000000 77.50000000 70.00000000
v 80.00000000 78.00000000 70.50000000
v 79.50000000 79.00000000 69.00000000
v 80.00000000 79.00000000 68.50000000
v 80.00000000 78.50000000 69.00000000
v 80.00000000 79.00000000 69.50000000
v 80.00000000 78.50000000 70.00000000
v 79.50000000 80.00000000 68.00000000
v 80.00000000 80.00000000 67.50000000
v 80.00000000 79.50000000 68.00000000
v 80.00000000 79.50000000 69.00000000
v 80.00000000 80.00000000 68.50000000
v 79.50000000 81.00000000 68.00000000
v 80.00000000 81.00000000 67.50000000
v 80.00000000 80.50000000 69.00000000
v 79.50000000 81.00000000 69.00000000
v 80.00000000 81.00000000 69.50000000
v 80.00000000 81.50000000 68.00000000
v 80.00000000 81.50000000 69.00000000
v 79.50000000 86.00000000 67.00000000
v 79.50000000 86.00000000 71.00000000
v 80.50000000 78.00000000 70.00000000
v 80.50000000 79.00000000 69.00000000
v 80.50000000 80.00000000 68.00000000
v 80.50000000 81.00000000 68.00000000
v 80.50000000 81.00000000 69.00000000
v 81.00000000 82.00000000 67.50000000
v 80.50000000 82.00000000 68.00000000
v 81.00000000 81.50000000 68.00000000
v 81.00000000 81.50000000 69.00000000
v 80.50000000 82.00000000 69.00000000
v 81.00000000 82.00000000 69.50000000
v 81.00000000 82.50000000 68.00000000
v 81.00000000 82.50000000 69.00000000
v 81.50000000 82.00000000 68.00000000
v 81.50000000 82.00000000 69.00000000
f 5642 5641 5640
f 5640 5643 5642
f 5641 5644 5640
f 5640 5644 5643
f 5647 5646 5645
f 5649 5648 5645
f 5645 5648 5647
f 5641 5642 5649
f 5642 5648 5649
f 5642 5650 5648
f 5642 5643 5650
f 5650 5643 5651
f 5646 5652 5645
f 5654 5653 5652
f 5653 5645 5652
f 5653 5649 5645
f 5655 5644 5641
f 5649 5655 5641
f 5653 5655 5649
f 5651 5643 5656
f 5643 5655 5656
f 5655 5657 5656
f 5643 5644 5655
f 5657 5658 5656
f 5654 5659 5653
f 5653 5659 5655
f 5655 5659 5660
f 5655 5660 5657
f 5657 5660 5661
f 5657 5661 5658
f 5664 5663 5662
f 5646 5647 5662
f 5647 5664 5662
f 5647 5665 5664
f 5666 5647 5648
f 5666 5665 5647
f 5667 5648 5650
f 5667 5666 5648
f 5650 5651 5667
f 5667 5651 5668
f 5662 5663 5669
f 5669 5663 5670
f 5671 5652 5646
f 5662 5671 5646
f 5669 5671 5662
f 5671 5654 5652
f 5672 5668 5651
f 5672 5651 5656
f 5656 5658 5672
f 5672 5658 5673
f 5670 5674 5669
f 5676 5675 5674
f 5675 5669 5674
f 5675 5671 5669
f 5677 5659 5654
f 5671 5677 5654
f 5675 5677 5671
f 5678 5660 5659
f 5678 5659 5677
f 5679 5661 5660
f 5679 5660 5678
f 5679 5680 5661
f 5680 5658 5661
f 5680 5673 5658
f 5676 5681 5675
f 5675 5681 5677
f 5677 5681 5682
f 5677 5682 5678
f 5678 5682 5683
f 5678 5683 5679
f 5679 5683 5684
f 5679 5684 5680
f 5685 5663 5664
f 5665 5686 5664
f 5664 5686 5685
f 5666 5687 5665
f 5665 5687 5686
f 5667 5688 5666
f 5666 5688 5687
f 5668 5688 5667
f 5691 5690 5689
f 5692 5691 5685
f 5691 5670 5685
f 5670 5663 5685
f 5691 5689 5670
f 5692 5685 5686
f 5692 5686 5693
f 5695 5694 5693
f 5686 5695 5693
f 5687 5695 5686
f 5696 5687 5688
f 5695 5687 5696
f 5672 5697 5668
f 5697 5688 5668
f 5697 5696 5688
f 5673 5697 5672
f 5700 5699 5698
f 5698 5701 5700
f 5689 5690 5702
f 5702 5690 5703
f 5704 5674 5670
f 5689 5704 5670
f 5702 5704 5689
f 5704 5676 5674
f 5705 5694 5695
f 5707 5706 5705
f 5695 5707 5705
f 5696 5707 5695
f 5708 5696 5697
f 5707 5696 5708
f 5680 5708 5673
f 5673 5708 5697
f 5698 5699 5709
f 5709 5699 5710
f 5701 5698 5711
f 5711 5698 5709
f 5703 5712 5702
f 5714 5713 5712
f 5713 5702 5712
f 5713 5704 5702
f 5715 5681 5676
f 5704 5715 5676
f 5713 5715 5704
f 5716 5682 5681
f 5716 5681 5715
f 5717 5706 5707
f 5682 5717 5707
f 5683 5682 5707
f 5717 5682 5716
f 5683 5707 5684
f 5684 5707 5708
f 5684 5708 5680
f 5720 5719 5718
f 5722 5721 5718
f 5718 5721 5720
f 5724 5723 5722
f 5723 5709 5722
f 5710 5721 5722
f 5710 5722 5709
f 5709 5723 5711
f 5714 5725 5713
f 5713 5725 5715
f 5715 5725 5726
f 5715 5726 5716
f 5716 5726 5727
f 5716 5727 5717
f 5719 5728 5718
f 5718 5728 5722
f 5722 5728 5729
f 5722 5729 5724
f 5732 5731 5730
f 5730 5733 5732
f 5731 5734 5730
f 5730 5734 5733
f 5737 5736 5735
f 5735 5738 5737
f 5736 5739 5735
f 5735 5739 5738
f 5742 5741 5740
f 5744 5743 5740
f 5740 5743 5742
f 5744 5745 5743
f 5746 5690 5691
f 5692 5747 5691
f 5691 5747 5746
f 5693 5748 5692
f 5692 5748 5747
f 5694 5748 5693
f 5749 5699 5700
f 5750 5749 5741
f 5700 5741 5749
f 5741 5700 5740
f 5701 5740 5700
f 5740 5701 5751
f 5740 5752 5744
f 5740 5751 5752
f 5745 5744 5753
f 5753 5744 5752
f 5755 5754 5746
f 5754 5690 5746
f 5754 5703 5690
f 5755 5746 5747
f 5755 5747 5756
f 5758 5757 5756
f 5747 5758 5756
f 5748 5758 5747
f 5705 5759 5694
f 5759 5748 5694
f 5759 5758 5748
f 5706 5759 5705
f 5761 5760 5749
f 5760 5699 5749
f 5760 5710 5699
f 5711 5762 5701
f 5711 5749 5762
f 5749 5711 5761
f 5763 5761 5711
f 5761 5763 5750
f 5762 5750 5763
f 5763 5751 5762
f 5762 5751 5701
f 5749 5750 5762
f 5751 5764 5752
f 5751 5763 5764
f 5753 5752 5765
f 5765 5752 5764
f 5754 5766 5703
f 5703 5766 5712
f 5768 5767 5714
f 5712 5768 5714
f 5766 5768 5712
f 5767 5768 5757
f 5758 5767 5757
f 5769 5767 5758
f 5770 5758 5759
f 5769 5758 5770
f 5717 5770 5706
f 5706 5770 5759
f 5771 5719 5720
f 5721 5772 5720
f 5720 5772 5771
f 5773 5723 5724
f 5710 5772 5721
f 5772 5710 5774
f 5760 5774 5710
f 5763 5711 5723
f 5773 5763 5723
f 5775 5763 5773
f 5763 5776 5764
f 5763 5775 5776
f 5765 5764 5777
f 5777 5764 5776
f 5767 5725 5714
f 5725 5767 5726
f 5726 5767 5769
f 5726 5769 5727
f 5727 5769 5770
f 5727 5770 5717
f 5771 5728 5719
f 5728 5778 5729
f 5778 5728 5779
f 5771 5779 5728
f 5779 5771 5780
f 5772 5780 5771
f 5774 5780 5772
f 5778 5724 5729
f 5724 5778 5773
f 5781 5773 5778
f 5773 5782 5775
f 5773 5781 5782
f 5775 5783 5776
f 5775 5782 5783
f 5777 5776 5784
f 5784 5776 5783
f 5778 5779 5785
f 5785 5779 5786
f 5788 5781 5787
f 5781 5785 5787
f 5781 5778 5785
f 5790 5789 5788
f 5789 5781 5788
f 5789 5782 5781
f 5792 5783 5791
f 5783 5789 5791
f 5783 5782 5789
f 5783 5792 5784
f 5786 5793 5785
f 5785 5793 5787
f 5790 5794 5789
f 5789 5794 5791
f 5797 5796 5795
f 5795 5798 5797
f 5796 5799 5795
f 5795 5799 5798
f 5801 5800 5732
f 5732 5800 5731
f 5803 5802 5733
f 5802 5732 5733
f 5802 5801 5732
f 5803 5804 5802
f 5800 5805 5731
f 5731 5805 5734
f 5733 5734 5803
f 5734 5806 5803
f 5734 5805 5806
f 5803 5806 5804
f 5807 5736 5737
f 5738 5807 5737
f 5807 5739 5736
f 5739 5807 5738
f 5810 5809 5808
f 5812 5811 5809
f 5809 5811 5808
f 5812 5813 5811
f 5809 5810 5742
f 5810 5741 5742
f 5810 5814 5741
f 5809 5742 5743
f 5809 5743 5812
f 5816 5815 5745
f 5745 5815 5743
f 5815 5813 5743
f 5813 5812 5743
f 5816 5817 5815
f 5819 5750 5818
f 5750 5814 5818
f 5750 5741 5814
f 5820 5819 5818
f 5753 5821 5816
f 5753 5816 5745
f 5817 5816 5822
f 5822 5816 5821
f 5823 5754 5755
f 5756 5824 5755
f 5755 5824 5823
f 5757 5824 5756
f 5825 5760 5761
f 5826 5825 5761
f 5826 5761 5750
f 5827 5826 5750
f 5819 5827 5750
f 5827 5819 5820
f 5765 5828 5821
f 5765 5821 5753
f 5822 5821 5829
f 5829 5821 5828
f 5823 5766 5754
f 5766 5823 5768
f 5768 5823 5824
f 5768 5824 5757
f 5830 5774 5825
f 5825 5774 5760
f 5825 5826 5831
f 5825 5831 5830
f 5777 5832 5828
f 5777 5828 5765
f 5829 5828 5833
f 5828 5834 5833
f 5828 5832 5834
f 5834 5835 5833
f 5836 5779 5780
f 5837 5836 5780
f 5837 5780 5774
f 5838 5837 5774
f 5830 5838 5774
f 5838 5830 5831
f 5784 5839 5832
f 5784 5832 5777
f 5841 5834 5840
f 5834 5839 5840
f 5834 5832 5839
f 5834 5841 5835
f 5844 5843 5842
f 5845 5844 5836
f 5844 5786 5836
f 5786 5779 5836
f 5844 5842 5786
f 5788 5787 5846
f 5836 5837 5845
f 5846 5790 5788
f 5848 5847 5792
f 5848 5792 5791
f 5784 5792 5839
f 5792 5849 5839
f 5792 5847 5849
f 5839 5849 5840
f 5852 5851 5850
f 5852 5850 5843
f 5850 5842 5843
f 5850 5853 5842
f 5854 5793 5786
f 5842 5854 5786
f 5853 5854 5842
f 5854 5855 5793
f 5793 5855 5787
f 5855 5856 5787
f 5856 5846 5787
f 5846 5856 5790
f 5856 5794 5790
f 5856 5857 5794
f 5791 5794 5848
f 5848 5794 5857
f 5850 5851 5858
f 5858 5851 5859
f 5850 5860 5853
f 5850 5858 5860
f 5862 5854 5861
f 5854 5860 5861
f 5854 5853 5860
f 5854 5862 5855
f 5859 5863 5858
f 5858 5863 5860
f 5860 5863 5864
f 5860 5864 5861
f 5865 5796 5797
f 5798 5865 5797
f 5865 5799 5796
f 5799 5865 5798
f 5867 5866 5801
f 5801 5866 5800
f 5868 5801 5802
f 5868 5867 5801
f 5802 5804 5868
f 5868 5804 5869
f 5866 5870 5800
f 5800 5870 5805
f 5805 5871 5806
f 5870 5871 5805
f 5804 5872 5869
f 5872 5804 5873
f 5806 5873 5804
f 5873 5806 5874
f 5871 5874 5806
f 5873 5875 5872
f 5874 5876 5873
f 5873 5876 5875
f 5877 5810 5808
f 5877 5808 5878
f 5808 5879 5878
f 5808 5811 5879
f 5881 5880 5813
f 5880 5811 5813
f 5880 5879 5811
f 5881 5882 5880
f 5883 5814 5877
f 5877 5814 5810
f 5877 5878 5884
f 5877 5884 5883
f 5815 5881 5813
f 5815 5817 5881
f 5817 5882 5881
f 5817 5885 5882
f 5883 5818 5814
f 5887 5886 5820
f 5887 5820 5818
f 5884 5887 5818
f 5883 5884 5818
f 5888 5886 5887
f 5822 5885 5817
f 5822 5889 5885
f 5890 5826 5827
f 5820 5886 5827
f 5886 5890 5827
f 5886 5891 5890
f 5886 5888 5892
f 5886 5892 5891
f 5829 5894 5893
f 5889 5829 5893
f 5822 5829 5889
f 5894 5895 5893
f 5896 5831 5890
f 5890 5831 5826
f 5897 5890 5891
f 5896 5890 5897
f 5891 5892 5898
f 5891 5898 5897
f 5833 5894 5829
f 5900 5899 5835
f 5835 5899 5833
f 5899 5895 5833
f 5895 5894 5833
f 5900 5901 5899
f 5904 5903 5902
f 5902 5905 5904
f 5906 5837 5838
f 5831 5896 5838
f 5896 5906 5838
f 5896 5907 5906
f 5908 5896 5897
f 5907 5896 5908
f 5897 5898 5909
f 5910 5897 5909
f 5908 5897 5910
f 5841 5840 5910
f 5909 5841 5910
f 5911 5841 5909
f 5835 5841 5900
f 5841 5912 5900
f 5841 5911 5912
f 5900 5912 5901
f 5903 5913 5902
f 5913 5914 5902
f 5914 5915 5902
f 5916 5905 5902
f 5916 5902 5915
f 5915 5917 5916
f 5918 5843 5844
f 5845 5919 5844
f 5844 5919 5918
f 5837 5906 5845
f 5906 5919 5845
f 5906 5920 5919
f 5921 5906 5907
f 5920 5906 5921
f 5848 5921 5847
f 5921 5908 5847
f 5921 5907 5908
f 5847 5908 5849
f 5849 5908 5910
f 5849 5910 5840
f 5914 5922 5915
f 5915 5922 5917
f 5924 5923 5852
f 5852 5923 5851
f 5924 5852 5843
f 5925 5924 5843
f 5918 5925 5843
f 5924 5925 5926
f 5927 5918 5919
f 5925 5918 5927
f 5855 5927 5856
f 5927 5920 5856
f 5927 5919 5920
f 5856 5920 5857
f 5857 5920 5921
f 5857 5921 5848
f 5930 5929 5928
f 5923 5930 5928
f 5859 5923 5928
f 5851 5923 5859
f 5926 5925 5931
f 5926 5931 5932
f 5861 5931 5862
f 5931 5927 5862
f 5931 5925 5927
f 5862 5927 5855
f 5929 5933 5928
f 5928 5933 5859
f 5933 5863 5859
f 5933 5934 5863
f 5931 5864 5932
f 5864 5934 5932
f 5864 5863 5934
f 5864 5931 5861
f 5937 5936 5935
f 5935 5938 5937
f 5936 5939 5935
f 5935 5939 5938
f 5941 5940 5867
f 5867 5940 5866
f 5942 5867 5868
f 5942 5941 5867
f 5868 5869 5942
f 5942 5869 5943
f 5940 5944 5866
f 5866 5944 5870
f 5870 5945 5871
f 5944 5945 5870
f 5945 5874 5871
f 5874 5945 5946
f 5869 5872 5943
f 5947 5943 5872
f 5949 5948 5875
f 5948 5872 5875
f 5948 5947 5872
f 5949 5950 5948
f 5876 5874 5951
f 5874 5952 5951
f 5874 5946 5952
f 5949 5875 5876
f 5951 5949 5876
f 5953 5949 5951
f 5950 5949 5954
f 5954 5949 5953
f 5952 5955 5951
f 5956 5878 5879
f 5951 5956 5879
f 5953 5951 5879
f 5955 5956 5951
f 5957 5954 5953
f 5879 5957 5953
f 5880 5957 5879
f 5959 5958 5882
f 5958 5880 5882
f 5958 5957 5880
f 5959 5960 5958
f 5956 5884 5878
f 5961 5884 5956
f 5885 5962 5959
f 5885 5959 5882
f 5960 5959 5963
f 5963 5959 5962
f 5961 5964 5884
f 5884 5964 5887
f 5966 5965 5888
f 5887 5966 5888
f 5964 5966 5887
f 5889 5967 5885
f 5967 5965 5885
f 5966 5885 5965
f 5885 5966 5962
f 5968 5962 5966
f 5962 5968 5967
f 5967 5969 5962
f 5889 5969 5967
f 5967 5968 5965
f 5963 5962 5970
f 5970 5962 5969
f 5971 5892 5965
f 5965 5892 5888
f 5973 5972 5968
f 5973 5969 5972
f 5969 5973 5893
f 5971 5893 5973
f 5893 5971 5889
f 5972 5889 5971
f 5971 5965 5972
f 5972 5965 5968
f 5969 5889 5972
f 5975 5974 5895
f 5895 5974 5893
f 5974 5970 5893
f 5970 5969 5893
f 5975 5976 5974
f 5977 5898 5971
f 5971 5898 5892
f 5971 5973 5978
f 5971 5978 5977
f 5899 5975 5895
f 5899 5901 5975
f 5901 5976 5975
f 5901 5979 5976
f 5980 5903 5904
f 5905 5980 5904
f 5977 5909 5898
f 5978 5981 5977
f 5981 5909 5977
f 5981 5911 5909
f 5981 5983 5982
f 5912 5981 5982
f 5911 5981 5912
f 5979 5901 5984
f 5901 5982 5984
f 5982 5985 5984
f 5901 5912 5982
f 5985 5986 5984
f 5988 5913 5987
f 5913 5903 5987
f 5987 5903 5980
f 5989 5987 5980
f 5988 5914 5913
f 5916 5980 5905
f 5980 5916 5989
f 5990 5989 5916
f 5916 5917 5990
f 5990 5917 5991
f 5983 5992 5982
f 5982 5992 5985
f 5985 5992 5993
f 5985 5993 5986
f 5987 5994 5988
f 5988 5994 5914
f 5994 5922 5914
f 5994 5995 5922
f 5917 5922 5991
f 5991 5922 5995
f 5998 5997 5996
f 5996 5923 5998
f 5923 5924 5998
f 6000 5999 5998
f 6000 5998 5924
f 5926 6000 5924
f 6003 6002 6001
f 6003 6001 5997
f 5997 6001 5996
f 6001 5929 5996
f 5929 5930 5996
f 6000 6004 5999
f 5923 5996 5930
f 6000 5926 6004
f 5926 6005 6004
f 5926 5932 6005
f 6002 6006 6001
f 6001 6006 5929
f 6006 5933 5929
f 6006 6007 5933
f 5933 6008 5934
f 6007 6008 5933
f 5932 5934 6005
f 6005 5934 6008
f 6009 5936 5937
f 5938 6009 5937
f 6009 5939 5936
f 5939 6009 5938
f 6010 5940 5941
f 5942 6011 5941
f 5941 6011 6010
f 5943 6011 5942
f 6010 5944 5940
f 5944 6010 5945
f 5945 6010 6011
f 5946 5945 6012
f 6011 6012 5945
f 6012 6011 6013
f 5943 6013 6011
f 6013 5943 5947
f 6014 5947 5948
f 6014 6013 5947
f 5948 5950 6014
f 6014 5950 6015
f 6012 5952 5946
f 6016 5952 6012
f 5954 6018 6017
f 6015 5954 6017
f 5950 5954 6015
f 6018 6019 6017
f 5955 5952 6020
f 5952 6021 6020
f 5952 6016 6021
f 6020 5956 5955
f 5957 6018 5954
f 6022 6019 6018
f 5957 6022 6018
f 5958 6022 5957
f 5958 5960 6022
f 6022 5960 6023
f 6021 6024 6020
f 5961 5956 6020
f 6025 5961 6020
f 6024 6025 6020
f 5961 6025 6026
f 6027 6026 6025
f 5963 6023 5960
f 5963 6028 6023
f 6026 5964 5961
f 6027 6029 6026
f 6029 5964 6026
f 6029 5966 5964
f 5968 5966 6029
f 5968 6029 6030
f 5970 6032 6031
f 6028 5970 6031
f 5963 5970 6028
f 6032 6033 6031
f 6030 5973 5968
f 6034 5973 6030
f 5974 6032 5970
f 5974 5976 6032
f 5976 6033 6032
f 5976 6035 6033
f 6037 5978 6036
f 5978 6034 6036
f 5978 5973 6034
f 6038 6037 6036
f 5979 6040 6039
f 6035 5979 6039
f 5976 5979 6035
f 6040 6041 6039
f 6037 5981 5978
f 5983 5981 6037
f 6038 5983 6037
f 6042 5983 6038
f 5984 6040 5979
f 5984 5986 6040
f 5986 6041 6040
f 5986 6043 6041
f 6044 5987 5989
f 5990 6045 5989
f 5989 6045 6044
f 5991 6045 5990
f 6042 6046 5983
f 5983 6046 5992
f 6046 6048 6047
f 5993 6046 6047
f 5992 6046 5993
f 6047 6049 5993
f 6049 5986 5993
f 6049 6043 5986
f 6051 5994 6050
f 5994 5987 6050
f 6050 5987 6044
f 6052 6050 6044
f 6052 6045 6053
f 6045 6052 6044
f 6054 5995 6051
f 5994 6051 5995
f 6053 6045 6055
f 5991 6055 6045
f 6055 5991 6056
f 5995 6056 5991
f 6056 5995 6054
f 6058 6057 6056
f 6056 6057 6055
f 6058 6059 6057
f 6060 5997 5998
f 5999 6060 5998
f 6048 6061 6047
f 6047 6061 6049
f 6050 6062 6051
f 6064 6063 6062
f 6063 6051 6062
f 6063 6054 6051
f 6054 6065 6056
f 6054 6063 6065
f 6056 6066 6058
f 6056 6065 6066
f 6059 6058 6067
f 6067 6058 6066
f 6068 6002 6003
f 5997 6060 6003
f 6060 6068 6003
f 6060 6069 6068
f 6004 6070 5999
f 6070 6060 5999
f 6070 6069 6060
f 6005 6070 6004
f 6064 6071 6063
f 6063 6071 6065
f 6065 6071 6072
f 6065 6072 6066
f 6066 6072 6073
f 6066 6073 6067
f 6068 6006 6002
f 6006 6068 6007
f 6007 6068 6069
f 6007 6069 6008
f 6008 6069 6070
f 6008 6070 6005
f 6076 6075 6074
f 6012 6013 6074
f 6013 6076 6074
f 6013 6077 6076
f 6079 6077 6078
f 6077 6014 6078
f 6077 6013 6014
f 6015 6078 6014
f 6075 6080 6074
f 6012 6074 6080
f 6081 6012 6080
f 6016 6012 6081
f 6082 6079 6078
f 6082 6078 6015
f 6017 6082 6015
f 6083 6082 6017
f 6017 6019 6083
f 6083 6019 6084
f 6086 6021 6085
f 6021 6081 6085
f 6021 6016 6081
f 6087 6086 6085
f 6088 6084 6019
f 6088 6019 6022
f 6022 6023 6088
f 6088 6023 6089
f 6086 6024 6021
f 6087 6090 6086
f 6090 6024 6086
f 6090 6025 6024
f 6027 6025 6090
f 6027 6090 6091
f 6028 6089 6023
f 6028 6092 6089
f 6091 6093 6027
f 6027 6093 6029
f 6030 6029 6093
f 6030 6093 6094
f 6095 6092 6028
f 6095 6028 6031
f 6031 6033 6095
f 6095 6033 6096
f 6098 6034 6097
f 6034 6094 6097
f 6034 6030 6094
f 6099 6098 6097
f 6035 6101 6100
f 6096 6035 6100
f 6033 6035 6096
f 6101 6102 6100
f 6098 6036 6034
f 6038 6036 6098
f 6099 6038 6098
f 6103 6038 6099
f 6039 6101 6035
f 6039 6041 6101
f 6041 6102 6101
f 6041 6104 6102
f 6103 6042 6038
f 6105 6042 6103
f 6043 6104 6041
f 6043 6106 6104
f 6105 6107 6042
f 6042 6107 6046
f 6048 6046 6107
f 6048 6107 6108
f 6049 6106 6043
f 6049 6109 6106
f 6110 6050 6052
f 6053 6111 6052
f 6052 6111 6110
f 6055 6112 6053
f 6053 6112 6111
f 6057 6113 6055
f 6055 6113 6112
f 6059 6113 6057
f 6108 6114 6048
f 6048 6114 6061
f 6049 6061 6109
f 6109 6061 6114
f 6116 6062 6115
f 6062 6050 6115
f 6115 6050 6110
f 6117 6115 6110
f 6117 6119 6118
f 6119 6116 6118
f 6064 6118 6116
f 6118 6064 6111
f 6062 6111 6064
f 6111 6062 6119
f 6119 6110 6111
f 6117 6110 6119
f 6119 6062 6116
f 6118 6111 6112
f 6118 6112 6120
f 6122 6121 6120
f 6112 6122 6120
f 6113 6122 6112
f 6067 6122 6059
f 6059 6122 6113
f 6115 6123 6116
f 6123 6125 6124
f 6123 6124 6071
f 6116 6123 6071
f 6064 6116 6071
f 6071 6124 6126
f 6127 6071 6126
f 6072 6071 6127
f 6122 6073 6121
f 6073 6127 6121
f 6073 6072 6127
f 6073 6122 6067
f 6130 6129 6128
f 6132 6131 6128
f 6128 6131 6130
f 6132 6133 6131
f 6125 6134 6124
f 6124 6134 6126
f 6137 6136 6135
f 6137 6135 6129
f 6135 6128 6129
f 6135 6138 6128
f 6140 6132 6139
f 6132 6138 6139
f 6132 6128 6138
f 6132 6140 6133
f 6136 6141 6135
f 6135 6141 6138
f 6138 6141 6142
f 6138 6142 6139
f 6144 6143 6076
f 6076 6143 6075
f 6146 6144 6145
f 6144 6077 6145
f 6144 6076 6077
f 6079 6145 6077
f 6080 6075 6147
f 6075 6148 6147
f 6075 6143 6148
f 6145 6149 6146
f 6081 6080 6147
f 6149 6145 6079
f 6082 6149 6079
f 6150 6149 6082
f 6151 6082 6083
f 6151 6150 6082
f 6083 6084 6151
f 6151 6084 6152
f 6148 6153 6147
f 6147 6153 6081
f 6153 6085 6081
f 6153 6154 6085
f 6087 6085 6154
f 6087 6154 6155
f 6156 6152 6084
f 6156 6084 6088
f 6088 6089 6156
f 6156 6089 6157
f 6155 6158 6087
f 6087 6158 6090
f 6091 6090 6158
f 6091 6158 6159
f 6092 6157 6089
f 6092 6160 6157
f 6159 6161 6091
f 6091 6161 6093
f 6094 6093 6161
f 6094 6161 6162
f 6163 6160 6092
f 6163 6092 6095
f 6095 6096 6163
f 6163 6096 6164
f 6162 6165 6094
f 6094 6165 6097
f 6099 6097 6165
f 6099 6165 6166
f 6167 6164 6096
f 6167 6096 6100
f 6100 6102 6167
f 6167 6102 6168
f 6166 6103 6099
f 6169 6103 6166
f 6104 6168 6102
f 6104 6170 6168
f 6172 6105 6171
f 6105 6169 6171
f 6105 6103 6169
f 6173 6172 6171
f 6106 6170 6104
f 6106 6174 6170
f 6172 6107 6105
f 6176 6175 6108
f 6176 6108 6107
f 6173 6176 6107
f 6172 6173 6107
f 6176 6174 6175
f 6174 6109 6175
f 6174 6106 6109
f 6175 6114 6108
f 6114 6175 6109
f 6177 6115 6117
f 6118 6178 6117
f 6117 6178 6177
f 6120 6179 6118
f 6118 6179 6178
f 6121 6179 6120
f 6177 6123 6115
f 6123 6177 6125
f 6177 6180 6125
f 6177 6178 6180
f 6126 6180 6127
f 6180 6179 6127
f 6180 6178 6179
f 6127 6179 6121
f 6182 6181 6130
f 6130 6181 6129
f 6183 6130 6131
f 6183 6182 6130
f 6131 6133 6183
f 6183 6133 6184
f 6180 6134 6125
f 6134 6180 6126
f 6187 6186 6185
f 6189 6188 6185
f 6185 6188 6187
f 6189 6190 6188
f 6192 6191 6137
f 6137 6191 6136
f 6137 6129 6181
f 6137 6181 6192
f 6194 6193 6140
f 6194 6140 6139
f 6133 6140 6184
f 6184 6140 6193
f 6197 6196 6195
f 6199 6198 6195
f 6195 6198 6197
f 6199 6200 6198
f 6203 6202 6201
f 6203 6201 6186
f 6201 6185 6186
f 6201 6204 6185
f 6185 6205 6189
f 6185 6204 6205
f 6190 6189 6206
f 6206 6189 6205
f 6209 6208 6207
f 6207 6210 6141
f 6191 6207 6141
f 6136 6191 6141
f 6207 6191 6209
f 6141 6210 6211
f 6212 6141 6211
f 6142 6141 6212
f 6139 6142 6194
f 6194 6142 6212
f 6196 6213 6195
f 6195 6213 6199
f 6199 6213 6214
f 6214 6215 6199
f 6215 6216 6199
f 6217 6200 6199
f 6217 6199 6216
f 6219 6218 6216
f 6216 6218 6217
f 6221 6220 6219
f 6219 6220 6218
f 6223 6222 6221
f 6221 6222 6220
f 6222 6223 6202
f 6223 6201 6202
f 6223 6224 6201
f 6226 6204 6225
f 6204 6224 6225
f 6204 6201 6224
f 6204 6226 6205
f 6205 6226 6227
f 6205 6227 6206
f 6208 6228 6207
f 6207 6228 6210
f 6210 6228 6229
f 6210 6229 6211
f 6215 6230 6216
f 6216 6230 6219
f 6219 6230 6231
f 6219 6231 6221
f 6221 6231 6232
f 6221 6232 6223
f 6223 6232 6233
f 6223 6233 6224
f 6224 6233 6234
f 6224 6234 6225
f 6236 6235 6144
f 6144 6235 6143
f 6144 6146 6236
f 6236 6146 6237
f 6235 6148 6143
f 6238 6148 6235
f 6239 6237 6146
f 6239 6146 6149
f 6240 6149 6150
f 6240 6239 6149
f 6242 6240 6241
f 6240 6151 6241
f 6240 6150 6151
f 6152 6241 6151
f 6238 6243 6148
f 6148 6243 6153
f 6153 6244 6154
f 6243 6244 6153
f 6155 6154 6244
f 6155 6244 6245
f 6246 6242 6241
f 6248 6246 6247
f 6247 6246 6156
f 6246 6241 6156
f 6241 6152 6156
f 6157 6247 6156
f 6245 6249 6155
f 6155 6249 6158
f 6159 6158 6249
f 6159 6249 6250
f 6251 6248 6247
f 6247 6157 6251
f 6157 6252 6251
f 6157 6160 6252
f 6250 6253 6159
f 6159 6253 6161
f 6162 6161 6253
f 6162 6253 6254
f 6255 6252 6160
f 6255 6160 6163
f 6163 6164 6255
f 6255 6164 6256
f 6254 6257 6162
f 6162 6257 6165
f 6166 6165 6257
f 6166 6257 6258
f 6164 6167 6259
f 6260 6164 6259
f 6256 6164 6260
f 6168 6259 6167
f 6262 6169 6261
f 6169 6258 6261
f 6169 6166 6258
f 6262 6261 6260
f 6259 6262 6260
f 6263 6262 6259
f 6170 6263 6168
f 6168 6263 6259
f 6262 6171 6169
f 6171 6262 6173
f 6262 6264 6173
f 6262 6263 6264
f 6174 6264 6170
f 6170 6264 6263
f 6264 6176 6173
f 6176 6264 6174
f 6266 6265 6182
f 6182 6265 6181
f 6267 6182 6183
f 6267 6266 6182
f 6183 6184 6267
f 6267 6184 6268
f 6270 6269 6187
f 6187 6269 6186
f 6271 6187 6188
f 6271 6270 6187
f 6188 6190 6271
f 6271 6190 6272
f 6275 6274 6273
f 6191 6192 6273
f 6192 6275 6273
f 6192 6276 6275
f 6192 6181 6265
f 6192 6265 6276
f 6278 6277 6193
f 6278 6193 6194
f 6184 6193 6268
f 6268 6193 6277
f 6280 6279 6197
f 6197 6279 6196
f 6281 6197 6198
f 6281 6280 6197
f 6198 6200 6281
f 6281 6200 6282
f 6283 6202 6203
f 6284 6283 6203
f 6186 6284 6203
f 6269 6284 6186
f 6206 6272 6190
f 6206 6285 6272
f 6288 6287 6286
f 6288 6286 6274
f 6274 6286 6273
f 6286 6208 6273
f 6208 6209 6273
f 6273 6209 6191
f 6290 6289 6212
f 6290 6212 6211
f 6194 6212 6278
f 6278 6212 6289
f 6279 6291 6196
f 6196 6291 6213
f 6291 6293 6292
f 6214 6291 6292
f 6213 6291 6214
f 6295 6294 6217
f 6295 6215 6294
f 6215 6295 6292
f 6282 6292 6295
f 6292 6282 6214
f 6294 6214 6282
f 6282 6200 6294
f 6294 6200 6217
f 6215 6214 6294
f 6296 6217 6218
f 6296 6295 6217
f 6297 6218 6220
f 6297 6296 6218
f 6298 6220 6222
f 6298 6297 6220
f 6222 6202 6283
f 6299 6222 6283
f 6298 6222 6299
f 6226 6225 6300
f 6283 6284 6299
f 6301 6227 6226
f 6301 6226 6300
f 6301 6302 6227
f 6302 6206 6227
f 6302 6285 6206
f 6287 6303 6286
f 6286 6303 6208
f 6303 6228 6208
f 6303 6304 6228
f 6228 6305 6229
f 6304 6305 6228
f 6211 6229 6290
f 6290 6229 6305
f 6293 6306 6292
f 6292 6306 6215
f 6306 6230 6215
f 6306 6307 6230
f 6230 6308 6231
f 6307 6308 6230
f 6231 6309 6232
f 6308 6309 6231
f 6232 6310 6233
f 6309 6310 6232
f 6233 6311 6234
f 6310 6311 6233
f 6225 6234 6300
f 6234 6312 6300
f 6234 6311 6312
f 6300 6312 6301
f 6301 6312 6313
f 6301 6313 6302
f 6316 6315 6314
f 6318 6317 6314
f 6314 6317 6316
f 6318 6319 6317
f 6320 6235 6236
f 6237 6320 6236
f 6323 6322 6321
f 6325 6324 6321
f 6321 6324 6323
f 6324 6325 6315
f 6325 6314 6315
f 6325 6326 6314
f 6328 6318 6327
f 6318 6326 6327
f 6318 6314 6326
f 6318 6328 6319
f 6330 6329 6320
f 6329 6235 6320
f 6329 6238 6235
f 6330 6320 6237
f 6239 6330 6237
f 6331 6330 6239
f 6333 6331 6332
f 6331 6240 6332
f 6331 6239 6240
f 6242 6332 6240
f 6321 6322 6334
f 6334 6322 6335
f 6337 6325 6336
f 6325 6334 6336
f 6325 6321 6334
f 6325 6337 6326
f 6326 6337 6338
f 6326 6338 6327
f 6329 6339 6238
f 6238 6339 6243
f 6339 6341 6340
f 6244 6339 6340
f 6243 6339 6244
f 6332 6342 6333
f 6245 6244 6340
f 6344 6342 6343
f 6343 6342 6246
f 6342 6332 6246
f 6332 6242 6246
f 6248 6343 6246
f 6335 6345 6334
f 6334 6345 6336
f 6341 6346 6340
f 6346 6348 6347
f 6346 6347 6249
f 6340 6346 6249
f 6245 6340 6249
f 6343 6349 6344
f 6250 6249 6347
f 6351 6349 6350
f 6350 6349 6251
f 6349 6343 6251
f 6343 6248 6251
f 6252 6350 6251
f 6348 6352 6347
f 6352 6354 6353
f 6352 6353 6253
f 6347 6352 6253
f 6250 6347 6253
f 6350 6355 6351
f 6254 6253 6353
f 6357 6355 6356
f 6356 6355 6255
f 6355 6350 6255
f 6350 6252 6255
f 6256 6356 6255
f 6354 6358 6353
f 6353 6358 6254
f 6358 6257 6254
f 6358 6359 6257
f 6356 6360 6258
f 6359 6356 6258
f 6257 6359 6258
f 6357 6356 6359
f 6260 6360 6256
f 6256 6360 6356
f 6360 6261 6258
f 6261 6360 6260
f 6363 6362 6361
f 6265 6266 6361
f 6266 6363 6361
f 6266 6364 6363
f 6366 6364 6365
f 6364 6267 6365
f 6364 6266 6267
f 6268 6365 6267
f 6367 6269 6270
f 6271 6368 6270
f 6270 6368 6367
f 6272 6368 6271
f 6370 6369 6275
f 6275 6369 6274
f 6276 6361 6362
f 6370 6276 6362
f 6275 6276 6370
f 6361 6276 6265
f 6366 6365 6277
f 6278 6366 6277
f 6371 6366 6278
f 6277 6365 6268
f 6373 6372 6280
f 6280 6372 6279
f 6374 6280 6281
f 6374 6373 6280
f 6281 6282 6374
f 6374 6282 6375
f 6377 6376 6367
f 6376 6269 6367
f 6376 6284 6269
f 6377 6367 6368
f 6377 6368 6378
f 6368 6272 6378
f 6272 6379 6378
f 6272 6285 6379
f 6381 6380 6288
f 6288 6380 6287
f 6288 6274 6369
f 6288 6369 6381
f 6383 6382 6289
f 6383 6289 6290
f 6278 6289 6371
f 6371 6289 6382
f 6372 6384 6279
f 6279 6384 6291
f 6386 6385 6293
f 6291 6386 6293
f 6384 6386 6291
f 6388 6387 6295
f 6387 6389 6295
f 6385 6295 6389
f 6295 6385 6282
f 6386 6282 6385
f 6282 6386 6387
f 6387 6375 6282
f 6388 6375 6387
f 6387 6386 6389
f 6390 6295 6296
f 6390 6388 6295
f 6391 6296 6297
f 6391 6390 6296
f 6392 6297 6298
f 6392 6391 6297
f 6393 6298 6299
f 6393 6392 6298
f 6299 6284 6376
f 6299 6376 6393
f 6302 6395 6394
f 6379 6302 6394
f 6285 6302 6379
f 6395 6396 6394
f 6380 6397 6287
f 6287 6397 6303
f 6303 6398 6304
f 6397 6398 6303
f 6304 6399 6305
f 6398 6399 6304
f 6290 6305 6383
f 6383 6305 6399
f 6385 6306 6293
f 6389 6400 6385
f 6400 6306 6385
f 6400 6307 6306
f 6307 6401 6308
f 6400 6401 6307
f 6308 6402 6309
f 6401 6402 6308
f 6309 6403 6310
f 6402 6403 6309
f 6310 6404 6311
f 6403 6404 6310
f 6311 6405 6312
f 6404 6405 6311
f 6312 6406 6313
f 6405 6406 6312
f 6302 6313 6395
f 6313 6407 6395
f 6313 6406 6407
f 6395 6407 6396
f 6408 6315 6316
f 6317 6409 6316
f 6316 6409 6408
f 6319 6409 6317
f 6410 6322 6323
f 6410 6323 6411
f 6323 6412 6411
f 6323 6324 6412
f 6324 6315 6408
f 6413 6324 6408
f 6412 6324 6413
f 6413 6415 6414
f 6413 6416 6415
f 6416 6413 6327
f 6408 6327 6413
f 6327 6408 6328
f 6415 6328 6408
f 6408 6409 6415
f 6415 6409 6414
f 6416 6328 6415
f 6414 6409 6417
f 6409 6319 6417
f 6328 6416 6417
f 6328 6417 6319
f 6418 6329 6330
f 6331 6419 6330
f 6330 6419 6418
f 6333 6419 6331
f 6421 6420 6410
f 6420 6322 6410
f 6420 6335 6322
f 6337 6336 6422
f 6410 6411 6421
f 6423 6338 6337
f 6423 6337 6422
f 6416 6327 6338
f 6423 6416 6338
f 6424 6416 6423
f 6417 6416 6425
f 6416 6426 6425
f 6416 6424 6426
f 6428 6427 6426
f 6426 6427 6425
f 6430 6429 6428
f 6428 6429 6427
f 6432 6431 6430
f 6430 6431 6429
f 6432 6433 6431
f 6418 6339 6329
f 6339 6418 6341
f 6418 6434 6341
f 6418 6419 6434
f 6342 6435 6333
f 6435 6419 6333
f 6435 6434 6419
f 6344 6435 6342
f 6420 6436 6335
f 6335 6436 6345
f 6336 6345 6422
f 6345 6437 6422
f 6345 6436 6437
f 6422 6437 6423
f 6423 6437 6438
f 6423 6438 6424
f 6424 6438 6439
f 6424 6439 6426
f 6426 6439 6440
f 6426 6440 6428
f 6428 6440 6441
f 6428 6441 6430
f 6430 6441 6442
f 6430 6442 6432
f 6432 6442 6443
f 6432 6443 6433
f 6434 6346 6341
f 6434 6435 6444
f 6348 6434 6444
f 6445 6348 6444
f 6434 6348 6346
f 6447 6444 6446
f 6446 6444 6349
f 6444 6435 6349
f 6435 6344 6349
f 6351 6446 6349
f 6352 6348 6448
f 6348 6449 6448
f 6348 6445 6449
f 6446 6450 6447
f 6354 6352 6448
f 6452 6450 6451
f 6451 6450 6355
f 6450 6446 6355
f 6446 6351 6355
f 6357 6451 6355
f 6449 6453 6448
f 6448 6453 6354
f 6453 6358 6354
f 6453 6454 6358
f 6451 6359 6452
f 6359 6454 6452
f 6359 6358 6454
f 6359 6451 6357
f 6456 6455 6363
f 6363 6455 6362
f 6457 6363 6364
f 6457 6456 6363
f 6364 6366 6457
f 6457 6366 6458
f 6461 6460 6459
f 6369 6370 6459
f 6370 6461 6459
f 6370 6462 6461
f 6370 6362 6455
f 6370 6455 6462
f 6371 6458 6366
f 6371 6463 6458
f 6465 6464 6373
f 6373 6464 6372
f 6466 6373 6374
f 6466 6465 6373
f 6468 6467 6375
f 6467 6374 6375
f 6467 6466 6374
f 6470 6469 6468
f 6468 6469 6467
f 6472 6471 6470
f 6470 6471 6469
f 6474 6473 6472
f 6472 6473 6471
f 6476 6475 6474
f 6474 6475 6473
f 6376 6377 6476
f 6377 6475 6476
f 6377 6477 6475
f 6478 6377 6378
f 6478 6477 6377
f 6480 6479 6379
f 6479 6378 6379
f 6479 6478 6378
f 6480 6481 6479
f 6484 6483 6482
f 6484 6482 6460
f 6460 6482 6459
f 6482 6380 6459
f 6380 6381 6459
f 6459 6381 6369
f 6487 6486 6485
f 6382 6383 6485
f 6486 6382 6485
f 6488 6382 6486
f 6371 6382 6463
f 6463 6382 6488
f 6464 6489 6372
f 6372 6489 6384
f 6384 6490 6386
f 6489 6490 6384
f 6468 6375 6388
f 6386 6491 6389
f 6491 6386 6492
f 6490 6492 6386
f 6390 6493 6388
f 6390 6491 6493
f 6491 6390 6494
f 6470 6494 6390
f 6494 6470 6492
f 6493 6492 6470
f 6470 6468 6493
f 6493 6468 6388
f 6491 6492 6493
f 6470 6390 6391
f 6470 6391 6472
f 6472 6391 6392
f 6472 6392 6474
f 6474 6392 6393
f 6474 6393 6476
f 6476 6393 6376
f 6394 6480 6379
f 6394 6396 6480
f 6396 6481 6480
f 6396 6495 6481
f 6483 6496 6482
f 6482 6496 6380
f 6496 6397 6380
f 6496 6497 6397
f 6397 6498 6398
f 6497 6498 6397
f 6485 6399 6487
f 6399 6498 6487
f 6399 6398 6498
f 6399 6485 6383
f 6491 6400 6389
f 6494 6499 6491
f 6499 6400 6491
f 6499 6401 6400
f 6401 6500 6402
f 6499 6500 6401
f 6402 6501 6403
f 6500 6501 6402
f 6403 6502 6404
f 6501 6502 6403
f 6404 6503 6405
f 6502 6503 6404
f 6405 6504 6406
f 6503 6504 6405
f 6406 6505 6407
f 6504 6505 6406
f 6396 6407 6495
f 6495 6407 6505
f 6506 6411 6412
f 6413 6507 6412
f 6412 6507 6506
f 6414 6508 6413
f 6413 6508 6507
f 6417 6508 6414
f 6509 6420 6421
f 6510 6509 6421
f 6510 6421 6411
f 6511 6510 6411
f 6506 6511 6411
f 6511 6506 6507
f 6511 6507 6512
f 6512 6507 6508
f 6512 6508 6513
f 6515 6513 6514
f 6514 6513 6425
f 6513 6508 6425
f 6508 6417 6425
f 6427 6516 6425
f 6425 6516 6514
f 6429 6517 6427
f 6427 6517 6516
f 6431 6518 6429
f 6429 6518 6517
f 6433 6518 6431
f 6520 6436 6519
f 6436 6420 6519
f 6519 6420 6509
f 6521 6519 6509
f 6436 6522 6437
f 6522 6509 6437
f 6510 6437 6509
f 6437 6510 6523
f 6521 6523 6510
f 6523 6521 6522
f 6522 6520 6523
f 6436 6520 6522
f 6522 6521 6509
f 6524 6438 6437
f 6524 6437 6523
f 6525 6439 6438
f 6525 6438 6524
f 6439 6526 6440
f 6439 6514 6526
f 6514 6439 6515
f 6525 6515 6439
f 6515 6525 6527
f 6526 6527 6525
f 6525 6528 6526
f 6526 6528 6440
f 6514 6527 6526
f 6527 6516 6529
f 6516 6527 6514
f 6530 6441 6528
f 6440 6528 6441
f 6529 6517 6531
f 6517 6529 6516
f 6532 6442 6530
f 6441 6530 6442
f 6531 6518 6533
f 6518 6531 6517
f 6534 6443 6532
f 6442 6532 6443
f 6533 6518 6535
f 6518 6433 6535
f 6443 6534 6535
f 6443 6535 6433
f 6536 6445 6444
f 6447 6536 6444
f 6520 6519 6537
f 6537 6519 6538
f 6520 6539 6523
f 6520 6537 6539
f 6523 6540 6524
f 6523 6539 6540
f 6542 6525 6541
f 6525 6540 6541
f 6525 6524 6540
f 6544 6543 6542
f 6543 6525 6542
f 6543 6528 6525
f 6528 6545 6530
f 6528 6543 6545
f 6530 6546 6532
f 6530 6545 6546
f 6548 6534 6547
f 6534 6546 6547
f 6534 6532 6546
f 6534 6548 6535
f 6549 6449 6536
f 6536 6449 6445
f 6450 6550 6447
f 6550 6536 6447
f 6550 6549 6536
f 6452 6550 6450
f 6538 6551 6537
f 6537 6551 6539
f 6539 6551 6552
f 6539 6552 6540
f 6540 6552 6553
f 6540 6553 6541
f 6544 6554 6543
f 6543 6554 6545
f 6545 6554 6555
f 6545 6555 6546
f 6546 6555 6556
f 6546 6556 6547
f 6549 6453 6449
f 6453 6549 6454
f 6454 6549 6550
f 6454 6550 6452
f 6557 6455 6456
f 6457 6558 6456
f 6456 6558 6557
f 6458 6558 6457
f 6559 6460 6461
f 6462 6560 6461
f 6461 6560 6559
f 6455 6557 6462
f 6557 6560 6462
f 6557 6561 6560
f 6562 6557 6558
f 6561 6557 6562
f 6463 6562 6458
f 6458 6562 6558
f 6563 6464 6465
f 6563 6465 6564
f 6465 6565 6564
f 6465 6466 6565
f 6566 6466 6467
f 6566 6565 6466
f 6567 6467 6469
f 6567 6566 6467
f 6568 6469 6471
f 6568 6567 6469
f 6569 6471 6473
f 6569 6568 6471
f 6570 6473 6475
f 6570 6569 6473
f 6571 6475 6477
f 6571 6570 6475
f 6572 6477 6478
f 6572 6571 6477
f 6573 6478 6479
f 6573 6572 6478
f 6479 6481 6573
f 6573 6481 6574
f 6575 6483 6484
f 6460 6559 6484
f 6559 6575 6484
f 6559 6576 6575
f 6577 6559 6560
f 6576 6559 6577
f 6487 6577 6486
f 6577 6561 6486
f 6577 6560 6561
f 6486 6561 6488
f 6488 6561 6562
f 6488 6562 6463
f 6563 6489 6464
f 6564 6578 6563
f 6578 6489 6563
f 6578 6490 6489
f 6490 6579 6492
f 6578 6579 6490
f 6581 6580 6494
f 6492 6581 6494
f 6579 6581 6492
f 6583 6582 6580
f 6583 6580 6581
f 6584 6582 6583
f 6587 6586 6585
f 6589 6588 6585
f 6589 6585 6586
f 6589 6574 6588
f 6574 6495 6588
f 6574 6481 6495
f 6575 6496 6483
f 6496 6575 6497
f 6497 6575 6576
f 6497 6576 6498
f 6498 6576 6577
f 6498 6577 6487
f 6580 6499 6494
f 6499 6580 6500
f 6500 6580 6582
f 6584 6590 6582
f 6590 6500 6582
f 6590 6501 6500
f 6501 6591 6502
f 6590 6591 6501
f 6502 6592 6503
f 6591 6592 6502
f 6585 6504 6587
f 6504 6592 6587
f 6504 6503 6592
f 6504 6585 6505
f 6505 6585 6588
f 6505 6588 6495
f 6593 6510 6511
f 6512 6594 6511
f 6511 6594 6593
f 6513 6595 6512
f 6512 6595 6594
f 6515 6595 6513
f 6596 6519 6521
f 6510 6593 6521
f 6593 6596 6521
f 6593 6597 6596
f 6598 6593 6594
f 6597 6593 6598
f 6599 6594 6595
f 6598 6594 6599
f 6527 6600 6515
f 6600 6595 6515
f 6600 6599 6595
f 6600 6527 6601
f 6527 6602 6601
f 6527 6529 6602
f 6603 6529 6531
f 6603 6602 6529
f 6604 6531 6533
f 6604 6603 6531
f 6533 6535 6604
f 6604 6535 6605
f 6606 6538 6596
f 6596 6538 6519
f 6597 6608 6607
f 6606 6597 6607
f 6596 6597 6606
f 6608 6597 6598
f 6608 6598 6609
f 6609 6611 6610
f 6609 6612 6611
f 6612 6609 6541
f 6598 6541 6609
f 6541 6598 6542
f 6611 6542 6598
f 6598 6599 6611
f 6611 6599 6610
f 6612 6542 6611
f 6610 6614 6613
f 6614 6612 6613
f 6544 6613 6612
f 6613 6544 6600
f 6542 6600 6544
f 6600 6542 6614
f 6614 6599 6600
f 6610 6599 6614
f 6614 6542 6612
f 6613 6600 6601
f 6547 6615 6548
f 6615 6616 6548
f 6616 6535 6548
f 6616 6605 6535
f 6618 6551 6617
f 6551 6538 6617
f 6617 6538 6606
f 6619 6617 6606
f 6551 6620 6552
f 6620 6606 6552
f 6607 6552 6606
f 6552 6607 6621
f 6619 6621 6607
f 6621 6619 6620
f 6620 6618 6621
f 6551 6618 6620
f 6620 6619 6606
f 6622 6553 6552
f 6622 6552 6621
f 6612 6541 6553
f 6622 6612 6553
f 6623 6612 6622
f 6624 6554 6544
f 6612 6624 6544
f 6623 6624 6612
f 6625 6555 6554
f 6625 6554 6624
f 6626 6556 6555
f 6626 6555 6625
f 6626 6627 6556
f 6556 6627 6547
f 6627 6628 6547
f 6628 6615 6547
f 6615 6628 6616
f 6617 6629 6618
f 6618 6629 6621
f 6621 6629 6630
f 6621 6630 6622
f 6622 6630 6631
f 6622 6631 6623
f 6623 6631 6632
f 6623 6632 6624
f 6624 6632 6633
f 6624 6633 6625
f 6625 6633 6634
f 6625 6634 6626
f 6626 6634 6635
f 6626 6635 6627
f 6636 6564 6565
f 6566 6637 6565
f 6565 6637 6636
f 6637 6566 6638
f 6566 6639 6638
f 6566 6567 6639
f 6641 6639 6640
f 6639 6568 6640
f 6639 6567 6568
f 6569 6642 6568
f 6568 6642 6640
f 6570 6643 6569
f 6569 6643 6642
f 6643 6570 6644
f 6570 6645 6644
f 6570 6571 6645
f 6647 6645 6646
f 6645 6572 6646
f 6645 6571 6572
f 6573 6648 6572
f 6572 6648 6646
f 6574 6648 6573
f 6636 6578 6564
f 6578 6636 6579
f 6579 6636 6637
f 6638 6649 6637
f 6649 6579 6637
f 6649 6581 6579
f 6640 6583 6641
f 6583 6649 6641
f 6583 6581 6649
f 6583 6640 6584
f 6640 6650 6584
f 6640 6642 6650
f 6651 6642 6643
f 6650 6642 6651
f 6643 6644 6652
f 6653 6643 6652
f 6651 6643 6653
f 6653 6652 6647
f 6653 6647 6646
f 6587 6653 6646
f 6586 6587 6646
f 6586 6646 6589
f 6589 6646 6648
f 6589 6648 6574
f 6650 6590 6584
f 6590 6650 6591
f 6591 6650 6651
f 6591 6651 6592
f 6592 6651 6653
f 6592 6653 6587
f 6654 6601 6602
f 6603 6655 6602
f 6602 6655 6654
f 6604 6656 6603
f 6603 6656 6655
f 6605 6656 6604
f 6657 6607 6608
f 6609 6658 6608
f 6608 6658 6657
f 6610 6659 6609
f 6609 6659 6658
f 6613 6660 6610
f 6610 6660 6659
f 6601 6654 6613
f 6654 6660 6613
f 6654 6661 6660
f 6662 6654 6655
f 6661 6654 6662
f 6663 6655 6656
f 6662 6655 6663
f 6616 6663 6605
f 6605 6663 6656
f 6664 6617 6619
f 6607 6657 6619
f 6657 6664 6619
f 6657 6665 6664
f 6666 6657 6658
f 6665 6657 6666
f 6667 6658 6659
f 6666 6658 6667
f 6668 6659 6660
f 6667 6659 6668
f 6669 6660 6661
f 6668 6660 6669
f 6662 6671 6670
f 6669 6662 6670
f 6661 6662 6669
f 6627 6672 6628
f 6672 6662 6628
f 6662 6663 6628
f 6672 6671 6662
f 6628 6663 6616
f 6664 6629 6617
f 6629 6664 6630
f 6630 6664 6665
f 6630 6665 6631
f 6631 6665 6666
f 6631 6666 6632
f 6632 6666 6667
f 6632 6667 6633
f 6633 6667 6668
f 6633 6673 6634
f 6673 6633 6674
f 6668 6674 6633
f 6674 6668 6675
f 6669 6675 6668
f 6669 6670 6675
f 6677 6673 6676
f 6673 6677 6634
f 6635 6634 6677
f 6627 6635 6672
f 6672 6635 6677
f 6680 6679 6678
f 6682 6681 6678
f 6681 6673 6678
f 6674 6680 6678
f 6674 6678 6673
f 6673 6681 6676
f 6678 6679 6683
f 6683 6679 6684
f 6682 6678 6685
f 6678 6686 6685
f 6678 6683 6686
f 6686 6687 6685
f 6684 6688 6683
f 6683 6688 6686
f 6686 6688 6689
f 6686 6689 6687
f 6690 6638 6639
f 6641 6690 6639
f 6691 6644 6645
f 6647 6691 6645
f 6690 6649 6638
f 6649 6690 6641
f 6691 6652 6644
f 6652 6691 6647
f 6692 6670 6671
f 6672 6692 6671
f 6693 6674 6675
f 6675 6670 6693
f 6670 6692 6693
f 6677 6676 6693
f 6677 6693 6692
f 6677 6692 6672
f 6694 6679 6680
f 6680 6674 6694
f 6674 6693 6694
f 6681 6682 6694
f 6681 6694 6693
f 6681 6693 6676
f 6695 6684 6694
f 6694 6684 6679
f 6685 6696 6682
f 6696 6694 6682
f 6696 6695 6694
f 6687 6696 6685
f 6698 6688 6697
f 6688 6684 6697
f 6697 6684 6695
f 6699 6697 6695
f 6699 6696 6700
f 6696 6699 6695
f 6701 6689 6698
f 6688 6698 6689
f 6700 6696 6702
f 6696 6687 6702
f 6689 6701 6702
f 6689 6702 6687
f 6697 6703 6698
f 6698 6703 6701
f 6701 6703 6704
f 6701 6704 6702
f 6705 6697 6699
f 6700 6706 6699
f 6699 6706 6705
f 6702 6706 6700
f 6705 6703 6697
f 6703 6705 6704
f 6704 6705 6706
f 6704 6706 6702

