# https://github.com/mikedh/trimesh
mtllib material.mtl

o edema
usemtl material_0
v 37.50000000 39.00000000 56.00000000
v 38.00000000 39.00000000 55.50000000
v 38.00000000 38.50000000 56.00000000
v 38.00000000 39.00000000 56.50000000
v 37.50000000 40.00000000 55.00000000
v 38.00000000 40.00000000 54.50000000
v 38.00000000 39.50000000 55.00000000
v 37.50000000 40.00000000 56.00000000
v 38.00000000 39.50000000 57.00000000
v 37.50000000 40.00000000 57.00000000
v 38.00000000 40.00000000 57.50000000
v 38.00000000 40.50000000 55.00000000
v 38.00000000 40.50000000 56.00000000
v 38.00000000 40.50000000 57.00000000
v 38.50000000 38.00000000 54.00000000
v 39.00000000 38.00000000 53.50000000
v 39.00000000 37.50000000 54.00000000
v 39.00000000 37.50000000 55.00000000
v 38.50000000 38.00000000 55.00000000
v 39.00000000 37.50000000 56.00000000
v 38.50000000 38.00000000 56.00000000
v 39.00000000 37.50000000 57.00000000
v 38.50000000 38.00000000 57.00000000
v 39.00000000 38.00000000 57.50000000
v 38.50000000 39.00000000 52.00000000
v 39.00000000 39.00000000 51.50000000
v 39.00000000 38.50000000 52.00000000
v 39.00000000 38.50000000 53.00000000
v 38.50000000 39.00000000 53.00000000
v 38.50000000 39.00000000 54.00000000
v 38.50000000 39.00000000 55.00000000
v 38.50000000 39.00000000 57.00000000
v 39.00000000 38.50000000 58.00000000
v 38.50000000 39.00000000 58.00000000
v 39.00000000 38.50000000 59.00000000
v 38.50000000 39.00000000 59.00000000
v 39.00000000 38.50000000 60.00000000
v 38.50000000 39.00000000 60.00000000
v 39.00000000 39.00000000 60.50000000
v 38.50000000 40.00000000 52.00000000
v 39.00000000 40.00000000 51.50000000
v 38.50000000 40.00000000 53.00000000
v 38.50000000 40.00000000 54.00000000
v 38.50000000 40.00000000 58.00000000
v 38.50000000 40.00000000 59.00000000
v 38.50000000 40.00000000 60.00000000
v 39.00000000 40.00000000 60.50000000
v 39.00000000 40.50000000 52.00000000
v 38.50000000 41.00000000 53.00000000
v 39.00000000 41.00000000 52.50000000
v 38.50000000 41.00000000 54.00000000
v 38.50000000 41.00000000 55.00000000
v 38.50000000 41.00000000 56.00000000
v 38.50000000 41.00000000 57.00000000
v 38.50000000 41.00000000 58.00000000
v 39.00000000 41.00000000 58.50000000
v 39.00000000 40.50000000 59.00000000
v 39.00000000 40.50000000 60.00000000
v 39.00000000 41.50000000 53.00000000
v 39.00000000 41.50000000 54.00000000
v 39.00000000 41.50000000 55.00000000
v 38.50000000 42.00000000 56.00000000
v 39.00000000 42.00000000 55.50000000
v 39.00000000 42.00000000 56.50000000
v 39.00000000 41.50000000 57.00000000
v 39.00000000 41.50000000 58.00000000
v 39.00000000 42.50000000 56.00000000
v 39.50000000 37.00000000 51.00000000
v 40.00000000 37.00000000 50.50000000
v 40.00000000 36.50000000 51.00000000
v 40.00000000 36.50000000 52.00000000
v 39.50000000 37.00000000 52.00000000
v 40.00000000 36.50000000 53.00000000
v 39.50000000 37.00000000 53.00000000
v 40.00000000 37.00000000 53.50000000
v 39.50000000 38.00000000 50.00000000
v 40.00000000 38.00000000 49.50000000
v 40.00000000 37.50000000 50.00000000
v 39.50000000 38.00000000 51.00000000
v 39.50000000 38.00000000 52.00000000
v 39.50000000 38.00000000 53.00000000
v 40.00000000 37.50000000 54.00000000
v 40.00000000 37.50000000 55.00000000
v 40.00000000 37.50000000 56.00000000
v 40.00000000 37.50000000 57.00000000
v 40.00000000 37.50000000 58.00000000
v 39.50000000 38.00000000 58.00000000
v 40.00000000 37.50000000 59.00000000
v 39.50000000 38.00000000 59.00000000
v 40.00000000 38.00000000 59.50000000
v 39.50000000 39.00000000 50.00000000
v 40.00000000 39.00000000 49.50000000
v 39.50000000 39.00000000 51.00000000
v 40.00000000 38.50000000 60.00000000
v 40.00000000 38.50000000 61.00000000
v 39.50000000 39.00000000 61.00000000
v 40.00000000 39.00000000 61.50000000
v 40.00000000 39.50000000 50.00000000
v 40.00000000 39.50000000 51.00000000
v 40.00000000 40.00000000 51.50000000
v 39.50000000 40.00000000 61.00000000
v 40.00000000 40.00000000 61.50000000
v 39.50000000 41.00000000 52.00000000
v 40.00000000 41.00000000 51.50000000
v 39.50000000 41.00000000 59.00000000
v 40.00000000 41.00000000 59.50000000
v 40.00000000 40.50000000 60.00000000
v 40.00000000 40.50000000 61.00000000
v 40.00000000 41.50000000 52.00000000
v 39.50000000 42.00000000 53.00000000
v 40.00000000 42.00000000 52.50000000
v 39.50000000 42.00000000 54.00000000
v 39.50000000 42.00000000 55.00000000
v 39.50000000 42.00000000 57.00000000
v 40.00000000 42.00000000 57.50000000
v 40.00000000 41.50000000 58.00000000
v 40.00000000 41.50000000 59.00000000
v 40.00000000 42.50000000 53.00000000
v 40.00000000 42.50000000 54.00000000
v 40.00000000 42.50000000 55.00000000
v 40.00000000 42.50000000 56.00000000
v 40.00000000 42.50000000 57.00000000
v 40.50000000 36.00000000 50.00000000
v 41.00000000 36.00000000 49.50000000
v 41.00000000 35.50000000 50.00000000
v 41.00000000 36.00000000 50.50000000
v 40.50000000 37.00000000 49.00000000
v 41.00000000 37.00000000 48.50000000
v 41.00000000 36.50000000 49.00000000
v 40.50000000 37.00000000 50.00000000
v 41.00000000 36.50000000 51.00000000
v 41.00000000 36.50000000 52.00000000
v 41.00000000 36.50000000 53.00000000
v 41.00000000 36.50000000 54.00000000
v 40.50000000 37.00000000 54.00000000
v 41.00000000 36.50000000 55.00000000
v 40.50000000 37.00000000 55.00000000
v 41.00000000 37.00000000 55.50000000
v 41.00000000 37.50000000 49.00000000
v 41.00000000 38.00000000 49.50000000
v 41.00000000 37.50000000 56.00000000
v 41.00000000 37.50000000 57.00000000
v 41.00000000 37.50000000 58.00000000
v 41.00000000 37.50000000 59.00000000
v 41.00000000 37.50000000 60.00000000
v 40.50000000 38.00000000 60.00000000
v 41.00000000 38.00000000 60.50000000
v 41.00000000 39.00000000 49.50000000
v 41.00000000 38.50000000 61.00000000
v 41.00000000 39.00000000 61.50000000
v 40.50000000 40.00000000 50.00000000
v 41.00000000 40.00000000 49.50000000
v 40.50000000 40.00000000 51.00000000
v 41.00000000 40.00000000 61.50000000
v 41.00000000 40.50000000 50.00000000
v 40.50000000 41.00000000 51.00000000
v 41.00000000 41.00000000 50.50000000
v 40.50000000 41.00000000 60.00000000
v 40.50000000 41.00000000 61.00000000
v 41.00000000 41.00000000 61.50000000
v 41.00000000 41.50000000 51.00000000
v 41.00000000 41.50000000 52.00000000
v 41.00000000 42.00000000 52.50000000
v 40.50000000 42.00000000 58.00000000
v 40.50000000 42.00000000 59.00000000
v 41.00000000 42.00000000 59.50000000
v 41.00000000 41.50000000 60.00000000
v 41.00000000 41.50000000 61.00000000
v 41.00000000 42.50000000 53.00000000
v 41.00000000 42.50000000 54.00000000
v 40.50000000 43.00000000 55.00000000
v 41.00000000 43.00000000 54.50000000
v 40.50000000 43.00000000 56.00000000
v 40.50000000 43.00000000 57.00000000
v 41.00000000 43.00000000 57.50000000
v 41.00000000 42.50000000 58.00000000
v 41.00000000 42.50000000 59.00000000
v 41.00000000 43.50000000 55.00000000
v 41.00000000 43.50000000 56.00000000
v 41.00000000 43.50000000 57.00000000
v 40.50000000 48.00000000 82.00000000
v 41.00000000 48.00000000 81.50000000
v 41.00000000 47.50000000 82.00000000
v 41.00000000 47.50000000 83.00000000
v 40.50000000 48.00000000 83.00000000
v 41.00000000 47.50000000 84.00000000
v 40.50000000 48.00000000 84.00000000
v 41.00000000 48.00000000 84.50000000
v 40.50000000 49.00000000 80.00000000
v 41.00000000 49.00000000 79.50000000
v 41.00000000 48.50000000 80.00000000
v 41.00000000 48.50000000 81.00000000
v 40.50000000 49.00000000 81.00000000
v 40.50000000 49.00000000 82.00000000
v 40.50000000 49.00000000 83.00000000
v 40.50000000 49.00000000 84.00000000
v 41.00000000 48.50000000 85.00000000
v 40.50000000 49.00000000 85.00000000
v 41.00000000 49.00000000 85.50000000
v 41.00000000 49.50000000 80.00000000
v 41.00000000 49.50000000 81.00000000
v 40.50000000 50.00000000 82.00000000
v 41.00000000 50.00000000 81.50000000
v 40.50000000 50.00000000 83.00000000
v 41.00000000 50.00000000 83.50000000
v 41.00000000 49.50000000 84.00000000
v 41.00000000 49.50000000 85.00000000
v 41.00000000 50.50000000 82.00000000
v 41.00000000 50.50000000 83.00000000
v 41.50000000 36.00000000 50.00000000
v 41.50000000 36.00000000 52.00000000
v 42.00000000 36.00000000 51.50000000
v 42.00000000 35.50000000 52.00000000
v 42.00000000 35.50000000 53.00000000
v 41.50000000 36.00000000 53.00000000
v 42.00000000 36.00000000 53.50000000
v 42.00000000 37.00000000 48.50000000
v 42.00000000 36.50000000 49.00000000
v 42.00000000 36.50000000 50.00000000
v 42.00000000 36.50000000 51.00000000
v 42.00000000 36.50000000 54.00000000
v 42.00000000 36.50000000 55.00000000
v 42.00000000 36.50000000 56.00000000
v 41.50000000 37.00000000 56.00000000
v 42.00000000 36.50000000 57.00000000
v 41.50000000 37.00000000 57.00000000
v 42.00000000 36.50000000 58.00000000
v 41.50000000 37.00000000 58.00000000
v 42.00000000 37.00000000 58.50000000
v 41.50000000 38.00000000 49.00000000
v 42.00000000 38.00000000 48.50000000
v 42.00000000 37.50000000 59.00000000
v 42.00000000 37.50000000 60.00000000
v 42.00000000 38.00000000 60.50000000
v 41.50000000 39.00000000 49.00000000
v 42.00000000 39.00000000 48.50000000
v 42.00000000 38.50000000 61.00000000
v 42.00000000 39.00000000 61.50000000
v 42.00000000 39.50000000 49.00000000
v 42.00000000 40.00000000 49.50000000
v 42.00000000 39.50000000 62.00000000
v 41.50000000 40.00000000 62.00000000
v 42.00000000 40.00000000 62.50000000
v 42.00000000 40.50000000 50.00000000
v 41.50000000 41.00000000 51.00000000
v 42.00000000 40.50000000 51.00000000
v 42.00000000 41.00000000 51.50000000
v 41.50000000 41.00000000 62.00000000
v 42.00000000 41.00000000 62.50000000
v 42.00000000 41.50000000 52.00000000
v 42.00000000 42.00000000 52.50000000
v 41.50000000 42.00000000 60.00000000
v 41.50000000 42.00000000 61.00000000
v 42.00000000 42.00000000 61.50000000
v 42.00000000 41.50000000 62.00000000
v 41.50000000 42.00000000 81.00000000
v 42.00000000 42.00000000 80.50000000
v 42.00000000 41.50000000 81.00000000
v 42.00000000 42.00000000 81.50000000
v 42.00000000 42.50000000 53.00000000
v 42.00000000 42.50000000 54.00000000
v 42.00000000 43.00000000 54.50000000
v 41.50000000 43.00000000 58.00000000
v 41.50000000 43.00000000 59.00000000
v 42.00000000 43.00000000 59.50000000
v 42.00000000 42.50000000 60.00000000
v 42.00000000 42.50000000 61.00000000
v 41.50000000 43.00000000 79.00000000
v 42.00000000 43.00000000 78.50000000
v 42.00000000 42.50000000 79.00000000
v 42.00000000 42.50000000 80.00000000
v 41.50000000 43.00000000 80.00000000
v 41.50000000 43.00000000 81.00000000
v 42.00000000 43.00000000 81.50000000
v 42.00000000 43.50000000 55.00000000
v 42.00000000 43.50000000 56.00000000
v 42.00000000 43.50000000 57.00000000
v 42.00000000 43.50000000 58.00000000
v 42.00000000 43.50000000 59.00000000
v 41.50000000 44.00000000 79.00000000
v 42.00000000 44.00000000 78.50000000
v 42.00000000 44.00000000 79.50000000
v 42.00000000 43.50000000 80.00000000
v 41.50000000 44.00000000 81.00000000
v 42.00000000 44.00000000 80.50000000
v 42.00000000 44.00000000 81.50000000
v 41.50000000 45.00000000 79.00000000
v 42.00000000 45.00000000 78.50000000
v 42.00000000 45.00000000 79.50000000
v 42.00000000 44.50000000 81.00000000
v 42.00000000 45.50000000 79.00000000
v 41.50000000 47.00000000 80.00000000
v 42.00000000 47.00000000 79.50000000
v 42.00000000 46.50000000 80.00000000
v 42.00000000 46.50000000 81.00000000
v 41.50000000 47.00000000 81.00000000
v 42.00000000 46.50000000 82.00000000
v 41.50000000 47.00000000 82.00000000
v 42.00000000 46.50000000 83.00000000
v 41.50000000 47.00000000 83.00000000
v 42.00000000 46.50000000 84.00000000
v 41.50000000 47.00000000 84.00000000
v 42.00000000 46.50000000 85.00000000
v 41.50000000 47.00000000 85.00000000
v 42.00000000 47.00000000 85.50000000
v 41.50000000 48.00000000 78.00000000
v 42.00000000 48.00000000 77.50000000
v 42.00000000 47.50000000 78.00000000
v 42.00000000 47.50000000 79.00000000
v 41.50000000 48.00000000 79.00000000
v 41.50000000 48.00000000 80.00000000
v 41.50000000 48.00000000 81.00000000
v 41.50000000 48.00000000 85.00000000
v 42.00000000 48.00000000 85.50000000
v 41.50000000 49.00000000 76.00000000
v 42.00000000 49.00000000 75.50000000
v 42.00000000 48.50000000 76.00000000
v 42.00000000 48.50000000 77.00000000
v 41.50000000 49.00000000 77.00000000
v 41.50000000 49.00000000 78.00000000
v 41.50000000 49.00000000 79.00000000
v 42.00000000 49.00000000 85.50000000
v 41.50000000 50.00000000 75.00000000
v 42.00000000 50.00000000 74.50000000
v 42.00000000 49.50000000 75.00000000
v 41.50000000 50.00000000 76.00000000
v 41.50000000 50.00000000 77.00000000
v 41.50000000 50.00000000 78.00000000
v 41.50000000 50.00000000 79.00000000
v 41.50000000 50.00000000 80.00000000
v 41.50000000 50.00000000 81.00000000
v 41.50000000 50.00000000 84.00000000
v 41.50000000 50.00000000 85.00000000
v 42.00000000 50.00000000 85.50000000
v 42.00000000 50.50000000 75.00000000
v 41.50000000 51.00000000 76.00000000
v 42.00000000 51.00000000 75.50000000
v 41.50000000 51.00000000 77.00000000
v 41.50000000 51.00000000 78.00000000
v 41.50000000 51.00000000 79.00000000
v 41.50000000 51.00000000 80.00000000
v 41.50000000 51.00000000 81.00000000
v 41.50000000 51.00000000 82.00000000
v 41.50000000 51.00000000 83.00000000
v 41.50000000 51.00000000 84.00000000
v 41.50000000 51.00000000 85.00000000
v 42.00000000 51.00000000 85.50000000
v 42.00000000 51.50000000 76.00000000
v 42.00000000 51.50000000 77.00000000
v 42.00000000 51.50000000 78.00000000
v 42.00000000 51.50000000 79.00000000
v 41.50000000 52.00000000 80.00000000
v 42.00000000 52.00000000 79.50000000
v 41.50000000 52.00000000 81.00000000
v 41.50000000 52.00000000 82.00000000
v 41.50000000 52.00000000 83.00000000
v 41.50000000 52.00000000 84.00000000
v 42.00000000 52.00000000 84.50000000
v 42.00000000 51.50000000 85.00000000
v 42.00000000 52.50000000 80.00000000
v 42.00000000 52.50000000 81.00000000
v 42.00000000 52.50000000 82.00000000
v 42.00000000 52.50000000 83.00000000
v 42.00000000 52.50000000 84.00000000
v 42.50000000 35.00000000 50.00000000
v 43.00000000 35.00000000 49.50000000
v 43.00000000 34.50000000 50.00000000
v 43.00000000 34.50000000 51.00000000
v 42.50000000 35.00000000 51.00000000
v 43.00000000 34.50000000 52.00000000
v 42.50000000 35.00000000 52.00000000
v 43.00000000 34.50000000 53.00000000
v 42.50000000 35.00000000 53.00000000
v 43.00000000 34.50000000 54.00000000
v 42.50000000 35.00000000 54.00000000
v 43.00000000 35.00000000 54.50000000
v 42.50000000 36.00000000 49.00000000
v 43.00000000 36.00000000 48.50000000
v 43.00000000 35.50000000 49.00000000
v 42.50000000 36.00000000 50.00000000
v 42.50000000 36.00000000 51.00000000
v 42.50000000 36.00000000 54.00000000
v 43.00000000 35.50000000 55.00000000
v 42.50000000 36.00000000 55.00000000
v 43.00000000 36.00000000 55.50000000
v 43.00000000 37.00000000 48.50000000
v 43.00000000 36.50000000 56.00000000
v 43.00000000 36.50000000 57.00000000
v 43.00000000 36.50000000 58.00000000
v 43.00000000 36.50000000 59.00000000
v 42.50000000 37.00000000 59.00000000
v 43.00000000 37.00000000 59.50000000
v 43.00000000 37.50000000 49.00000000
v 42.50000000 38.00000000 49.00000000
v 43.00000000 38.00000000 49.50000000
v 43.00000000 37.50000000 60.00000000
v 43.00000000 37.50000000 61.00000000
v 42.50000000 38.00000000 61.00000000
v 43.00000000 38.00000000 61.50000000
v 43.00000000 39.00000000 48.50000000
v 43.00000000 38.50000000 49.00000000
v 43.00000000 38.50000000 62.00000000
v 42.50000000 39.00000000 62.00000000
v 43.00000000 39.00000000 62.50000000
v 43.00000000 39.50000000 49.00000000
v 42.50000000 40.00000000 50.00000000
v 43.00000000 39.50000000 50.00000000
v 43.00000000 40.00000000 50.50000000
v 43.00000000 40.00000000 62.50000000
v 43.00000000 40.50000000 51.00000000
v 43.00000000 41.00000000 51.50000000
v 43.00000000 40.50000000 63.00000000
v 42.50000000 41.00000000 63.00000000
v 43.00000000 41.00000000 63.50000000
v 43.00000000 41.50000000 52.00000000
v 43.00000000 42.00000000 52.50000000
v 42.50000000 42.00000000 62.00000000
v 43.00000000 42.00000000 62.50000000
v 43.00000000 41.50000000 63.00000000
v 42.50000000 42.00000000 79.00000000
v 43.00000000 42.00000000 78.50000000
v 43.00000000 41.50000000 79.00000000
v 43.00000000 41.50000000 80.00000000
v 42.50000000 42.00000000 80.00000000
v 43.00000000 41.50000000 81.00000000
v 43.00000000 41.50000000 82.00000000
v 42.50000000 42.00000000 82.00000000
v 43.00000000 42.00000000 82.50000000
v 43.00000000 42.50000000 53.00000000
v 42.50000000 43.00000000 54.00000000
v 43.00000000 43.00000000 53.50000000
v 42.50000000 43.00000000 60.00000000
v 42.50000000 43.00000000 61.00000000
v 43.00000000 43.00000000 61.50000000
v 43.00000000 42.50000000 62.00000000
v 42.50000000 43.00000000 78.00000000
v 43.00000000 43.00000000 77.50000000
v 43.00000000 42.50000000 78.00000000
v 42.50000000 43.00000000 82.00000000
v 43.00000000 42.50000000 83.00000000
v 42.50000000 43.00000000 83.00000000
v 43.00000000 43.00000000 83.50000000
v 43.00000000 43.50000000 54.00000000
v 43.00000000 43.50000000 55.00000000
v 43.00000000 43.50000000 56.00000000
v 43.00000000 43.50000000 57.00000000
v 43.00000000 43.50000000 58.00000000
v 43.00000000 43.50000000 59.00000000
v 43.00000000 43.50000000 60.00000000
v 43.00000000 43.50000000 61.00000000
v 42.50000000 44.00000000 78.00000000
v 43.00000000 44.00000000 77.50000000
v 42.50000000 44.00000000 80.00000000
v 42.50000000 44.00000000 82.00000000
v 42.50000000 44.00000000 83.00000000
v 43.00000000 44.00000000 83.50000000
v 42.50000000 45.00000000 77.00000000
v 43.00000000 45.00000000 76.50000000
v 43.00000000 44.50000000 77.00000000
v 42.50000000 45.00000000 78.00000000
v 42.50000000 45.00000000 80.00000000
v 42.50000000 45.00000000 81.00000000
v 42.50000000 45.00000000 82.00000000
v 42.50000000 45.00000000 83.00000000
v 43.00000000 44.50000000 84.00000000
v 42.50000000 45.00000000 84.00000000
v 43.00000000 44.50000000 85.00000000
v 42.50000000 45.00000000 85.00000000
v 43.00000000 44.50000000 86.00000000
v 42.50000000 45.00000000 86.00000000
v 43.00000000 45.00000000 86.50000000
v 42.50000000 46.00000000 76.00000000
v 43.00000000 46.00000000 75.50000000
v 43.00000000 45.50000000 76.00000000
v 42.50000000 46.00000000 77.00000000
v 42.50000000 46.00000000 78.00000000
v 42.50000000 46.00000000 79.00000000
v 42.50000000 46.00000000 80.00000000
v 42.50000000 46.00000000 81.00000000
v 42.50000000 46.00000000 82.00000000
v 42.50000000 46.00000000 83.00000000
v 42.50000000 46.00000000 84.00000000
v 42.50000000 46.00000000 85.00000000
v 42.50000000 46.00000000 86.00000000
v 43.00000000 46.00000000 86.50000000
v 42.50000000 47.00000000 75.00000000
v 43.00000000 47.00000000 74.50000000
v 43.00000000 46.50000000 75.00000000
v 42.50000000 47.00000000 76.00000000
v 42.50000000 47.00000000 77.00000000
v 42.50000000 47.00000000 78.00000000
v 42.50000000 47.00000000 79.00000000
v 43.00000000 46.50000000 86.00000000
v 43.00000000 47.00000000 85.50000000
v 42.50000000 48.00000000 74.00000000
v 43.00000000 48.00000000 73.50000000
v 43.00000000 47.50000000 74.00000000
v 42.50000000 48.00000000 75.00000000
v 42.50000000 48.00000000 76.00000000
v 42.50000000 48.00000000 77.00000000
v 42.50000000 48.00000000 85.00000000
v 43.00000000 47.50000000 85.00000000
v 43.00000000 48.00000000 84.50000000
v 42.50000000 49.00000000 72.00000000
v 43.00000000 49.00000000 71.50000000
v 43.00000000 48.50000000 72.00000000
v 43.00000000 48.50000000 73.00000000
v 42.50000000 49.00000000 73.00000000
v 42.50000000 49.00000000 74.00000000
v 42.50000000 49.00000000 75.00000000
v 43.00000000 48.50000000 85.00000000
v 43.00000000 49.00000000 85.50000000
v 42.50000000 50.00000000 72.00000000
v 43.00000000 50.00000000 71.50000000
v 42.50000000 50.00000000 73.00000000
v 42.50000000 50.00000000 74.00000000
v 43.00000000 50.00000000 85.50000000
v 42.50000000 51.00000000 71.00000000
v 43.00000000 51.00000000 70.50000000
v 43.00000000 50.50000000 71.00000000
v 42.50000000 51.00000000 72.00000000
v 42.50000000 51.00000000 73.00000000
v 42.50000000 51.00000000 74.00000000
v 42.50000000 51.00000000 75.00000000
v 43.00000000 51.00000000 85.50000000
v 43.00000000 51.50000000 71.00000000
v 42.50000000 52.00000000 72.00000000
v 43.00000000 52.00000000 71.50000000
v 42.50000000 52.00000000 73.00000000
v 42.50000000 52.00000000 74.00000000
v 42.50000000 52.00000000 75.00000000
v 42.50000000 52.00000000 76.00000000
v 42.50000000 52.00000000 77.00000000
v 42.50000000 52.00000000 78.00000000
v 42.50000000 52.00000000 79.00000000
v 43.00000000 51.50000000 85.00000000
v 43.00000000 52.00000000 84.50000000
v 43.00000000 52.50000000 72.00000000
v 42.50000000 53.00000000 73.00000000
v 43.00000000 53.00000000 72.50000000
v 42.50000000 53.00000000 74.00000000
v 42.50000000 53.00000000 75.00000000
v 42.50000000 53.00000000 76.00000000
v 42.50000000 53.00000000 77.00000000
v 42.50000000 53.00000000 78.00000000
v 42.50000000 53.00000000 79.00000000
v 42.50000000 53.00000000 80.00000000
v 42.50000000 53.00000000 81.00000000
v 42.50000000 53.00000000 82.00000000
v 42.50000000 53.00000000 83.00000000
v 43.00000000 53.00000000 83.50000000
v 43.00000000 52.50000000 84.00000000
v 43.00000000 53.50000000 73.00000000
v 43.00000000 53.50000000 74.00000000
v 43.00000000 53.50000000 75.00000000
v 43.00000000 53.50000000 76.00000000
v 43.00000000 53.50000000 77.00000000
v 43.00000000 53.50000000 78.00000000
v 43.00000000 53.50000000 79.00000000
v 42.50000000 54.00000000 80.00000000
v 43.00000000 54.00000000 79.50000000
v 42.50000000 54.00000000 81.00000000
v 43.00000000 54.00000000 81.50000000
v 43.00000000 53.50000000 82.00000000
v 43.00000000 53.50000000 83.00000000
v 43.00000000 54.50000000 80.00000000
v 43.00000000 54.50000000 81.00000000
v 43.50000000 34.00000000 51.00000000
v 44.00000000 34.00000000 50.50000000
v 44.00000000 33.50000000 51.00000000
v 44.00000000 33.50000000 52.00000000
v 43.50000000 34.00000000 52.00000000
v 44.00000000 33.50000000 53.00000000
v 43.50000000 34.00000000 53.00000000
v 44.00000000 33.50000000 54.00000000
v 43.50000000 34.00000000 54.00000000
v 44.00000000 34.00000000 54.50000000
v 43.50000000 35.00000000 49.00000000
v 44.00000000 35.00000000 48.50000000
v 44.00000000 34.50000000 49.00000000
v 44.00000000 34.50000000 50.00000000
v 44.00000000 34.50000000 55.00000000
v 43.50000000 35.00000000 55.00000000
v 44.00000000 34.50000000 56.00000000
v 43.50000000 35.00000000 56.00000000
v 44.00000000 35.00000000 56.50000000
v 44.00000000 36.00000000 48.50000000
v 43.50000000 36.00000000 56.00000000
v 44.00000000 35.50000000 57.00000000
v 43.50000000 36.00000000 57.00000000
v 44.00000000 35.50000000 58.00000000
v 43.50000000 36.00000000 58.00000000
v 44.00000000 35.50000000 59.00000000
v 43.50000000 36.00000000 59.00000000
v 44.00000000 36.00000000 59.50000000
v 44.00000000 37.00000000 48.50000000
v 44.00000000 36.50000000 60.00000000
v 43.50000000 37.00000000 60.00000000
v 44.00000000 37.00000000 60.50000000
v 43.50000000 38.00000000 49.00000000
v 44.00000000 38.00000000 48.50000000
v 44.00000000 37.50000000 61.00000000
v 44.00000000 38.00000000 61.50000000
v 43.50000000 39.00000000 49.00000000
v 44.00000000 38.50000000 49.00000000
v 44.00000000 39.00000000 49.50000000
v 44.00000000 38.50000000 62.00000000
v 44.00000000 39.00000000 62.50000000
v 44.00000000 40.00000000 49.50000000
v 43.50000000 40.00000000 50.00000000
v 44.00000000 39.50000000 63.00000000
v 43.50000000 40.00000000 63.00000000
v 44.00000000 40.00000000 63.50000000
v 44.00000000 40.50000000 50.00000000
v 44.00000000 40.50000000 51.00000000
v 44.00000000 41.00000000 51.50000000
v 44.00000000 41.00000000 63.50000000
v 44.00000000 41.50000000 52.00000000
v 44.00000000 42.00000000 52.50000000
v 43.50000000 42.00000000 63.00000000
v 44.00000000 41.50000000 64.00000000
v 43.50000000 42.00000000 64.00000000
v 44.00000000 42.00000000 64.50000000
v 44.00000000 42.00000000 78.50000000
v 44.00000000 41.50000000 79.00000000
v 44.00000000 41.50000000 80.00000000
v 44.00000000 41.50000000 81.00000000
v 44.00000000 41.50000000 82.00000000
v 44.00000000 42.00000000 82.50000000
v 44.00000000 42.50000000 53.00000000
v 44.00000000 43.00000000 53.50000000
v 43.50000000 43.00000000 62.00000000
v 43.50000000 43.00000000 63.00000000
v 44.00000000 43.00000000 63.50000000
v 44.00000000 42.50000000 64.00000000
v 43.50000000 43.00000000 77.00000000
v 44.00000000 43.00000000 76.50000000
v 44.00000000 42.50000000 77.00000000
v 44.00000000 42.50000000 78.00000000
v 44.00000000 42.50000000 83.00000000
v 44.00000000 42.50000000 84.00000000
v 43.50000000 43.00000000 84.00000000
v 44.00000000 43.00000000 84.50000000
v 44.00000000 43.50000000 54.00000000
v 44.00000000 43.50000000 55.00000000
v 43.50000000 44.00000000 56.00000000
v 44.00000000 44.00000000 55.50000000
v 43.50000000 44.00000000 57.00000000
v 43.50000000 44.00000000 58.00000000
v 43.50000000 44.00000000 59.00000000
v 43.50000000 44.00000000 60.00000000
v 44.00000000 44.00000000 60.50000000
v 44.00000000 43.50000000 61.00000000
v 44.00000000 43.50000000 62.00000000
v 44.00000000 43.50000000 63.00000000
v 43.50000000 44.00000000 76.00000000
v 44.00000000 44.00000000 75.50000000
v 44.00000000 43.50000000 76.00000000
v 43.50000000 44.00000000 77.00000000
v 43.50000000 44.00000000 84.00000000
v 44.00000000 43.50000000 85.00000000
v 43.50000000 44.00000000 85.00000000
v 44.00000000 43.50000000 86.00000000
v 43.50000000 44.00000000 86.00000000
v 44.00000000 43.50000000 87.00000000
v 43.50000000 44.00000000 87.00000000
v 44.00000000 43.50000000 88.00000000
v 43.50000000 44.00000000 88.00000000
v 44.00000000 44.00000000 88.50000000
v 44.00000000 44.50000000 56.00000000
v 44.00000000 44.50000000 57.00000000
v 44.00000000 44.50000000 58.00000000
v 44.00000000 44.50000000 59.00000000
v 44.00000000 44.50000000 60.00000000
v 43.50000000 45.00000000 74.00000000
v 44.00000000 45.00000000 73.50000000
v 44.00000000 44.50000000 74.00000000
v 44.00000000 44.50000000 75.00000000
v 43.50000000 45.00000000 75.00000000
v 43.50000000 45.00000000 76.00000000
v 43.50000000 45.00000000 87.00000000
v 43.50000000 45.00000000 88.00000000
v 44.00000000 45.00000000 88.50000000
v 43.50000000 46.00000000 74.00000000
v 44.00000000 46.00000000 73.50000000
v 43.50000000 46.00000000 75.00000000
v 43.50000000 46.00000000 87.00000000
v 44.00000000 46.00000000 87.50000000
v 44.00000000 45.50000000 88.00000000
v 43.50000000 47.00000000 59.00000000
v 44.00000000 47.00000000 58.50000000
v 44.00000000 46.50000000 59.00000000
v 44.00000000 47.00000000 59.50000000
v 43.50000000 47.00000000 72.00000000
v 44.00000000 47.00000000 71.50000000
v 44.00000000 46.50000000 72.00000000
v 44.00000000 46.50000000 73.00000000
v 43.50000000 47.00000000 73.00000000
v 43.50000000 47.00000000 74.00000000
v 44.00000000 46.50000000 86.00000000
v 44.00000000 47.00000000 85.50000000
v 44.00000000 46.50000000 87.00000000
v 44.00000000 47.50000000 59.00000000
v 43.50000000 48.00000000 71.00000000
v 44.00000000 48.00000000 70.50000000
v 44.00000000 47.50000000 71.00000000
v 43.50000000 48.00000000 72.00000000
v 43.50000000 48.00000000 73.00000000
v 43.50000000 48.00000000 85.00000000
v 44.00000000 48.00000000 85.50000000
v 43.50000000 49.00000000 70.00000000
v 44.00000000 49.00000000 69.50000000
v 44.00000000 48.50000000 70.00000000
v 43.50000000 49.00000000 71.00000000
v 44.00000000 49.00000000 85.50000000
v 43.50000000 50.00000000 70.00000000
v 44.00000000 50.00000000 69.50000000
v 43.50000000 50.00000000 71.00000000
v 44.00000000 50.00000000 85.50000000
v 43.50000000 51.00000000 70.00000000
v 44.00000000 51.00000000 69.50000000
v 44.00000000 51.00000000 85.50000000
v 43.50000000 52.00000000 70.00000000
v 44.00000000 52.00000000 69.50000000
v 43.50000000 52.00000000 71.00000000
v 44.00000000 51.50000000 85.00000000
v 44.00000000 52.00000000 84.50000000
v 44.00000000 52.50000000 70.00000000
v 43.50000000 53.00000000 71.00000000
v 44.00000000 53.00000000 70.50000000
v 43.50000000 53.00000000 72.00000000
v 44.00000000 52.50000000 84.00000000
v 44.00000000 53.00000000 83.50000000
v 44.00000000 53.50000000 71.00000000
v 43.50000000 54.00000000 72.00000000
v 44.00000000 54.00000000 71.50000000
v 43.50000000 54.00000000 73.00000000
v 43.50000000 54.00000000 74.00000000
v 43.50000000 54.00000000 75.00000000
v 43.50000000 54.00000000 76.00000000
v 43.50000000 54.00000000 77.00000000
v 43.50000000 54.00000000 78.00000000
v 43.50000000 54.00000000 79.00000000
v 43.50000000 54.00000000 82.00000000
v 44.00000000 54.00000000 82.50000000
v 44.00000000 53.50000000 83.00000000
v 44.00000000 54.50000000 72.00000000
v 44.00000000 54.50000000 73.00000000
v 44.00000000 54.50000000 74.00000000
v 44.00000000 54.50000000 75.00000000
v 43.50000000 55.00000000 76.00000000
v 44.00000000 55.00000000 75.50000000
v 43.50000000 55.00000000 77.00000000
v 43.50000000 55.00000000 78.00000000
v 43.50000000 55.00000000 79.00000000
v 43.50000000 55.00000000 80.00000000
v 43.50000000 55.00000000 81.00000000
v 44.00000000 55.00000000 81.50000000
v 44.00000000 54.50000000 82.00000000
v 44.00000000 55.50000000 76.00000000
v 44.00000000 55.50000000 77.00000000
v 44.00000000 55.50000000 78.00000000
v 44.00000000 55.50000000 79.00000000
v 44.00000000 55.50000000 80.00000000
v 44.00000000 55.50000000 81.00000000
v 45.00000000 34.00000000 50.50000000
v 45.00000000 33.50000000 51.00000000
v 45.00000000 33.50000000 52.00000000
v 45.00000000 33.50000000 53.00000000
v 45.00000000 33.50000000 54.00000000
v 45.00000000 33.50000000 55.00000000
v 44.50000000 34.00000000 55.00000000
v 45.00000000 33.50000000 56.00000000
v 44.50000000 34.00000000 56.00000000
v 45.00000000 33.50000000 57.00000000
v 44.50000000 34.00000000 57.00000000
v 45.00000000 33.50000000 58.00000000
v 44.50000000 34.00000000 58.00000000
v 45.00000000 34.00000000 58.50000000
v 45.00000000 35.00000000 48.50000000
v 45.00000000 34.50000000 49.00000000
v 45.00000000 34.50000000 50.00000000
v 44.50000000 35.00000000 57.00000000
v 44.50000000 35.00000000 58.00000000
v 45.00000000 34.50000000 59.00000000
v 44.50000000 35.00000000 59.00000000
v 45.00000000 35.00000000 59.50000000
v 45.00000000 36.00000000 48.50000000
v 45.00000000 35.50000000 60.00000000
v 44.50000000 36.00000000 60.00000000
v 45.00000000 36.00000000 60.50000000
v 45.00000000 37.00000000 48.50000000
v 45.00000000 36.50000000 61.00000000
v 44.50000000 37.00000000 61.00000000
v 45.00000000 37.00000000 61.50000000
v 45.00000000 38.00000000 48.50000000
v 45.00000000 37.50000000 62.00000000
v 44.50000000 38.00000000 62.00000000
v 45.00000000 38.00000000 62.50000000
v 44.50000000 39.00000000 49.00000000
v 45.00000000 39.00000000 48.50000000
v 45.00000000 38.50000000 63.00000000
v 44.50000000 39.00000000 63.00000000
v 45.00000000 39.00000000 63.50000000
v 45.00000000 39.50000000 49.00000000
v 45.00000000 39.50000000 50.00000000
v 44.50000000 40.00000000 50.00000000
v 45.00000000 40.00000000 50.50000000
v 45.00000000 39.50000000 64.00000000
v 44.50000000 40.00000000 64.00000000
v 45.00000000 40.00000000 64.50000000
v 45.00000000 40.50000000 51.00000000
v 45.00000000 41.00000000 51.50000000
v 44.50000000 41.00000000 64.00000000
v 45.00000000 40.50000000 65.00000000
v 44.50000000 41.00000000 65.00000000
v 45.00000000 41.00000000 65.50000000
v 45.00000000 41.50000000 52.00000000
v 45.00000000 42.00000000 52.50000000
v 44.50000000 42.00000000 65.00000000
v 45.00000000 42.00000000 65.50000000
v 44.50000000 42.00000000 78.00000000
v 45.00000000 42.00000000 77.50000000
v 45.00000000 41.50000000 78.00000000
v 45.00000000 41.50000000 79.00000000
v 45.00000000 41.50000000 80.00000000
v 45.00000000 41.50000000 81.00000000
v 45.00000000 41.50000000 82.00000000
v 45.00000000 42.00000000 82.50000000
v 45.00000000 42.50000000 53.00000000
v 45.00000000 43.00000000 53.50000000
v 44.50000000 43.00000000 64.00000000
v 44.50000000 43.00000000 65.00000000
v 45.00000000 43.00000000 65.50000000
v 44.50000000 43.00000000 76.00000000
v 45.00000000 43.00000000 75.50000000
v 45.00000000 42.50000000 76.00000000
v 45.00000000 42.50000000 77.00000000
v 45.00000000 42.50000000 83.00000000
v 45.00000000 42.50000000 84.00000000
v 45.00000000 43.00000000 84.50000000
v 45.00000000 43.50000000 54.00000000
v 45.00000000 43.50000000 55.00000000
v 45.00000000 44.00000000 55.50000000
v 44.50000000 44.00000000 61.00000000
v 44.50000000 44.00000000 62.00000000
v 44.50000000 44.00000000 63.00000000
v 44.50000000 44.00000000 64.00000000
v 45.00000000 44.00000000 64.50000000
v 45.00000000 43.50000000 65.00000000
v 44.50000000 44.00000000 75.00000000
v 45.00000000 44.00000000 74.50000000
v 45.00000000 43.50000000 75.00000000
v 45.00000000 43.50000000 85.00000000
v 45.00000000 43.50000000 86.00000000
v 45.00000000 43.50000000 87.00000000
v 45.00000000 43.50000000 88.00000000
v 45.00000000 43.50000000 89.00000000
v 44.50000000 44.00000000 89.00000000
v 45.00000000 43.50000000 90.00000000
v 44.50000000 44.00000000 90.00000000
v 45.00000000 44.00000000 90.50000000
v 45.00000000 44.50000000 56.00000000
v 44.50000000 45.00000000 57.00000000
v 45.00000000 45.00000000 56.50000000
v 44.50000000 45.00000000 58.00000000
v 44.50000000 45.00000000 59.00000000
v 44.50000000 45.00000000 60.00000000
v 44.50000000 45.00000000 61.00000000
v 45.00000000 45.00000000 61.50000000
v 45.00000000 44.50000000 62.00000000
v 45.00000000 44.50000000 63.00000000
v 45.00000000 44.50000000 64.00000000
v 44.50000000 45.00000000 73.00000000
v 45.00000000 45.00000000 72.50000000
v 45.00000000 44.50000000 73.00000000
v 45.00000000 44.50000000 74.00000000
v 44.50000000 45.00000000 89.00000000
v 45.00000000 45.00000000 89.50000000
v 45.00000000 44.50000000 90.00000000
v 45.00000000 45.50000000 57.00000000
v 44.50000000 46.00000000 58.00000000
v 45.00000000 46.00000000 57.50000000
v 44.50000000 46.00000000 59.00000000
v 44.50000000 46.00000000 60.00000000
v 45.00000000 46.00000000 60.50000000
v 45.00000000 45.50000000 61.00000000
v 44.50000000 46.00000000 72.00000000
v 45.00000000 46.00000000 71.50000000
v 45.00000000 45.50000000 72.00000000
v 44.50000000 46.00000000 73.00000000
v 45.00000000 45.50000000 88.00000000
v 45.00000000 46.00000000 87.50000000
v 45.00000000 45.50000000 89.00000000
v 44.50000000 47.00000000 57.00000000
v 45.00000000 47.00000000 56.50000000
v 45.00000000 46.50000000 57.00000000
v 44.50000000 47.00000000 58.00000000
v 45.00000000 46.50000000 60.00000000
v 45.00000000 47.00000000 59.50000000
v 44.50000000 47.00000000 70.00000000
v 45.00000000 47.00000000 69.50000000
v 45.00000000 46.50000000 70.00000000
v 45.00000000 46.50000000 71.00000000
v 44.50000000 47.00000000 71.00000000
v 45.00000000 46.50000000 86.00000000
v 45.00000000 47.00000000 85.50000000
v 45.00000000 46.50000000 87.00000000
v 45.00000000 47.50000000 57.00000000
v 45.00000000 47.50000000 58.00000000
v 45.00000000 47.50000000 59.00000000
v 44.50000000 48.00000000 70.00000000
v 45.00000000 48.00000000 69.50000000
v 44.50000000 48.00000000 85.00000000
v 45.00000000 47.50000000 85.00000000
v 45.00000000 48.00000000 84.50000000
v 45.00000000 49.00000000 69.50000000
v 44.50000000 49.00000000 85.00000000
v 45.00000000 49.00000000 84.50000000
v 45.00000000 50.00000000 69.50000000
v 44.50000000 50.00000000 85.00000000
v 45.00000000 50.00000000 84.50000000
v 45.00000000 51.00000000 69.50000000
v 44.50000000 51.00000000 84.00000000
v 45.00000000 50.50000000 84.00000000
v 45.00000000 51.00000000 83.50000000
v 44.50000000 51.00000000 85.00000000
v 45.00000000 52.00000000 69.50000000
v 44.50000000 52.00000000 84.00000000
v 45.00000000 52.00000000 83.50000000
v 44.50000000 53.00000000 70.00000000
v 45.00000000 53.00000000 69.50000000
v 45.00000000 53.00000000 83.50000000
v 44.50000000 54.00000000 70.00000000
v 45.00000000 54.00000000 69.50000000
v 44.50000000 54.00000000 71.00000000
v 45.00000000 53.50000000 83.00000000
v 45.00000000 54.00000000 82.50000000
v 45.00000000 54.50000000 70.00000000
v 44.50000000 55.00000000 71.00000000
v 45.00000000 55.00000000 70.50000000
v 44.50000000 55.00000000 72.00000000
v 44.50000000 55.00000000 73.00000000
v 44.50000000 55.00000000 74.00000000
v 44.50000000 55.00000000 75.00000000
v 44.50000000 55.00000000 82.00000000
v 45.00000000 55.00000000 82.50000000
v 45.00000000 55.50000000 71.00000000
v 45.00000000 55.50000000 72.00000000
v 44.50000000 56.00000000 73.00000000
v 45.00000000 56.00000000 72.50000000
v 44.50000000 56.00000000 74.00000000
v 44.50000000 56.00000000 75.00000000
v 44.50000000 56.00000000 76.00000000
v 44.50000000 56.00000000 77.00000000
v 44.50000000 56.00000000 78.00000000
v 44.50000000 56.00000000 79.00000000
v 44.50000000 56.00000000 80.00000000
v 44.50000000 56.00000000 81.00000000
v 45.00000000 56.00000000 81.50000000
v 45.00000000 55.50000000 82.00000000
v 45.00000000 56.50000000 73.00000000
v 45.00000000 56.50000000 74.00000000
v 45.00000000 56.50000000 75.00000000
v 45.00000000 56.50000000 76.00000000
v 45.00000000 56.50000000 77.00000000
v 45.00000000 56.50000000 78.00000000
v 45.00000000 56.50000000 79.00000000
v 45.00000000 56.50000000 80.00000000
v 45.00000000 56.50000000 81.00000000
v 46.00000000 34.00000000 50.50000000
v 46.00000000 33.50000000 51.00000000
v 46.00000000 33.50000000 52.00000000
v 46.00000000 33.50000000 53.00000000
v 46.00000000 33.50000000 54.00000000
v 46.00000000 33.50000000 55.00000000
v 46.00000000 33.50000000 56.00000000
v 46.00000000 33.50000000 57.00000000
v 46.00000000 33.50000000 58.00000000
v 46.00000000 33.50000000 59.00000000
v 45.50000000 34.00000000 59.00000000
v 46.00000000 34.00000000 59.50000000
v 45.50000000 35.00000000 49.00000000
v 46.00000000 35.00000000 49.50000000
v 46.00000000 34.50000000 50.00000000
v 46.00000000 34.50000000 60.00000000
v 45.50000000 35.00000000 60.00000000
v 46.00000000 35.00000000 60.50000000
v 46.00000000 36.00000000 48.50000000
v 46.00000000 35.50000000 49.00000000
v 46.00000000 35.50000000 61.00000000
v 45.50000000 36.00000000 61.00000000
v 46.00000000 35.50000000 62.00000000
v 45.50000000 36.00000000 62.00000000
v 46.00000000 36.00000000 62.50000000
v 46.00000000 37.00000000 48.50000000
v 45.50000000 37.00000000 62.00000000
v 46.00000000 37.00000000 62.50000000
v 46.00000000 38.00000000 48.50000000
v 46.00000000 37.50000000 63.00000000
v 45.50000000 38.00000000 63.00000000
v 46.00000000 38.00000000 63.50000000
v 46.00000000 39.00000000 48.50000000
v 46.00000000 38.50000000 64.00000000
v 45.50000000 39.00000000 64.00000000
v 46.00000000 39.00000000 64.50000000
v 46.00000000 39.50000000 49.00000000
v 46.00000000 39.50000000 50.00000000
v 46.00000000 40.00000000 50.50000000
v 46.00000000 39.50000000 65.00000000
v 45.50000000 40.00000000 65.00000000
v 46.00000000 40.00000000 65.50000000
v 46.00000000 40.50000000 51.00000000
v 45.50000000 41.00000000 52.00000000
v 46.00000000 40.50000000 52.00000000
v 46.00000000 41.00000000 52.50000000
v 46.00000000 40.50000000 66.00000000
v 45.50000000 41.00000000 66.00000000
v 46.00000000 41.00000000 66.50000000
v 46.00000000 42.00000000 52.50000000
v 45.50000000 42.00000000 66.00000000
v 46.00000000 42.00000000 66.50000000
v 45.50000000 42.00000000 77.00000000
v 46.00000000 42.00000000 76.50000000
v 46.00000000 41.50000000 77.00000000
v 46.00000000 41.50000000 78.00000000
v 46.00000000 41.50000000 79.00000000
v 46.00000000 41.50000000 80.00000000
v 46.00000000 41.50000000 81.00000000
v 45.50000000 42.00000000 82.00000000
v 46.00000000 42.00000000 81.50000000
v 46.00000000 42.50000000 53.00000000
v 46.00000000 43.00000000 53.50000000
v 45.50000000 43.00000000 66.00000000
v 46.00000000 43.00000000 66.50000000
v 45.50000000 43.00000000 74.00000000
v 46.00000000 43.00000000 73.50000000
v 46.00000000 42.50000000 74.00000000
v 46.00000000 42.50000000 75.00000000
v 45.50000000 43.00000000 75.00000000
v 46.00000000 42.50000000 76.00000000
v 46.00000000 42.50000000 82.00000000
v 46.00000000 42.50000000 83.00000000
v 45.50000000 43.00000000 84.00000000
v 46.00000000 43.00000000 83.50000000
v 46.00000000 43.50000000 54.00000000
v 45.50000000 44.00000000 55.00000000
v 46.00000000 44.00000000 54.50000000
v 45.50000000 44.00000000 65.00000000
v 45.50000000 44.00000000 66.00000000
v 46.00000000 44.00000000 66.50000000
v 45.50000000 44.00000000 74.00000000
v 46.00000000 44.00000000 73.50000000
v 46.00000000 43.50000000 84.00000000
v 46.00000000 43.50000000 85.00000000
v 46.00000000 43.50000000 86.00000000
v 46.00000000 43.50000000 87.00000000
v 46.00000000 43.50000000 88.00000000
v 46.00000000 43.50000000 89.00000000
v 46.00000000 43.50000000 90.00000000
v 46.00000000 44.00000000 90.50000000
v 45.50000000 45.00000000 55.00000000
v 46.00000000 45.00000000 54.50000000
v 45.50000000 45.00000000 56.00000000
v 45.50000000 45.00000000 62.00000000
v 45.50000000 45.00000000 63.00000000
v 46.00000000 45.00000000 63.50000000
v 46.00000000 44.50000000 64.00000000
v 46.00000000 44.50000000 65.00000000
v 46.00000000 44.50000000 66.00000000
v 45.50000000 45.00000000 71.00000000
v 46.00000000 45.00000000 70.50000000
v 46.00000000 44.50000000 71.00000000
v 46.00000000 44.50000000 72.00000000
v 45.50000000 45.00000000 72.00000000
v 46.00000000 44.50000000 73.00000000
v 46.00000000 44.50000000 90.00000000
v 46.00000000 45.00000000 89.50000000
v 45.50000000 46.00000000 55.00000000
v 46.00000000 46.00000000 54.50000000
v 45.50000000 46.00000000 56.00000000
v 45.50000000 46.00000000 57.00000000
v 46.00000000 45.50000000 61.00000000
v 46.00000000 46.00000000 60.50000000
v 46.00000000 45.50000000 62.00000000
v 46.00000000 45.50000000 63.00000000
v 45.50000000 46.00000000 70.00000000
v 46.00000000 46.00000000 69.50000000
v 46.00000000 45.50000000 70.00000000
v 45.50000000 46.00000000 71.00000000
v 45.50000000 46.00000000 87.00000000
v 46.00000000 45.50000000 87.00000000
v 46.00000000 46.00000000 86.50000000
v 46.00000000 45.50000000 88.00000000
v 46.00000000 45.50000000 89.00000000
v 46.00000000 46.50000000 55.00000000
v 46.00000000 46.50000000 56.00000000
v 46.00000000 47.00000000 56.50000000
v 46.00000000 47.00000000 57.50000000
v 45.50000000 47.00000000 58.00000000
v 46.00000000 46.50000000 58.00000000
v 45.50000000 47.00000000 59.00000000
v 46.00000000 46.50000000 59.00000000
v 46.00000000 46.50000000 60.00000000
v 45.50000000 47.00000000 69.00000000
v 46.00000000 47.00000000 68.50000000
v 46.00000000 46.50000000 69.00000000
v 45.50000000 47.00000000 85.00000000
v 46.00000000 46.50000000 85.00000000
v 46.00000000 47.00000000 84.50000000
v 46.00000000 46.50000000 86.00000000
v 46.00000000 47.50000000 57.00000000
v 45.50000000 48.00000000 69.00000000
v 46.00000000 48.00000000 68.50000000
v 45.50000000 48.00000000 84.00000000
v 46.00000000 47.50000000 84.00000000
v 46.00000000 48.00000000 83.50000000
v 45.50000000 49.00000000 69.00000000
v 46.00000000 49.00000000 68.50000000
v 45.50000000 49.00000000 84.00000000
v 46.00000000 49.00000000 83.50000000
v 46.00000000 49.50000000 69.00000000
v 46.00000000 50.00000000 69.50000000
v 45.50000000 50.00000000 84.00000000
v 46.00000000 50.00000000 83.50000000
v 45.50000000 51.00000000 69.00000000
v 46.00000000 51.00000000 68.50000000
v 46.00000000 50.50000000 69.00000000
v 46.00000000 51.00000000 83.50000000
v 46.00000000 51.50000000 69.00000000
v 46.00000000 52.00000000 69.50000000
v 45.50000000 52.00000000 83.00000000
v 46.00000000 51.50000000 83.00000000
v 46.00000000 52.00000000 82.50000000
v 46.00000000 53.00000000 69.50000000
v 46.00000000 52.50000000 83.00000000
v 46.00000000 53.00000000 83.50000000
v 46.00000000 54.00000000 69.50000000
v 45.50000000 54.00000000 83.00000000
v 46.00000000 54.00000000 83.50000000
v 46.00000000 54.50000000 70.00000000
v 46.00000000 55.00000000 70.50000000
v 46.00000000 54.50000000 83.00000000
v 46.00000000 55.00000000 82.50000000
v 46.00000000 55.50000000 71.00000000
v 45.50000000 56.00000000 72.00000000
v 46.00000000 56.00000000 71.50000000
v 45.50000000 56.00000000 82.00000000
v 46.00000000 56.00000000 82.50000000
v 46.00000000 56.50000000 72.00000000
v 45.50000000 57.00000000 73.00000000
v 46.00000000 57.00000000 72.50000000
v 45.50000000 57.00000000 74.00000000
v 45.50000000 57.00000000 75.00000000
v 45.50000000 57.00000000 76.00000000
v 45.50000000 57.00000000 77.00000000
v 45.50000000 57.00000000 78.00000000
v 45.50000000 57.00000000 79.00000000
v 45.50000000 57.00000000 80.00000000
v 45.50000000 57.00000000 81.00000000
v 46.00000000 57.00000000 81.50000000
v 46.00000000 56.50000000 82.00000000
v 46.00000000 57.50000000 73.00000000
v 46.00000000 57.50000000 74.00000000
v 46.00000000 57.50000000 75.00000000
v 46.00000000 57.50000000 76.00000000
v 46.00000000 57.50000000 77.00000000
v 46.00000000 57.50000000 78.00000000
v 46.00000000 57.50000000 79.00000000
v 46.00000000 57.50000000 80.00000000
v 46.00000000 57.50000000 81.00000000
v 47.00000000 34.00000000 50.50000000
v 47.00000000 33.50000000 51.00000000
v 47.00000000 33.50000000 52.00000000
v 47.00000000 33.50000000 53.00000000
v 47.00000000 33.50000000 54.00000000
v 47.00000000 33.50000000 55.00000000
v 47.00000000 33.50000000 56.00000000
v 47.00000000 33.50000000 57.00000000
v 47.00000000 33.50000000 58.00000000
v 47.00000000 33.50000000 59.00000000
v 47.00000000 33.50000000 60.00000000
v 46.50000000 34.00000000 60.00000000
v 47.00000000 34.00000000 60.50000000
v 47.00000000 35.00000000 49.50000000
v 47.00000000 34.50000000 50.00000000
v 47.00000000 34.50000000 61.00000000
v 46.50000000 35.00000000 61.00000000
v 47.00000000 35.00000000 61.50000000
v 47.00000000 36.00000000 48.50000000
v 47.00000000 35.50000000 49.00000000
v 47.00000000 35.50000000 62.00000000
v 47.00000000 36.00000000 62.50000000
v 46.50000000 37.00000000 48.00000000
v 47.00000000 37.00000000 47.50000000
v 47.00000000 36.50000000 48.00000000
v 47.00000000 36.50000000 63.00000000
v 46.50000000 37.00000000 63.00000000
v 47.00000000 37.00000000 63.50000000
v 47.00000000 37.50000000 48.00000000
v 47.00000000 38.00000000 48.50000000
v 47.00000000 37.50000000 64.00000000
v 46.50000000 38.00000000 64.00000000
v 47.00000000 38.00000000 64.50000000
v 47.00000000 39.00000000 48.50000000
v 47.00000000 38.50000000 65.00000000
v 46.50000000 39.00000000 65.00000000
v 47.00000000 39.00000000 65.50000000
v 47.00000000 39.50000000 49.00000000
v 47.00000000 39.50000000 50.00000000
v 47.00000000 40.00000000 50.50000000
v 47.00000000 39.50000000 66.00000000
v 46.50000000 40.00000000 66.00000000
v 47.00000000 40.00000000 66.50000000
v 46.50000000 40.00000000 78.00000000
v 47.00000000 40.00000000 77.50000000
v 47.00000000 39.50000000 78.00000000
v 47.00000000 40.00000000 78.50000000
v 47.00000000 40.50000000 51.00000000
v 46.50000000 41.00000000 52.00000000
v 47.00000000 41.00000000 51.50000000
v 47.00000000 40.50000000 67.00000000
v 46.50000000 41.00000000 67.00000000
v 47.00000000 41.00000000 67.50000000
v 46.50000000 41.00000000 77.00000000
v 47.00000000 41.00000000 76.50000000
v 47.00000000 40.50000000 77.00000000
v 47.00000000 40.50000000 78.00000000
v 47.00000000 41.00000000 77.50000000
v 47.00000000 41.00000000 78.50000000
v 46.50000000 41.00000000 79.00000000
v 47.00000000 40.50000000 79.00000000
v 47.00000000 41.00000000 79.50000000
v 46.50000000 41.00000000 81.00000000
v 47.00000000 41.00000000 80.50000000
v 47.00000000 40.50000000 81.00000000
v 47.00000000 41.00000000 81.50000000
v 47.00000000 41.50000000 52.00000000
v 47.00000000 42.00000000 52.50000000
v 46.50000000 42.00000000 67.00000000
v 47.00000000 41.50000000 68.00000000
v 46.50000000 42.00000000 68.00000000
v 47.00000000 42.00000000 68.50000000
v 46.50000000 42.00000000 75.00000000
v 47.00000000 42.00000000 74.50000000
v 47.00000000 41.50000000 75.00000000
v 47.00000000 41.50000000 76.00000000
v 46.50000000 42.00000000 76.00000000
v 47.00000000 41.50000000 78.00000000
v 47.00000000 41.50000000 80.00000000
v 47.00000000 41.50000000 82.00000000
v 46.50000000 42.00000000 82.00000000
v 47.00000000 42.00000000 82.50000000
v 46.50000000 43.00000000 53.00000000
v 47.00000000 43.00000000 52.50000000
v 46.50000000 43.00000000 67.00000000
v 46.50000000 43.00000000 68.00000000
v 47.00000000 43.00000000 68.50000000
v 47.00000000 43.00000000 73.50000000
v 47.00000000 42.50000000 74.00000000
v 47.00000000 43.00000000 82.50000000
v 46.50000000 43.00000000 83.00000000
v 47.00000000 43.50000000 53.00000000
v 46.50000000 44.00000000 54.00000000
v 47.00000000 44.00000000 53.50000000
v 46.50000000 44.00000000 67.00000000
v 47.00000000 44.00000000 67.50000000
v 47.00000000 43.50000000 68.00000000
v 46.50000000 44.00000000 70.00000000
v 47.00000000 44.00000000 69.50000000
v 47.00000000 43.50000000 70.00000000
v 47.00000000 43.50000000 71.00000000
v 46.50000000 44.00000000 71.00000000
v 47.00000000 43.50000000 72.00000000
v 46.50000000 44.00000000 72.00000000
v 47.00000000 43.50000000 73.00000000
v 46.50000000 44.00000000 73.00000000
v 47.00000000 43.50000000 83.00000000
v 46.50000000 44.00000000 84.00000000
v 47.00000000 44.00000000 83.50000000
v 46.50000000 44.00000000 85.00000000
v 46.50000000 44.00000000 86.00000000
v 46.50000000 44.00000000 87.00000000
v 46.50000000 44.00000000 88.00000000
v 46.50000000 44.00000000 89.00000000
v 46.50000000 44.00000000 90.00000000
v 46.50000000 45.00000000 54.00000000
v 47.00000000 45.00000000 53.50000000
v 46.50000000 45.00000000 64.00000000
v 47.00000000 45.00000000 64.50000000
v 47.00000000 44.50000000 65.00000000
v 47.00000000 44.50000000 66.00000000
v 47.00000000 44.50000000 67.00000000
v 46.50000000 45.00000000 69.00000000
v 47.00000000 45.00000000 68.50000000
v 47.00000000 44.50000000 69.00000000
v 46.50000000 45.00000000 70.00000000
v 46.50000000 45.00000000 84.00000000
v 47.00000000 45.00000000 83.50000000
v 46.50000000 45.00000000 85.00000000
v 46.50000000 45.00000000 86.00000000
v 46.50000000 45.00000000 87.00000000
v 46.50000000 45.00000000 88.00000000
v 46.50000000 45.00000000 89.00000000
v 46.50000000 46.00000000 54.00000000
v 47.00000000 46.00000000 53.50000000
v 46.50000000 46.00000000 61.00000000
v 47.00000000 46.00000000 61.50000000
v 47.00000000 45.50000000 62.00000000
v 47.00000000 45.50000000 63.00000000
v 47.00000000 45.50000000 64.00000000
v 46.50000000 46.00000000 69.00000000
v 47.00000000 46.00000000 68.50000000
v 46.50000000 46.00000000 83.00000000
v 47.00000000 45.50000000 83.00000000
v 47.00000000 46.00000000 82.50000000
v 46.50000000 46.00000000 84.00000000
v 46.50000000 46.00000000 85.00000000
v 46.50000000 46.00000000 86.00000000
v 47.00000000 46.50000000 54.00000000
v 47.00000000 46.50000000 55.00000000
v 47.00000000 46.50000000 56.00000000
v 47.00000000 47.00000000 56.50000000
v 47.00000000 46.50000000 58.00000000
v 47.00000000 47.00000000 57.50000000
v 47.00000000 46.50000000 59.00000000
v 47.00000000 46.50000000 60.00000000
v 47.00000000 46.50000000 61.00000000
v 47.00000000 47.00000000 68.50000000
v 46.50000000 47.00000000 78.00000000
v 47.00000000 46.50000000 78.00000000
v 47.00000000 47.00000000 77.50000000
v 46.50000000 47.00000000 79.00000000
v 47.00000000 46.50000000 79.00000000
v 46.50000000 47.00000000 80.00000000
v 47.00000000 46.50000000 80.00000000
v 47.00000000 47.00000000 80.50000000
v 47.00000000 46.50000000 83.00000000
v 47.00000000 47.00000000 83.50000000
v 46.50000000 47.00000000 84.00000000
v 47.00000000 47.50000000 57.00000000
v 47.00000000 48.00000000 68.50000000
v 46.50000000 48.00000000 78.00000000
v 47.00000000 48.00000000 77.50000000
v 46.50000000 48.00000000 79.00000000
v 47.00000000 48.00000000 79.50000000
v 47.00000000 47.50000000 80.00000000
v 46.50000000 48.00000000 83.00000000
v 47.00000000 47.50000000 83.00000000
v 47.00000000 48.00000000 82.50000000
v 47.00000000 49.00000000 68.50000000
v 47.00000000 48.50000000 78.00000000
v 47.00000000 48.50000000 79.00000000
v 46.50000000 49.00000000 83.00000000
v 47.00000000 49.00000000 82.50000000
v 47.00000000 49.50000000 69.00000000
v 47.00000000 50.00000000 69.50000000
v 46.50000000 50.00000000 81.00000000
v 47.00000000 49.50000000 81.00000000
v 47.00000000 50.00000000 80.50000000
v 46.50000000 50.00000000 82.00000000
v 47.00000000 49.50000000 82.00000000
v 46.50000000 50.00000000 83.00000000
v 46.50000000 51.00000000 69.00000000
v 47.00000000 51.00000000 69.50000000
v 47.00000000 50.50000000 81.00000000
v 47.00000000 51.00000000 81.50000000
v 46.50000000 51.00000000 82.00000000
v 46.50000000 51.00000000 83.00000000
v 47.00000000 52.00000000 69.50000000
v 46.50000000 52.00000000 81.00000000
v 47.00000000 51.50000000 81.00000000
v 47.00000000 52.00000000 80.50000000
v 46.50000000 52.00000000 82.00000000
v 47.00000000 53.00000000 69.50000000
v 47.00000000 52.50000000 81.00000000
v 47.00000000 52.50000000 82.00000000
v 46.50000000 53.00000000 83.00000000
v 47.00000000 53.00000000 82.50000000
v 47.00000000 54.00000000 69.50000000
v 46.50000000 54.00000000 83.00000000
v 47.00000000 54.00000000 82.50000000
v 47.00000000 54.50000000 70.00000000
v 47.00000000 55.00000000 70.50000000
v 47.00000000 55.00000000 82.50000000
v 46.50000000 56.00000000 71.00000000
v 47.00000000 56.00000000 70.50000000
v 47.00000000 56.00000000 82.50000000
v 47.00000000 56.50000000 71.00000000
v 46.50000000 57.00000000 72.00000000
v 47.00000000 57.00000000 71.50000000
v 47.00000000 56.50000000 82.00000000
v 47.00000000 57.00000000 81.50000000
v 47.00000000 57.50000000 72.00000000
v 46.50000000 58.00000000 73.00000000
v 47.00000000 58.00000000 72.50000000
v 46.50000000 58.00000000 74.00000000
v 46.50000000 58.00000000 75.00000000
v 46.50000000 58.00000000 76.00000000
v 46.50000000 58.00000000 77.00000000
v 46.50000000 58.00000000 78.00000000
v 46.50000000 58.00000000 79.00000000
v 46.50000000 58.00000000 80.00000000
v 47.00000000 58.00000000 80.50000000
v 47.00000000 57.50000000 81.00000000
v 47.00000000 58.50000000 73.00000000
v 47.00000000 58.50000000 74.00000000
v 47.00000000 58.50000000 75.00000000
v 47.00000000 58.50000000 76.00000000
v 47.00000000 58.50000000 77.00000000
v 47.00000000 58.50000000 78.00000000
v 47.00000000 58.50000000 79.00000000
v 47.00000000 58.50000000 80.00000000
v 48.00000000 34.00000000 50.50000000
v 48.00000000 33.50000000 51.00000000
v 48.00000000 33.50000000 52.00000000
v 48.00000000 33.50000000 53.00000000
v 48.00000000 33.50000000 54.00000000
v 48.00000000 33.50000000 55.00000000
v 48.00000000 33.50000000 56.00000000
v 48.00000000 33.50000000 57.00000000
v 48.00000000 33.50000000 58.00000000
v 48.00000000 33.50000000 59.00000000
v 47.50000000 34.00000000 60.00000000
v 48.00000000 34.00000000 59.50000000
v 47.50000000 35.00000000 49.00000000
v 48.00000000 35.00000000 48.50000000
v 48.00000000 34.50000000 49.00000000
v 48.00000000 34.50000000 50.00000000
v 48.00000000 34.50000000 60.00000000
v 48.00000000 34.50000000 61.00000000
v 48.00000000 35.00000000 61.50000000
v 48.00000000 36.00000000 48.50000000
v 48.00000000 35.50000000 62.00000000
v 48.00000000 35.50000000 63.00000000
v 47.50000000 36.00000000 63.00000000
v 48.00000000 36.00000000 63.50000000
v 48.00000000 37.00000000 47.50000000
v 48.00000000 36.50000000 48.00000000
v 48.00000000 36.50000000 64.00000000
v 47.50000000 37.00000000 64.00000000
v 48.00000000 36.50000000 65.00000000
v 47.50000000 37.00000000 65.00000000
v 48.00000000 37.00000000 65.50000000
v 48.00000000 37.50000000 48.00000000
v 48.00000000 38.00000000 48.50000000
v 47.50000000 38.00000000 65.00000000
v 48.00000000 37.50000000 66.00000000
v 47.50000000 38.00000000 66.00000000
v 48.00000000 38.00000000 66.50000000
v 48.00000000 39.00000000 48.50000000
v 47.50000000 39.00000000 66.00000000
v 48.00000000 38.50000000 67.00000000
v 47.50000000 39.00000000 67.00000000
v 48.00000000 39.00000000 67.50000000
v 48.00000000 39.50000000 49.00000000
v 47.50000000 40.00000000 50.00000000
v 48.00000000 40.00000000 49.50000000
v 47.50000000 40.00000000 67.00000000
v 48.00000000 39.50000000 68.00000000
v 47.50000000 40.00000000 68.00000000
v 48.00000000 40.00000000 68.50000000
v 47.50000000 40.00000000 77.00000000
v 48.00000000 40.00000000 76.50000000
v 48.00000000 39.50000000 77.00000000
v 48.00000000 39.50000000 78.00000000
v 48.00000000 39.50000000 79.00000000
v 47.50000000 40.00000000 79.00000000
v 48.00000000 39.50000000 80.00000000
v 47.50000000 40.00000000 80.00000000
v 48.00000000 39.50000000 81.00000000
v 47.50000000 40.00000000 81.00000000
v 48.00000000 40.00000000 81.50000000
v 48.00000000 40.50000000 50.00000000
v 47.50000000 41.00000000 51.00000000
v 48.00000000 41.00000000 50.50000000
v 47.50000000 41.00000000 68.00000000
v 48.00000000 41.00000000 68.50000000
v 47.50000000 41.00000000 75.00000000
v 48.00000000 41.00000000 74.50000000
v 48.00000000 40.50000000 75.00000000
v 48.00000000 40.50000000 76.00000000
v 47.50000000 41.00000000 76.00000000
v 47.50000000 41.00000000 78.00000000
v 47.50000000 41.00000000 80.00000000
v 48.00000000 41.00000000 81.50000000
v 47.50000000 42.00000000 51.00000000
v 48.00000000 42.00000000 50.50000000
v 47.50000000 42.00000000 52.00000000
v 48.00000000 41.50000000 69.00000000
v 47.50000000 42.00000000 69.00000000
v 48.00000000 42.00000000 69.50000000
v 47.50000000 42.00000000 74.00000000
v 48.00000000 42.00000000 73.50000000
v 48.00000000 41.50000000 74.00000000
v 47.50000000 42.00000000 82.00000000
v 48.00000000 42.00000000 81.50000000
v 48.00000000 42.50000000 51.00000000
v 47.50000000 43.00000000 52.00000000
v 48.00000000 43.00000000 51.50000000
v 47.50000000 43.00000000 69.00000000
v 48.00000000 42.50000000 70.00000000
v 47.50000000 43.00000000 70.00000000
v 48.00000000 42.50000000 71.00000000
v 47.50000000 43.00000000 71.00000000
v 48.00000000 42.50000000 72.00000000
v 47.50000000 43.00000000 72.00000000
v 48.00000000 42.50000000 73.00000000
v 47.50000000 43.00000000 73.00000000
v 47.50000000 43.00000000 82.00000000
v 48.00000000 43.00000000 81.50000000
v 48.00000000 43.50000000 52.00000000
v 47.50000000 44.00000000 53.00000000
v 48.00000000 44.00000000 52.50000000
v 47.50000000 44.00000000 68.00000000
v 47.50000000 44.00000000 69.00000000
v 48.00000000 43.50000000 82.00000000
v 47.50000000 44.00000000 83.00000000
v 48.00000000 44.00000000 82.50000000
v 47.50000000 45.00000000 53.00000000
v 48.00000000 45.00000000 52.50000000
v 48.00000000 44.50000000 65.00000000
v 48.00000000 45.00000000 64.50000000
v 48.00000000 44.50000000 66.00000000
v 47.50000000 45.00000000 67.00000000
v 48.00000000 45.00000000 66.50000000
v 47.50000000 45.00000000 68.00000000
v 47.50000000 45.00000000 82.00000000
v 48.00000000 44.50000000 82.00000000
v 48.00000000 45.00000000 81.50000000
v 47.50000000 45.00000000 83.00000000
v 47.50000000 46.00000000 53.00000000
v 48.00000000 46.00000000 52.50000000
v 47.50000000 46.00000000 62.00000000
v 48.00000000 46.00000000 62.50000000
v 48.00000000 45.50000000 63.00000000
v 48.00000000 45.50000000 64.00000000
v 48.00000000 45.50000000 67.00000000
v 48.00000000 45.50000000 68.00000000
v 48.00000000 46.00000000 68.50000000
v 47.50000000 46.00000000 79.00000000
v 48.00000000 45.50000000 79.00000000
v 48.00000000 46.00000000 78.50000000
v 47.50000000 46.00000000 80.00000000
v 48.00000000 45.50000000 80.00000000
v 47.50000000 46.00000000 81.00000000
v 48.00000000 45.50000000 81.00000000
v 47.50000000 46.00000000 82.00000000
v 48.00000000 46.50000000 53.00000000
v 48.00000000 46.50000000 54.00000000
v 48.00000000 46.50000000 55.00000000
v 47.50000000 47.00000000 56.00000000
v 48.00000000 47.00000000 55.50000000
v 48.00000000 46.50000000 57.00000000
v 48.00000000 47.00000000 56.50000000
v 47.50000000 47.00000000 57.00000000
v 48.00000000 46.50000000 58.00000000
v 48.00000000 46.50000000 59.00000000
v 48.00000000 46.50000000 60.00000000
v 48.00000000 46.50000000 61.00000000
v 48.00000000 46.50000000 62.00000000
v 48.00000000 47.00000000 68.50000000
v 47.50000000 47.00000000 77.00000000
v 48.00000000 46.50000000 77.00000000
v 48.00000000 47.00000000 76.50000000
v 48.00000000 46.50000000 78.00000000
v 47.50000000 47.00000000 81.00000000
v 47.50000000 47.00000000 82.00000000
v 47.50000000 47.00000000 83.00000000
v 48.00000000 47.50000000 56.00000000
v 48.00000000 48.00000000 68.50000000
v 47.50000000 48.00000000 77.00000000
v 48.00000000 48.00000000 76.50000000
v 47.50000000 48.00000000 80.00000000
v 47.50000000 48.00000000 81.00000000
v 47.50000000 48.00000000 82.00000000
v 48.00000000 48.50000000 69.00000000
v 47.50000000 49.00000000 69.00000000
v 48.00000000 49.00000000 69.50000000
v 47.50000000 49.00000000 77.00000000
v 48.00000000 49.00000000 76.50000000
v 47.50000000 49.00000000 78.00000000
v 47.50000000 49.00000000 79.00000000
v 47.50000000 49.00000000 80.00000000
v 47.50000000 49.00000000 81.00000000
v 47.50000000 49.00000000 82.00000000
v 48.00000000 50.00000000 69.50000000
v 47.50000000 50.00000000 77.00000000
v 48.00000000 50.00000000 76.50000000
v 47.50000000 50.00000000 78.00000000
v 47.50000000 50.00000000 79.00000000
v 47.50000000 50.00000000 80.00000000
v 48.00000000 51.00000000 69.50000000
v 48.00000000 50.50000000 77.00000000
v 48.00000000 50.50000000 78.00000000
v 48.00000000 51.00000000 78.50000000
v 47.50000000 51.00000000 79.00000000
v 47.50000000 51.00000000 80.00000000
v 47.50000000 51.00000000 81.00000000
v 48.00000000 52.00000000 69.50000000
v 48.00000000 51.50000000 79.00000000
v 48.00000000 52.00000000 79.50000000
v 47.50000000 52.00000000 80.00000000
v 48.00000000 53.00000000 69.50000000
v 48.00000000 52.50000000 80.00000000
v 47.50000000 53.00000000 81.00000000
v 48.00000000 53.00000000 80.50000000
v 47.50000000 53.00000000 82.00000000
v 48.00000000 54.00000000 69.50000000
v 48.00000000 53.50000000 81.00000000
v 48.00000000 54.00000000 81.50000000
v 47.50000000 54.00000000 82.00000000
v 48.00000000 54.50000000 70.00000000
v 48.00000000 55.00000000 70.50000000
v 48.00000000 54.50000000 82.00000000
v 48.00000000 55.00000000 82.50000000
v 48.00000000 56.00000000 70.50000000
v 48.00000000 56.00000000 82.50000000
v 47.50000000 57.00000000 71.00000000
v 48.00000000 57.00000000 70.50000000
v 48.00000000 56.50000000 82.00000000
v 48.00000000 57.00000000 81.50000000
v 48.00000000 57.50000000 71.00000000
v 48.00000000 57.50000000 72.00000000
v 48.00000000 58.00000000 72.50000000
v 48.00000000 57.50000000 81.00000000
v 48.00000000 58.00000000 80.50000000
v 48.00000000 58.50000000 73.00000000
v 48.00000000 58.50000000 74.00000000
v 48.00000000 58.50000000 75.00000000
v 48.00000000 58.50000000 76.00000000
v 48.00000000 58.50000000 77.00000000
v 48.00000000 58.50000000 78.00000000
v 48.00000000 58.50000000 79.00000000
v 48.00000000 58.50000000 80.00000000
v 49.00000000 34.00000000 50.50000000
v 49.00000000 33.50000000 51.00000000
v 49.00000000 33.50000000 52.00000000
v 49.00000000 33.50000000 53.00000000
v 49.00000000 33.50000000 54.00000000
v 49.00000000 33.50000000 55.00000000
v 49.00000000 33.50000000 56.00000000
v 49.00000000 33.50000000 57.00000000
v 49.00000000 33.50000000 58.00000000
v 48.50000000 34.00000000 59.00000000
v 49.00000000 34.00000000 58.50000000
v 49.00000000 35.00000000 48.50000000
v 49.00000000 34.50000000 49.00000000
v 49.00000000 34.50000000 50.00000000
v 49.00000000 34.50000000 59.00000000
v 49.00000000 34.50000000 60.00000000
v 49.00000000 34.50000000 61.00000000
v 49.00000000 35.00000000 61.50000000
v 49.00000000 36.00000000 48.50000000
v 49.00000000 35.50000000 62.00000000
v 49.00000000 35.50000000 63.00000000
v 49.00000000 36.00000000 63.50000000
v 49.00000000 37.00000000 47.50000000
v 49.00000000 36.50000000 48.00000000
v 49.00000000 36.50000000 64.00000000
v 49.00000000 36.50000000 65.00000000
v 49.00000000 37.00000000 65.50000000
v 49.00000000 37.50000000 48.00000000
v 49.00000000 38.00000000 48.50000000
v 49.00000000 37.50000000 66.00000000
v 49.00000000 37.50000000 67.00000000
v 48.50000000 38.00000000 67.00000000
v 49.00000000 38.00000000 67.50000000
v 48.50000000 39.00000000 48.00000000
v 49.00000000 39.00000000 47.50000000
v 49.00000000 38.50000000 48.00000000
v 49.00000000 38.50000000 68.00000000
v 48.50000000 39.00000000 68.00000000
v 49.00000000 39.00000000 68.50000000
v 49.00000000 39.50000000 48.00000000
v 48.50000000 40.00000000 49.00000000
v 49.00000000 40.00000000 48.50000000
v 49.00000000 39.50000000 69.00000000
v 48.50000000 40.00000000 69.00000000
v 49.00000000 40.00000000 69.50000000
v 49.00000000 40.00000000 76.50000000
v 49.00000000 39.50000000 77.00000000
v 49.00000000 39.50000000 78.00000000
v 49.00000000 39.50000000 79.00000000
v 49.00000000 39.50000000 80.00000000
v 49.00000000 39.50000000 81.00000000
v 49.00000000 39.50000000 82.00000000
v 48.50000000 40.00000000 82.00000000
v 49.00000000 40.00000000 82.50000000
v 48.50000000 41.00000000 49.00000000
v 49.00000000 41.00000000 48.50000000
v 48.50000000 41.00000000 50.00000000
v 48.50000000 41.00000000 69.00000000
v 49.00000000 40.50000000 70.00000000
v 48.50000000 41.00000000 70.00000000
v 49.00000000 41.00000000 70.50000000
v 49.00000000 41.00000000 74.50000000
v 49.00000000 40.50000000 75.00000000
v 49.00000000 40.50000000 76.00000000
v 48.50000000 41.00000000 82.00000000
v 49.00000000 41.00000000 82.50000000
v 49.00000000 41.50000000 49.00000000
v 48.50000000 42.00000000 50.00000000
v 49.00000000 42.00000000 49.50000000
v 48.50000000 42.00000000 70.00000000
v 49.00000000 41.50000000 71.00000000
v 48.50000000 42.00000000 71.00000000
v 49.00000000 41.50000000 72.00000000
v 48.50000000 42.00000000 72.00000000
v 49.00000000 41.50000000 73.00000000
v 48.50000000 42.00000000 73.00000000
v 49.00000000 41.50000000 74.00000000
v 49.00000000 41.50000000 82.00000000
v 49.00000000 42.00000000 81.50000000
v 48.50000000 43.00000000 50.00000000
v 49.00000000 43.00000000 49.50000000
v 48.50000000 43.00000000 51.00000000
v 48.50000000 43.00000000 81.00000000
v 49.00000000 42.50000000 81.00000000
v 49.00000000 43.00000000 80.50000000
v 49.00000000 43.50000000 50.00000000
v 49.00000000 43.50000000 51.00000000
v 48.50000000 44.00000000 52.00000000
v 49.00000000 44.00000000 51.50000000
v 48.50000000 44.00000000 81.00000000
v 49.00000000 44.00000000 80.50000000
v 48.50000000 44.00000000 82.00000000
v 49.00000000 44.50000000 52.00000000
v 49.00000000 45.00000000 52.50000000
v 48.50000000 45.00000000 65.00000000
v 48.50000000 45.00000000 66.00000000
v 48.50000000 45.00000000 81.00000000
v 49.00000000 45.00000000 80.50000000
v 49.00000000 46.00000000 52.50000000
v 49.00000000 45.50000000 63.00000000
v 49.00000000 46.00000000 62.50000000
v 49.00000000 45.50000000 64.00000000
v 49.00000000 45.50000000 65.00000000
v 49.00000000 45.50000000 66.00000000
v 49.00000000 45.50000000 67.00000000
v 48.50000000 46.00000000 68.00000000
v 49.00000000 46.00000000 67.50000000
v 48.50000000 46.00000000 77.00000000
v 49.00000000 45.50000000 77.00000000
v 49.00000000 46.00000000 76.50000000
v 48.50000000 46.00000000 78.00000000
v 49.00000000 45.50000000 78.00000000
v 49.00000000 45.50000000 79.00000000
v 49.00000000 45.50000000 80.00000000
v 49.00000000 46.50000000 53.00000000
v 49.00000000 46.50000000 54.00000000
v 48.50000000 47.00000000 55.00000000
v 49.00000000 47.00000000 54.50000000
v 48.50000000 47.00000000 57.00000000
v 48.50000000 47.00000000 58.00000000
v 48.50000000 47.00000000 59.00000000
v 49.00000000 47.00000000 59.50000000
v 49.00000000 46.50000000 60.00000000
v 49.00000000 46.50000000 61.00000000
v 49.00000000 46.50000000 62.00000000
v 49.00000000 46.50000000 68.00000000
v 49.00000000 47.00000000 68.50000000
v 49.00000000 47.00000000 76.50000000
v 49.00000000 47.50000000 55.00000000
v 49.00000000 47.50000000 56.00000000
v 49.00000000 47.50000000 57.00000000
v 49.00000000 47.50000000 58.00000000
v 49.00000000 47.50000000 59.00000000
v 49.00000000 48.00000000 68.50000000
v 49.00000000 48.00000000 76.50000000
v 49.00000000 48.50000000 69.00000000
v 49.00000000 49.00000000 69.50000000
v 49.00000000 49.00000000 76.50000000
v 49.00000000 49.50000000 70.00000000
v 48.50000000 50.00000000 70.00000000
v 49.00000000 50.00000000 70.50000000
v 49.00000000 50.00000000 76.50000000
v 48.50000000 51.00000000 70.00000000
v 49.00000000 51.00000000 70.50000000
v 48.50000000 51.00000000 77.00000000
v 49.00000000 51.00000000 76.50000000
v 48.50000000 51.00000000 78.00000000
v 49.00000000 52.00000000 69.50000000
v 49.00000000 51.50000000 70.00000000
v 49.00000000 51.50000000 77.00000000
v 49.00000000 52.00000000 77.50000000
v 48.50000000 52.00000000 78.00000000
v 48.50000000 52.00000000 79.00000000
v 49.00000000 53.00000000 69.50000000
v 49.00000000 52.50000000 78.00000000
v 49.00000000 52.50000000 79.00000000
v 48.50000000 53.00000000 80.00000000
v 49.00000000 53.00000000 79.50000000
v 49.00000000 54.00000000 69.50000000
v 49.00000000 53.50000000 80.00000000
v 48.50000000 54.00000000 81.00000000
v 49.00000000 54.00000000 80.50000000
v 48.50000000 55.00000000 70.00000000
v 49.00000000 55.00000000 69.50000000
v 49.00000000 54.50000000 81.00000000
v 48.50000000 55.00000000 82.00000000
v 49.00000000 55.00000000 81.50000000
v 48.50000000 56.00000000 70.00000000
v 49.00000000 56.00000000 69.50000000
v 49.00000000 55.50000000 82.00000000
v 49.00000000 56.00000000 82.50000000
v 49.00000000 56.50000000 70.00000000
v 49.00000000 57.00000000 70.50000000
v 48.50000000 57.00000000 82.00000000
v 49.00000000 57.00000000 82.50000000
v 49.00000000 57.50000000 71.00000000
v 49.00000000 57.50000000 72.00000000
v 49.00000000 58.00000000 72.50000000
v 48.50000000 58.00000000 80.00000000
v 49.00000000 57.50000000 80.00000000
v 49.00000000 58.00000000 79.50000000
v 49.00000000 57.50000000 81.00000000
v 49.00000000 57.50000000 82.00000000
v 49.00000000 58.50000000 73.00000000
v 49.00000000 58.50000000 74.00000000
v 49.00000000 58.50000000 75.00000000
v 49.00000000 58.50000000 76.00000000
v 49.00000000 58.50000000 77.00000000
v 49.00000000 58.50000000 78.00000000
v 49.00000000 58.50000000 79.00000000
v 49.50000000 34.00000000 50.00000000
v 50.00000000 34.00000000 49.50000000
v 50.00000000 33.50000000 50.00000000
v 50.00000000 33.50000000 51.00000000
v 50.00000000 33.50000000 52.00000000
v 50.00000000 33.50000000 53.00000000
v 50.00000000 33.50000000 54.00000000
v 49.50000000 34.00000000 55.00000000
v 50.00000000 34.00000000 54.50000000
v 49.50000000 34.00000000 56.00000000
v 49.50000000 34.00000000 57.00000000
v 49.50000000 34.00000000 58.00000000
v 49.50000000 35.00000000 48.00000000
v 50.00000000 35.00000000 47.50000000
v 50.00000000 34.50000000 48.00000000
v 50.00000000 34.50000000 49.00000000
v 50.00000000 34.50000000 55.00000000
v 50.00000000 34.50000000 56.00000000
v 50.00000000 34.50000000 57.00000000
v 50.00000000 34.50000000 58.00000000
v 50.00000000 34.50000000 59.00000000
v 50.00000000 34.50000000 60.00000000
v 50.00000000 34.50000000 61.00000000
v 50.00000000 35.00000000 61.50000000
v 49.50000000 36.00000000 48.00000000
v 50.00000000 36.00000000 47.50000000
v 50.00000000 35.50000000 62.00000000
v 50.00000000 35.50000000 63.00000000
v 50.00000000 35.50000000 64.00000000
v 49.50000000 36.00000000 64.00000000
v 50.00000000 36.00000000 64.50000000
v 50.00000000 37.00000000 47.50000000
v 50.00000000 36.50000000 65.00000000
v 50.00000000 36.50000000 66.00000000
v 49.50000000 37.00000000 66.00000000
v 50.00000000 36.50000000 67.00000000
v 49.50000000 37.00000000 67.00000000
v 50.00000000 37.00000000 67.50000000
v 49.50000000 38.00000000 48.00000000
v 50.00000000 38.00000000 47.50000000
v 50.00000000 37.50000000 68.00000000
v 49.50000000 38.00000000 68.00000000
v 50.00000000 38.00000000 68.50000000
v 50.00000000 39.00000000 47.50000000
v 50.00000000 38.50000000 69.00000000
v 49.50000000 39.00000000 69.00000000
v 50.00000000 38.50000000 70.00000000
v 49.50000000 39.00000000 70.00000000
v 50.00000000 39.00000000 70.50000000
v 49.50000000 40.00000000 48.00000000
v 50.00000000 40.00000000 47.50000000
v 49.50000000 40.00000000 70.00000000
v 50.00000000 40.00000000 70.50000000
v 50.00000000 40.00000000 76.50000000
v 50.00000000 39.50000000 77.00000000
v 50.00000000 39.50000000 78.00000000
v 50.00000000 39.50000000 79.00000000
v 50.00000000 39.50000000 80.00000000
v 50.00000000 39.50000000 81.00000000
v 49.50000000 40.00000000 82.00000000
v 50.00000000 40.00000000 81.50000000
v 49.50000000 41.00000000 48.00000000
v 50.00000000 41.00000000 47.50000000
v 50.00000000 40.50000000 71.00000000
v 49.50000000 41.00000000 71.00000000
v 50.00000000 41.00000000 71.50000000
v 49.50000000 41.00000000 74.00000000
v 50.00000000 41.00000000 73.50000000
v 50.00000000 40.50000000 74.00000000
v 50.00000000 40.50000000 75.00000000
v 50.00000000 40.50000000 76.00000000
v 49.50000000 41.00000000 82.00000000
v 50.00000000 41.00000000 81.50000000
v 50.00000000 41.50000000 48.00000000
v 49.50000000 42.00000000 49.00000000
v 50.00000000 42.00000000 48.50000000
v 50.00000000 41.50000000 72.00000000
v 50.00000000 41.50000000 73.00000000
v 49.50000000 42.00000000 81.00000000
v 50.00000000 41.50000000 81.00000000
v 50.00000000 42.00000000 80.50000000
v 50.00000000 42.50000000 49.00000000
v 50.00000000 43.00000000 49.50000000
v 49.50000000 43.00000000 77.00000000
v 50.00000000 42.50000000 77.00000000
v 50.00000000 43.00000000 76.50000000
v 49.50000000 43.00000000 78.00000000
v 50.00000000 42.50000000 78.00000000
v 49.50000000 43.00000000 79.00000000
v 50.00000000 42.50000000 79.00000000
v 49.50000000 43.00000000 80.00000000
v 50.00000000 42.50000000 80.00000000
v 50.00000000 43.50000000 50.00000000
v 49.50000000 44.00000000 51.00000000
v 50.00000000 44.00000000 50.50000000
v 49.50000000 44.00000000 76.00000000
v 50.00000000 43.50000000 76.00000000
v 50.00000000 44.00000000 75.50000000
v 49.50000000 44.00000000 77.00000000
v 49.50000000 44.00000000 78.00000000
v 49.50000000 44.00000000 79.00000000
v 49.50000000 44.00000000 80.00000000
v 50.00000000 44.50000000 51.00000000
v 49.50000000 45.00000000 52.00000000
v 50.00000000 45.00000000 51.50000000
v 50.00000000 44.50000000 76.00000000
v 50.00000000 45.00000000 76.50000000
v 49.50000000 45.00000000 77.00000000
v 49.50000000 45.00000000 78.00000000
v 49.50000000 45.00000000 79.00000000
v 49.50000000 45.00000000 80.00000000
v 49.50000000 46.00000000 52.00000000
v 50.00000000 46.00000000 51.50000000
v 49.50000000 46.00000000 63.00000000
v 49.50000000 46.00000000 64.00000000
v 50.00000000 46.00000000 64.50000000
v 50.00000000 45.50000000 65.00000000
v 50.00000000 45.50000000 66.00000000
v 50.00000000 45.50000000 67.00000000
v 50.00000000 46.00000000 67.50000000
v 49.50000000 46.00000000 76.00000000
v 50.00000000 45.50000000 76.00000000
v 50.00000000 46.00000000 75.50000000
v 50.00000000 46.50000000 52.00000000
v 50.00000000 46.50000000 53.00000000
v 49.50000000 47.00000000 54.00000000
v 50.00000000 47.00000000 53.50000000
v 50.00000000 46.50000000 60.00000000
v 50.00000000 47.00000000 59.50000000
v 50.00000000 46.50000000 61.00000000
v 50.00000000 46.50000000 62.00000000
v 50.00000000 46.50000000 63.00000000
v 50.00000000 46.50000000 64.00000000
v 50.00000000 46.50000000 68.00000000
v 50.00000000 47.00000000 68.50000000
v 50.00000000 46.50000000 76.00000000
v 50.00000000 47.00000000 76.50000000
v 50.00000000 47.50000000 54.00000000
v 50.00000000 47.50000000 55.00000000
v 50.00000000 47.50000000 56.00000000
v 50.00000000 47.50000000 57.00000000
v 50.00000000 47.50000000 58.00000000
v 50.00000000 47.50000000 59.00000000
v 50.00000000 47.50000000 69.00000000
v 49.50000000 48.00000000 69.00000000
v 50.00000000 48.00000000 69.50000000
v 50.00000000 48.00000000 76.50000000
v 50.00000000 49.00000000 69.50000000
v 49.50000000 49.00000000 75.00000000
v 50.00000000 48.50000000 75.00000000
v 50.00000000 49.00000000 74.50000000
v 49.50000000 49.00000000 76.00000000
v 50.00000000 48.50000000 76.00000000
v 50.00000000 49.50000000 70.00000000
v 49.50000000 50.00000000 71.00000000
v 50.00000000 49.50000000 71.00000000
v 49.50000000 50.00000000 72.00000000
v 50.00000000 49.50000000 72.00000000
v 49.50000000 50.00000000 73.00000000
v 50.00000000 49.50000000 73.00000000
v 49.50000000 50.00000000 74.00000000
v 50.00000000 49.50000000 74.00000000
v 49.50000000 50.00000000 75.00000000
v 49.50000000 50.00000000 76.00000000
v 49.50000000 51.00000000 71.00000000
v 49.50000000 51.00000000 72.00000000
v 50.00000000 51.00000000 72.50000000
v 50.00000000 50.50000000 73.00000000
v 50.00000000 50.50000000 74.00000000
v 50.00000000 51.00000000 74.50000000
v 49.50000000 51.00000000 75.00000000
v 49.50000000 51.00000000 76.00000000
v 49.50000000 52.00000000 70.00000000
v 49.50000000 52.00000000 71.00000000
v 50.00000000 52.00000000 71.50000000
v 50.00000000 51.50000000 72.00000000
v 50.00000000 51.50000000 75.00000000
v 50.00000000 51.50000000 76.00000000
v 49.50000000 52.00000000 77.00000000
v 50.00000000 52.00000000 76.50000000
v 49.50000000 53.00000000 70.00000000
v 50.00000000 53.00000000 70.50000000
v 50.00000000 52.50000000 71.00000000
v 50.00000000 52.50000000 77.00000000
v 49.50000000 53.00000000 78.00000000
v 50.00000000 53.00000000 77.50000000
v 49.50000000 53.00000000 79.00000000
v 50.00000000 54.00000000 69.50000000
v 50.00000000 53.50000000 70.00000000
v 50.00000000 53.50000000 78.00000000
v 50.00000000 53.50000000 79.00000000
v 50.00000000 53.50000000 80.00000000
v 50.00000000 54.00000000 80.50000000
v 50.00000000 55.00000000 69.50000000
v 50.00000000 54.50000000 81.00000000
v 50.00000000 55.00000000 81.50000000
v 50.00000000 56.00000000 69.50000000
v 50.00000000 55.50000000 82.00000000
v 50.00000000 56.00000000 82.50000000
v 49.50000000 57.00000000 70.00000000
v 50.00000000 57.00000000 69.50000000
v 50.00000000 57.00000000 82.50000000
v 50.00000000 57.50000000 70.00000000
v 50.00000000 57.50000000 71.00000000
v 50.00000000 57.50000000 72.00000000
v 49.50000000 58.00000000 73.00000000
v 50.00000000 57.50000000 73.00000000
v 49.50000000 58.00000000 74.00000000
v 50.00000000 57.50000000 74.00000000
v 49.50000000 58.00000000 75.00000000
v 50.00000000 57.50000000 75.00000000
v 49.50000000 58.00000000 76.00000000
v 50.00000000 57.50000000 76.00000000
v 49.50000000 58.00000000 77.00000000
v 50.00000000 57.50000000 77.00000000
v 49.50000000 58.00000000 78.00000000
v 50.00000000 57.50000000 78.00000000
v 49.50000000 58.00000000 79.00000000
v 50.00000000 57.50000000 79.00000000
v 50.00000000 57.50000000 80.00000000
v 50.00000000 57.50000000 81.00000000
v 50.00000000 57.50000000 82.00000000
v 50.50000000 34.00000000 49.00000000
v 51.00000000 34.00000000 48.50000000
v 51.00000000 33.50000000 49.00000000
v 51.00000000 33.50000000 50.00000000
v 51.00000000 33.50000000 51.00000000
v 51.00000000 33.50000000 52.00000000
v 51.00000000 33.50000000 53.00000000
v 50.50000000 34.00000000 54.00000000
v 51.00000000 34.00000000 53.50000000
v 51.00000000 35.00000000 47.50000000
v 51.00000000 34.50000000 48.00000000
v 51.00000000 34.50000000 54.00000000
v 51.00000000 34.50000000 55.00000000
v 51.00000000 34.50000000 56.00000000
v 51.00000000 34.50000000 57.00000000
v 51.00000000 34.50000000 58.00000000
v 51.00000000 34.50000000 59.00000000
v 51.00000000 34.50000000 60.00000000
v 51.00000000 34.50000000 61.00000000
v 51.00000000 35.00000000 61.50000000
v 51.00000000 36.00000000 47.50000000
v 51.00000000 35.50000000 62.00000000
v 51.00000000 35.50000000 63.00000000
v 51.00000000 35.50000000 64.00000000
v 51.00000000 35.50000000 65.00000000
v 50.50000000 36.00000000 65.00000000
v 51.00000000 35.50000000 66.00000000
v 50.50000000 36.00000000 66.00000000
v 51.00000000 36.00000000 66.50000000
v 50.50000000 37.00000000 47.00000000
v 51.00000000 37.00000000 46.50000000
v 51.00000000 36.50000000 47.00000000
v 51.00000000 36.50000000 67.00000000
v 51.00000000 36.50000000 68.00000000
v 50.50000000 37.00000000 68.00000000
v 51.00000000 36.50000000 69.00000000
v 50.50000000 37.00000000 69.00000000
v 51.00000000 37.00000000 69.50000000
v 50.50000000 38.00000000 47.00000000
v 51.00000000 38.00000000 46.50000000
v 50.50000000 38.00000000 69.00000000
v 51.00000000 37.50000000 70.00000000
v 50.50000000 38.00000000 70.00000000
v 51.00000000 38.00000000 70.50000000
v 51.00000000 38.50000000 47.00000000
v 51.00000000 39.00000000 47.50000000
v 51.00000000 38.50000000 71.00000000
v 50.50000000 39.00000000 71.00000000
v 51.00000000 39.00000000 71.50000000
v 51.00000000 40.00000000 47.50000000
v 50.50000000 40.00000000 71.00000000
v 51.00000000 39.50000000 72.00000000
v 50.50000000 40.00000000 72.00000000
v 51.00000000 40.00000000 72.50000000
v 50.50000000 40.00000000 77.00000000
v 50.50000000 40.00000000 78.00000000
v 50.50000000 40.00000000 79.00000000
v 50.50000000 40.00000000 80.00000000
v 50.50000000 40.00000000 81.00000000
v 51.00000000 41.00000000 47.50000000
v 50.50000000 41.00000000 72.00000000
v 51.00000000 40.50000000 73.00000000
v 50.50000000 41.00000000 73.00000000
v 51.00000000 40.50000000 74.00000000
v 51.00000000 40.50000000 75.00000000
v 51.00000000 40.50000000 76.00000000
v 51.00000000 40.50000000 77.00000000
v 51.00000000 41.00000000 77.50000000
v 50.50000000 41.00000000 78.00000000
v 51.00000000 41.00000000 78.50000000
v 51.00000000 40.50000000 79.00000000
v 51.00000000 41.00000000 79.50000000
v 50.50000000 41.00000000 80.00000000
v 50.50000000 41.00000000 81.00000000
v 51.00000000 41.50000000 48.00000000
v 51.00000000 42.00000000 48.50000000
v 50.50000000 42.00000000 78.00000000
v 51.00000000 42.00000000 77.50000000
v 51.00000000 41.50000000 79.00000000
v 50.50000000 42.00000000 79.00000000
v 50.50000000 42.00000000 80.00000000
v 50.50000000 43.00000000 49.00000000
v 51.00000000 43.00000000 48.50000000
v 50.50000000 43.00000000 76.00000000
v 51.00000000 42.50000000 76.00000000
v 51.00000000 43.00000000 75.50000000
v 51.00000000 42.50000000 77.00000000
v 51.00000000 43.50000000 49.00000000
v 50.50000000 44.00000000 50.00000000
v 51.00000000 44.00000000 49.50000000
v 51.00000000 44.00000000 75.50000000
v 51.00000000 44.50000000 50.00000000
v 50.50000000 45.00000000 51.00000000
v 51.00000000 45.00000000 50.50000000
v 50.50000000 45.00000000 75.00000000
v 51.00000000 44.50000000 75.00000000
v 51.00000000 45.00000000 74.50000000
v 50.50000000 45.00000000 76.00000000
v 50.50000000 46.00000000 51.00000000
v 51.00000000 46.00000000 50.50000000
v 51.00000000 45.50000000 65.00000000
v 51.00000000 46.00000000 64.50000000
v 51.00000000 45.50000000 66.00000000
v 51.00000000 45.50000000 67.00000000
v 51.00000000 46.00000000 67.50000000
v 50.50000000 46.00000000 75.00000000
v 51.00000000 46.00000000 74.50000000
v 50.50000000 47.00000000 50.00000000
v 51.00000000 47.00000000 49.50000000
v 51.00000000 46.50000000 50.00000000
v 50.50000000 47.00000000 51.00000000
v 50.50000000 47.00000000 52.00000000
v 50.50000000 47.00000000 53.00000000
v 50.50000000 47.00000000 60.00000000
v 50.50000000 47.00000000 61.00000000
v 51.00000000 47.00000000 61.50000000
v 51.00000000 46.50000000 62.00000000
v 51.00000000 46.50000000 63.00000000
v 51.00000000 46.50000000 64.00000000
v 51.00000000 46.50000000 68.00000000
v 51.00000000 47.00000000 68.50000000
v 50.50000000 47.00000000 75.00000000
v 51.00000000 47.00000000 74.50000000
v 50.50000000 47.00000000 76.00000000
v 51.00000000 47.50000000 50.00000000
v 51.00000000 47.50000000 51.00000000
v 51.00000000 47.50000000 52.00000000
v 50.50000000 48.00000000 53.00000000
v 51.00000000 48.00000000 52.50000000
v 50.50000000 48.00000000 54.00000000
v 51.00000000 48.00000000 54.50000000
v 51.00000000 47.50000000 55.00000000
v 50.50000000 48.00000000 56.00000000
v 51.00000000 48.00000000 55.50000000
v 50.50000000 48.00000000 57.00000000
v 51.00000000 48.00000000 57.50000000
v 51.00000000 47.50000000 58.00000000
v 51.00000000 47.50000000 59.00000000
v 51.00000000 47.50000000 60.00000000
v 51.00000000 47.50000000 61.00000000
v 51.00000000 47.50000000 69.00000000
v 50.50000000 48.00000000 70.00000000
v 51.00000000 47.50000000 70.00000000
v 51.00000000 48.00000000 70.50000000
v 50.50000000 48.00000000 72.00000000
v 51.00000000 47.50000000 72.00000000
v 51.00000000 48.00000000 71.50000000
v 50.50000000 48.00000000 73.00000000
v 51.00000000 47.50000000 73.00000000
v 50.50000000 48.00000000 74.00000000
v 51.00000000 47.50000000 74.00000000
v 50.50000000 48.00000000 75.00000000
v 50.50000000 48.00000000 76.00000000
v 51.00000000 48.50000000 53.00000000
v 51.00000000 48.50000000 54.00000000
v 51.00000000 48.50000000 56.00000000
v 51.00000000 48.50000000 57.00000000
v 50.50000000 49.00000000 70.00000000
v 51.00000000 48.50000000 71.00000000
v 50.50000000 49.00000000 71.00000000
v 50.50000000 49.00000000 72.00000000
v 50.50000000 49.00000000 73.00000000
v 50.50000000 49.00000000 74.00000000
v 50.50000000 51.00000000 73.00000000
v 50.50000000 51.00000000 74.00000000
v 50.50000000 52.00000000 72.00000000
v 50.50000000 52.00000000 73.00000000
v 50.50000000 52.00000000 74.00000000
v 50.50000000 52.00000000 75.00000000
v 50.50000000 52.00000000 76.00000000
v 50.50000000 53.00000000 71.00000000
v 50.50000000 53.00000000 72.00000000
v 50.50000000 53.00000000 73.00000000
v 50.50000000 53.00000000 74.00000000
v 50.50000000 53.00000000 75.00000000
v 50.50000000 53.00000000 76.00000000
v 50.50000000 53.00000000 77.00000000
v 51.00000000 54.00000000 69.50000000
v 51.00000000 53.50000000 70.00000000
v 51.00000000 53.50000000 71.00000000
v 51.00000000 53.50000000 72.00000000
v 51.00000000 53.50000000 73.00000000
v 51.00000000 53.50000000 74.00000000
v 51.00000000 53.50000000 75.00000000
v 51.00000000 53.50000000 76.00000000
v 51.00000000 53.50000000 77.00000000
v 51.00000000 53.50000000 78.00000000
v 50.50000000 54.00000000 79.00000000
v 51.00000000 54.00000000 78.50000000
v 50.50000000 54.00000000 80.00000000
v 50.50000000 55.00000000 69.00000000
v 51.00000000 55.00000000 68.50000000
v 51.00000000 54.50000000 69.00000000
v 51.00000000 54.50000000 79.00000000
v 51.00000000 55.00000000 79.50000000
v 50.50000000 55.00000000 80.00000000
v 50.50000000 55.00000000 81.00000000
v 50.50000000 56.00000000 68.00000000
v 51.00000000 56.00000000 67.50000000
v 51.00000000 55.50000000 68.00000000
v 50.50000000 56.00000000 69.00000000
v 51.00000000 55.50000000 80.00000000
v 51.00000000 56.00000000 80.50000000
v 50.50000000 56.00000000 81.00000000
v 50.50000000 56.00000000 82.00000000
v 51.00000000 56.50000000 68.00000000
v 50.50000000 57.00000000 69.00000000
v 51.00000000 57.00000000 68.50000000
v 50.50000000 57.00000000 77.00000000
v 51.00000000 56.50000000 77.00000000
v 51.00000000 57.00000000 76.50000000
v 50.50000000 57.00000000 78.00000000
v 51.00000000 56.50000000 78.00000000
v 50.50000000 57.00000000 79.00000000
v 51.00000000 56.50000000 79.00000000
v 50.50000000 57.00000000 80.00000000
v 51.00000000 56.50000000 80.00000000
v 50.50000000 57.00000000 81.00000000
v 50.50000000 57.00000000 82.00000000
v 51.00000000 57.50000000 69.00000000
v 51.00000000 57.50000000 70.00000000
v 51.00000000 57.50000000 71.00000000
v 51.00000000 57.50000000 72.00000000
v 51.00000000 57.50000000 73.00000000
v 51.00000000 57.50000000 74.00000000
v 51.00000000 57.50000000 75.00000000
v 51.00000000 57.50000000 76.00000000
v 51.50000000 33.00000000 50.00000000
v 52.00000000 33.00000000 49.50000000
v 52.00000000 32.50000000 50.00000000
v 52.00000000 32.50000000 51.00000000
v 51.50000000 33.00000000 51.00000000
v 52.00000000 33.00000000 51.50000000
v 52.00000000 34.00000000 48.50000000
v 52.00000000 33.50000000 49.00000000
v 52.00000000 33.50000000 52.00000000
v 52.00000000 33.50000000 53.00000000
v 52.00000000 34.00000000 53.50000000
v 52.00000000 35.00000000 47.50000000
v 52.00000000 34.50000000 48.00000000
v 52.00000000 34.50000000 54.00000000
v 52.00000000 34.50000000 55.00000000
v 52.00000000 34.50000000 56.00000000
v 52.00000000 34.50000000 57.00000000
v 52.00000000 34.50000000 58.00000000
v 52.00000000 34.50000000 59.00000000
v 52.00000000 34.50000000 60.00000000
v 52.00000000 34.50000000 61.00000000
v 52.00000000 34.50000000 62.00000000
v 51.50000000 35.00000000 62.00000000
v 52.00000000 34.50000000 63.00000000
v 51.50000000 35.00000000 63.00000000
v 52.00000000 34.50000000 64.00000000
v 51.50000000 35.00000000 64.00000000
v 52.00000000 34.50000000 65.00000000
v 51.50000000 35.00000000 65.00000000
v 52.00000000 34.50000000 66.00000000
v 51.50000000 35.00000000 66.00000000
v 52.00000000 35.00000000 66.50000000
v 51.50000000 36.00000000 47.00000000
v 52.00000000 36.00000000 46.50000000
v 52.00000000 35.50000000 47.00000000
v 52.00000000 35.50000000 67.00000000
v 51.50000000 36.00000000 67.00000000
v 52.00000000 35.50000000 68.00000000
v 51.50000000 36.00000000 68.00000000
v 52.00000000 35.50000000 69.00000000
v 51.50000000 36.00000000 69.00000000
v 52.00000000 36.00000000 69.50000000
v 52.00000000 37.00000000 46.50000000
v 52.00000000 36.50000000 70.00000000
v 51.50000000 37.00000000 70.00000000
v 52.00000000 36.50000000 71.00000000
v 51.50000000 37.00000000 71.00000000
v 52.00000000 37.00000000 71.50000000
v 52.00000000 38.00000000 46.50000000
v 51.50000000 38.00000000 71.00000000
v 52.00000000 37.50000000 72.00000000
v 51.50000000 38.00000000 72.00000000
v 52.00000000 38.00000000 72.50000000
v 51.50000000 39.00000000 47.00000000
v 52.00000000 39.00000000 46.50000000
v 51.50000000 39.00000000 72.00000000
v 52.00000000 38.50000000 73.00000000
v 51.50000000 39.00000000 73.00000000
v 52.00000000 39.00000000 73.50000000
v 52.00000000 39.50000000 47.00000000
v 52.00000000 40.00000000 47.50000000
v 51.50000000 40.00000000 73.00000000
v 52.00000000 40.00000000 73.50000000
v 52.00000000 41.00000000 47.50000000
v 52.00000000 40.50000000 74.00000000
v 52.00000000 40.50000000 75.00000000
v 51.50000000 41.00000000 76.00000000
v 52.00000000 41.00000000 75.50000000
v 51.50000000 41.00000000 77.00000000
v 51.50000000 41.00000000 79.00000000
v 52.00000000 41.50000000 48.00000000
v 52.00000000 42.00000000 48.50000000
v 51.50000000 42.00000000 76.00000000
v 52.00000000 42.00000000 75.50000000
v 51.50000000 42.00000000 77.00000000
v 52.00000000 43.00000000 48.50000000
v 52.00000000 43.00000000 75.50000000
v 52.00000000 43.50000000 49.00000000
v 52.00000000 44.00000000 49.50000000
v 51.50000000 44.00000000 75.00000000
v 52.00000000 43.50000000 75.00000000
v 52.00000000 44.00000000 74.50000000
v 51.50000000 45.00000000 50.00000000
v 52.00000000 45.00000000 49.50000000
v 51.50000000 45.00000000 74.00000000
v 52.00000000 44.50000000 74.00000000
v 52.00000000 45.00000000 73.50000000
v 51.50000000 46.00000000 50.00000000
v 52.00000000 46.00000000 49.50000000
v 52.00000000 45.50000000 65.00000000
v 52.00000000 46.00000000 64.50000000
v 52.00000000 45.50000000 66.00000000
v 52.00000000 45.50000000 67.00000000
v 51.50000000 46.00000000 68.00000000
v 52.00000000 45.50000000 68.00000000
v 52.00000000 46.00000000 68.50000000
v 51.50000000 46.00000000 74.00000000
v 52.00000000 46.00000000 73.50000000
v 52.00000000 47.00000000 49.50000000
v 51.50000000 47.00000000 62.00000000
v 51.50000000 47.00000000 63.00000000
v 52.00000000 47.00000000 63.50000000
v 52.00000000 46.50000000 64.00000000
v 51.50000000 47.00000000 69.00000000
v 52.00000000 46.50000000 69.00000000
v 51.50000000 47.00000000 70.00000000
v 52.00000000 46.50000000 70.00000000
v 51.50000000 47.00000000 71.00000000
v 52.00000000 46.50000000 71.00000000
v 51.50000000 47.00000000 72.00000000
v 52.00000000 46.50000000 72.00000000
v 51.50000000 47.00000000 73.00000000
v 52.00000000 46.50000000 73.00000000
v 51.50000000 47.00000000 74.00000000
v 51.50000000 48.00000000 50.00000000
v 52.00000000 48.00000000 49.50000000
v 51.50000000 48.00000000 51.00000000
v 51.50000000 48.00000000 52.00000000
v 51.50000000 48.00000000 55.00000000
v 51.50000000 48.00000000 58.00000000
v 51.50000000 48.00000000 59.00000000
v 51.50000000 48.00000000 60.00000000
v 52.00000000 48.00000000 60.50000000
v 52.00000000 47.50000000 61.00000000
v 52.00000000 47.50000000 62.00000000
v 52.00000000 47.50000000 63.00000000
v 51.50000000 48.00000000 71.00000000
v 52.00000000 48.50000000 50.00000000
v 52.00000000 48.50000000 51.00000000
v 51.50000000 49.00000000 52.00000000
v 52.00000000 49.00000000 51.50000000
v 51.50000000 49.00000000 53.00000000
v 51.50000000 49.00000000 54.00000000
v 51.50000000 49.00000000 55.00000000
v 51.50000000 49.00000000 56.00000000
v 51.50000000 49.00000000 57.00000000
v 52.00000000 49.00000000 57.50000000
v 52.00000000 48.50000000 58.00000000
v 52.00000000 48.50000000 59.00000000
v 52.00000000 48.50000000 60.00000000
v 52.00000000 49.50000000 52.00000000
v 52.00000000 49.50000000 53.00000000
v 52.00000000 49.50000000 54.00000000
v 52.00000000 49.50000000 55.00000000
v 52.00000000 49.50000000 56.00000000
v 52.00000000 49.50000000 57.00000000
v 52.00000000 54.00000000 69.50000000
v 52.00000000 53.50000000 70.00000000
v 51.50000000 54.00000000 71.00000000
v 52.00000000 54.00000000 70.50000000
v 51.50000000 54.00000000 72.00000000
v 51.50000000 54.00000000 73.00000000
v 51.50000000 54.00000000 74.00000000
v 51.50000000 54.00000000 75.00000000
v 51.50000000 54.00000000 76.00000000
v 51.50000000 54.00000000 77.00000000
v 51.50000000 54.00000000 78.00000000
v 51.50000000 55.00000000 68.00000000
v 52.00000000 55.00000000 67.50000000
v 52.00000000 54.50000000 68.00000000
v 52.00000000 54.50000000 69.00000000
v 52.00000000 54.50000000 71.00000000
v 52.00000000 54.50000000 72.00000000
v 52.00000000 55.00000000 72.50000000
v 51.50000000 55.00000000 73.00000000
v 51.50000000 55.00000000 74.00000000
v 51.50000000 55.00000000 75.00000000
v 51.50000000 55.00000000 76.00000000
v 51.50000000 55.00000000 77.00000000
v 51.50000000 55.00000000 78.00000000
v 51.50000000 55.00000000 79.00000000
v 52.00000000 56.00000000 67.50000000
v 52.00000000 55.50000000 73.00000000
v 52.00000000 56.00000000 73.50000000
v 51.50000000 56.00000000 74.00000000
v 51.50000000 56.00000000 75.00000000
v 51.50000000 56.00000000 76.00000000
v 51.50000000 56.00000000 77.00000000
v 51.50000000 56.00000000 78.00000000
v 51.50000000 56.00000000 79.00000000
v 51.50000000 56.00000000 80.00000000
v 51.50000000 57.00000000 68.00000000
v 52.00000000 57.00000000 67.50000000
v 51.50000000 57.00000000 71.00000000
v 52.00000000 56.50000000 71.00000000
v 52.00000000 57.00000000 70.50000000
v 51.50000000 57.00000000 72.00000000
v 52.00000000 56.50000000 72.00000000
v 51.50000000 57.00000000 73.00000000
v 52.00000000 56.50000000 73.00000000
v 51.50000000 57.00000000 74.00000000
v 51.50000000 57.00000000 75.00000000
v 51.50000000 57.00000000 76.00000000
v 52.00000000 57.50000000 68.00000000
v 52.00000000 57.50000000 69.00000000
v 52.00000000 57.50000000 70.00000000
v 52.50000000 33.00000000 50.00000000
v 52.50000000 33.00000000 51.00000000
v 53.00000000 34.00000000 48.50000000
v 53.00000000 33.50000000 49.00000000
v 53.00000000 33.50000000 50.00000000
v 53.00000000 33.50000000 51.00000000
v 53.00000000 33.50000000 52.00000000
v 53.00000000 33.50000000 53.00000000
v 53.00000000 34.00000000 53.50000000
v 52.50000000 35.00000000 47.00000000
v 53.00000000 35.00000000 46.50000000
v 53.00000000 34.50000000 47.00000000
v 53.00000000 34.50000000 48.00000000
v 53.00000000 34.50000000 54.00000000
v 53.00000000 34.50000000 55.00000000
v 53.00000000 34.50000000 56.00000000
v 53.00000000 34.50000000 57.00000000
v 53.00000000 34.50000000 58.00000000
v 53.00000000 34.50000000 59.00000000
v 53.00000000 34.50000000 60.00000000
v 53.00000000 34.50000000 61.00000000
v 53.00000000 34.50000000 62.00000000
v 53.00000000 34.50000000 63.00000000
v 53.00000000 34.50000000 64.00000000
v 53.00000000 34.50000000 65.00000000
v 53.00000000 34.50000000 66.00000000
v 53.00000000 34.50000000 67.00000000
v 52.50000000 35.00000000 67.00000000
v 53.00000000 34.50000000 68.00000000
v 52.50000000 35.00000000 68.00000000
v 53.00000000 34.50000000 69.00000000
v 52.50000000 35.00000000 69.00000000
v 53.00000000 35.00000000 69.50000000
v 53.00000000 36.00000000 46.50000000
v 53.00000000 35.50000000 70.00000000
v 52.50000000 36.00000000 70.00000000
v 53.00000000 35.50000000 71.00000000
v 52.50000000 36.00000000 71.00000000
v 53.00000000 35.50000000 72.00000000
v 52.50000000 36.00000000 72.00000000
v 53.00000000 36.00000000 72.50000000
v 52.50000000 37.00000000 46.00000000
v 53.00000000 37.00000000 45.50000000
v 53.00000000 36.50000000 46.00000000
v 52.50000000 37.00000000 72.00000000
v 53.00000000 36.50000000 73.00000000
v 52.50000000 37.00000000 73.00000000
v 53.00000000 37.00000000 73.50000000
v 53.00000000 37.50000000 46.00000000
v 53.00000000 38.00000000 46.50000000
v 52.50000000 38.00000000 73.00000000
v 53.00000000 37.50000000 74.00000000
v 52.50000000 38.00000000 74.00000000
v 53.00000000 38.00000000 74.50000000
v 53.00000000 39.00000000 46.50000000
v 52.50000000 39.00000000 74.00000000
v 53.00000000 39.00000000 74.50000000
v 53.00000000 39.50000000 47.00000000
v 53.00000000 40.00000000 47.50000000
v 53.00000000 39.50000000 74.00000000
v 53.00000000 40.00000000 73.50000000
v 53.00000000 40.50000000 48.00000000
v 52.50000000 41.00000000 48.00000000
v 53.00000000 41.00000000 48.50000000
v 52.50000000 41.00000000 74.00000000
v 53.00000000 41.00000000 73.50000000
v 52.50000000 41.00000000 75.00000000
v 53.00000000 42.00000000 48.50000000
v 52.50000000 42.00000000 74.00000000
v 53.00000000 42.00000000 73.50000000
v 52.50000000 42.00000000 75.00000000
v 53.00000000 42.50000000 49.00000000
v 52.50000000 43.00000000 49.00000000
v 53.00000000 43.00000000 49.50000000
v 52.50000000 43.00000000 73.00000000
v 53.00000000 42.50000000 73.00000000
v 53.00000000 43.00000000 72.50000000
v 52.50000000 43.00000000 74.00000000
v 52.50000000 43.00000000 75.00000000
v 53.00000000 44.00000000 49.50000000
v 52.50000000 44.00000000 73.00000000
v 53.00000000 44.00000000 72.50000000
v 52.50000000 44.00000000 74.00000000
v 53.00000000 45.00000000 49.50000000
v 52.50000000 45.00000000 72.00000000
v 53.00000000 44.50000000 72.00000000
v 53.00000000 45.00000000 71.50000000
v 52.50000000 45.00000000 73.00000000
v 53.00000000 46.00000000 49.50000000
v 52.50000000 46.00000000 65.00000000
v 53.00000000 46.00000000 65.50000000
v 53.00000000 45.50000000 66.00000000
v 53.00000000 45.50000000 67.00000000
v 53.00000000 45.50000000 68.00000000
v 52.50000000 46.00000000 69.00000000
v 53.00000000 45.50000000 69.00000000
v 52.50000000 46.00000000 70.00000000
v 53.00000000 45.50000000 70.00000000
v 52.50000000 46.00000000 71.00000000
v 53.00000000 45.50000000 71.00000000
v 52.50000000 46.00000000 72.00000000
v 52.50000000 46.00000000 73.00000000
v 53.00000000 47.00000000 49.50000000
v 53.00000000 46.50000000 64.00000000
v 53.00000000 47.00000000 63.50000000
v 53.00000000 46.50000000 65.00000000
v 52.50000000 48.00000000 49.00000000
v 53.00000000 48.00000000 48.50000000
v 53.00000000 47.50000000 49.00000000
v 52.50000000 48.00000000 61.00000000
v 52.50000000 48.00000000 62.00000000
v 53.00000000 48.00000000 62.50000000
v 53.00000000 47.50000000 63.00000000
v 52.50000000 49.00000000 49.00000000
v 53.00000000 49.00000000 48.50000000
v 52.50000000 49.00000000 50.00000000
v 52.50000000 49.00000000 51.00000000
v 52.50000000 49.00000000 58.00000000
v 52.50000000 49.00000000 59.00000000
v 52.50000000 49.00000000 60.00000000
v 52.50000000 49.00000000 61.00000000
v 53.00000000 49.00000000 61.50000000
v 53.00000000 48.50000000 62.00000000
v 52.50000000 50.00000000 49.00000000
v 53.00000000 50.00000000 48.50000000
v 52.50000000 50.00000000 50.00000000
v 52.50000000 50.00000000 51.00000000
v 52.50000000 50.00000000 52.00000000
v 52.50000000 50.00000000 53.00000000
v 52.50000000 50.00000000 54.00000000
v 52.50000000 50.00000000 55.00000000
v 52.50000000 50.00000000 56.00000000
v 52.50000000 50.00000000 57.00000000
v 52.50000000 50.00000000 58.00000000
v 52.50000000 50.00000000 59.00000000
v 53.00000000 50.00000000 59.50000000
v 53.00000000 49.50000000 60.00000000
v 53.00000000 49.50000000 61.00000000
v 53.00000000 50.50000000 49.00000000
v 52.50000000 51.00000000 50.00000000
v 53.00000000 51.00000000 49.50000000
v 52.50000000 51.00000000 51.00000000
v 52.50000000 51.00000000 52.00000000
v 52.50000000 51.00000000 53.00000000
v 52.50000000 51.00000000 54.00000000
v 52.50000000 51.00000000 55.00000000
v 52.50000000 51.00000000 56.00000000
v 52.50000000 51.00000000 57.00000000
v 53.00000000 51.00000000 57.50000000
v 53.00000000 50.50000000 58.00000000
v 53.00000000 50.50000000 59.00000000
v 53.00000000 51.50000000 50.00000000
v 53.00000000 51.50000000 51.00000000
v 53.00000000 51.50000000 52.00000000
v 52.50000000 52.00000000 53.00000000
v 53.00000000 52.00000000 52.50000000
v 52.50000000 52.00000000 54.00000000
v 52.50000000 52.00000000 55.00000000
v 53.00000000 52.00000000 55.50000000
v 53.00000000 51.50000000 56.00000000
v 53.00000000 51.50000000 57.00000000
v 53.00000000 52.50000000 53.00000000
v 53.00000000 52.50000000 54.00000000
v 53.00000000 52.50000000 55.00000000
v 52.50000000 54.00000000 70.00000000
v 52.50000000 55.00000000 68.00000000
v 52.50000000 55.00000000 69.00000000
v 52.50000000 55.00000000 70.00000000
v 52.50000000 55.00000000 71.00000000
v 52.50000000 55.00000000 72.00000000
v 52.50000000 56.00000000 68.00000000
v 52.50000000 56.00000000 69.00000000
v 52.50000000 56.00000000 70.00000000
v 52.50000000 56.00000000 71.00000000
v 52.50000000 56.00000000 72.00000000
v 52.50000000 56.00000000 73.00000000
v 52.50000000 57.00000000 68.00000000
v 52.50000000 57.00000000 69.00000000
v 52.50000000 57.00000000 70.00000000
v 53.50000000 34.00000000 48.00000000
v 54.00000000 34.00000000 47.50000000
v 54.00000000 33.50000000 48.00000000
v 54.00000000 33.50000000 49.00000000
v 54.00000000 33.50000000 50.00000000
v 54.00000000 33.50000000 51.00000000
v 54.00000000 33.50000000 52.00000000
v 54.00000000 33.50000000 53.00000000
v 54.00000000 34.00000000 53.50000000
v 53.50000000 34.00000000 63.00000000
v 54.00000000 34.00000000 62.50000000
v 54.00000000 33.50000000 63.00000000
v 54.00000000 33.50000000 64.00000000
v 53.50000000 34.00000000 64.00000000
v 54.00000000 33.50000000 65.00000000
v 53.50000000 34.00000000 65.00000000
v 54.00000000 33.50000000 66.00000000
v 53.50000000 34.00000000 66.00000000
v 54.00000000 33.50000000 67.00000000
v 53.50000000 34.00000000 67.00000000
v 54.00000000 33.50000000 68.00000000
v 53.50000000 34.00000000 68.00000000
v 54.00000000 33.50000000 69.00000000
v 53.50000000 34.00000000 69.00000000
v 54.00000000 33.50000000 70.00000000
v 53.50000000 34.00000000 70.00000000
v 54.00000000 33.50000000 71.00000000
v 53.50000000 34.00000000 71.00000000
v 54.00000000 33.50000000 72.00000000
v 53.50000000 34.00000000 72.00000000
v 54.00000000 34.00000000 72.50000000
v 54.00000000 35.00000000 46.50000000
v 54.00000000 34.50000000 47.00000000
v 54.00000000 34.50000000 54.00000000
v 54.00000000 34.50000000 55.00000000
v 54.00000000 34.50000000 56.00000000
v 54.00000000 34.50000000 57.00000000
v 54.00000000 34.50000000 58.00000000
v 54.00000000 34.50000000 59.00000000
v 54.00000000 34.50000000 60.00000000
v 54.00000000 34.50000000 61.00000000
v 54.00000000 34.50000000 62.00000000
v 53.50000000 35.00000000 70.00000000
v 53.50000000 35.00000000 71.00000000
v 53.50000000 35.00000000 72.00000000
v 54.00000000 34.50000000 73.00000000
v 53.50000000 35.00000000 73.00000000
v 54.00000000 34.50000000 74.00000000
v 53.50000000 35.00000000 74.00000000
v 54.00000000 35.00000000 74.50000000
v 54.00000000 36.00000000 46.50000000
v 53.50000000 36.00000000 73.00000000
v 53.50000000 36.00000000 74.00000000
v 54.00000000 36.00000000 74.50000000
v 53.50000000 37.00000000 46.00000000
v 54.00000000 37.00000000 46.50000000
v 53.50000000 37.00000000 74.00000000
v 54.00000000 37.00000000 74.50000000
v 53.50000000 38.00000000 47.00000000
v 54.00000000 37.50000000 47.00000000
v 54.00000000 38.00000000 47.50000000
v 54.00000000 38.00000000 74.50000000
v 53.50000000 39.00000000 47.00000000
v 54.00000000 39.00000000 47.50000000
v 54.00000000 39.00000000 74.50000000
v 53.50000000 40.00000000 48.00000000
v 54.00000000 39.50000000 48.00000000
v 54.00000000 40.00000000 48.50000000
v 54.00000000 39.50000000 74.00000000
v 54.00000000 40.00000000 73.50000000
v 54.00000000 41.00000000 48.50000000
v 53.50000000 41.00000000 73.00000000
v 54.00000000 40.50000000 73.00000000
v 54.00000000 41.00000000 72.50000000
v 54.00000000 41.50000000 49.00000000
v 53.50000000 42.00000000 49.00000000
v 54.00000000 42.00000000 49.50000000
v 53.50000000 42.00000000 72.00000000
v 54.00000000 41.50000000 72.00000000
v 54.00000000 42.00000000 71.50000000
v 53.50000000 42.00000000 73.00000000
v 54.00000000 43.00000000 49.50000000
v 53.50000000 43.00000000 72.00000000
v 54.00000000 43.00000000 71.50000000
v 54.00000000 44.00000000 49.50000000
v 53.50000000 44.00000000 71.00000000
v 54.00000000 43.50000000 71.00000000
v 54.00000000 44.00000000 70.50000000
v 53.50000000 44.00000000 72.00000000
v 54.00000000 45.00000000 49.50000000
v 53.50000000 45.00000000 69.00000000
v 54.00000000 44.50000000 69.00000000
v 54.00000000 45.00000000 68.50000000
v 53.50000000 45.00000000 70.00000000
v 54.00000000 44.50000000 70.00000000
v 53.50000000 45.00000000 71.00000000
v 54.00000000 46.00000000 49.50000000
v 53.50000000 46.00000000 66.00000000
v 53.50000000 46.00000000 67.00000000
v 54.00000000 46.00000000 67.50000000
v 54.00000000 45.50000000 68.00000000
v 54.00000000 47.00000000 49.50000000
v 53.50000000 47.00000000 64.00000000
v 54.00000000 47.00000000 64.50000000
v 54.00000000 46.50000000 65.00000000
v 54.00000000 46.50000000 66.00000000
v 54.00000000 46.50000000 67.00000000
v 54.00000000 48.00000000 48.50000000
v 54.00000000 47.50000000 49.00000000
v 54.00000000 47.50000000 63.00000000
v 54.00000000 48.00000000 62.50000000
v 54.00000000 47.50000000 64.00000000
v 54.00000000 49.00000000 48.50000000
v 54.00000000 48.50000000 62.00000000
v 54.00000000 49.00000000 61.50000000
v 53.50000000 50.00000000 48.00000000
v 54.00000000 50.00000000 47.50000000
v 54.00000000 49.50000000 48.00000000
v 53.50000000 50.00000000 60.00000000
v 54.00000000 50.00000000 60.50000000
v 54.00000000 49.50000000 61.00000000
v 54.00000000 50.50000000 48.00000000
v 53.50000000 51.00000000 49.00000000
v 54.00000000 51.00000000 48.50000000
v 53.50000000 51.00000000 58.00000000
v 54.00000000 51.00000000 58.50000000
v 54.00000000 50.50000000 59.00000000
v 54.00000000 50.50000000 60.00000000
v 54.00000000 51.50000000 49.00000000
v 53.50000000 52.00000000 50.00000000
v 54.00000000 52.00000000 49.50000000
v 53.50000000 52.00000000 51.00000000
v 53.50000000 52.00000000 52.00000000
v 53.50000000 52.00000000 56.00000000
v 54.00000000 52.00000000 56.50000000
v 54.00000000 51.50000000 57.00000000
v 54.00000000 51.50000000 58.00000000
v 54.00000000 52.50000000 50.00000000
v 54.00000000 52.50000000 51.00000000
v 54.00000000 52.50000000 52.00000000
v 54.00000000 52.50000000 53.00000000
v 54.00000000 52.50000000 54.00000000
v 54.00000000 52.50000000 55.00000000
v 54.00000000 52.50000000 56.00000000
v 54.50000000 32.00000000 68.00000000
v 55.00000000 32.00000000 67.50000000
v 55.00000000 31.50000000 68.00000000
v 55.00000000 31.50000000 69.00000000
v 54.50000000 32.00000000 69.00000000
v 55.00000000 31.50000000 70.00000000
v 54.50000000 32.00000000 70.00000000
v 55.00000000 31.50000000 71.00000000
v 54.50000000 32.00000000 71.00000000
v 55.00000000 31.50000000 72.00000000
v 54.50000000 32.00000000 72.00000000
v 55.00000000 32.00000000 72.50000000
v 54.50000000 33.00000000 65.00000000
v 55.00000000 33.00000000 64.50000000
v 55.00000000 32.50000000 65.00000000
v 55.00000000 32.50000000 66.00000000
v 54.50000000 33.00000000 66.00000000
v 55.00000000 32.50000000 67.00000000
v 54.50000000 33.00000000 67.00000000
v 54.50000000 33.00000000 68.00000000
v 54.50000000 33.00000000 69.00000000
v 54.50000000 33.00000000 70.00000000
v 54.50000000 33.00000000 71.00000000
v 54.50000000 33.00000000 72.00000000
v 55.00000000 32.50000000 73.00000000
v 54.50000000 33.00000000 73.00000000
v 55.00000000 33.00000000 73.50000000
v 54.50000000 34.00000000 48.00000000
v 54.50000000 34.00000000 49.00000000
v 54.50000000 34.00000000 50.00000000
v 55.00000000 34.00000000 50.50000000
v 55.00000000 33.50000000 51.00000000
v 55.00000000 33.50000000 52.00000000
v 54.50000000 34.00000000 53.00000000
v 55.00000000 34.00000000 52.50000000
v 54.50000000 34.00000000 62.00000000
v 55.00000000 34.00000000 61.50000000
v 55.00000000 33.50000000 62.00000000
v 55.00000000 33.50000000 63.00000000
v 55.00000000 33.50000000 64.00000000
v 54.50000000 34.00000000 73.00000000
v 55.00000000 33.50000000 74.00000000
v 54.50000000 34.00000000 74.00000000
v 55.00000000 34.00000000 74.50000000
v 54.50000000 35.00000000 47.00000000
v 55.00000000 35.00000000 47.50000000
v 55.00000000 34.50000000 48.00000000
v 55.00000000 34.50000000 49.00000000
v 55.00000000 34.50000000 50.00000000
v 55.00000000 34.50000000 53.00000000
v 55.00000000 34.50000000 54.00000000
v 55.00000000 34.50000000 55.00000000
v 55.00000000 34.50000000 56.00000000
v 55.00000000 34.50000000 57.00000000
v 55.00000000 34.50000000 58.00000000
v 55.00000000 34.50000000 59.00000000
v 55.00000000 34.50000000 60.00000000
v 55.00000000 34.50000000 61.00000000
v 55.00000000 35.00000000 74.50000000
v 54.50000000 36.00000000 47.00000000
v 55.00000000 36.00000000 47.50000000
v 55.00000000 35.50000000 75.00000000
v 54.50000000 36.00000000 75.00000000
v 55.00000000 36.00000000 75.50000000
v 54.50000000 37.00000000 47.00000000
v 55.00000000 37.00000000 47.50000000
v 55.00000000 36.50000000 75.00000000
v 55.00000000 37.00000000 74.50000000
v 55.00000000 38.00000000 47.50000000
v 55.00000000 38.00000000 74.50000000
v 55.00000000 39.00000000 47.50000000
v 54.50000000 39.00000000 74.00000000
v 55.00000000 38.50000000 74.00000000
v 55.00000000 39.00000000 73.50000000
v 55.00000000 39.50000000 48.00000000
v 55.00000000 40.00000000 48.50000000
v 54.50000000 40.00000000 73.00000000
v 55.00000000 39.50000000 73.00000000
v 55.00000000 40.00000000 72.50000000
v 55.00000000 40.50000000 49.00000000
v 54.50000000 41.00000000 49.00000000
v 55.00000000 41.00000000 49.50000000
v 54.50000000 41.00000000 72.00000000
v 55.00000000 40.50000000 72.00000000
v 55.00000000 41.00000000 71.50000000
v 54.50000000 42.00000000 50.00000000
v 55.00000000 41.50000000 50.00000000
v 55.00000000 42.00000000 50.50000000
v 54.50000000 42.00000000 71.00000000
v 55.00000000 41.50000000 71.00000000
v 55.00000000 42.00000000 70.50000000
v 54.50000000 43.00000000 50.00000000
v 55.00000000 43.00000000 50.50000000
v 54.50000000 43.00000000 71.00000000
v 55.00000000 43.00000000 70.50000000
v 54.50000000 44.00000000 50.00000000
v 55.00000000 44.00000000 50.50000000
v 54.50000000 44.00000000 70.00000000
v 55.00000000 43.50000000 70.00000000
v 55.00000000 44.00000000 69.50000000
v 54.50000000 45.00000000 50.00000000
v 55.00000000 45.00000000 50.50000000
v 55.00000000 44.50000000 69.00000000
v 55.00000000 45.00000000 68.50000000
v 55.00000000 46.00000000 49.50000000
v 55.00000000 45.50000000 50.00000000
v 55.00000000 45.50000000 68.00000000
v 55.00000000 46.00000000 67.50000000
v 55.00000000 47.00000000 49.50000000
v 54.50000000 47.00000000 65.00000000
v 54.50000000 47.00000000 66.00000000
v 55.00000000 47.00000000 66.50000000
v 55.00000000 46.50000000 67.00000000
v 54.50000000 48.00000000 49.00000000
v 55.00000000 48.00000000 49.50000000
v 54.50000000 48.00000000 63.00000000
v 55.00000000 48.00000000 63.50000000
v 55.00000000 47.50000000 64.00000000
v 55.00000000 47.50000000 65.00000000
v 55.00000000 47.50000000 66.00000000
v 54.50000000 49.00000000 49.00000000
v 55.00000000 49.00000000 49.50000000
v 55.00000000 48.50000000 62.00000000
v 55.00000000 49.00000000 61.50000000
v 55.00000000 48.50000000 63.00000000
v 54.50000000 50.00000000 48.00000000
v 55.00000000 50.00000000 48.50000000
v 55.00000000 49.50000000 49.00000000
v 54.50000000 50.00000000 60.00000000
v 55.00000000 49.50000000 60.00000000
v 55.00000000 50.00000000 59.50000000
v 55.00000000 49.50000000 61.00000000
v 54.50000000 51.00000000 49.00000000
v 55.00000000 50.50000000 49.00000000
v 55.00000000 51.00000000 49.50000000
v 55.00000000 50.50000000 59.00000000
v 55.00000000 51.00000000 58.50000000
v 54.50000000 52.00000000 50.00000000
v 55.00000000 51.50000000 50.00000000
v 54.50000000 52.00000000 51.00000000
v 55.00000000 51.50000000 51.00000000
v 54.50000000 52.00000000 52.00000000
v 55.00000000 51.50000000 52.00000000
v 54.50000000 52.00000000 53.00000000
v 55.00000000 51.50000000 53.00000000
v 55.00000000 52.00000000 53.50000000
v 55.00000000 51.50000000 57.00000000
v 55.00000000 52.00000000 56.50000000
v 55.00000000 51.50000000 58.00000000
v 55.00000000 52.50000000 54.00000000
v 55.00000000 52.50000000 55.00000000
v 55.00000000 52.50000000 56.00000000
v 55.50000000 31.00000000 69.00000000
v 56.00000000 31.00000000 68.50000000
v 56.00000000 30.50000000 69.00000000
v 56.00000000 30.50000000 70.00000000
v 55.50000000 31.00000000 70.00000000
v 56.00000000 30.50000000 71.00000000
v 55.50000000 31.00000000 71.00000000
v 56.00000000 31.00000000 71.50000000
v 55.50000000 32.00000000 67.00000000
v 56.00000000 32.00000000 66.50000000
v 56.00000000 31.50000000 67.00000000
v 56.00000000 31.50000000 68.00000000
v 56.00000000 31.50000000 72.00000000
v 56.00000000 32.00000000 72.50000000
v 56.00000000 33.00000000 64.50000000
v 56.00000000 32.50000000 65.00000000
v 56.00000000 32.50000000 66.00000000
v 56.00000000 32.50000000 73.00000000
v 56.00000000 33.00000000 73.50000000
v 55.50000000 34.00000000 51.00000000
v 55.50000000 34.00000000 52.00000000
v 55.50000000 34.00000000 62.00000000
v 56.00000000 34.00000000 62.50000000
v 56.00000000 33.50000000 63.00000000
v 56.00000000 33.50000000 64.00000000
v 56.00000000 33.50000000 74.00000000
v 56.00000000 34.00000000 74.50000000
v 55.50000000 35.00000000 48.00000000
v 55.50000000 35.00000000 49.00000000
v 55.50000000 35.00000000 50.00000000
v 55.50000000 35.00000000 51.00000000
v 55.50000000 35.00000000 52.00000000
v 55.50000000 35.00000000 53.00000000
v 55.50000000 35.00000000 54.00000000
v 55.50000000 35.00000000 55.00000000
v 55.50000000 35.00000000 56.00000000
v 56.00000000 35.00000000 56.50000000
v 56.00000000 34.50000000 57.00000000
v 56.00000000 34.50000000 58.00000000
v 56.00000000 34.50000000 59.00000000
v 56.00000000 34.50000000 60.00000000
v 56.00000000 34.50000000 61.00000000
v 56.00000000 34.50000000 62.00000000
v 56.00000000 34.50000000 75.00000000
v 55.50000000 35.00000000 75.00000000
v 56.00000000 35.00000000 75.50000000
v 55.50000000 36.00000000 48.00000000
v 55.50000000 36.00000000 49.00000000
v 55.50000000 36.00000000 50.00000000
v 55.50000000 36.00000000 51.00000000
v 55.50000000 36.00000000 52.00000000
v 56.00000000 36.00000000 52.50000000
v 56.00000000 35.50000000 53.00000000
v 56.00000000 35.50000000 54.00000000
v 56.00000000 35.50000000 55.00000000
v 56.00000000 35.50000000 56.00000000
v 56.00000000 36.00000000 75.50000000
v 55.50000000 37.00000000 48.00000000
v 55.50000000 37.00000000 49.00000000
v 56.00000000 37.00000000 49.50000000
v 56.00000000 36.50000000 50.00000000
v 56.00000000 36.50000000 51.00000000
v 56.00000000 36.50000000 52.00000000
v 56.00000000 36.50000000 75.00000000
v 56.00000000 37.00000000 74.50000000
v 55.50000000 38.00000000 48.00000000
v 56.00000000 38.00000000 48.50000000
v 56.00000000 37.50000000 49.00000000
v 56.00000000 38.00000000 74.50000000
v 55.50000000 39.00000000 48.00000000
v 56.00000000 39.00000000 48.50000000
v 56.00000000 38.50000000 74.00000000
v 56.00000000 39.00000000 73.50000000
v 56.00000000 40.00000000 48.50000000
v 56.00000000 39.50000000 73.00000000
v 56.00000000 40.00000000 72.50000000
v 56.00000000 40.50000000 49.00000000
v 55.50000000 41.00000000 50.00000000
v 56.00000000 40.50000000 50.00000000
v 55.50000000 41.00000000 51.00000000
v 56.00000000 40.50000000 51.00000000
v 56.00000000 41.00000000 51.50000000
v 56.00000000 40.50000000 72.00000000
v 56.00000000 41.00000000 71.50000000
v 55.50000000 42.00000000 51.00000000
v 56.00000000 41.50000000 52.00000000
v 55.50000000 42.00000000 52.00000000
v 56.00000000 42.00000000 52.50000000
v 56.00000000 41.50000000 71.00000000
v 56.00000000 42.00000000 70.50000000
v 55.50000000 43.00000000 51.00000000
v 56.00000000 43.00000000 51.50000000
v 56.00000000 42.50000000 52.00000000
v 55.50000000 43.00000000 70.00000000
v 56.00000000 42.50000000 70.00000000
v 56.00000000 43.00000000 69.50000000
v 55.50000000 44.00000000 51.00000000
v 56.00000000 44.00000000 51.50000000
v 55.50000000 44.00000000 69.00000000
v 56.00000000 43.50000000 69.00000000
v 56.00000000 44.00000000 68.50000000
v 55.50000000 45.00000000 51.00000000
v 56.00000000 45.00000000 51.50000000
v 55.50000000 45.00000000 68.00000000
v 56.00000000 44.50000000 68.00000000
v 56.00000000 45.00000000 67.50000000
v 55.50000000 46.00000000 50.00000000
v 56.00000000 46.00000000 50.50000000
v 56.00000000 45.50000000 51.00000000
v 56.00000000 46.00000000 67.50000000
v 55.50000000 47.00000000 50.00000000
v 56.00000000 47.00000000 50.50000000
v 56.00000000 46.50000000 67.00000000
v 56.00000000 47.00000000 66.50000000
v 55.50000000 48.00000000 50.00000000
v 56.00000000 48.00000000 50.50000000
v 55.50000000 48.00000000 64.00000000
v 55.50000000 48.00000000 65.00000000
v 56.00000000 48.00000000 65.50000000
v 56.00000000 47.50000000 66.00000000
v 56.00000000 49.00000000 49.50000000
v 56.00000000 48.50000000 50.00000000
v 55.50000000 49.00000000 61.00000000
v 56.00000000 48.50000000 61.00000000
v 56.00000000 49.00000000 60.50000000
v 56.00000000 48.50000000 62.00000000
v 56.00000000 48.50000000 63.00000000
v 56.00000000 48.50000000 64.00000000
v 56.00000000 48.50000000 65.00000000
v 55.50000000 50.00000000 49.00000000
v 56.00000000 49.50000000 50.00000000
v 55.50000000 50.00000000 50.00000000
v 56.00000000 50.00000000 50.50000000
v 55.50000000 50.00000000 59.00000000
v 56.00000000 49.50000000 59.00000000
v 56.00000000 50.00000000 58.50000000
v 56.00000000 49.50000000 60.00000000
v 55.50000000 51.00000000 50.00000000
v 56.00000000 50.50000000 51.00000000
v 55.50000000 51.00000000 51.00000000
v 56.00000000 51.00000000 51.50000000
v 55.50000000 51.00000000 58.00000000
v 56.00000000 50.50000000 58.00000000
v 56.00000000 51.00000000 57.50000000
v 56.00000000 51.50000000 52.00000000
v 56.00000000 51.50000000 53.00000000
v 55.50000000 52.00000000 54.00000000
v 56.00000000 51.50000000 54.00000000
v 55.50000000 52.00000000 55.00000000
v 56.00000000 51.50000000 55.00000000
v 55.50000000 52.00000000 56.00000000
v 56.00000000 51.50000000 56.00000000
v 56.00000000 51.50000000 57.00000000
v 56.50000000 31.00000000 69.00000000
v 56.50000000 31.00000000 70.00000000
v 56.50000000 31.00000000 71.00000000
v 57.00000000 32.00000000 66.50000000
v 57.00000000 31.50000000 67.00000000
v 57.00000000 31.50000000 68.00000000
v 57.00000000 31.50000000 69.00000000
v 57.00000000 31.50000000 70.00000000
v 57.00000000 31.50000000 71.00000000
v 56.50000000 32.00000000 72.00000000
v 57.00000000 32.00000000 71.50000000
v 57.00000000 33.00000000 64.50000000
v 57.00000000 32.50000000 65.00000000
v 57.00000000 32.50000000 66.00000000
v 57.00000000 32.50000000 72.00000000
v 56.50000000 33.00000000 73.00000000
v 57.00000000 33.00000000 72.50000000
v 56.50000000 34.00000000 63.00000000
v 57.00000000 34.00000000 63.50000000
v 57.00000000 33.50000000 64.00000000
v 57.00000000 33.50000000 73.00000000
v 56.50000000 34.00000000 74.00000000
v 57.00000000 34.00000000 73.50000000
v 56.50000000 35.00000000 57.00000000
v 56.50000000 35.00000000 58.00000000
v 56.50000000 35.00000000 59.00000000
v 56.50000000 35.00000000 60.00000000
v 56.50000000 35.00000000 61.00000000
v 56.50000000 35.00000000 62.00000000
v 57.00000000 35.00000000 62.50000000
v 57.00000000 34.50000000 63.00000000
v 57.00000000 34.50000000 74.00000000
v 56.50000000 35.00000000 75.00000000
v 57.00000000 35.00000000 74.50000000
v 56.50000000 36.00000000 53.00000000
v 56.50000000 36.00000000 54.00000000
v 56.50000000 36.00000000 55.00000000
v 56.50000000 36.00000000 56.00000000
v 56.50000000 36.00000000 57.00000000
v 56.50000000 36.00000000 58.00000000
v 56.50000000 36.00000000 59.00000000
v 56.50000000 36.00000000 60.00000000
v 56.50000000 36.00000000 61.00000000
v 57.00000000 36.00000000 61.50000000
v 57.00000000 35.50000000 62.00000000
v 56.50000000 36.00000000 75.00000000
v 57.00000000 36.00000000 74.50000000
v 56.50000000 37.00000000 50.00000000
v 56.50000000 37.00000000 51.00000000
v 56.50000000 37.00000000 52.00000000
v 56.50000000 37.00000000 53.00000000
v 56.50000000 37.00000000 54.00000000
v 56.50000000 37.00000000 55.00000000
v 56.50000000 37.00000000 56.00000000
v 56.50000000 37.00000000 57.00000000
v 57.00000000 37.00000000 57.50000000
v 57.00000000 36.50000000 58.00000000
v 57.00000000 37.00000000 58.50000000
v 56.50000000 37.00000000 59.00000000
v 56.50000000 37.00000000 60.00000000
v 56.50000000 37.00000000 61.00000000
v 57.00000000 37.00000000 61.50000000
v 57.00000000 37.00000000 74.50000000
v 56.50000000 38.00000000 49.00000000
v 56.50000000 38.00000000 50.00000000
v 56.50000000 38.00000000 51.00000000
v 56.50000000 38.00000000 52.00000000
v 56.50000000 38.00000000 53.00000000
v 56.50000000 38.00000000 54.00000000
v 56.50000000 38.00000000 55.00000000
v 57.00000000 38.00000000 55.50000000
v 57.00000000 37.50000000 56.00000000
v 57.00000000 37.50000000 57.00000000
v 57.00000000 37.50000000 59.00000000
v 57.00000000 37.50000000 60.00000000
v 57.00000000 37.50000000 61.00000000
v 56.50000000 38.00000000 74.00000000
v 57.00000000 37.50000000 74.00000000
v 57.00000000 38.00000000 73.50000000
v 56.50000000 39.00000000 49.00000000
v 56.50000000 39.00000000 50.00000000
v 56.50000000 39.00000000 51.00000000
v 56.50000000 39.00000000 52.00000000
v 56.50000000 39.00000000 53.00000000
v 56.50000000 39.00000000 54.00000000
v 57.00000000 39.00000000 54.50000000
v 57.00000000 38.50000000 55.00000000
v 56.50000000 39.00000000 73.00000000
v 57.00000000 38.50000000 73.00000000
v 57.00000000 39.00000000 72.50000000
v 56.50000000 40.00000000 49.00000000
v 56.50000000 40.00000000 50.00000000
v 56.50000000 40.00000000 51.00000000
v 56.50000000 40.00000000 52.00000000
v 56.50000000 40.00000000 53.00000000
v 56.50000000 40.00000000 54.00000000
v 57.00000000 40.00000000 54.50000000
v 56.50000000 40.00000000 72.00000000
v 57.00000000 39.50000000 72.00000000
v 57.00000000 40.00000000 71.50000000
v 56.50000000 41.00000000 52.00000000
v 56.50000000 41.00000000 53.00000000
v 57.00000000 41.00000000 53.50000000
v 57.00000000 40.50000000 54.00000000
v 56.50000000 41.00000000 71.00000000
v 57.00000000 40.50000000 71.00000000
v 57.00000000 41.00000000 70.50000000
v 56.50000000 42.00000000 53.00000000
v 57.00000000 42.00000000 53.50000000
v 56.50000000 42.00000000 70.00000000
v 57.00000000 41.50000000 70.00000000
v 57.00000000 42.00000000 69.50000000
v 56.50000000 43.00000000 52.00000000
v 57.00000000 43.00000000 52.50000000
v 57.00000000 42.50000000 53.00000000
v 56.50000000 43.00000000 69.00000000
v 57.00000000 42.50000000 69.00000000
v 57.00000000 43.00000000 68.50000000
v 56.50000000 44.00000000 52.00000000
v 57.00000000 44.00000000 52.50000000
v 56.50000000 44.00000000 68.00000000
v 57.00000000 43.50000000 68.00000000
v 57.00000000 44.00000000 67.50000000
v 57.00000000 45.00000000 51.50000000
v 57.00000000 44.50000000 52.00000000
v 56.50000000 45.00000000 67.00000000
v 57.00000000 44.50000000 67.00000000
v 57.00000000 45.00000000 66.50000000
v 56.50000000 46.00000000 51.00000000
v 57.00000000 46.00000000 51.50000000
v 56.50000000 46.00000000 67.00000000
v 57.00000000 46.00000000 66.50000000
v 56.50000000 47.00000000 51.00000000
v 57.00000000 47.00000000 51.50000000
v 56.50000000 47.00000000 66.00000000
v 57.00000000 46.50000000 66.00000000
v 57.00000000 47.00000000 65.50000000
v 56.50000000 48.00000000 51.00000000
v 57.00000000 48.00000000 51.50000000
v 56.50000000 48.00000000 65.00000000
v 57.00000000 47.50000000 65.00000000
v 57.00000000 48.00000000 64.50000000
v 56.50000000 49.00000000 50.00000000
v 56.50000000 49.00000000 51.00000000
v 57.00000000 49.00000000 51.50000000
v 56.50000000 49.00000000 61.00000000
v 57.00000000 49.00000000 61.50000000
v 57.00000000 48.50000000 62.00000000
v 57.00000000 48.50000000 63.00000000
v 57.00000000 48.50000000 64.00000000
v 56.50000000 50.00000000 51.00000000
v 57.00000000 49.50000000 52.00000000
v 56.50000000 50.00000000 52.00000000
v 56.50000000 50.00000000 53.00000000
v 57.00000000 49.50000000 53.00000000
v 57.00000000 50.00000000 53.50000000
v 56.50000000 50.00000000 58.00000000
v 57.00000000 49.50000000 58.00000000
v 57.00000000 50.00000000 57.50000000
v 57.00000000 49.50000000 59.00000000
v 57.00000000 49.50000000 60.00000000
v 57.00000000 49.50000000 61.00000000
v 56.50000000 51.00000000 52.00000000
v 56.50000000 51.00000000 53.00000000
v 57.00000000 50.50000000 54.00000000
v 56.50000000 51.00000000 54.00000000
v 56.50000000 51.00000000 55.00000000
v 57.00000000 50.50000000 55.00000000
v 56.50000000 51.00000000 56.00000000
v 57.00000000 50.50000000 56.00000000
v 56.50000000 51.00000000 57.00000000
v 57.00000000 50.50000000 57.00000000
v 57.50000000 32.00000000 67.00000000
v 57.50000000 32.00000000 68.00000000
v 58.00000000 32.00000000 68.50000000
v 58.00000000 31.50000000 69.00000000
v 57.50000000 32.00000000 70.00000000
v 58.00000000 32.00000000 69.50000000
v 57.50000000 32.00000000 71.00000000
v 57.50000000 33.00000000 65.00000000
v 57.50000000 33.00000000 66.00000000
v 58.00000000 33.00000000 66.50000000
v 58.00000000 32.50000000 67.00000000
v 58.00000000 32.50000000 68.00000000
v 58.00000000 32.50000000 70.00000000
v 58.00000000 33.00000000 70.50000000
v 57.50000000 33.00000000 71.00000000
v 57.50000000 33.00000000 72.00000000
v 57.50000000 34.00000000 64.00000000
v 58.00000000 34.00000000 64.50000000
v 58.00000000 33.50000000 65.00000000
v 58.00000000 33.50000000 66.00000000
v 58.00000000 33.50000000 71.00000000
v 58.00000000 34.00000000 71.50000000
v 57.50000000 34.00000000 72.00000000
v 57.50000000 34.00000000 73.00000000
v 57.50000000 35.00000000 63.00000000
v 58.00000000 35.00000000 63.50000000
v 58.00000000 34.50000000 64.00000000
v 58.00000000 34.50000000 72.00000000
v 58.00000000 35.00000000 72.50000000
v 57.50000000 35.00000000 73.00000000
v 57.50000000 35.00000000 74.00000000
v 57.50000000 36.00000000 62.00000000
v 58.00000000 36.00000000 62.50000000
v 58.00000000 35.50000000 63.00000000
v 57.50000000 36.00000000 73.00000000
v 58.00000000 36.00000000 72.50000000
v 57.50000000 36.00000000 74.00000000
v 57.50000000 37.00000000 58.00000000
v 57.50000000 37.00000000 62.00000000
v 58.00000000 37.00000000 62.50000000
v 57.50000000 37.00000000 73.00000000
v 58.00000000 37.00000000 72.50000000
v 57.50000000 37.00000000 74.00000000
v 57.50000000 38.00000000 56.00000000
v 57.50000000 38.00000000 57.00000000
v 57.50000000 38.00000000 58.00000000
v 57.50000000 38.00000000 59.00000000
v 57.50000000 38.00000000 60.00000000
v 57.50000000 38.00000000 61.00000000
v 58.00000000 38.00000000 61.50000000
v 58.00000000 37.50000000 62.00000000
v 57.50000000 38.00000000 73.00000000
v 58.00000000 38.00000000 72.50000000
v 57.50000000 39.00000000 55.00000000
v 57.50000000 39.00000000 56.00000000
v 57.50000000 39.00000000 57.00000000
v 57.50000000 39.00000000 58.00000000
v 57.50000000 39.00000000 59.00000000
v 57.50000000 39.00000000 60.00000000
v 57.50000000 39.00000000 61.00000000
v 58.00000000 39.00000000 61.50000000
v 57.50000000 39.00000000 72.00000000
v 58.00000000 38.50000000 72.00000000
v 58.00000000 39.00000000 71.50000000
v 57.50000000 40.00000000 55.00000000
v 57.50000000 40.00000000 56.00000000
v 57.50000000 40.00000000 57.00000000
v 57.50000000 40.00000000 58.00000000
v 57.50000000 40.00000000 59.00000000
v 57.50000000 40.00000000 60.00000000
v 58.00000000 40.00000000 60.50000000
v 58.00000000 39.50000000 61.00000000
v 57.50000000 40.00000000 71.00000000
v 58.00000000 39.50000000 71.00000000
v 58.00000000 40.00000000 70.50000000
v 57.50000000 41.00000000 54.00000000
v 57.50000000 41.00000000 55.00000000
v 57.50000000 41.00000000 56.00000000
v 57.50000000 41.00000000 57.00000000
v 57.50000000 41.00000000 58.00000000
v 57.50000000 41.00000000 59.00000000
v 57.50000000 41.00000000 60.00000000
v 58.00000000 41.00000000 60.50000000
v 57.50000000 41.00000000 70.00000000
v 58.00000000 40.50000000 70.00000000
v 58.00000000 41.00000000 69.50000000
v 57.50000000 42.00000000 54.00000000
v 58.00000000 42.00000000 54.50000000
v 58.00000000 41.50000000 55.00000000
v 58.00000000 41.50000000 56.00000000
v 58.00000000 41.50000000 57.00000000
v 58.00000000 41.50000000 58.00000000
v 58.00000000 41.50000000 59.00000000
v 58.00000000 41.50000000 60.00000000
v 57.50000000 42.00000000 69.00000000
v 58.00000000 41.50000000 69.00000000
v 58.00000000 42.00000000 68.50000000
v 57.50000000 43.00000000 53.00000000
v 58.00000000 43.00000000 53.50000000
v 58.00000000 42.50000000 54.00000000
v 57.50000000 43.00000000 68.00000000
v 58.00000000 42.50000000 68.00000000
v 58.00000000 43.00000000 67.50000000
v 58.00000000 44.00000000 52.50000000
v 58.00000000 43.50000000 53.00000000
v 57.50000000 44.00000000 67.00000000
v 58.00000000 43.50000000 67.00000000
v 58.00000000 44.00000000 66.50000000
v 57.50000000 45.00000000 52.00000000
v 58.00000000 45.00000000 52.50000000
v 57.50000000 45.00000000 66.00000000
v 58.00000000 44.50000000 66.00000000
v 58.00000000 45.00000000 65.50000000
v 58.00000000 46.00000000 51.50000000
v 58.00000000 45.50000000 52.00000000
v 57.50000000 46.00000000 65.00000000
v 58.00000000 45.50000000 65.00000000
v 58.00000000 46.00000000 64.50000000
v 57.50000000 46.00000000 66.00000000
v 58.00000000 47.00000000 51.50000000
v 57.50000000 47.00000000 64.00000000
v 58.00000000 46.50000000 64.00000000
v 58.00000000 47.00000000 63.50000000
v 57.50000000 47.00000000 65.00000000
v 58.00000000 47.50000000 52.00000000
v 57.50000000 48.00000000 52.00000000
v 58.00000000 48.00000000 52.50000000
v 57.50000000 48.00000000 62.00000000
v 58.00000000 47.50000000 62.00000000
v 58.00000000 48.00000000 61.50000000
v 57.50000000 48.00000000 63.00000000
v 58.00000000 47.50000000 63.00000000
v 57.50000000 48.00000000 64.00000000
v 57.50000000 49.00000000 52.00000000
v 58.00000000 48.50000000 53.00000000
v 57.50000000 49.00000000 53.00000000
v 58.00000000 49.00000000 53.50000000
v 57.50000000 49.00000000 60.00000000
v 58.00000000 48.50000000 60.00000000
v 58.00000000 49.00000000 59.50000000
v 57.50000000 49.00000000 61.00000000
v 58.00000000 48.50000000 61.00000000
v 57.50000000 50.00000000 54.00000000
v 58.00000000 49.50000000 54.00000000
v 57.50000000 50.00000000 55.00000000
v 58.00000000 49.50000000 55.00000000
v 57.50000000 50.00000000 56.00000000
v 58.00000000 49.50000000 56.00000000
v 57.50000000 50.00000000 57.00000000
v 58.00000000 49.50000000 57.00000000
v 58.00000000 49.50000000 58.00000000
v 58.00000000 49.50000000 59.00000000
v 58.50000000 32.00000000 69.00000000
v 58.50000000 33.00000000 67.00000000
v 58.50000000 33.00000000 68.00000000
v 58.50000000 33.00000000 69.00000000
v 58.50000000 33.00000000 70.00000000
v 58.50000000 34.00000000 65.00000000
v 58.50000000 34.00000000 66.00000000
v 58.50000000 34.00000000 67.00000000
v 59.00000000 34.00000000 67.50000000
v 59.00000000 33.50000000 68.00000000
v 59.00000000 34.00000000 68.50000000
v 58.50000000 34.00000000 69.00000000
v 58.50000000 34.00000000 70.00000000
v 58.50000000 34.00000000 71.00000000
v 58.50000000 35.00000000 64.00000000
v 59.00000000 35.00000000 64.50000000
v 59.00000000 34.50000000 65.00000000
v 59.00000000 34.50000000 66.00000000
v 59.00000000 34.50000000 67.00000000
v 59.00000000 34.50000000 69.00000000
v 59.00000000 34.50000000 70.00000000
v 59.00000000 35.00000000 70.50000000
v 58.50000000 35.00000000 71.00000000
v 58.50000000 35.00000000 72.00000000
v 58.50000000 36.00000000 63.00000000
v 59.00000000 36.00000000 63.50000000
v 59.00000000 35.50000000 64.00000000
v 58.50000000 36.00000000 71.00000000
v 59.00000000 36.00000000 70.50000000
v 58.50000000 36.00000000 72.00000000
v 59.00000000 37.00000000 62.50000000
v 59.00000000 36.50000000 63.00000000
v 59.00000000 36.50000000 71.00000000
v 59.00000000 37.00000000 71.50000000
v 58.50000000 37.00000000 72.00000000
v 59.00000000 38.00000000 61.50000000
v 59.00000000 37.50000000 62.00000000
v 58.50000000 38.00000000 71.00000000
v 59.00000000 37.50000000 71.00000000
v 59.00000000 38.00000000 70.50000000
v 58.50000000 38.00000000 72.00000000
v 59.00000000 39.00000000 61.50000000
v 58.50000000 39.00000000 71.00000000
v 59.00000000 39.00000000 70.50000000
v 58.50000000 40.00000000 61.00000000
v 59.00000000 40.00000000 61.50000000
v 58.50000000 40.00000000 70.00000000
v 59.00000000 39.50000000 70.00000000
v 59.00000000 40.00000000 69.50000000
v 58.50000000 41.00000000 61.00000000
v 59.00000000 40.50000000 62.00000000
v 58.50000000 41.00000000 62.00000000
v 59.00000000 41.00000000 62.50000000
v 58.50000000 41.00000000 69.00000000
v 59.00000000 40.50000000 69.00000000
v 59.00000000 41.00000000 68.50000000
v 58.50000000 42.00000000 55.00000000
v 58.50000000 42.00000000 56.00000000
v 58.50000000 42.00000000 57.00000000
v 58.50000000 42.00000000 58.00000000
v 58.50000000 42.00000000 59.00000000
v 58.50000000 42.00000000 60.00000000
v 58.50000000 42.00000000 61.00000000
v 59.00000000 42.00000000 61.50000000
v 59.00000000 41.50000000 62.00000000
v 58.50000000 42.00000000 67.00000000
v 59.00000000 41.50000000 67.00000000
v 59.00000000 42.00000000 66.50000000
v 58.50000000 42.00000000 68.00000000
v 59.00000000 41.50000000 68.00000000
v 58.50000000 43.00000000 54.00000000
v 58.50000000 43.00000000 55.00000000
v 58.50000000 43.00000000 56.00000000
v 58.50000000 43.00000000 57.00000000
v 58.50000000 43.00000000 58.00000000
v 58.50000000 43.00000000 59.00000000
v 58.50000000 43.00000000 60.00000000
v 59.00000000 43.00000000 60.50000000
v 59.00000000 42.50000000 61.00000000
v 58.50000000 43.00000000 65.00000000
v 59.00000000 42.50000000 65.00000000
v 59.00000000 43.00000000 64.50000000
v 58.50000000 43.00000000 66.00000000
v 59.00000000 42.50000000 66.00000000
v 58.50000000 43.00000000 67.00000000
v 58.50000000 44.00000000 53.00000000
v 58.50000000 44.00000000 54.00000000
v 59.00000000 44.00000000 54.50000000
v 59.00000000 43.50000000 55.00000000
v 59.00000000 43.50000000 56.00000000
v 59.00000000 43.50000000 57.00000000
v 59.00000000 43.50000000 58.00000000
v 59.00000000 43.50000000 59.00000000
v 59.00000000 43.50000000 60.00000000
v 58.50000000 44.00000000 65.00000000
v 59.00000000 44.00000000 64.50000000
v 58.50000000 44.00000000 66.00000000
v 59.00000000 45.00000000 52.50000000
v 59.00000000 44.50000000 53.00000000
v 59.00000000 44.50000000 54.00000000
v 58.50000000 45.00000000 64.00000000
v 59.00000000 44.50000000 64.00000000
v 59.00000000 45.00000000 63.50000000
v 58.50000000 45.00000000 65.00000000
v 58.50000000 46.00000000 52.00000000
v 59.00000000 46.00000000 52.50000000
v 58.50000000 46.00000000 60.00000000
v 59.00000000 45.50000000 60.00000000
v 59.00000000 46.00000000 59.50000000
v 58.50000000 46.00000000 61.00000000
v 59.00000000 45.50000000 61.00000000
v 58.50000000 46.00000000 62.00000000
v 59.00000000 45.50000000 62.00000000
v 58.50000000 46.00000000 63.00000000
v 59.00000000 45.50000000 63.00000000
v 58.50000000 46.00000000 64.00000000
v 58.50000000 47.00000000 52.00000000
v 59.00000000 47.00000000 52.50000000
v 58.50000000 47.00000000 59.00000000
v 59.00000000 46.50000000 59.00000000
v 59.00000000 47.00000000 58.50000000
v 58.50000000 47.00000000 60.00000000
v 58.50000000 47.00000000 61.00000000
v 58.50000000 47.00000000 62.00000000
v 58.50000000 47.00000000 63.00000000
v 59.00000000 48.00000000 52.50000000
v 58.50000000 48.00000000 59.00000000
v 59.00000000 48.00000000 58.50000000
v 58.50000000 48.00000000 60.00000000
v 58.50000000 48.00000000 61.00000000
v 59.00000000 48.50000000 53.00000000
v 58.50000000 49.00000000 54.00000000
v 59.00000000 48.50000000 54.00000000
v 58.50000000 49.00000000 55.00000000
v 59.00000000 48.50000000 55.00000000
v 58.50000000 49.00000000 56.00000000
v 59.00000000 48.50000000 56.00000000
v 59.00000000 49.00000000 56.50000000
v 58.50000000 49.00000000 58.00000000
v 59.00000000 48.50000000 58.00000000
v 59.00000000 49.00000000 57.50000000
v 58.50000000 49.00000000 59.00000000
v 59.00000000 49.50000000 57.00000000
v 59.50000000 34.00000000 68.00000000
v 59.50000000 35.00000000 65.00000000
v 60.00000000 35.00000000 65.50000000
v 60.00000000 34.50000000 66.00000000
v 59.50000000 35.00000000 67.00000000
v 60.00000000 35.00000000 66.50000000
v 59.50000000 35.00000000 68.00000000
v 59.50000000 35.00000000 69.00000000
v 59.50000000 35.00000000 70.00000000
v 59.50000000 36.00000000 63.00000000
v 60.00000000 36.00000000 62.50000000
v 60.00000000 35.50000000 63.00000000
v 60.00000000 35.50000000 64.00000000
v 60.00000000 35.50000000 65.00000000
v 60.00000000 35.50000000 67.00000000
v 60.00000000 35.50000000 68.00000000
v 60.00000000 35.50000000 69.00000000
v 60.00000000 36.00000000 69.50000000
v 59.50000000 36.00000000 70.00000000
v 59.50000000 37.00000000 62.00000000
v 60.00000000 37.00000000 61.50000000
v 60.00000000 36.50000000 62.00000000
v 59.50000000 37.00000000 70.00000000
v 60.00000000 37.00000000 69.50000000
v 59.50000000 37.00000000 71.00000000
v 60.00000000 38.00000000 61.50000000
v 59.50000000 38.00000000 70.00000000
v 60.00000000 38.00000000 69.50000000
v 60.00000000 39.00000000 61.50000000
v 59.50000000 39.00000000 70.00000000
v 60.00000000 39.00000000 69.50000000
v 60.00000000 39.50000000 62.00000000
v 59.50000000 40.00000000 62.00000000
v 60.00000000 40.00000000 62.50000000
v 59.50000000 40.00000000 69.00000000
v 60.00000000 39.50000000 69.00000000
v 60.00000000 40.00000000 68.50000000
v 59.50000000 41.00000000 63.00000000
v 60.00000000 40.50000000 63.00000000
v 60.00000000 41.00000000 63.50000000
v 59.50000000 41.00000000 68.00000000
v 60.00000000 40.50000000 68.00000000
v 60.00000000 41.00000000 67.50000000
v 59.50000000 42.00000000 62.00000000
v 59.50000000 42.00000000 63.00000000
v 60.00000000 41.50000000 64.00000000
v 59.50000000 42.00000000 64.00000000
v 59.50000000 42.00000000 65.00000000
v 60.00000000 41.50000000 65.00000000
v 59.50000000 42.00000000 66.00000000
v 60.00000000 41.50000000 66.00000000
v 60.00000000 41.50000000 67.00000000
v 59.50000000 43.00000000 61.00000000
v 59.50000000 43.00000000 62.00000000
v 59.50000000 43.00000000 63.00000000
v 59.50000000 43.00000000 64.00000000
v 59.50000000 44.00000000 55.00000000
v 59.50000000 44.00000000 56.00000000
v 59.50000000 44.00000000 57.00000000
v 59.50000000 44.00000000 58.00000000
v 59.50000000 44.00000000 59.00000000
v 59.50000000 44.00000000 60.00000000
v 59.50000000 44.00000000 61.00000000
v 59.50000000 44.00000000 62.00000000
v 59.50000000 44.00000000 63.00000000
v 59.50000000 44.00000000 64.00000000
v 59.50000000 45.00000000 53.00000000
v 59.50000000 45.00000000 54.00000000
v 59.50000000 45.00000000 55.00000000
v 59.50000000 45.00000000 56.00000000
v 59.50000000 45.00000000 57.00000000
v 59.50000000 45.00000000 58.00000000
v 59.50000000 45.00000000 59.00000000
v 59.50000000 45.00000000 60.00000000
v 59.50000000 45.00000000 61.00000000
v 59.50000000 45.00000000 62.00000000
v 59.50000000 45.00000000 63.00000000
v 59.50000000 46.00000000 53.00000000
v 59.50000000 46.00000000 54.00000000
v 59.50000000 46.00000000 55.00000000
v 59.50000000 46.00000000 56.00000000
v 59.50000000 46.00000000 57.00000000
v 59.50000000 46.00000000 58.00000000
v 59.50000000 46.00000000 59.00000000
v 59.50000000 47.00000000 53.00000000
v 59.50000000 47.00000000 54.00000000
v 59.50000000 47.00000000 55.00000000
v 59.50000000 47.00000000 56.00000000
v 59.50000000 47.00000000 57.00000000
v 59.50000000 47.00000000 58.00000000
v 59.50000000 48.00000000 53.00000000
v 59.50000000 48.00000000 54.00000000
v 59.50000000 48.00000000 55.00000000
v 59.50000000 48.00000000 56.00000000
v 59.50000000 48.00000000 57.00000000
v 59.50000000 48.00000000 58.00000000
v 59.50000000 49.00000000 57.00000000
v 60.50000000 35.00000000 66.00000000
v 60.50000000 36.00000000 60.00000000
v 61.00000000 36.00000000 59.50000000
v 61.00000000 35.50000000 60.00000000
v 61.00000000 35.50000000 61.00000000
v 60.50000000 36.00000000 61.00000000
v 61.00000000 35.50000000 62.00000000
v 60.50000000 36.00000000 62.00000000
v 61.00000000 35.50000000 63.00000000
v 61.00000000 35.50000000 64.00000000
v 61.00000000 35.50000000 65.00000000
v 61.00000000 35.50000000 66.00000000
v 61.00000000 35.50000000 67.00000000
v 60.50000000 36.00000000 68.00000000
v 61.00000000 36.00000000 67.50000000
v 60.50000000 36.00000000 69.00000000
v 60.50000000 37.00000000 59.00000000
v 61.00000000 37.00000000 58.50000000
v 61.00000000 36.50000000 59.00000000
v 60.50000000 37.00000000 60.00000000
v 60.50000000 37.00000000 61.00000000
v 61.00000000 36.50000000 68.00000000
v 61.00000000 37.00000000 68.50000000
v 60.50000000 37.00000000 69.00000000
v 61.00000000 37.50000000 59.00000000
v 60.50000000 38.00000000 60.00000000
v 61.00000000 38.00000000 59.50000000
v 60.50000000 38.00000000 61.00000000
v 60.50000000 38.00000000 69.00000000
v 61.00000000 38.00000000 68.50000000
v 61.00000000 38.50000000 60.00000000
v 61.00000000 38.50000000 61.00000000
v 61.00000000 39.00000000 61.50000000
v 60.50000000 39.00000000 69.00000000
v 61.00000000 39.00000000 68.50000000
v 61.00000000 39.50000000 62.00000000
v 61.00000000 40.00000000 62.50000000
v 60.50000000 40.00000000 68.00000000
v 61.00000000 39.50000000 68.00000000
v 61.00000000 40.00000000 67.50000000
v 61.00000000 40.50000000 63.00000000
v 60.50000000 41.00000000 64.00000000
v 61.00000000 40.50000000 64.00000000
v 60.50000000 41.00000000 65.00000000
v 61.00000000 40.50000000 65.00000000
v 60.50000000 41.00000000 66.00000000
v 61.00000000 40.50000000 66.00000000
v 60.50000000 41.00000000 67.00000000
v 61.00000000 40.50000000 67.00000000
v 61.50000000 35.00000000 60.00000000
v 62.00000000 35.00000000 59.50000000
v 62.00000000 34.50000000 60.00000000
v 62.00000000 34.50000000 61.00000000
v 61.50000000 35.00000000 61.00000000
v 62.00000000 34.50000000 62.00000000
v 61.50000000 35.00000000 62.00000000
v 62.00000000 35.00000000 62.50000000
v 61.50000000 36.00000000 58.00000000
v 62.00000000 36.00000000 57.50000000
v 62.00000000 35.50000000 58.00000000
v 62.00000000 35.50000000 59.00000000
v 61.50000000 36.00000000 59.00000000
v 62.00000000 35.50000000 63.00000000
v 62.00000000 35.50000000 64.00000000
v 62.00000000 35.50000000 65.00000000
v 62.00000000 35.50000000 66.00000000
v 61.50000000 36.00000000 67.00000000
v 62.00000000 36.00000000 66.50000000
v 61.50000000 37.00000000 57.00000000
v 62.00000000 37.00000000 56.50000000
v 62.00000000 36.50000000 57.00000000
v 61.50000000 37.00000000 58.00000000
v 62.00000000 36.50000000 67.00000000
v 61.50000000 37.00000000 68.00000000
v 62.00000000 37.00000000 67.50000000
v 61.50000000 38.00000000 56.00000000
v 62.00000000 38.00000000 55.50000000
v 62.00000000 37.50000000 56.00000000
v 61.50000000 38.00000000 57.00000000
v 61.50000000 38.00000000 58.00000000
v 61.50000000 38.00000000 59.00000000
v 61.50000000 38.00000000 68.00000000
v 62.00000000 38.00000000 67.50000000
v 61.50000000 39.00000000 56.00000000
v 62.00000000 39.00000000 55.50000000
v 62.00000000 39.00000000 56.50000000
v 62.00000000 38.50000000 57.00000000
v 61.50000000 39.00000000 58.00000000
v 62.00000000 39.00000000 57.50000000
v 62.00000000 39.00000000 58.50000000
v 62.00000000 38.50000000 59.00000000
v 61.50000000 39.00000000 60.00000000
v 62.00000000 39.00000000 59.50000000
v 61.50000000 39.00000000 61.00000000
v 61.50000000 39.00000000 68.00000000
v 62.00000000 39.00000000 67.50000000
v 62.00000000 39.50000000 56.00000000
v 62.00000000 39.50000000 58.00000000
v 62.00000000 39.50000000 60.00000000
v 62.00000000 39.50000000 61.00000000
v 62.00000000 39.50000000 62.00000000
v 62.00000000 40.00000000 62.50000000
v 61.50000000 40.00000000 67.00000000
v 62.00000000 39.50000000 67.00000000
v 62.00000000 40.00000000 66.50000000
v 62.00000000 40.50000000 63.00000000
v 62.00000000 40.50000000 64.00000000
v 62.00000000 40.50000000 65.00000000
v 62.00000000 40.50000000 66.00000000
v 63.00000000 35.00000000 59.50000000
v 63.00000000 34.50000000 60.00000000
v 63.00000000 34.50000000 61.00000000
v 63.00000000 34.50000000 62.00000000
v 63.00000000 35.00000000 62.50000000
v 63.00000000 36.00000000 57.50000000
v 63.00000000 35.50000000 58.00000000
v 63.00000000 35.50000000 59.00000000
v 63.00000000 35.50000000 63.00000000
v 63.00000000 35.50000000 64.00000000
v 63.00000000 35.50000000 65.00000000
v 62.50000000 36.00000000 66.00000000
v 63.00000000 36.00000000 65.50000000
v 63.00000000 37.00000000 56.50000000
v 63.00000000 36.50000000 57.00000000
v 63.00000000 36.50000000 66.00000000
v 62.50000000 37.00000000 67.00000000
v 63.00000000 37.00000000 66.50000000
v 63.00000000 38.00000000 55.50000000
v 63.00000000 37.50000000 56.00000000
v 62.50000000 38.00000000 67.00000000
v 63.00000000 38.00000000 66.50000000
v 62.50000000 39.00000000 55.00000000
v 63.00000000 39.00000000 54.50000000
v 63.00000000 38.50000000 55.00000000
v 62.50000000 39.00000000 57.00000000
v 62.50000000 39.00000000 59.00000000
v 62.50000000 39.00000000 67.00000000
v 63.00000000 39.00000000 66.50000000
v 63.00000000 39.50000000 55.00000000
v 62.50000000 40.00000000 56.00000000
v 63.00000000 40.00000000 55.50000000
v 63.00000000 40.00000000 56.50000000
v 63.00000000 39.50000000 57.00000000
v 63.00000000 39.50000000 58.00000000
v 63.00000000 39.50000000 59.00000000
v 63.00000000 39.50000000 60.00000000
v 63.00000000 39.50000000 61.00000000
v 63.00000000 39.50000000 62.00000000
v 62.50000000 40.00000000 63.00000000
v 63.00000000 39.50000000 63.00000000
v 62.50000000 40.00000000 64.00000000
v 63.00000000 39.50000000 64.00000000
v 62.50000000 40.00000000 65.00000000
v 63.00000000 39.50000000 65.00000000
v 62.50000000 40.00000000 66.00000000
v 63.00000000 39.50000000 66.00000000
v 63.00000000 40.50000000 56.00000000
v 62.50000000 52.00000000 74.00000000
v 63.00000000 52.00000000 73.50000000
v 63.00000000 51.50000000 74.00000000
v 63.00000000 51.50000000 75.00000000
v 62.50000000 52.00000000 75.00000000
v 63.00000000 51.50000000 76.00000000
v 62.50000000 52.00000000 76.00000000
v 63.00000000 52.00000000 76.50000000
v 63.00000000 52.50000000 74.00000000
v 62.50000000 53.00000000 75.00000000
v 63.00000000 53.00000000 74.50000000
v 62.50000000 53.00000000 76.00000000
v 63.00000000 53.00000000 76.50000000
v 63.00000000 53.50000000 75.00000000
v 62.50000000 54.00000000 76.00000000
v 63.00000000 54.00000000 75.50000000
v 63.00000000 53.50000000 77.00000000
v 62.50000000 54.00000000 77.00000000
v 63.00000000 53.50000000 78.00000000
v 62.50000000 54.00000000 78.00000000
v 63.00000000 54.00000000 78.50000000
v 62.50000000 55.00000000 76.00000000
v 63.00000000 55.00000000 75.50000000
v 62.50000000 55.00000000 77.00000000
v 62.50000000 55.00000000 78.00000000
v 63.00000000 55.00000000 78.50000000
v 62.50000000 56.00000000 76.00000000
v 63.00000000 56.00000000 75.50000000
v 63.00000000 56.00000000 76.50000000
v 63.00000000 55.50000000 77.00000000
v 62.50000000 56.00000000 78.00000000
v 63.00000000 56.00000000 77.50000000
v 63.00000000 56.00000000 78.50000000
v 63.00000000 56.50000000 76.00000000
v 63.00000000 57.00000000 76.50000000
v 62.50000000 57.00000000 77.00000000
v 63.00000000 56.50000000 77.00000000
v 62.50000000 57.00000000 78.00000000
v 63.00000000 57.00000000 78.50000000
v 63.00000000 57.50000000 77.00000000
v 62.50000000 58.00000000 78.00000000
v 63.00000000 58.00000000 77.50000000
v 63.00000000 58.00000000 78.50000000
v 63.00000000 58.50000000 78.00000000
v 63.50000000 35.00000000 59.00000000
v 64.00000000 35.00000000 58.50000000
v 64.00000000 34.50000000 59.00000000
v 64.00000000 34.50000000 60.00000000
v 64.00000000 34.50000000 61.00000000
v 64.00000000 34.50000000 62.00000000
v 64.00000000 34.50000000 63.00000000
v 63.50000000 35.00000000 63.00000000
v 64.00000000 35.00000000 63.50000000
v 63.50000000 36.00000000 57.00000000
v 64.00000000 36.00000000 56.50000000
v 64.00000000 35.50000000 57.00000000
v 64.00000000 35.50000000 58.00000000
v 64.00000000 35.50000000 64.00000000
v 63.50000000 36.00000000 65.00000000
v 64.00000000 36.00000000 64.50000000
v 63.50000000 37.00000000 56.00000000
v 64.00000000 37.00000000 55.50000000
v 64.00000000 36.50000000 56.00000000
v 63.50000000 37.00000000 65.00000000
v 64.00000000 37.00000000 64.50000000
v 63.50000000 37.00000000 66.00000000
v 63.50000000 38.00000000 56.00000000
v 64.00000000 37.50000000 56.00000000
v 63.50000000 37.50000000 56.50000000
v 64.00000000 37.50000000 57.00000000
v 63.50000000 38.00000000 57.00000000
v 63.50000000 38.00000000 58.00000000
v 64.00000000 37.50000000 58.00000000
v 63.50000000 38.00000000 59.00000000
v 64.00000000 37.50000000 59.00000000
v 64.00000000 38.00000000 59.50000000
v 63.50000000 38.00000000 65.00000000
v 64.00000000 38.00000000 64.50000000
v 63.50000000 38.00000000 66.00000000
v 63.50000000 39.00000000 55.00000000
v 63.50000000 39.00000000 56.00000000
v 63.50000000 39.00000000 57.00000000
v 64.00000000 39.00000000 57.50000000
v 64.00000000 38.50000000 58.00000000
v 64.00000000 39.00000000 58.50000000
v 63.50000000 39.00000000 59.00000000
v 64.00000000 39.00000000 59.50000000
v 63.50000000 39.00000000 64.00000000
v 64.00000000 38.50000000 64.00000000
v 64.00000000 39.00000000 63.50000000
v 63.50000000 39.00000000 65.00000000
v 63.50000000 39.00000000 66.00000000
v 64.00000000 39.50000000 56.00000000
v 64.00000000 40.00000000 55.50000000
v 64.00000000 39.50000000 57.00000000
v 63.50000000 39.50000000 56.50000000
v 63.50000000 40.00000000 57.00000000
v 63.50000000 39.50000000 57.50000000
v 63.50000000 40.00000000 58.00000000
v 64.00000000 40.00000000 58.50000000
v 64.00000000 39.50000000 60.00000000
v 64.00000000 39.50000000 61.00000000
v 64.00000000 39.50000000 62.00000000
v 64.00000000 39.50000000 63.00000000
v 64.00000000 40.50000000 56.00000000
v 64.00000000 40.50000000 57.00000000
v 64.00000000 40.50000000 58.00000000
v 63.50000000 50.00000000 73.00000000
v 64.00000000 50.00000000 72.50000000
v 64.00000000 49.50000000 73.00000000
v 64.00000000 49.50000000 74.00000000
v 63.50000000 50.00000000 74.00000000
v 64.00000000 49.50000000 75.00000000
v 63.50000000 50.00000000 75.00000000
v 64.00000000 50.00000000 75.50000000
v 63.50000000 51.00000000 73.00000000
v 64.00000000 51.00000000 72.50000000
v 63.50000000 51.00000000 74.00000000
v 63.50000000 51.00000000 75.00000000
v 64.00000000 50.50000000 76.00000000
v 63.50000000 51.00000000 76.00000000
v 64.00000000 51.00000000 76.50000000
v 63.50000000 52.00000000 73.00000000
v 64.00000000 52.00000000 72.50000000
v 64.00000000 51.50000000 77.00000000
v 63.50000000 52.00000000 77.00000000
v 64.00000000 51.50000000 78.00000000
v 63.50000000 52.00000000 78.00000000
v 64.00000000 52.00000000 78.50000000
v 64.00000000 52.50000000 73.00000000
v 63.50000000 53.00000000 74.00000000
v 64.00000000 53.00000000 73.50000000
v 63.50000000 53.00000000 77.00000000
v 63.50000000 53.00000000 78.00000000
v 64.00000000 52.50000000 79.00000000
v 63.50000000 53.00000000 79.00000000
v 64.00000000 53.00000000 79.50000000
v 64.00000000 53.50000000 74.00000000
v 63.50000000 54.00000000 75.00000000
v 64.00000000 54.00000000 74.50000000
v 63.50000000 54.00000000 79.00000000
v 64.00000000 54.00000000 79.50000000
v 64.00000000 54.50000000 75.00000000
v 64.00000000 55.00000000 75.50000000
v 63.50000000 55.00000000 79.00000000
v 64.00000000 55.00000000 79.50000000
v 64.00000000 55.50000000 76.00000000
v 63.50000000 56.00000000 76.00000000
v 63.50000000 56.00000000 77.00000000
v 64.00000000 56.00000000 76.50000000
v 63.50000000 56.00000000 79.00000000
v 64.00000000 55.50000000 80.00000000
v 63.50000000 56.00000000 80.00000000
v 64.00000000 56.00000000 80.50000000
v 64.00000000 57.00000000 75.50000000
v 63.50000000 57.00000000 76.00000000
v 64.00000000 56.50000000 76.00000000
v 64.00000000 56.50000000 79.00000000
v 64.00000000 57.00000000 78.50000000
v 64.00000000 56.50000000 80.00000000
v 64.00000000 57.50000000 76.00000000
v 64.00000000 57.50000000 77.00000000
v 63.50000000 58.00000000 78.00000000
v 64.00000000 57.50000000 78.00000000
v 64.50000000 35.00000000 59.00000000
v 65.00000000 35.00000000 59.50000000
v 65.00000000 34.50000000 60.00000000
v 65.00000000 34.50000000 61.00000000
v 65.00000000 34.50000000 62.00000000
v 64.50000000 35.00000000 63.00000000
v 65.00000000 35.00000000 62.50000000
v 64.50000000 36.00000000 57.00000000
v 65.00000000 36.00000000 57.50000000
v 65.00000000 35.50000000 58.00000000
v 65.00000000 35.50000000 59.00000000
v 65.00000000 35.50000000 63.00000000
v 64.50000000 36.00000000 64.00000000
v 65.00000000 36.00000000 63.50000000
v 64.50000000 37.00000000 56.00000000
v 64.50000000 37.00000000 57.00000000
v 65.00000000 36.50000000 58.00000000
v 64.50000000 37.00000000 58.00000000
v 64.50000000 37.00000000 59.00000000
v 65.00000000 36.50000000 59.00000000
v 64.50000000 37.00000000 60.00000000
v 65.00000000 36.50000000 60.00000000
v 65.00000000 37.00000000 60.50000000
v 64.50000000 37.00000000 63.00000000
v 65.00000000 36.50000000 63.00000000
v 65.00000000 37.00000000 62.50000000
v 64.50000000 37.00000000 64.00000000
v 64.50000000 38.00000000 60.00000000
v 65.00000000 37.50000000 61.00000000
v 64.50000000 38.00000000 61.00000000
v 64.50000000 38.00000000 62.00000000
v 65.00000000 37.50000000 62.00000000
v 64.50000000 38.00000000 63.00000000
v 64.50000000 38.00000000 64.00000000
v 64.50000000 39.00000000 58.00000000
v 64.50000000 39.00000000 60.00000000
v 64.50000000 39.00000000 61.00000000
v 64.50000000 39.00000000 62.00000000
v 64.50000000 39.00000000 63.00000000
v 64.50000000 40.00000000 56.00000000
v 64.50000000 40.00000000 57.00000000
v 64.50000000 40.00000000 58.00000000
v 64.50000000 50.00000000 73.00000000
v 64.50000000 50.00000000 74.00000000
v 64.50000000 50.00000000 75.00000000
v 64.50000000 51.00000000 73.00000000
v 64.50000000 51.00000000 74.00000000
v 64.50000000 51.00000000 75.00000000
v 64.50000000 51.00000000 76.00000000
v 64.50000000 52.00000000 73.00000000
v 64.50000000 52.00000000 74.00000000
v 64.50000000 52.00000000 75.00000000
v 65.00000000 52.00000000 75.50000000
v 65.00000000 51.50000000 76.00000000
v 64.50000000 52.00000000 77.00000000
v 65.00000000 52.00000000 76.50000000
v 64.50000000 52.00000000 78.00000000
v 64.50000000 53.00000000 74.00000000
v 65.00000000 53.00000000 74.50000000
v 65.00000000 52.50000000 75.00000000
v 65.00000000 52.50000000 77.00000000
v 65.00000000 52.50000000 78.00000000
v 65.00000000 52.50000000 79.00000000
v 65.00000000 53.00000000 79.50000000
v 64.50000000 54.00000000 75.00000000
v 65.00000000 53.50000000 75.00000000
v 64.50000000 54.00000000 76.00000000
v 65.00000000 53.50000000 76.00000000
v 64.50000000 54.00000000 77.00000000
v 65.00000000 53.50000000 77.00000000
v 65.00000000 54.00000000 77.50000000
v 65.00000000 54.00000000 79.50000000
v 64.50000000 55.00000000 76.00000000
v 65.00000000 55.00000000 76.50000000
v 65.00000000 54.50000000 77.00000000
v 65.00000000 55.00000000 77.50000000
v 64.50000000 55.00000000 78.00000000
v 65.00000000 54.50000000 78.00000000
v 64.50000000 55.00000000 79.00000000
v 65.00000000 54.50000000 79.00000000
v 64.50000000 56.00000000 77.00000000
v 65.00000000 55.50000000 77.00000000
v 65.00000000 55.50000000 78.00000000
v 65.00000000 56.00000000 77.50000000
v 65.00000000 56.00000000 78.50000000
v 64.50000000 56.00000000 79.00000000
v 64.50000000 56.00000000 80.00000000
v 64.50000000 57.00000000 76.00000000
v 64.50000000 57.00000000 77.00000000
v 65.00000000 56.50000000 78.00000000
v 64.50000000 57.00000000 78.00000000
v 65.50000000 35.00000000 60.00000000
v 65.50000000 35.00000000 61.00000000
v 65.50000000 35.00000000 62.00000000
v 65.50000000 36.00000000 58.00000000
v 65.50000000 36.00000000 59.00000000
v 65.50000000 36.00000000 60.00000000
v 65.50000000 36.00000000 61.00000000
v 65.50000000 36.00000000 62.00000000
v 65.50000000 36.00000000 63.00000000
v 65.50000000 37.00000000 61.00000000
v 65.50000000 37.00000000 62.00000000
v 65.50000000 52.00000000 76.00000000
v 65.50000000 53.00000000 75.00000000
v 65.50000000 53.00000000 76.00000000
v 65.50000000 53.00000000 77.00000000
v 65.50000000 53.00000000 78.00000000
v 65.50000000 53.00000000 79.00000000
v 65.50000000 54.00000000 78.00000000
v 65.50000000 54.00000000 79.00000000
v 65.50000000 55.00000000 77.00000000
v 65.50000000 56.00000000 78.00000000
f 3 2 1
f 1 4 3
f 7 6 5
f 7 5 2
f 5 1 2
f 5 8 1
f 4 1 9
f 1 10 9
f 1 8 10
f 10 11 9
f 6 12 5
f 5 12 8
f 8 12 13
f 8 13 10
f 10 13 14
f 10 14 11
f 17 16 15
f 19 18 15
f 15 18 17
f 21 20 19
f 19 20 18
f 23 22 21
f 21 22 20
f 23 24 22
f 27 26 25
f 29 28 25
f 25 28 27
f 28 29 16
f 29 15 16
f 29 30 15
f 15 31 19
f 15 30 31
f 31 2 3
f 21 31 3
f 19 31 21
f 21 3 4
f 32 21 4
f 23 21 32
f 24 23 33
f 23 34 33
f 23 32 34
f 36 35 34
f 34 35 33
f 38 37 36
f 36 37 35
f 38 39 37
f 25 26 40
f 40 26 41
f 25 42 29
f 25 40 42
f 29 43 30
f 29 42 43
f 43 6 7
f 31 43 7
f 30 43 31
f 31 7 2
f 9 32 4
f 32 9 11
f 44 32 11
f 34 32 44
f 34 45 36
f 34 44 45
f 36 46 38
f 36 45 46
f 39 38 47
f 47 38 46
f 41 48 40
f 50 49 48
f 49 40 48
f 49 42 40
f 42 51 43
f 42 49 51
f 52 12 6
f 43 52 6
f 51 52 43
f 53 13 12
f 53 12 52
f 54 14 13
f 54 13 53
f 44 11 14
f 54 44 14
f 55 44 54
f 57 45 56
f 45 55 56
f 45 44 55
f 45 57 46
f 46 57 58
f 46 58 47
f 50 59 49
f 49 59 51
f 51 59 60
f 51 60 52
f 52 60 61
f 63 62 61
f 62 52 61
f 62 53 52
f 65 54 64
f 54 62 64
f 54 53 62
f 54 65 55
f 55 65 66
f 55 66 56
f 63 67 62
f 62 67 64
f 70 69 68
f 72 71 68
f 68 71 70
f 74 73 72
f 72 73 71
f 74 75 73
f 78 77 76
f 78 76 69
f 76 68 69
f 76 79 68
f 68 80 72
f 68 79 80
f 72 81 74
f 72 80 81
f 17 82 16
f 82 74 16
f 74 81 16
f 74 82 75
f 83 17 18
f 83 82 17
f 84 18 20
f 84 83 18
f 85 20 22
f 85 84 20
f 87 86 24
f 86 22 24
f 86 85 22
f 89 88 87
f 87 88 86
f 89 90 88
f 76 77 91
f 91 77 92
f 76 93 79
f 76 91 93
f 93 26 27
f 80 93 27
f 79 93 80
f 80 27 28
f 80 28 81
f 81 28 16
f 33 87 24
f 87 33 35
f 87 35 89
f 94 90 89
f 35 94 89
f 37 94 35
f 96 95 39
f 95 37 39
f 95 94 37
f 96 97 95
f 92 98 91
f 91 98 93
f 93 98 99
f 26 93 99
f 100 26 99
f 41 26 100
f 47 101 96
f 47 96 39
f 97 96 102
f 102 96 101
f 48 41 103
f 41 104 103
f 41 100 104
f 103 50 48
f 56 105 57
f 57 105 106
f 107 57 106
f 58 57 107
f 47 58 101
f 58 108 101
f 58 107 108
f 101 108 102
f 104 109 103
f 109 111 110
f 109 110 59
f 103 109 59
f 50 103 59
f 112 60 59
f 112 59 110
f 113 61 60
f 113 60 112
f 113 63 61
f 64 114 65
f 65 114 115
f 116 65 115
f 66 65 116
f 56 66 105
f 66 117 105
f 66 116 117
f 105 117 106
f 111 118 110
f 110 118 112
f 112 118 119
f 112 119 113
f 113 119 120
f 113 120 63
f 120 67 63
f 120 121 67
f 64 67 114
f 67 122 114
f 67 121 122
f 114 122 115
f 125 124 123
f 123 126 125
f 129 128 127
f 129 127 124
f 127 123 124
f 127 130 123
f 70 131 69
f 131 123 69
f 123 130 69
f 123 131 126
f 132 70 71
f 132 131 70
f 133 71 73
f 133 132 71
f 135 134 75
f 134 73 75
f 134 133 73
f 137 136 135
f 135 136 134
f 137 138 136
f 128 139 127
f 140 77 78
f 127 140 78
f 130 127 78
f 139 140 127
f 130 78 69
f 82 135 75
f 135 82 83
f 135 83 137
f 141 138 137
f 83 141 137
f 84 141 83
f 142 84 85
f 142 141 84
f 143 85 86
f 143 142 85
f 144 86 88
f 144 143 86
f 146 145 90
f 145 88 90
f 145 144 88
f 146 147 145
f 140 92 77
f 148 92 140
f 94 146 90
f 149 147 146
f 94 149 146
f 95 149 94
f 95 97 149
f 149 97 150
f 98 92 151
f 92 152 151
f 92 148 152
f 153 99 98
f 153 98 151
f 153 100 99
f 102 150 97
f 102 154 150
f 152 155 151
f 157 156 155
f 156 151 155
f 156 153 151
f 156 104 100
f 156 100 153
f 106 158 107
f 159 108 107
f 159 107 158
f 159 160 108
f 160 102 108
f 160 154 102
f 157 161 156
f 156 161 104
f 161 109 104
f 161 162 109
f 111 109 162
f 111 162 163
f 115 164 116
f 165 117 116
f 165 116 164
f 165 166 117
f 117 166 106
f 166 167 106
f 167 158 106
f 158 167 159
f 159 167 168
f 159 168 160
f 163 169 111
f 111 169 118
f 118 170 119
f 169 170 118
f 170 172 171
f 120 170 171
f 119 170 120
f 173 121 120
f 173 120 171
f 174 122 121
f 174 121 173
f 174 175 122
f 122 175 115
f 175 176 115
f 176 164 115
f 164 176 165
f 165 176 177
f 165 177 166
f 172 178 171
f 171 178 173
f 173 178 179
f 173 179 174
f 174 179 180
f 174 180 175
f 183 182 181
f 185 184 181
f 181 184 183
f 187 186 185
f 185 186 184
f 187 188 186
f 191 190 189
f 193 192 189
f 189 192 191
f 192 193 182
f 193 181 182
f 193 194 181
f 181 195 185
f 181 194 195
f 185 196 187
f 185 195 196
f 188 187 197
f 187 198 197
f 187 196 198
f 198 199 197
f 190 200 189
f 189 200 193
f 193 200 201
f 203 202 201
f 202 193 201
f 202 194 193
f 194 204 195
f 194 202 204
f 206 196 205
f 196 204 205
f 196 195 204
f 196 206 198
f 198 206 207
f 198 207 199
f 203 208 202
f 202 208 204
f 204 208 209
f 204 209 205
f 210 124 125
f 126 210 125
f 213 212 211
f 215 214 211
f 211 214 213
f 215 216 214
f 218 217 129
f 129 217 128
f 129 124 210
f 219 129 210
f 218 129 219
f 219 210 126
f 131 219 126
f 220 219 131
f 132 211 212
f 220 132 212
f 131 132 220
f 211 132 133
f 211 133 215
f 221 216 215
f 133 221 215
f 134 221 133
f 222 134 136
f 222 221 134
f 224 223 138
f 223 136 138
f 223 222 136
f 226 225 224
f 224 225 223
f 228 227 226
f 226 227 225
f 228 229 227
f 139 128 230
f 128 231 230
f 128 217 231
f 230 140 139
f 141 224 138
f 224 141 142
f 224 142 226
f 226 142 143
f 226 143 228
f 232 229 228
f 143 232 228
f 144 232 143
f 233 144 145
f 233 232 144
f 145 147 233
f 233 147 234
f 230 231 235
f 235 231 236
f 235 148 140
f 235 140 230
f 237 234 147
f 237 147 149
f 149 150 237
f 237 150 238
f 236 239 235
f 148 235 239
f 240 148 239
f 152 148 240
f 154 242 241
f 238 154 241
f 150 154 238
f 242 243 241
f 240 244 152
f 152 244 155
f 246 245 157
f 155 246 157
f 244 246 155
f 247 245 246
f 160 248 242
f 160 242 154
f 243 242 249
f 249 242 248
f 245 161 157
f 247 250 245
f 250 161 245
f 250 162 161
f 163 162 250
f 163 250 251
f 166 252 167
f 253 168 167
f 253 167 252
f 253 254 168
f 168 254 160
f 254 255 160
f 255 248 160
f 248 255 249
f 258 257 256
f 256 259 258
f 251 260 163
f 163 260 169
f 169 261 170
f 260 261 169
f 172 170 261
f 172 261 262
f 175 263 176
f 264 177 176
f 264 176 263
f 264 265 177
f 177 265 166
f 265 266 166
f 266 252 166
f 252 266 253
f 253 266 267
f 253 267 254
f 270 269 268
f 272 271 268
f 268 271 270
f 271 272 257
f 272 256 257
f 272 273 256
f 259 256 274
f 274 256 273
f 262 275 172
f 172 275 178
f 178 276 179
f 275 276 178
f 179 277 180
f 276 277 179
f 175 180 263
f 180 278 263
f 180 277 278
f 263 278 264
f 264 278 279
f 264 279 265
f 268 269 280
f 280 269 281
f 283 272 282
f 272 280 282
f 272 268 280
f 285 284 283
f 284 272 283
f 284 273 272
f 274 273 286
f 286 273 284
f 280 281 287
f 287 281 288
f 282 280 289
f 289 280 287
f 285 290 284
f 284 290 286
f 288 291 287
f 287 291 289
f 294 293 292
f 296 295 292
f 292 295 294
f 298 297 296
f 296 297 295
f 300 299 298
f 298 299 297
f 302 301 300
f 300 301 299
f 304 303 302
f 302 303 301
f 304 305 303
f 308 307 306
f 310 309 306
f 306 309 308
f 309 310 293
f 310 292 293
f 310 311 292
f 292 312 296
f 292 311 312
f 312 182 183
f 298 312 183
f 296 312 298
f 298 183 184
f 298 184 300
f 300 184 186
f 300 186 302
f 302 186 188
f 313 302 188
f 304 302 313
f 305 304 314
f 314 304 313
f 317 316 315
f 319 318 315
f 315 318 317
f 318 319 307
f 319 306 307
f 319 320 306
f 306 321 310
f 306 320 321
f 321 190 191
f 311 321 191
f 310 321 311
f 311 191 192
f 311 192 312
f 312 192 182
f 197 313 188
f 197 199 313
f 199 314 313
f 199 322 314
f 325 324 323
f 325 323 316
f 323 315 316
f 323 326 315
f 315 327 319
f 315 326 327
f 319 328 320
f 319 327 328
f 320 329 321
f 320 328 329
f 330 200 190
f 321 330 190
f 329 330 321
f 331 201 200
f 331 200 330
f 331 203 201
f 205 332 206
f 333 207 206
f 333 206 332
f 333 334 207
f 334 199 207
f 334 322 199
f 324 335 323
f 337 336 335
f 336 323 335
f 336 326 323
f 326 338 327
f 326 336 338
f 327 339 328
f 327 338 339
f 328 340 329
f 328 339 340
f 329 341 330
f 329 340 341
f 330 342 331
f 330 341 342
f 343 208 203
f 331 343 203
f 342 343 331
f 344 209 208
f 344 208 343
f 332 205 209
f 344 332 209
f 345 332 344
f 332 346 333
f 332 345 346
f 334 333 347
f 347 333 346
f 337 348 336
f 336 348 338
f 338 348 349
f 338 349 339
f 339 349 350
f 339 350 340
f 340 350 351
f 353 352 351
f 352 340 351
f 352 341 340
f 341 354 342
f 341 352 354
f 342 355 343
f 342 354 355
f 343 356 344
f 343 355 356
f 344 357 345
f 344 356 357
f 359 346 358
f 346 357 358
f 346 345 357
f 346 359 347
f 353 360 352
f 352 360 354
f 354 360 361
f 354 361 355
f 355 361 362
f 355 362 356
f 356 362 363
f 356 363 357
f 357 363 364
f 357 364 358
f 367 366 365
f 369 368 365
f 365 368 367
f 371 370 369
f 369 370 368
f 373 372 371
f 371 372 370
f 375 374 373
f 373 374 372
f 375 376 374
f 379 378 377
f 379 377 366
f 377 365 366
f 377 380 365
f 365 381 369
f 365 380 381
f 381 212 213
f 371 381 213
f 369 381 371
f 371 213 214
f 371 214 373
f 373 214 216
f 382 373 216
f 375 373 382
f 376 375 383
f 375 384 383
f 375 382 384
f 384 385 383
f 377 378 218
f 378 217 218
f 378 386 217
f 377 218 219
f 377 219 380
f 380 219 220
f 380 220 381
f 381 220 212
f 221 382 216
f 382 221 222
f 382 222 384
f 387 385 384
f 222 387 384
f 223 387 222
f 388 223 225
f 388 387 223
f 389 225 227
f 389 388 225
f 391 390 229
f 390 227 229
f 390 389 227
f 391 392 390
f 394 231 393
f 231 386 393
f 231 217 386
f 395 394 393
f 232 391 229
f 396 392 391
f 232 396 391
f 233 396 232
f 398 397 234
f 397 233 234
f 397 396 233
f 398 399 397
f 401 400 394
f 400 231 394
f 400 236 231
f 401 394 395
f 237 398 234
f 403 402 238
f 238 402 237
f 402 399 237
f 399 398 237
f 403 404 402
f 400 405 236
f 236 405 239
f 407 406 240
f 239 407 240
f 405 407 239
f 408 406 407
f 241 403 238
f 241 243 403
f 243 404 403
f 243 409 404
f 406 244 240
f 408 410 406
f 410 244 406
f 410 246 244
f 247 246 410
f 247 410 411
f 249 413 412
f 409 249 412
f 243 249 409
f 413 414 412
f 411 415 247
f 247 415 250
f 251 250 415
f 251 415 416
f 254 417 255
f 417 418 255
f 255 418 249
f 418 419 249
f 419 413 249
f 413 419 414
f 422 421 420
f 424 423 420
f 420 423 422
f 257 258 424
f 258 423 424
f 258 425 423
f 427 426 259
f 426 258 259
f 426 425 258
f 427 428 426
f 416 429 251
f 251 429 260
f 429 431 430
f 261 429 430
f 260 429 261
f 430 262 261
f 265 432 266
f 433 267 266
f 433 266 432
f 433 434 267
f 267 434 254
f 434 435 254
f 435 417 254
f 417 435 418
f 438 437 436
f 438 436 421
f 421 436 420
f 436 269 420
f 269 270 420
f 420 270 271
f 420 271 424
f 424 271 257
f 274 439 427
f 274 427 259
f 428 427 440
f 427 441 440
f 427 439 441
f 441 442 440
f 431 443 430
f 430 443 262
f 443 275 262
f 443 444 275
f 275 445 276
f 444 445 275
f 276 446 277
f 445 446 276
f 277 447 278
f 446 447 277
f 278 448 279
f 447 448 278
f 265 279 432
f 279 449 432
f 279 448 449
f 432 449 433
f 433 449 450
f 433 450 434
f 436 437 451
f 451 437 452
f 451 281 269
f 451 269 436
f 282 453 283
f 453 285 283
f 286 454 439
f 286 439 274
f 439 455 441
f 439 454 455
f 442 441 456
f 456 441 455
f 459 458 457
f 459 457 452
f 457 451 452
f 457 460 451
f 460 288 281
f 460 281 451
f 289 461 453
f 289 453 282
f 462 290 285
f 453 462 285
f 461 462 453
f 454 286 290
f 462 454 290
f 463 454 462
f 454 464 455
f 454 463 464
f 456 455 465
f 455 466 465
f 455 464 466
f 468 467 466
f 466 467 465
f 470 469 468
f 468 469 467
f 470 471 469
f 474 473 472
f 474 472 458
f 472 457 458
f 472 475 457
f 457 476 460
f 457 475 476
f 477 291 288
f 460 477 288
f 476 477 460
f 461 289 291
f 477 461 291
f 478 461 477
f 461 479 462
f 461 478 479
f 462 480 463
f 462 479 480
f 463 481 464
f 463 480 481
f 464 482 466
f 464 481 482
f 466 483 468
f 466 482 483
f 468 484 470
f 468 483 484
f 471 470 485
f 485 470 484
f 488 487 486
f 488 486 473
f 486 472 473
f 486 489 472
f 472 490 475
f 472 489 490
f 475 491 476
f 475 490 491
f 476 492 477
f 476 491 492
f 492 293 294
f 478 492 294
f 477 492 478
f 478 294 295
f 478 295 479
f 479 295 297
f 479 297 480
f 480 297 299
f 480 299 481
f 481 299 301
f 481 301 482
f 482 301 303
f 482 303 483
f 484 483 493
f 483 305 493
f 305 494 493
f 305 483 303
f 484 493 485
f 497 496 495
f 497 495 487
f 495 486 487
f 495 498 486
f 486 499 489
f 486 498 499
f 489 500 490
f 489 499 500
f 500 307 308
f 491 500 308
f 490 500 491
f 491 308 309
f 491 309 492
f 492 309 293
f 503 502 501
f 502 494 501
f 494 314 501
f 494 305 314
f 506 505 504
f 508 507 504
f 504 507 506
f 507 508 496
f 508 495 496
f 508 509 495
f 495 510 498
f 495 509 510
f 510 316 317
f 499 510 317
f 498 510 499
f 499 317 318
f 499 318 500
f 500 318 307
f 511 503 501
f 501 314 511
f 314 512 511
f 314 322 512
f 504 505 513
f 513 505 514
f 504 515 508
f 504 513 515
f 508 516 509
f 508 515 516
f 516 324 325
f 510 516 325
f 509 516 510
f 510 325 316
f 334 512 322
f 334 517 512
f 520 519 518
f 520 518 514
f 518 513 514
f 518 521 513
f 513 522 515
f 513 521 522
f 515 523 516
f 515 522 523
f 524 335 324
f 516 524 324
f 523 524 516
f 524 337 335
f 347 517 334
f 347 525 517
f 519 526 518
f 528 527 526
f 527 518 526
f 527 521 518
f 521 529 522
f 521 527 529
f 522 530 523
f 522 529 530
f 523 531 524
f 523 530 531
f 532 348 337
f 524 532 337
f 531 532 524
f 533 349 348
f 533 348 532
f 534 350 349
f 534 349 533
f 535 351 350
f 535 350 534
f 535 353 351
f 537 536 359
f 537 359 358
f 347 359 525
f 525 359 536
f 528 538 527
f 540 539 538
f 539 527 538
f 539 529 527
f 529 541 530
f 529 539 541
f 530 542 531
f 530 541 542
f 531 543 532
f 531 542 543
f 532 544 533
f 532 543 544
f 533 545 534
f 533 544 545
f 534 546 535
f 534 545 546
f 547 360 353
f 535 547 353
f 546 547 535
f 548 361 360
f 548 360 547
f 549 362 361
f 549 361 548
f 550 363 362
f 550 362 549
f 363 550 551
f 552 363 551
f 364 363 552
f 358 364 537
f 537 364 552
f 540 553 539
f 539 553 541
f 541 553 554
f 541 554 542
f 542 554 555
f 542 555 543
f 543 555 556
f 543 556 544
f 544 556 557
f 544 557 545
f 545 557 558
f 545 558 546
f 546 558 559
f 561 560 559
f 560 546 559
f 560 547 546
f 547 562 548
f 547 560 562
f 564 549 563
f 549 562 563
f 549 548 562
f 549 564 550
f 550 564 565
f 550 565 551
f 561 566 560
f 560 566 562
f 562 566 567
f 562 567 563
f 570 569 568
f 572 571 568
f 568 571 570
f 574 573 572
f 572 573 571
f 576 575 574
f 574 575 573
f 576 577 575
f 580 579 578
f 366 367 578
f 367 580 578
f 367 581 580
f 368 568 569
f 581 368 569
f 367 368 581
f 568 368 370
f 568 370 572
f 572 370 372
f 572 372 574
f 574 372 374
f 574 374 576
f 583 582 376
f 376 582 374
f 582 577 374
f 577 576 374
f 585 584 583
f 583 584 582
f 585 586 584
f 578 579 379
f 579 378 379
f 579 587 378
f 578 379 366
f 383 583 376
f 583 383 385
f 588 583 385
f 585 583 588
f 586 585 589
f 585 590 589
f 585 588 590
f 592 591 590
f 590 591 589
f 594 593 592
f 592 593 591
f 594 595 593
f 587 386 378
f 596 386 587
f 387 588 385
f 588 387 388
f 588 388 590
f 590 388 389
f 590 389 592
f 592 389 390
f 592 390 594
f 598 597 392
f 392 597 390
f 597 595 390
f 595 594 390
f 598 599 597
f 393 386 600
f 386 601 600
f 386 596 601
f 600 395 393
f 396 598 392
f 602 599 598
f 396 602 598
f 397 602 396
f 397 399 602
f 602 399 603
f 605 604 601
f 604 400 601
f 401 600 601
f 401 601 400
f 401 395 600
f 604 605 606
f 607 603 399
f 607 399 402
f 402 404 607
f 607 404 608
f 604 405 400
f 407 405 604
f 609 407 604
f 606 609 604
f 610 407 609
f 610 408 407
f 409 612 611
f 608 409 611
f 404 409 608
f 612 613 611
f 609 614 610
f 610 614 408
f 614 410 408
f 614 615 410
f 411 410 615
f 411 615 616
f 412 612 409
f 412 414 612
f 414 613 612
f 414 617 613
f 616 618 411
f 411 618 415
f 416 415 618
f 416 618 619
f 418 620 419
f 617 414 621
f 414 620 621
f 620 622 621
f 414 419 620
f 622 623 621
f 625 624 422
f 422 624 421
f 626 422 423
f 626 625 422
f 627 423 425
f 627 626 423
f 628 425 426
f 628 627 425
f 426 428 628
f 628 428 629
f 619 630 416
f 416 630 429
f 431 429 630
f 431 630 631
f 434 632 435
f 620 418 435
f 632 620 435
f 633 620 632
f 635 622 634
f 622 633 634
f 622 620 633
f 622 635 623
f 638 637 636
f 437 438 636
f 438 638 636
f 438 639 638
f 438 421 624
f 438 624 639
f 640 629 428
f 640 428 440
f 642 641 442
f 641 440 442
f 641 640 440
f 642 643 641
f 631 644 431
f 431 644 443
f 443 645 444
f 644 645 443
f 645 647 646
f 445 645 646
f 444 645 445
f 648 446 445
f 648 445 646
f 649 447 446
f 649 446 648
f 650 448 447
f 650 447 649
f 651 449 448
f 651 448 650
f 449 651 652
f 653 449 652
f 450 449 653
f 434 450 632
f 450 654 632
f 450 653 654
f 632 654 633
f 633 654 655
f 633 655 634
f 658 657 656
f 658 656 637
f 656 636 637
f 656 659 636
f 659 452 437
f 659 437 636
f 456 660 642
f 456 642 442
f 643 642 661
f 642 662 661
f 642 660 662
f 664 663 662
f 662 663 661
f 666 665 664
f 664 665 663
f 668 667 666
f 666 667 665
f 668 669 667
f 647 670 646
f 646 670 648
f 648 670 671
f 648 671 649
f 649 671 672
f 649 672 650
f 650 672 673
f 650 673 651
f 651 673 674
f 651 674 652
f 677 676 675
f 679 678 675
f 675 678 677
f 678 679 657
f 679 656 657
f 679 680 656
f 680 458 459
f 659 680 459
f 656 680 659
f 659 459 452
f 465 660 456
f 660 465 467
f 660 467 662
f 662 467 469
f 662 469 664
f 664 469 471
f 681 664 471
f 666 664 681
f 666 682 668
f 666 681 682
f 669 668 683
f 683 668 682
f 675 676 684
f 684 676 685
f 675 686 679
f 675 684 686
f 686 473 474
f 680 686 474
f 679 686 680
f 680 474 458
f 485 687 681
f 485 681 471
f 689 682 688
f 682 687 688
f 682 681 687
f 682 689 683
f 692 691 690
f 690 693 692
f 696 695 694
f 698 697 694
f 694 697 696
f 697 698 685
f 698 684 685
f 698 699 684
f 699 487 488
f 686 699 488
f 684 699 686
f 686 488 473
f 701 700 493
f 701 493 494
f 485 493 687
f 493 702 687
f 493 700 702
f 687 702 688
f 691 703 690
f 690 703 693
f 706 705 704
f 706 704 695
f 704 694 695
f 704 707 694
f 694 708 698
f 694 707 708
f 708 496 497
f 699 708 497
f 698 708 699
f 699 497 487
f 503 709 502
f 709 710 502
f 710 494 502
f 710 701 494
f 713 712 711
f 713 711 705
f 711 704 705
f 711 714 704
f 714 505 506
f 707 714 506
f 704 714 707
f 707 506 507
f 707 507 708
f 708 507 496
f 511 709 503
f 511 512 709
f 512 710 709
f 512 715 710
f 711 712 716
f 716 712 717
f 711 718 714
f 711 716 718
f 718 514 505
f 718 505 714
f 517 715 512
f 517 719 715
f 716 717 720
f 720 717 721
f 720 519 520
f 718 720 520
f 716 720 718
f 718 520 514
f 525 719 517
f 525 722 719
f 720 721 723
f 723 721 724
f 725 526 519
f 720 725 519
f 723 725 720
f 725 528 526
f 727 726 536
f 727 536 537
f 525 536 722
f 722 536 726
f 724 728 723
f 730 729 728
f 729 723 728
f 729 725 723
f 731 538 528
f 725 731 528
f 729 731 725
f 731 540 538
f 733 732 552
f 733 552 551
f 537 552 727
f 727 552 732
f 730 734 729
f 736 735 734
f 735 729 734
f 735 731 729
f 737 553 540
f 731 737 540
f 735 737 731
f 738 554 553
f 738 553 737
f 739 555 554
f 739 554 738
f 740 556 555
f 740 555 739
f 741 557 556
f 741 556 740
f 742 558 557
f 742 557 741
f 743 559 558
f 743 558 742
f 743 561 559
f 563 744 564
f 564 744 745
f 746 564 745
f 565 564 746
f 551 565 733
f 733 565 746
f 736 747 735
f 735 747 737
f 737 747 748
f 737 748 738
f 738 748 749
f 738 749 739
f 739 749 750
f 752 751 750
f 751 739 750
f 751 740 739
f 740 753 741
f 740 751 753
f 741 754 742
f 741 753 754
f 742 755 743
f 742 754 755
f 756 566 561
f 743 756 561
f 755 756 743
f 757 567 566
f 757 566 756
f 757 758 567
f 567 758 563
f 758 759 563
f 759 744 563
f 744 759 745
f 752 760 751
f 751 760 753
f 753 760 761
f 753 761 754
f 754 761 762
f 754 762 755
f 755 762 763
f 755 763 756
f 756 763 764
f 756 764 757
f 757 764 765
f 757 765 758
f 767 766 570
f 570 766 569
f 768 570 571
f 768 767 570
f 769 571 573
f 769 768 571
f 770 573 575
f 770 769 573
f 772 771 577
f 771 575 577
f 771 770 575
f 774 773 772
f 772 773 771
f 776 775 774
f 774 775 773
f 778 777 776
f 776 777 775
f 778 779 777
f 781 780 580
f 580 780 579
f 782 580 581
f 782 781 580
f 581 569 766
f 581 766 782
f 582 772 577
f 772 582 584
f 772 584 774
f 774 584 586
f 783 774 586
f 776 774 783
f 776 784 778
f 776 783 784
f 779 778 785
f 778 786 785
f 778 784 786
f 786 787 785
f 780 587 579
f 788 587 780
f 589 783 586
f 783 589 591
f 783 591 784
f 784 591 593
f 784 593 786
f 790 789 595
f 595 789 593
f 789 787 593
f 787 786 593
f 790 791 789
f 788 596 587
f 792 596 788
f 597 790 595
f 794 793 599
f 599 793 597
f 793 791 597
f 791 790 597
f 794 795 793
f 792 601 596
f 796 601 792
f 602 794 599
f 798 797 603
f 603 797 602
f 797 795 602
f 795 794 602
f 798 799 797
f 605 601 800
f 601 801 800
f 601 796 801
f 800 606 605
f 607 798 603
f 803 802 608
f 608 802 607
f 802 799 607
f 799 798 607
f 803 804 802
f 801 805 800
f 609 606 800
f 806 609 800
f 805 806 800
f 609 806 807
f 808 807 806
f 611 803 608
f 810 809 613
f 613 809 611
f 809 804 611
f 804 803 611
f 810 811 809
f 807 614 609
f 808 812 807
f 812 614 807
f 812 615 614
f 616 615 812
f 616 812 813
f 617 814 810
f 617 810 613
f 811 810 815
f 810 816 815
f 810 814 816
f 816 817 815
f 813 818 616
f 616 818 618
f 619 618 818
f 619 818 819
f 621 814 617
f 814 621 623
f 820 814 623
f 816 814 820
f 817 816 821
f 821 816 820
f 824 823 822
f 624 625 822
f 625 824 822
f 625 825 824
f 826 625 626
f 826 825 625
f 827 626 627
f 827 826 626
f 828 627 628
f 828 827 627
f 628 629 828
f 828 629 829
f 819 830 619
f 619 830 630
f 631 630 830
f 631 830 831
f 634 832 635
f 820 623 635
f 832 820 635
f 833 820 832
f 821 820 834
f 834 820 833
f 837 836 835
f 637 638 835
f 638 837 835
f 638 838 837
f 639 822 823
f 838 639 823
f 638 639 838
f 822 639 624
f 839 829 629
f 839 629 640
f 840 640 641
f 840 839 640
f 641 643 840
f 840 643 841
f 831 842 631
f 631 842 644
f 644 843 645
f 842 843 644
f 647 645 843
f 647 843 844
f 652 845 653
f 846 654 653
f 846 653 845
f 847 655 654
f 847 654 846
f 832 634 655
f 847 832 655
f 848 832 847
f 850 833 849
f 833 848 849
f 833 832 848
f 833 850 834
f 853 852 851
f 853 851 836
f 836 851 835
f 851 657 835
f 657 658 835
f 835 658 637
f 854 841 643
f 854 643 661
f 855 661 663
f 855 854 661
f 856 663 665
f 856 855 663
f 857 665 667
f 857 856 665
f 859 858 669
f 858 667 669
f 858 857 667
f 861 860 859
f 859 860 858
f 861 862 860
f 844 863 647
f 647 863 670
f 863 865 864
f 671 863 864
f 670 863 671
f 866 672 671
f 866 671 864
f 867 673 672
f 867 672 866
f 868 674 673
f 868 673 867
f 845 652 674
f 868 845 674
f 869 845 868
f 871 846 870
f 846 869 870
f 846 845 869
f 846 871 847
f 847 871 872
f 847 872 848
f 848 872 873
f 848 873 849
f 876 875 874
f 676 677 874
f 677 876 874
f 677 877 876
f 678 851 852
f 877 678 852
f 677 678 877
f 851 678 657
f 683 878 859
f 683 859 669
f 880 861 879
f 861 878 879
f 861 859 878
f 861 880 862
f 865 881 864
f 883 882 881
f 882 864 881
f 882 866 864
f 866 884 867
f 866 882 884
f 867 885 868
f 867 884 885
f 887 869 886
f 869 885 886
f 869 868 885
f 869 887 870
f 890 889 888
f 890 888 875
f 888 874 875
f 888 891 874
f 891 685 676
f 891 676 874
f 893 892 689
f 893 689 688
f 683 689 878
f 689 894 878
f 689 892 894
f 878 894 879
f 897 896 895
f 897 895 883
f 895 882 883
f 895 898 882
f 898 691 692
f 884 898 692
f 882 898 884
f 885 884 899
f 884 693 899
f 693 900 899
f 693 884 692
f 885 899 886
f 903 902 901
f 905 904 901
f 901 904 903
f 904 905 889
f 889 905 888
f 905 695 888
f 695 696 888
f 888 696 697
f 888 697 891
f 891 697 685
f 907 906 700
f 907 700 701
f 700 908 702
f 906 908 700
f 688 702 893
f 893 702 908
f 896 909 895
f 895 909 898
f 898 909 910
f 898 910 691
f 910 703 691
f 910 911 703
f 693 703 900
f 900 703 911
f 901 902 912
f 912 902 913
f 912 705 706
f 905 912 706
f 901 912 905
f 905 706 695
f 916 915 914
f 915 907 914
f 907 710 914
f 907 701 710
f 912 913 713
f 913 712 713
f 913 917 712
f 912 713 705
f 916 914 918
f 916 918 919
f 715 918 710
f 710 918 914
f 917 717 712
f 920 717 917
f 919 918 921
f 919 921 922
f 719 921 715
f 715 921 918
f 920 721 717
f 923 721 920
f 926 925 924
f 924 925 922
f 921 924 922
f 927 924 921
f 722 927 719
f 719 927 921
f 923 724 721
f 928 724 923
f 926 924 929
f 926 929 930
f 727 929 726
f 929 927 726
f 929 924 927
f 726 927 722
f 728 724 931
f 724 932 931
f 724 928 932
f 931 730 728
f 930 929 732
f 733 930 732
f 933 930 733
f 732 929 727
f 931 932 934
f 934 932 935
f 936 734 730
f 931 936 730
f 934 936 931
f 936 736 734
f 938 937 746
f 938 746 745
f 733 746 933
f 933 746 937
f 935 939 934
f 941 940 939
f 940 934 939
f 940 936 934
f 942 747 736
f 936 942 736
f 940 942 936
f 943 748 747
f 943 747 942
f 944 749 748
f 944 748 943
f 945 750 749
f 945 749 944
f 945 752 750
f 758 946 759
f 946 947 759
f 947 745 759
f 947 938 745
f 941 948 940
f 940 948 942
f 942 948 949
f 951 950 949
f 950 942 949
f 950 943 942
f 943 952 944
f 943 950 952
f 944 953 945
f 944 952 953
f 954 760 752
f 945 954 752
f 953 954 945
f 955 761 760
f 955 760 954
f 956 762 761
f 956 761 955
f 957 763 762
f 957 762 956
f 958 764 763
f 958 763 957
f 959 765 764
f 959 764 958
f 959 960 765
f 765 960 758
f 960 961 758
f 961 946 758
f 946 961 947
f 951 962 950
f 950 962 952
f 952 962 963
f 952 963 953
f 953 963 964
f 953 964 954
f 954 964 965
f 954 965 955
f 955 965 966
f 955 966 956
f 956 966 967
f 956 967 957
f 957 967 968
f 957 968 958
f 958 968 969
f 958 969 959
f 959 969 970
f 959 970 960
f 972 971 767
f 767 971 766
f 973 767 768
f 973 972 767
f 974 768 769
f 974 973 768
f 975 769 770
f 975 974 769
f 976 770 771
f 976 975 770
f 977 771 773
f 977 976 771
f 978 773 775
f 978 977 773
f 979 775 777
f 979 978 775
f 981 980 779
f 980 777 779
f 980 979 777
f 981 982 980
f 983 780 781
f 983 781 984
f 781 985 984
f 781 782 985
f 782 766 971
f 782 971 985
f 785 981 779
f 987 986 787
f 787 986 785
f 986 982 785
f 982 981 785
f 987 988 986
f 990 989 983
f 989 780 983
f 989 788 780
f 990 983 984
f 789 987 787
f 992 991 791
f 791 991 789
f 991 988 789
f 988 987 789
f 994 993 992
f 992 993 991
f 994 995 993
f 989 792 788
f 996 792 989
f 793 992 791
f 992 793 795
f 997 992 795
f 994 992 997
f 995 994 998
f 998 994 997
f 996 796 792
f 999 796 996
f 797 997 795
f 1001 1000 799
f 799 1000 797
f 1000 998 797
f 998 997 797
f 1001 1002 1000
f 999 801 796
f 1003 801 999
f 802 1001 799
f 1005 1004 804
f 804 1004 802
f 1004 1002 802
f 1002 1001 802
f 1005 1006 1004
f 1003 1007 801
f 801 1007 805
f 805 1008 806
f 1007 1008 805
f 808 806 1008
f 808 1008 1009
f 809 1005 804
f 1011 1010 811
f 811 1010 809
f 1010 1006 809
f 1006 1005 809
f 1011 1012 1010
f 1009 1013 808
f 808 1013 812
f 1015 1014 813
f 812 1015 813
f 1013 1015 812
f 1016 1014 1015
f 815 1011 811
f 1018 1017 817
f 817 1017 815
f 1017 1012 815
f 1012 1011 815
f 1018 1019 1017
f 1014 818 813
f 819 818 1014
f 1016 819 1014
f 1020 819 1016
f 821 1021 1018
f 821 1018 817
f 1019 1018 1022
f 1022 1018 1021
f 1025 1024 1023
f 823 824 1023
f 824 1025 1023
f 824 1026 1025
f 1027 824 825
f 1027 1026 824
f 1028 825 826
f 1028 1027 825
f 1029 826 827
f 1029 1028 826
f 1031 1029 1030
f 1029 828 1030
f 1029 827 828
f 829 1030 828
f 1020 1032 819
f 819 1032 830
f 831 830 1032
f 831 1032 1033
f 834 1034 1021
f 834 1021 821
f 1022 1021 1035
f 1035 1021 1034
f 1038 1037 1036
f 1040 1039 1036
f 1036 1039 1038
f 836 837 1040
f 837 1039 1040
f 837 1041 1039
f 838 1023 1024
f 1041 838 1024
f 837 838 1041
f 1023 838 823
f 1042 1031 1030
f 1042 1030 829
f 839 1042 829
f 1043 1042 839
f 1045 1043 1044
f 1043 840 1044
f 1043 839 840
f 841 1044 840
f 1033 1046 831
f 831 1046 842
f 1046 1048 1047
f 843 1046 1047
f 842 1046 843
f 1047 844 843
f 849 1049 850
f 1034 834 850
f 1049 1034 850
f 1050 1034 1049
f 1035 1034 1051
f 1051 1034 1050
f 1036 1037 1052
f 1052 1037 1053
f 1052 852 853
f 1040 1052 853
f 1036 1052 1040
f 1040 853 836
f 1054 1045 1044
f 1054 1044 841
f 854 1054 841
f 1055 1054 854
f 1056 854 855
f 1056 1055 854
f 1057 855 856
f 1057 1056 855
f 1058 856 857
f 1058 1057 856
f 1059 857 858
f 1059 1058 857
f 1060 858 860
f 1060 1059 858
f 860 862 1060
f 1060 862 1061
f 1047 1048 1062
f 1062 1048 1063
f 1064 863 844
f 1047 1064 844
f 1062 1064 1047
f 1064 865 863
f 870 1065 871
f 1066 872 871
f 1066 871 1065
f 872 1066 1067
f 1068 872 1067
f 873 872 1068
f 849 873 1049
f 873 1069 1049
f 873 1068 1069
f 1049 1069 1050
f 1050 1069 1070
f 1050 1070 1051
f 1073 1072 1071
f 1075 1074 1071
f 1071 1074 1073
f 875 876 1075
f 876 1074 1075
f 876 1076 1074
f 877 1052 1053
f 1076 877 1053
f 876 877 1076
f 1052 877 852
f 1078 1077 880
f 1078 880 879
f 862 880 1061
f 1061 880 1077
f 1062 1063 1079
f 1079 1063 1080
f 1062 1081 1064
f 1062 1079 1081
f 1082 881 865
f 1064 1082 865
f 1081 1082 1064
f 1082 883 881
f 1084 1083 887
f 1084 887 886
f 870 887 1065
f 887 1085 1065
f 887 1083 1085
f 1065 1085 1066
f 1066 1085 1086
f 1066 1086 1067
f 1089 1088 1087
f 1089 1087 1072
f 1087 1071 1072
f 1087 1090 1071
f 1090 889 890
f 1075 1090 890
f 1071 1090 1075
f 1075 890 875
f 1093 1092 1091
f 892 893 1091
f 1092 892 1091
f 1094 892 1092
f 892 1095 894
f 1094 1095 892
f 879 894 1078
f 1078 894 1095
f 1080 1096 1079
f 1079 1096 1081
f 1081 1096 1097
f 1098 896 897
f 1081 1098 897
f 1082 1081 897
f 1097 1098 1081
f 883 1082 897
f 1101 1100 1099
f 1103 1102 1100
f 1103 1100 1101
f 899 900 1102
f 1103 899 1102
f 1104 899 1103
f 886 899 1084
f 1084 899 1104
f 1107 1106 1105
f 1107 1105 1088
f 1088 1105 1087
f 1105 902 1087
f 902 903 1087
f 1087 903 904
f 1087 904 1090
f 1090 904 889
f 1110 1109 1108
f 906 907 1108
f 1109 906 1108
f 1111 906 1109
f 1091 908 1093
f 908 1111 1093
f 908 906 1111
f 908 1091 893
f 1098 1112 896
f 896 1112 909
f 1100 910 1099
f 910 1112 1099
f 910 909 1112
f 910 1100 911
f 911 1100 1102
f 911 1102 900
f 1105 1106 1113
f 1113 1106 1114
f 1113 913 902
f 1113 902 1105
f 1117 1116 1115
f 1115 1116 1110
f 1115 1110 1108
f 916 1115 1108
f 915 916 1108
f 915 1108 907
f 1113 1114 1118
f 1118 1114 1119
f 1118 917 913
f 1118 913 1113
f 1117 1115 1120
f 1117 1120 1121
f 919 1120 916
f 916 1120 1115
f 1119 1122 1118
f 917 1118 1122
f 1123 917 1122
f 920 917 1123
f 1121 1120 1124
f 1121 1124 1125
f 922 1124 919
f 919 1124 1120
f 1128 1127 1126
f 1123 1128 1126
f 923 1123 1126
f 920 1123 923
f 1125 1124 925
f 926 1125 925
f 1129 1125 926
f 925 1124 922
f 1127 1130 1126
f 923 1126 1130
f 1131 923 1130
f 928 923 1131
f 1134 1133 1132
f 1133 1129 1132
f 1129 930 1132
f 1129 926 930
f 1131 932 928
f 1135 932 1131
f 1136 1134 1132
f 1132 930 1136
f 930 1137 1136
f 930 933 1137
f 1135 935 932
f 1138 935 1135
f 938 1139 937
f 1139 1140 937
f 1140 933 937
f 1140 1137 933
f 1138 1141 935
f 935 1141 939
f 941 939 1141
f 941 1141 1142
f 1144 1143 1139
f 938 1144 1139
f 947 1144 938
f 1139 1143 1140
f 1142 1145 941
f 941 1145 948
f 1145 1147 1146
f 949 1145 1146
f 948 1145 949
f 1146 951 949
f 960 1148 961
f 1148 1149 961
f 1149 947 961
f 1149 1144 947
f 1147 1150 1146
f 1150 1152 1151
f 1150 1151 962
f 1146 1150 962
f 951 1146 962
f 1153 963 962
f 1153 962 1151
f 1154 964 963
f 1154 963 1153
f 1155 965 964
f 1155 964 1154
f 1156 966 965
f 1156 965 1155
f 1157 967 966
f 1157 966 1156
f 1158 968 967
f 1158 967 1157
f 1159 969 968
f 1159 968 1158
f 1160 970 969
f 1160 969 1159
f 1160 1161 970
f 970 1161 960
f 1161 1162 960
f 1162 1148 960
f 1148 1162 1149
f 1152 1163 1151
f 1151 1163 1153
f 1153 1163 1164
f 1153 1164 1154
f 1154 1164 1165
f 1154 1165 1155
f 1155 1165 1166
f 1155 1166 1156
f 1156 1166 1167
f 1156 1167 1157
f 1157 1167 1168
f 1157 1168 1158
f 1158 1168 1169
f 1158 1169 1159
f 1159 1169 1170
f 1159 1170 1160
f 1160 1170 1171
f 1160 1171 1161
f 1173 1172 972
f 972 1172 971
f 1174 972 973
f 1174 1173 972
f 1175 973 974
f 1175 1174 973
f 1176 974 975
f 1176 1175 974
f 1177 975 976
f 1177 1176 975
f 1178 976 977
f 1178 1177 976
f 1179 977 978
f 1179 1178 977
f 1180 978 979
f 1180 1179 978
f 1181 979 980
f 1181 1180 979
f 1183 1182 982
f 1182 980 982
f 1182 1181 980
f 1183 1184 1182
f 1186 1185 985
f 985 1185 984
f 985 971 1172
f 985 1172 1186
f 986 1183 982
f 1188 1187 988
f 988 1187 986
f 1187 1184 986
f 1184 1183 986
f 1188 1189 1187
f 1191 1190 990
f 990 1190 989
f 990 984 1185
f 990 1185 1191
f 991 1188 988
f 1192 1189 1188
f 991 1192 1188
f 993 1192 991
f 993 995 1192
f 1192 995 1193
f 1196 1195 1194
f 1190 1196 1194
f 996 1190 1194
f 989 1190 996
f 998 1198 1197
f 1193 998 1197
f 995 998 1193
f 1198 1199 1197
f 1195 1200 1194
f 996 1194 1200
f 1201 996 1200
f 999 996 1201
f 1000 1198 998
f 1203 1202 1002
f 1002 1202 1000
f 1202 1199 1000
f 1199 1198 1000
f 1203 1204 1202
f 1201 1003 999
f 1205 1003 1201
f 1004 1203 1002
f 1207 1206 1006
f 1006 1206 1004
f 1206 1204 1004
f 1204 1203 1004
f 1207 1208 1206
f 1205 1209 1003
f 1003 1209 1007
f 1007 1210 1008
f 1209 1210 1007
f 1009 1008 1210
f 1009 1210 1211
f 1010 1207 1006
f 1213 1212 1012
f 1012 1212 1010
f 1212 1208 1010
f 1208 1207 1010
f 1213 1214 1212
f 1217 1216 1215
f 1215 1218 1217
f 1211 1219 1009
f 1009 1219 1013
f 1219 1221 1220
f 1015 1219 1220
f 1013 1219 1015
f 1220 1016 1015
f 1017 1213 1012
f 1223 1222 1019
f 1019 1222 1017
f 1222 1214 1017
f 1214 1213 1017
f 1223 1224 1222
f 1227 1226 1225
f 1229 1228 1225
f 1228 1215 1225
f 1216 1227 1225
f 1216 1225 1215
f 1228 1230 1215
f 1230 1231 1215
f 1232 1218 1215
f 1232 1215 1231
f 1231 1233 1232
f 1236 1235 1234
f 1234 1237 1236
f 1221 1238 1220
f 1016 1220 1238
f 1239 1016 1238
f 1020 1016 1239
f 1022 1240 1223
f 1022 1223 1019
f 1224 1223 1241
f 1223 1242 1241
f 1223 1240 1242
f 1242 1243 1241
f 1246 1245 1244
f 1248 1247 1244
f 1244 1247 1246
f 1247 1248 1226
f 1226 1248 1225
f 1248 1024 1225
f 1024 1025 1225
f 1249 1229 1225
f 1025 1249 1225
f 1026 1249 1025
f 1027 1231 1230
f 1249 1027 1230
f 1026 1027 1249
f 1250 1233 1231
f 1027 1250 1231
f 1028 1250 1027
f 1029 1234 1235
f 1250 1029 1235
f 1028 1029 1250
f 1252 1251 1031
f 1031 1251 1029
f 1251 1237 1029
f 1237 1234 1029
f 1252 1253 1251
f 1032 1020 1254
f 1020 1255 1254
f 1020 1239 1255
f 1254 1033 1032
f 1035 1256 1240
f 1035 1240 1022
f 1240 1257 1242
f 1240 1256 1257
f 1243 1242 1258
f 1258 1242 1257
f 1260 1259 1038
f 1038 1259 1037
f 1039 1244 1245
f 1260 1039 1245
f 1038 1039 1260
f 1244 1039 1041
f 1244 1041 1248
f 1248 1041 1024
f 1042 1252 1031
f 1042 1043 1252
f 1043 1261 1252
f 1261 1253 1252
f 1043 1262 1261
f 1045 1262 1043
f 1255 1263 1254
f 1263 1265 1264
f 1263 1264 1046
f 1254 1263 1046
f 1033 1254 1046
f 1264 1048 1046
f 1051 1266 1256
f 1051 1256 1035
f 1268 1257 1267
f 1257 1266 1267
f 1257 1256 1266
f 1257 1268 1258
f 1271 1270 1269
f 1273 1272 1269
f 1269 1272 1271
f 1275 1274 1273
f 1273 1274 1272
f 1277 1276 1275
f 1275 1276 1274
f 1259 1276 1277
f 1053 1259 1277
f 1037 1259 1053
f 1278 1261 1262
f 1280 1278 1279
f 1279 1278 1054
f 1278 1262 1054
f 1262 1045 1054
f 1055 1281 1054
f 1054 1281 1279
f 1056 1282 1055
f 1055 1282 1281
f 1057 1283 1056
f 1056 1283 1282
f 1058 1284 1057
f 1057 1284 1283
f 1059 1285 1058
f 1058 1285 1284
f 1060 1286 1059
f 1059 1286 1285
f 1061 1286 1060
f 1264 1265 1287
f 1287 1265 1288
f 1287 1063 1048
f 1287 1048 1264
f 1067 1289 1068
f 1068 1289 1290
f 1291 1068 1290
f 1069 1068 1291
f 1069 1292 1070
f 1291 1292 1069
f 1051 1070 1266
f 1070 1293 1266
f 1070 1292 1293
f 1266 1293 1267
f 1296 1295 1294
f 1296 1294 1270
f 1294 1269 1270
f 1294 1297 1269
f 1297 1072 1073
f 1273 1297 1073
f 1269 1297 1273
f 1273 1073 1074
f 1273 1074 1275
f 1275 1074 1076
f 1275 1076 1277
f 1277 1076 1053
f 1280 1279 1298
f 1280 1298 1299
f 1300 1279 1281
f 1298 1279 1300
f 1301 1281 1282
f 1300 1281 1301
f 1302 1282 1283
f 1301 1282 1302
f 1303 1283 1284
f 1302 1283 1303
f 1304 1284 1285
f 1303 1284 1304
f 1078 1304 1077
f 1304 1286 1077
f 1304 1285 1286
f 1077 1286 1061
f 1287 1288 1305
f 1305 1288 1306
f 1305 1080 1063
f 1305 1063 1287
f 1084 1307 1083
f 1083 1307 1308
f 1309 1083 1308
f 1085 1083 1309
f 1085 1310 1086
f 1309 1310 1085
f 1067 1086 1289
f 1086 1311 1289
f 1086 1310 1311
f 1289 1311 1290
f 1294 1295 1312
f 1312 1295 1313
f 1312 1088 1089
f 1297 1312 1089
f 1294 1312 1297
f 1297 1089 1072
f 1316 1315 1314
f 1314 1315 1299
f 1298 1314 1299
f 1317 1314 1298
f 1318 1298 1300
f 1317 1298 1318
f 1319 1300 1301
f 1318 1300 1319
f 1093 1319 1092
f 1319 1302 1092
f 1319 1301 1302
f 1092 1302 1094
f 1094 1302 1303
f 1094 1303 1095
f 1095 1303 1304
f 1095 1304 1078
f 1306 1320 1305
f 1305 1320 1080
f 1320 1096 1080
f 1320 1321 1096
f 1096 1322 1097
f 1321 1322 1096
f 1098 1097 1322
f 1098 1322 1323
f 1325 1324 1101
f 1325 1101 1099
f 1101 1326 1103
f 1324 1326 1101
f 1103 1327 1104
f 1326 1327 1103
f 1084 1104 1307
f 1104 1328 1307
f 1104 1327 1328
f 1307 1328 1308
f 1312 1313 1107
f 1313 1106 1107
f 1313 1329 1106
f 1312 1107 1088
f 1332 1331 1330
f 1334 1333 1330
f 1334 1330 1331
f 1336 1335 1333
f 1336 1333 1334
f 1337 1335 1336
f 1338 1316 1314
f 1340 1339 1338
f 1314 1340 1338
f 1317 1340 1314
f 1110 1340 1109
f 1340 1318 1109
f 1340 1317 1318
f 1109 1318 1111
f 1111 1318 1319
f 1111 1319 1093
f 1323 1341 1098
f 1098 1341 1112
f 1099 1112 1325
f 1325 1112 1341
f 1329 1114 1106
f 1342 1114 1329
f 1332 1330 1343
f 1332 1343 1344
f 1345 1330 1333
f 1343 1330 1345
f 1335 1347 1346
f 1345 1335 1346
f 1333 1335 1345
f 1347 1335 1337
f 1350 1349 1348
f 1348 1349 1339
f 1348 1339 1340
f 1117 1348 1340
f 1116 1117 1340
f 1116 1340 1110
f 1342 1119 1114
f 1351 1119 1342
f 1352 1344 1343
f 1352 1343 1345
f 1352 1345 1353
f 1353 1345 1346
f 1350 1348 1354
f 1350 1354 1355
f 1121 1354 1117
f 1117 1354 1348
f 1351 1356 1119
f 1119 1356 1122
f 1123 1122 1356
f 1123 1356 1357
f 1360 1359 1358
f 1362 1361 1358
f 1362 1358 1359
f 1361 1362 1355
f 1354 1361 1355
f 1363 1361 1354
f 1125 1363 1121
f 1121 1363 1354
f 1364 1127 1128
f 1365 1364 1128
f 1123 1365 1128
f 1357 1365 1123
f 1366 1360 1358
f 1368 1367 1366
f 1358 1368 1366
f 1361 1368 1358
f 1369 1361 1363
f 1368 1361 1369
f 1129 1369 1125
f 1125 1369 1363
f 1364 1130 1127
f 1131 1130 1364
f 1365 1131 1364
f 1370 1131 1365
f 1373 1372 1371
f 1371 1372 1367
f 1368 1371 1367
f 1374 1371 1368
f 1134 1374 1133
f 1374 1369 1133
f 1374 1368 1369
f 1133 1369 1129
f 1370 1135 1131
f 1375 1135 1370
f 1376 1373 1371
f 1376 1371 1374
f 1376 1374 1377
f 1379 1377 1378
f 1378 1377 1136
f 1377 1374 1136
f 1374 1134 1136
f 1137 1378 1136
f 1375 1138 1135
f 1380 1138 1375
f 1379 1378 1381
f 1379 1381 1382
f 1140 1381 1137
f 1137 1381 1378
f 1380 1383 1138
f 1138 1383 1141
f 1142 1141 1383
f 1142 1383 1384
f 1382 1381 1143
f 1144 1382 1143
f 1385 1382 1144
f 1143 1381 1140
f 1145 1142 1386
f 1142 1387 1386
f 1142 1384 1387
f 1386 1147 1145
f 1149 1385 1144
f 1149 1388 1385
f 1387 1389 1386
f 1389 1391 1390
f 1389 1390 1150
f 1386 1389 1150
f 1147 1386 1150
f 1390 1152 1150
f 1393 1392 1162
f 1393 1162 1161
f 1149 1162 1388
f 1388 1162 1392
f 1391 1394 1390
f 1394 1396 1395
f 1394 1395 1163
f 1390 1394 1163
f 1152 1390 1163
f 1397 1164 1163
f 1397 1163 1395
f 1398 1165 1164
f 1398 1164 1397
f 1399 1166 1165
f 1399 1165 1398
f 1400 1167 1166
f 1400 1166 1399
f 1401 1168 1167
f 1401 1167 1400
f 1402 1169 1168
f 1402 1168 1401
f 1403 1170 1169
f 1403 1169 1402
f 1170 1403 1404
f 1405 1170 1404
f 1171 1170 1405
f 1161 1171 1393
f 1393 1171 1405
f 1396 1406 1395
f 1395 1406 1397
f 1397 1406 1407
f 1397 1407 1398
f 1398 1407 1408
f 1398 1408 1399
f 1399 1408 1409
f 1399 1409 1400
f 1400 1409 1410
f 1400 1410 1401
f 1401 1410 1411
f 1401 1411 1402
f 1402 1411 1412
f 1402 1412 1403
f 1403 1412 1413
f 1403 1413 1404
f 1415 1414 1173
f 1173 1414 1172
f 1416 1173 1174
f 1416 1415 1173
f 1417 1174 1175
f 1417 1416 1174
f 1418 1175 1176
f 1418 1417 1175
f 1419 1176 1177
f 1419 1418 1176
f 1420 1177 1178
f 1420 1419 1177
f 1421 1178 1179
f 1421 1420 1178
f 1422 1179 1180
f 1422 1421 1179
f 1423 1180 1181
f 1423 1422 1180
f 1425 1423 1424
f 1423 1182 1424
f 1423 1181 1182
f 1184 1424 1182
f 1428 1427 1426
f 1185 1186 1426
f 1186 1428 1426
f 1186 1429 1428
f 1186 1172 1414
f 1186 1414 1429
f 1430 1425 1424
f 1430 1424 1184
f 1187 1430 1184
f 1431 1430 1187
f 1187 1189 1431
f 1431 1189 1432
f 1426 1427 1191
f 1427 1190 1191
f 1427 1433 1190
f 1426 1191 1185
f 1434 1432 1189
f 1434 1189 1192
f 1436 1435 1193
f 1435 1192 1193
f 1435 1434 1192
f 1436 1437 1435
f 1439 1438 1196
f 1196 1438 1195
f 1196 1190 1433
f 1196 1433 1439
f 1197 1436 1193
f 1441 1440 1199
f 1199 1440 1197
f 1440 1437 1197
f 1437 1436 1197
f 1443 1442 1441
f 1441 1442 1440
f 1443 1444 1442
f 1438 1445 1195
f 1195 1445 1200
f 1201 1200 1445
f 1201 1445 1446
f 1202 1441 1199
f 1441 1202 1204
f 1447 1441 1204
f 1443 1441 1447
f 1444 1443 1448
f 1443 1449 1448
f 1443 1447 1449
f 1449 1450 1448
f 1446 1205 1201
f 1451 1205 1446
f 1206 1447 1204
f 1447 1206 1208
f 1452 1447 1208
f 1449 1447 1452
f 1450 1449 1453
f 1449 1454 1453
f 1449 1452 1454
f 1454 1455 1453
f 1451 1456 1205
f 1205 1456 1209
f 1456 1458 1457
f 1210 1456 1457
f 1209 1456 1210
f 1457 1211 1210
f 1212 1452 1208
f 1452 1212 1214
f 1459 1452 1214
f 1454 1452 1459
f 1455 1454 1460
f 1454 1461 1460
f 1454 1459 1461
f 1461 1462 1460
f 1465 1464 1463
f 1216 1217 1463
f 1217 1465 1463
f 1217 1466 1465
f 1468 1467 1218
f 1467 1217 1218
f 1467 1466 1217
f 1470 1469 1468
f 1468 1469 1467
f 1472 1471 1470
f 1470 1471 1469
f 1472 1473 1471
f 1458 1474 1457
f 1474 1476 1475
f 1474 1475 1219
f 1457 1474 1219
f 1211 1457 1219
f 1475 1221 1219
f 1222 1459 1214
f 1459 1222 1224
f 1477 1459 1224
f 1461 1459 1477
f 1462 1461 1478
f 1478 1461 1477
f 1481 1480 1479
f 1483 1482 1479
f 1479 1482 1481
f 1482 1483 1464
f 1464 1483 1463
f 1483 1226 1463
f 1226 1227 1463
f 1216 1463 1227
f 1228 1229 1484
f 1232 1468 1218
f 1230 1228 1484
f 1468 1232 1233
f 1485 1468 1233
f 1470 1468 1485
f 1485 1235 1236
f 1472 1485 1236
f 1470 1485 1472
f 1236 1237 1472
f 1237 1473 1472
f 1237 1486 1473
f 1475 1476 1487
f 1487 1476 1488
f 1489 1238 1221
f 1475 1489 1221
f 1487 1489 1475
f 1489 1239 1238
f 1241 1477 1224
f 1491 1490 1243
f 1243 1490 1241
f 1490 1478 1241
f 1478 1477 1241
f 1491 1492 1490
f 1495 1494 1493
f 1495 1493 1480
f 1480 1493 1479
f 1493 1245 1479
f 1245 1246 1479
f 1479 1246 1247
f 1479 1247 1483
f 1483 1247 1226
f 1249 1484 1229
f 1484 1249 1230
f 1250 1485 1233
f 1485 1250 1235
f 1237 1251 1496
f 1497 1237 1496
f 1486 1237 1497
f 1253 1496 1251
f 1488 1498 1487
f 1500 1499 1498
f 1499 1487 1498
f 1499 1489 1487
f 1499 1255 1239
f 1499 1239 1489
f 1258 1501 1491
f 1258 1491 1243
f 1492 1491 1502
f 1491 1503 1502
f 1491 1501 1503
f 1505 1504 1503
f 1503 1504 1502
f 1507 1506 1505
f 1505 1506 1504
f 1509 1508 1507
f 1507 1508 1506
f 1508 1509 1494
f 1494 1509 1493
f 1509 1259 1493
f 1259 1260 1493
f 1493 1260 1245
f 1497 1496 1510
f 1497 1510 1511
f 1261 1510 1253
f 1253 1510 1496
f 1500 1512 1499
f 1512 1514 1513
f 1512 1513 1263
f 1499 1512 1263
f 1255 1499 1263
f 1513 1265 1263
f 1267 1515 1268
f 1501 1258 1268
f 1515 1501 1268
f 1516 1501 1515
f 1516 1270 1271
f 1503 1516 1271
f 1501 1516 1503
f 1503 1271 1272
f 1503 1272 1505
f 1505 1272 1274
f 1505 1274 1507
f 1507 1274 1276
f 1507 1276 1509
f 1509 1276 1259
f 1517 1511 1510
f 1519 1517 1518
f 1518 1517 1278
f 1517 1510 1278
f 1510 1261 1278
f 1280 1518 1278
f 1513 1514 1520
f 1520 1514 1521
f 1520 1288 1265
f 1520 1265 1513
f 1523 1522 1291
f 1523 1291 1290
f 1291 1524 1292
f 1522 1524 1291
f 1524 1526 1525
f 1293 1524 1525
f 1292 1524 1293
f 1515 1267 1293
f 1525 1515 1293
f 1527 1515 1525
f 1527 1295 1296
f 1516 1527 1296
f 1515 1527 1516
f 1516 1296 1270
f 1530 1529 1528
f 1528 1529 1519
f 1518 1528 1519
f 1531 1528 1518
f 1299 1531 1280
f 1280 1531 1518
f 1520 1521 1532
f 1532 1521 1533
f 1532 1306 1288
f 1532 1288 1520
f 1308 1534 1309
f 1309 1534 1535
f 1536 1309 1535
f 1310 1309 1536
f 1310 1537 1311
f 1536 1537 1310
f 1290 1311 1523
f 1523 1311 1537
f 1526 1538 1525
f 1525 1538 1527
f 1527 1538 1539
f 1295 1527 1539
f 1540 1295 1539
f 1313 1295 1540
f 1543 1542 1541
f 1545 1544 1541
f 1545 1541 1542
f 1547 1546 1544
f 1547 1544 1545
f 1546 1547 1530
f 1528 1546 1530
f 1548 1546 1528
f 1316 1548 1315
f 1548 1531 1315
f 1548 1528 1531
f 1315 1531 1299
f 1533 1549 1532
f 1532 1549 1306
f 1549 1320 1306
f 1549 1550 1320
f 1320 1551 1321
f 1550 1551 1320
f 1551 1553 1552
f 1322 1551 1552
f 1321 1551 1322
f 1323 1322 1552
f 1556 1555 1554
f 1324 1325 1556
f 1554 1324 1556
f 1557 1324 1554
f 1324 1558 1326
f 1557 1558 1324
f 1326 1559 1327
f 1558 1559 1326
f 1327 1560 1328
f 1559 1560 1327
f 1308 1328 1534
f 1328 1561 1534
f 1328 1560 1561
f 1534 1561 1535
f 1540 1329 1313
f 1562 1329 1540
f 1565 1564 1563
f 1331 1332 1563
f 1564 1331 1563
f 1566 1331 1564
f 1541 1334 1543
f 1334 1566 1543
f 1334 1331 1566
f 1334 1541 1336
f 1336 1541 1544
f 1336 1544 1337
f 1544 1567 1337
f 1544 1546 1567
f 1568 1546 1548
f 1567 1546 1568
f 1338 1569 1316
f 1569 1548 1316
f 1569 1568 1548
f 1339 1569 1338
f 1553 1570 1552
f 1555 1556 1570
f 1556 1341 1570
f 1323 1552 1570
f 1323 1570 1341
f 1341 1556 1325
f 1562 1342 1329
f 1571 1342 1562
f 1565 1563 1572
f 1565 1572 1573
f 1344 1572 1332
f 1332 1572 1563
f 1574 1346 1347
f 1337 1567 1347
f 1567 1574 1347
f 1567 1575 1574
f 1576 1567 1568
f 1575 1567 1576
f 1350 1576 1349
f 1576 1569 1349
f 1576 1568 1569
f 1349 1569 1339
f 1578 1351 1577
f 1351 1571 1577
f 1351 1342 1571
f 1579 1578 1577
f 1573 1572 1580
f 1573 1580 1581
f 1352 1582 1344
f 1582 1572 1344
f 1582 1580 1572
f 1353 1583 1352
f 1352 1583 1582
f 1346 1574 1353
f 1574 1583 1353
f 1574 1584 1583
f 1585 1574 1575
f 1584 1574 1585
f 1586 1575 1576
f 1585 1575 1586
f 1355 1586 1350
f 1350 1586 1576
f 1578 1356 1351
f 1357 1356 1578
f 1579 1357 1578
f 1587 1357 1579
f 1581 1580 1588
f 1581 1588 1589
f 1590 1580 1582
f 1588 1580 1590
f 1591 1582 1583
f 1590 1582 1591
f 1592 1583 1584
f 1591 1583 1592
f 1360 1592 1359
f 1592 1585 1359
f 1592 1584 1585
f 1359 1585 1362
f 1362 1585 1586
f 1362 1586 1355
f 1587 1365 1357
f 1593 1365 1587
f 1594 1589 1588
f 1594 1588 1590
f 1594 1590 1595
f 1597 1596 1595
f 1590 1597 1595
f 1591 1597 1590
f 1598 1591 1592
f 1597 1591 1598
f 1366 1599 1360
f 1599 1592 1360
f 1599 1598 1592
f 1367 1599 1366
f 1593 1370 1365
f 1600 1370 1593
f 1601 1596 1597
f 1603 1602 1601
f 1597 1603 1601
f 1598 1603 1597
f 1373 1603 1372
f 1603 1599 1372
f 1603 1598 1599
f 1372 1599 1367
f 1600 1375 1370
f 1604 1375 1600
f 1605 1602 1603
f 1607 1605 1606
f 1606 1605 1376
f 1605 1603 1376
f 1603 1373 1376
f 1377 1608 1376
f 1376 1608 1606
f 1379 1608 1377
f 1604 1380 1375
f 1609 1380 1604
f 1610 1607 1606
f 1612 1611 1610
f 1606 1612 1610
f 1608 1612 1606
f 1382 1612 1379
f 1379 1612 1608
f 1609 1613 1380
f 1380 1613 1383
f 1384 1383 1613
f 1384 1613 1614
f 1615 1611 1612
f 1612 1382 1615
f 1382 1616 1615
f 1382 1385 1616
f 1614 1387 1384
f 1617 1387 1614
f 1388 1616 1385
f 1388 1618 1616
f 1389 1387 1619
f 1387 1620 1619
f 1387 1617 1620
f 1619 1391 1389
f 1622 1621 1392
f 1622 1392 1393
f 1388 1392 1618
f 1618 1392 1621
f 1620 1623 1619
f 1619 1623 1391
f 1623 1394 1391
f 1623 1624 1394
f 1396 1394 1624
f 1396 1624 1625
f 1627 1626 1405
f 1627 1405 1404
f 1393 1405 1622
f 1622 1405 1626
f 1625 1628 1396
f 1396 1628 1406
f 1406 1629 1407
f 1628 1629 1406
f 1407 1630 1408
f 1629 1630 1407
f 1408 1631 1409
f 1630 1631 1408
f 1409 1632 1410
f 1631 1632 1409
f 1410 1633 1411
f 1632 1633 1410
f 1411 1634 1412
f 1633 1634 1411
f 1412 1635 1413
f 1634 1635 1412
f 1404 1413 1627
f 1627 1413 1635
f 1637 1636 1415
f 1415 1636 1414
f 1638 1415 1416
f 1638 1637 1415
f 1639 1416 1417
f 1639 1638 1416
f 1640 1417 1418
f 1640 1639 1417
f 1641 1418 1419
f 1641 1640 1418
f 1642 1419 1420
f 1642 1641 1419
f 1643 1420 1421
f 1643 1642 1420
f 1644 1421 1422
f 1644 1643 1421
f 1646 1644 1645
f 1644 1423 1645
f 1644 1422 1423
f 1425 1645 1423
f 1648 1647 1428
f 1428 1647 1427
f 1649 1428 1429
f 1649 1648 1428
f 1429 1414 1636
f 1429 1636 1649
f 1650 1646 1645
f 1650 1645 1425
f 1430 1650 1425
f 1651 1650 1430
f 1652 1430 1431
f 1652 1651 1430
f 1431 1432 1652
f 1652 1432 1653
f 1647 1433 1427
f 1654 1433 1647
f 1655 1653 1432
f 1655 1432 1434
f 1656 1434 1435
f 1656 1655 1434
f 1435 1437 1656
f 1656 1437 1657
f 1659 1658 1439
f 1439 1658 1438
f 1439 1433 1654
f 1439 1654 1659
f 1660 1657 1437
f 1660 1437 1440
f 1661 1440 1442
f 1661 1660 1440
f 1442 1444 1661
f 1661 1444 1662
f 1658 1663 1438
f 1438 1663 1445
f 1446 1445 1663
f 1446 1663 1664
f 1665 1662 1444
f 1665 1444 1448
f 1667 1666 1450
f 1666 1448 1450
f 1666 1665 1448
f 1667 1668 1666
f 1671 1670 1669
f 1664 1671 1669
f 1451 1664 1669
f 1446 1664 1451
f 1453 1667 1450
f 1673 1672 1455
f 1455 1672 1453
f 1672 1668 1453
f 1668 1667 1453
f 1673 1674 1672
f 1670 1675 1669
f 1675 1677 1676
f 1675 1676 1456
f 1669 1675 1456
f 1451 1669 1456
f 1676 1458 1456
f 1460 1673 1455
f 1679 1678 1462
f 1462 1678 1460
f 1678 1674 1460
f 1674 1673 1460
f 1679 1680 1678
f 1682 1681 1465
f 1465 1681 1464
f 1683 1465 1466
f 1683 1682 1465
f 1684 1466 1467
f 1684 1683 1466
f 1685 1467 1469
f 1685 1684 1467
f 1686 1469 1471
f 1686 1685 1469
f 1688 1687 1473
f 1687 1471 1473
f 1687 1686 1471
f 1688 1689 1687
f 1676 1677 1690
f 1690 1677 1691
f 1692 1474 1458
f 1676 1692 1458
f 1690 1692 1676
f 1692 1476 1474
f 1478 1693 1679
f 1478 1679 1462
f 1680 1679 1694
f 1679 1695 1694
f 1679 1693 1695
f 1695 1696 1694
f 1698 1697 1481
f 1481 1697 1480
f 1699 1481 1482
f 1699 1698 1481
f 1482 1464 1681
f 1482 1681 1699
f 1486 1700 1688
f 1486 1688 1473
f 1689 1688 1701
f 1701 1688 1700
f 1691 1702 1690
f 1704 1703 1702
f 1703 1690 1702
f 1703 1692 1690
f 1703 1488 1476
f 1703 1476 1692
f 1490 1693 1478
f 1693 1490 1492
f 1705 1693 1492
f 1695 1693 1705
f 1696 1695 1706
f 1695 1707 1706
f 1695 1705 1707
f 1709 1708 1707
f 1707 1708 1706
f 1711 1710 1709
f 1709 1710 1708
f 1494 1495 1711
f 1495 1710 1711
f 1495 1712 1710
f 1495 1480 1697
f 1495 1697 1712
f 1714 1713 1700
f 1486 1714 1700
f 1497 1714 1486
f 1700 1713 1701
f 1703 1704 1715
f 1715 1704 1716
f 1717 1498 1488
f 1703 1717 1488
f 1715 1717 1703
f 1717 1500 1498
f 1502 1705 1492
f 1705 1502 1504
f 1705 1504 1707
f 1707 1504 1506
f 1707 1506 1709
f 1709 1506 1508
f 1709 1508 1711
f 1711 1508 1494
f 1720 1719 1718
f 1719 1714 1718
f 1714 1511 1718
f 1714 1497 1511
f 1716 1721 1715
f 1715 1721 1717
f 1717 1721 1722
f 1722 1724 1723
f 1722 1723 1512
f 1717 1722 1512
f 1500 1717 1512
f 1723 1514 1512
f 1720 1718 1725
f 1720 1725 1726
f 1517 1727 1511
f 1727 1718 1511
f 1727 1725 1718
f 1519 1727 1517
f 1724 1728 1723
f 1514 1723 1728
f 1729 1514 1728
f 1521 1514 1729
f 1523 1730 1522
f 1731 1524 1522
f 1731 1522 1730
f 1731 1526 1524
f 1726 1725 1732
f 1726 1732 1733
f 1530 1732 1529
f 1732 1727 1529
f 1732 1725 1727
f 1529 1727 1519
f 1729 1533 1521
f 1734 1533 1729
f 1736 1735 1536
f 1736 1536 1535
f 1536 1737 1537
f 1735 1737 1536
f 1523 1537 1730
f 1537 1738 1730
f 1537 1737 1738
f 1730 1738 1731
f 1731 1738 1739
f 1731 1739 1526
f 1739 1538 1526
f 1739 1740 1538
f 1740 1742 1741
f 1539 1740 1741
f 1538 1740 1539
f 1741 1540 1539
f 1745 1744 1743
f 1747 1746 1743
f 1747 1743 1744
f 1542 1543 1746
f 1747 1542 1746
f 1748 1542 1747
f 1542 1749 1545
f 1748 1749 1542
f 1732 1547 1733
f 1547 1749 1733
f 1547 1545 1749
f 1547 1732 1530
f 1734 1750 1533
f 1533 1750 1549
f 1549 1751 1550
f 1750 1751 1549
f 1751 1753 1752
f 1551 1751 1752
f 1550 1751 1551
f 1752 1553 1551
f 1555 1754 1554
f 1755 1557 1554
f 1755 1554 1754
f 1756 1558 1557
f 1756 1557 1755
f 1558 1756 1757
f 1758 1558 1757
f 1559 1558 1758
f 1559 1759 1560
f 1758 1759 1559
f 1560 1760 1561
f 1759 1760 1560
f 1535 1561 1736
f 1736 1561 1760
f 1742 1761 1741
f 1540 1741 1761
f 1762 1540 1761
f 1562 1540 1762
f 1745 1743 1564
f 1565 1745 1564
f 1763 1745 1565
f 1564 1743 1566
f 1566 1743 1746
f 1566 1746 1543
f 1753 1764 1752
f 1752 1764 1553
f 1764 1570 1553
f 1764 1765 1570
f 1555 1570 1754
f 1570 1766 1754
f 1570 1765 1766
f 1754 1766 1755
f 1755 1766 1767
f 1755 1767 1756
f 1756 1767 1768
f 1756 1768 1757
f 1762 1571 1562
f 1769 1571 1762
f 1573 1763 1565
f 1573 1770 1763
f 1769 1771 1571
f 1571 1771 1577
f 1579 1577 1771
f 1579 1771 1772
f 1581 1770 1573
f 1581 1773 1770
f 1775 1587 1774
f 1587 1772 1774
f 1587 1579 1772
f 1776 1775 1774
f 1589 1773 1581
f 1589 1777 1773
f 1778 1593 1775
f 1775 1593 1587
f 1775 1776 1779
f 1775 1779 1778
f 1589 1594 1780
f 1781 1589 1780
f 1777 1589 1781
f 1595 1782 1594
f 1594 1782 1780
f 1596 1782 1595
f 1784 1783 1778
f 1783 1593 1778
f 1783 1600 1593
f 1784 1778 1779
f 1785 1781 1780
f 1787 1786 1785
f 1780 1787 1785
f 1782 1787 1780
f 1601 1788 1596
f 1788 1782 1596
f 1788 1787 1782
f 1602 1788 1601
f 1783 1604 1600
f 1789 1604 1783
f 1790 1786 1787
f 1790 1787 1788
f 1790 1788 1791
f 1793 1791 1792
f 1792 1791 1605
f 1791 1788 1605
f 1788 1602 1605
f 1607 1792 1605
f 1789 1609 1604
f 1794 1609 1789
f 1795 1793 1792
f 1797 1795 1796
f 1796 1795 1610
f 1795 1792 1610
f 1792 1607 1610
f 1611 1796 1610
f 1613 1609 1798
f 1609 1799 1798
f 1609 1794 1799
f 1798 1614 1613
f 1800 1797 1796
f 1802 1800 1801
f 1801 1800 1615
f 1800 1796 1615
f 1796 1611 1615
f 1616 1801 1615
f 1798 1799 1803
f 1803 1799 1804
f 1803 1617 1614
f 1803 1614 1798
f 1805 1802 1801
f 1801 1616 1805
f 1616 1806 1805
f 1616 1618 1806
f 1804 1807 1803
f 1617 1803 1807
f 1808 1617 1807
f 1620 1617 1808
f 1622 1809 1621
f 1809 1810 1621
f 1810 1618 1621
f 1810 1806 1618
f 1808 1811 1620
f 1620 1811 1623
f 1623 1812 1624
f 1811 1812 1623
f 1625 1624 1812
f 1625 1812 1813
f 1816 1815 1814
f 1626 1627 1814
f 1815 1626 1814
f 1817 1626 1815
f 1622 1626 1809
f 1626 1818 1809
f 1626 1817 1818
f 1809 1818 1810
f 1813 1819 1625
f 1625 1819 1628
f 1628 1820 1629
f 1819 1820 1628
f 1629 1821 1630
f 1820 1821 1629
f 1630 1822 1631
f 1821 1822 1630
f 1631 1823 1632
f 1822 1823 1631
f 1632 1824 1633
f 1823 1824 1632
f 1633 1825 1634
f 1824 1825 1633
f 1814 1635 1816
f 1635 1825 1816
f 1635 1634 1825
f 1635 1814 1627
f 1828 1827 1826
f 1636 1637 1826
f 1637 1828 1826
f 1637 1829 1828
f 1830 1637 1638
f 1830 1829 1637
f 1831 1638 1639
f 1831 1830 1638
f 1832 1639 1640
f 1832 1831 1639
f 1834 1832 1833
f 1832 1641 1833
f 1832 1640 1641
f 1642 1835 1641
f 1641 1835 1833
f 1643 1836 1642
f 1642 1836 1835
f 1644 1837 1643
f 1643 1837 1836
f 1646 1837 1644
f 1840 1839 1838
f 1647 1648 1838
f 1648 1840 1838
f 1648 1841 1840
f 1649 1826 1827
f 1841 1649 1827
f 1648 1649 1841
f 1826 1649 1636
f 1842 1834 1833
f 1842 1833 1835
f 1842 1835 1843
f 1843 1835 1836
f 1843 1836 1844
f 1844 1836 1837
f 1844 1837 1845
f 1845 1837 1646
f 1650 1845 1646
f 1846 1845 1650
f 1847 1650 1651
f 1847 1846 1650
f 1848 1651 1652
f 1848 1847 1651
f 1652 1653 1848
f 1848 1653 1849
f 1838 1839 1850
f 1850 1839 1851
f 1850 1654 1647
f 1850 1647 1838
f 1852 1849 1653
f 1852 1653 1655
f 1853 1655 1656
f 1853 1852 1655
f 1855 1854 1657
f 1854 1656 1657
f 1854 1853 1656
f 1855 1856 1854
f 1850 1851 1659
f 1851 1658 1659
f 1851 1857 1658
f 1850 1659 1654
f 1660 1855 1657
f 1858 1856 1855
f 1660 1858 1855
f 1661 1858 1660
f 1860 1859 1662
f 1859 1661 1662
f 1859 1858 1661
f 1862 1861 1860
f 1860 1861 1859
f 1862 1863 1861
f 1663 1658 1864
f 1658 1865 1864
f 1658 1857 1865
f 1864 1664 1663
f 1665 1860 1662
f 1860 1665 1666
f 1860 1666 1862
f 1867 1866 1668
f 1668 1866 1666
f 1866 1863 1666
f 1863 1862 1666
f 1867 1868 1866
f 1864 1865 1671
f 1865 1670 1671
f 1865 1869 1670
f 1864 1671 1664
f 1672 1867 1668
f 1871 1870 1674
f 1674 1870 1672
f 1870 1868 1672
f 1868 1867 1672
f 1873 1872 1871
f 1871 1872 1870
f 1873 1874 1872
f 1675 1670 1875
f 1670 1876 1875
f 1670 1869 1876
f 1875 1677 1675
f 1678 1871 1674
f 1871 1678 1680
f 1877 1871 1680
f 1873 1871 1877
f 1874 1873 1878
f 1878 1873 1877
f 1880 1879 1682
f 1682 1879 1681
f 1881 1682 1683
f 1881 1880 1682
f 1882 1683 1684
f 1882 1881 1683
f 1883 1684 1685
f 1883 1882 1684
f 1884 1685 1686
f 1884 1883 1685
f 1886 1884 1885
f 1884 1687 1885
f 1884 1686 1687
f 1689 1885 1687
f 1875 1876 1887
f 1887 1876 1888
f 1887 1691 1677
f 1887 1677 1875
f 1694 1877 1680
f 1890 1889 1696
f 1696 1889 1694
f 1889 1878 1694
f 1878 1877 1694
f 1890 1891 1889
f 1894 1893 1892
f 1697 1698 1892
f 1698 1894 1892
f 1698 1895 1894
f 1896 1698 1699
f 1896 1895 1698
f 1699 1681 1879
f 1699 1879 1896
f 1886 1885 1897
f 1886 1897 1898
f 1701 1897 1689
f 1689 1897 1885
f 1888 1899 1887
f 1899 1901 1900
f 1899 1900 1702
f 1887 1899 1702
f 1691 1887 1702
f 1900 1704 1702
f 1706 1890 1696
f 1902 1891 1890
f 1706 1902 1890
f 1708 1902 1706
f 1903 1708 1710
f 1903 1902 1708
f 1712 1892 1893
f 1903 1712 1893
f 1710 1712 1903
f 1892 1712 1697
f 1906 1905 1904
f 1904 1905 1898
f 1904 1898 1897
f 1714 1904 1897
f 1713 1714 1897
f 1713 1897 1701
f 1901 1907 1900
f 1704 1900 1907
f 1908 1704 1907
f 1716 1704 1908
f 1911 1910 1909
f 1913 1912 1909
f 1913 1909 1910
f 1915 1914 1912
f 1915 1912 1913
f 1917 1916 1914
f 1917 1914 1915
f 1916 1917 1906
f 1916 1906 1904
f 1720 1916 1904
f 1719 1720 1904
f 1719 1904 1714
f 1908 1918 1716
f 1716 1918 1721
f 1918 1920 1919
f 1722 1918 1919
f 1721 1918 1722
f 1919 1724 1722
f 1923 1922 1921
f 1921 1922 1911
f 1909 1921 1911
f 1924 1921 1909
f 1925 1909 1912
f 1924 1909 1925
f 1926 1912 1914
f 1925 1912 1926
f 1927 1914 1916
f 1926 1914 1927
f 1726 1927 1720
f 1720 1927 1916
f 1920 1928 1919
f 1928 1930 1929
f 1928 1929 1728
f 1919 1928 1728
f 1724 1919 1728
f 1929 1729 1728
f 1931 1923 1921
f 1933 1932 1931
f 1921 1933 1931
f 1924 1933 1921
f 1934 1924 1925
f 1933 1924 1934
f 1935 1925 1926
f 1934 1925 1935
f 1936 1926 1927
f 1935 1926 1936
f 1733 1936 1726
f 1726 1936 1927
f 1929 1930 1937
f 1937 1930 1938
f 1937 1734 1729
f 1937 1729 1929
f 1736 1939 1735
f 1940 1737 1735
f 1940 1735 1939
f 1737 1940 1941
f 1942 1737 1941
f 1738 1737 1942
f 1738 1943 1739
f 1942 1943 1738
f 1739 1944 1740
f 1943 1944 1739
f 1742 1740 1944
f 1742 1944 1945
f 1948 1947 1946
f 1946 1947 1932
f 1946 1932 1933
f 1745 1946 1933
f 1744 1745 1933
f 1744 1933 1747
f 1747 1933 1934
f 1747 1934 1748
f 1748 1934 1935
f 1748 1935 1749
f 1749 1935 1936
f 1749 1936 1733
f 1938 1949 1937
f 1937 1949 1734
f 1949 1750 1734
f 1949 1950 1750
f 1950 1952 1951
f 1751 1950 1951
f 1750 1950 1751
f 1951 1753 1751
f 1954 1953 1758
f 1954 1758 1757
f 1758 1955 1759
f 1953 1955 1758
f 1759 1956 1760
f 1955 1956 1759
f 1736 1760 1939
f 1760 1957 1939
f 1760 1956 1957
f 1939 1957 1940
f 1940 1957 1958
f 1940 1958 1941
f 1945 1959 1742
f 1742 1959 1761
f 1762 1761 1959
f 1762 1959 1960
f 1961 1948 1946
f 1946 1745 1961
f 1745 1962 1961
f 1745 1763 1962
f 1952 1963 1951
f 1951 1963 1753
f 1963 1764 1753
f 1963 1964 1764
f 1764 1965 1765
f 1964 1965 1764
f 1765 1966 1766
f 1965 1966 1765
f 1766 1967 1767
f 1966 1967 1766
f 1767 1968 1768
f 1967 1968 1767
f 1757 1768 1954
f 1954 1768 1968
f 1970 1769 1969
f 1769 1960 1969
f 1769 1762 1960
f 1971 1970 1969
f 1770 1962 1763
f 1770 1972 1962
f 1970 1771 1769
f 1772 1771 1970
f 1971 1772 1970
f 1973 1772 1971
f 1976 1975 1974
f 1978 1977 1974
f 1978 1974 1975
f 1978 1972 1977
f 1972 1773 1977
f 1972 1770 1773
f 1973 1979 1772
f 1772 1979 1774
f 1981 1980 1776
f 1774 1981 1776
f 1979 1981 1774
f 1983 1982 1980
f 1983 1980 1981
f 1985 1984 1982
f 1985 1982 1983
f 1987 1986 1984
f 1987 1984 1985
f 1986 1987 1976
f 1974 1986 1976
f 1988 1986 1974
f 1989 1974 1977
f 1988 1974 1989
f 1777 1989 1773
f 1773 1989 1977
f 1990 1779 1980
f 1980 1779 1776
f 1991 1980 1982
f 1990 1980 1991
f 1984 1993 1992
f 1991 1984 1992
f 1982 1984 1991
f 1993 1984 1986
f 1993 1986 1994
f 1996 1995 1994
f 1986 1996 1994
f 1988 1996 1986
f 1997 1988 1989
f 1996 1988 1997
f 1781 1997 1777
f 1777 1997 1989
f 1998 1783 1784
f 1779 1990 1784
f 1990 1998 1784
f 1990 1999 1998
f 1991 2001 2000
f 1999 1991 2000
f 1990 1991 1999
f 2001 1991 1992
f 2002 1995 1996
f 2002 1996 1997
f 2002 1997 2003
f 2005 2003 2004
f 2004 2003 1785
f 2003 1997 1785
f 1997 1781 1785
f 1786 2004 1785
f 2006 1789 1998
f 1998 1789 1783
f 1999 2008 2007
f 2006 1999 2007
f 1998 1999 2006
f 2008 1999 2000
f 2009 2005 2004
f 2011 2009 2010
f 2010 2009 1790
f 2009 2004 1790
f 2004 1786 1790
f 1791 2012 1790
f 1790 2012 2010
f 1793 2012 1791
f 2014 2013 2006
f 2013 1789 2006
f 2013 1794 1789
f 2014 2006 2007
f 2015 2011 2010
f 2015 2010 2012
f 2015 2012 2016
f 2016 2012 1793
f 1795 2016 1793
f 2017 2016 1795
f 1795 1797 2017
f 2017 1797 2018
f 2013 1799 1794
f 2019 1799 2013
f 2020 2018 1797
f 2020 1797 1800
f 1800 1802 2020
f 2020 1802 2021
f 2019 1804 1799
f 2022 1804 2019
f 2023 2021 1802
f 2023 1802 1805
f 1805 1806 2023
f 2023 1806 2024
f 1807 1804 2025
f 1804 2026 2025
f 1804 2022 2026
f 2025 1808 1807
f 1810 2024 1806
f 1810 2027 2024
f 2026 2028 2025
f 2025 2028 1808
f 2028 1811 1808
f 2028 2029 1811
f 1811 2030 1812
f 2029 2030 1811
f 2032 2031 1813
f 1812 2032 1813
f 2030 2032 1812
f 2034 2033 2031
f 2034 2031 2032
f 2036 2035 2033
f 2036 2033 2034
f 2038 2037 2035
f 2038 2035 2036
f 2040 2039 2037
f 2040 2037 2038
f 2042 2041 2039
f 2042 2039 2040
f 2044 2043 2041
f 2044 2041 2042
f 1815 1816 2043
f 2044 1815 2043
f 2045 1815 2044
f 1815 2046 1817
f 2045 2046 1815
f 1817 2047 1818
f 2046 2047 1817
f 1810 1818 2027
f 2027 1818 2047
f 2031 1819 1813
f 1819 2031 1820
f 1820 2031 2033
f 1820 2033 1821
f 1821 2033 2035
f 1821 2035 1822
f 1822 2035 2037
f 1822 2037 1823
f 1823 2037 2039
f 1823 2039 1824
f 1824 2039 2041
f 1824 2041 1825
f 1825 2041 2043
f 1825 2043 1816
f 2050 2049 2048
f 1827 1828 2048
f 1828 2050 2048
f 1828 2051 2050
f 2052 1828 1829
f 2052 2051 1828
f 2053 1829 1830
f 2053 2052 1829
f 2054 1830 1831
f 2054 2053 1830
f 2056 2054 2055
f 2054 1832 2055
f 2054 1831 1832
f 1834 2055 1832
f 2058 2057 1840
f 1840 2057 1839
f 1841 2048 2049
f 2058 1841 2049
f 1840 1841 2058
f 2048 1841 1827
f 2059 2056 2055
f 2059 2055 1834
f 1842 2059 1834
f 2060 2059 1842
f 2061 1842 1843
f 2061 2060 1842
f 2062 1843 1844
f 2062 2061 1843
f 2063 1844 1845
f 2063 2062 1844
f 2064 1845 1846
f 2064 2063 1845
f 2065 1846 1847
f 2065 2064 1846
f 2066 1847 1848
f 2066 2065 1847
f 1848 1849 2066
f 2066 1849 2067
f 2057 1851 1839
f 2068 1851 2057
f 2069 2067 1849
f 2069 1849 1852
f 2070 1852 1853
f 2070 2069 1852
f 2071 1853 1854
f 2071 2070 1853
f 2073 2072 1856
f 2072 1854 1856
f 2072 2071 1854
f 2075 2074 2073
f 2073 2074 2072
f 2075 2076 2074
f 2079 2078 2077
f 2068 2079 2077
f 1857 2068 2077
f 1851 2068 1857
f 1858 2073 1856
f 2073 1858 1859
f 2073 1859 2075
f 2080 2076 2075
f 1859 2080 2075
f 1861 2080 1859
f 2082 2081 1863
f 2081 1861 1863
f 2081 2080 1861
f 2084 2083 2082
f 2082 2083 2081
f 2084 2085 2083
f 2077 2078 2086
f 2086 2078 2087
f 2086 1865 1857
f 2086 1857 2077
f 1866 2082 1863
f 2082 1866 1868
f 2088 2082 1868
f 2084 2082 2088
f 2085 2084 2089
f 2084 2090 2089
f 2084 2088 2090
f 2090 2091 2089
f 2087 2092 2086
f 1865 2086 2092
f 2093 1865 2092
f 1869 1865 2093
f 1870 2088 1868
f 2088 1870 1872
f 2088 1872 2090
f 2095 2094 1874
f 1874 2094 1872
f 2094 2091 1872
f 2091 2090 1872
f 2095 2096 2094
f 2093 1876 1869
f 2097 1876 2093
f 1878 2098 2095
f 1878 2095 1874
f 2096 2095 2099
f 2095 2100 2099
f 2095 2098 2100
f 2100 2101 2099
f 2102 1879 1880
f 1881 2103 1880
f 1880 2103 2102
f 1882 2104 1881
f 1881 2104 2103
f 1883 2105 1882
f 1882 2105 2104
f 1884 2106 1883
f 1883 2106 2105
f 1886 2106 1884
f 2097 1888 1876
f 2107 1888 2097
f 1889 2098 1878
f 2098 1889 1891
f 2108 2098 1891
f 2100 2098 2108
f 2101 2100 2109
f 2100 2110 2109
f 2100 2108 2110
f 1893 1894 2110
f 1894 2109 2110
f 1894 2111 2109
f 2112 1894 1895
f 2112 2111 1894
f 2113 1895 1896
f 2113 2112 1895
f 1896 1879 2102
f 2114 1896 2102
f 2113 1896 2114
f 2116 2115 2114
f 2102 2116 2114
f 2103 2116 2102
f 2104 2118 2117
f 2116 2104 2117
f 2103 2104 2116
f 2120 2119 2118
f 2104 2120 2118
f 2105 2120 2104
f 2121 2105 2106
f 2120 2105 2121
f 1898 2121 1886
f 1886 2121 2106
f 2107 2122 1888
f 1888 2122 1899
f 1901 1899 2122
f 1901 2122 2123
f 1902 2108 1891
f 2108 1902 1903
f 2108 1903 2110
f 2110 1903 1893
f 2115 2116 2124
f 2115 2124 2125
f 2116 2117 2126
f 2127 2116 2126
f 2124 2116 2127
f 2127 2126 2119
f 2120 2127 2119
f 2128 2127 2120
f 1906 2128 1905
f 2128 2121 1905
f 2128 2120 2121
f 1905 2121 1898
f 1907 1901 2129
f 1901 2130 2129
f 1901 2123 2130
f 2129 1908 1907
f 2133 2132 2131
f 1910 1911 2131
f 2132 1910 2131
f 2134 1910 2132
f 2124 1913 2125
f 1913 2134 2125
f 1913 1910 2134
f 1913 2124 1915
f 1915 2124 2127
f 1915 2127 1917
f 1917 2127 2128
f 1917 2128 1906
f 2130 2135 2129
f 2135 2137 2136
f 2135 2136 1918
f 2129 2135 1918
f 1908 2129 1918
f 2136 1920 1918
f 2133 2131 1922
f 1923 2133 1922
f 2138 2133 1923
f 1922 2131 1911
f 2137 2139 2136
f 2139 2141 2140
f 2139 2140 1928
f 2136 2139 1928
f 1920 2136 1928
f 2140 1930 1928
f 2144 2143 2142
f 2145 2142 1931
f 2142 2138 1931
f 2138 1923 1931
f 2138 2142 2143
f 1932 2145 1931
f 2140 2141 2146
f 2146 2141 2147
f 2146 1938 1930
f 2146 1930 2140
f 2149 2148 1942
f 2149 1942 1941
f 1942 2150 1943
f 2148 2150 1942
f 1943 2151 1944
f 2150 2151 1943
f 1945 1944 2151
f 1945 2151 2152
f 2144 2142 2153
f 2144 2153 2154
f 1948 2153 1947
f 2153 2145 1947
f 2153 2142 2145
f 1947 2145 1932
f 2157 2156 2155
f 2157 2155 2147
f 2155 2146 2147
f 2155 2158 2146
f 2159 1949 1938
f 2146 2159 1938
f 2158 2159 2146
f 2160 1950 1949
f 2160 1949 2159
f 2160 1952 1950
f 1954 2161 1953
f 2162 1955 1953
f 2162 1953 2161
f 1955 2162 2163
f 2164 1955 2163
f 1956 1955 2164
f 1956 2165 1957
f 2164 2165 1956
f 1957 2166 1958
f 2165 2166 1957
f 1941 1958 2149
f 2149 1958 2166
f 2152 2167 1945
f 1945 2167 1959
f 1960 1959 2167
f 1960 2167 2168
f 2154 2153 2169
f 2154 2169 2170
f 1961 2171 1948
f 2171 2153 1948
f 2171 2169 2153
f 1962 2171 1961
f 2156 2172 2155
f 2155 2172 2158
f 2158 2172 2173
f 2158 2173 2159
f 2159 2173 2174
f 2176 2175 2174
f 2175 2159 2174
f 2175 2160 2159
f 2177 1963 1952
f 2160 2177 1952
f 2175 2177 2160
f 1963 2177 2178
f 2179 1963 2178
f 1964 1963 2179
f 2179 2181 2180
f 1965 2179 2180
f 1964 2179 1965
f 2182 1966 1965
f 2182 1965 2180
f 1966 2182 2183
f 2184 1966 2183
f 1967 1966 2184
f 1967 2185 1968
f 2184 2185 1967
f 1954 1968 2161
f 1968 2186 2161
f 1968 2185 2186
f 2161 2186 2162
f 2162 2186 2187
f 2162 2187 2163
f 2168 2188 1960
f 1960 2188 1969
f 2190 2189 1971
f 1969 2190 1971
f 2188 2190 1969
f 2191 2189 2190
f 2194 2193 2192
f 2196 2195 2192
f 2196 2192 2193
f 2198 2197 2195
f 2198 2195 2196
f 2197 2198 2170
f 2169 2197 2170
f 2199 2197 2169
f 2200 2169 2171
f 2199 2169 2200
f 1972 2200 1962
f 1962 2200 2171
f 2176 2201 2175
f 2175 2201 2177
f 2177 2201 2202
f 2177 2202 2178
f 2181 2203 2180
f 2180 2203 2182
f 2182 2203 2204
f 2182 2204 2183
f 2205 1973 2189
f 2189 1973 1971
f 2189 2191 2206
f 2207 2189 2206
f 2205 2189 2207
f 2207 2206 2194
f 2192 2207 2194
f 2208 2207 2192
f 2209 2192 2195
f 2208 2192 2209
f 2210 2195 2197
f 2209 2195 2210
f 1976 2210 1975
f 2210 2199 1975
f 2210 2197 2199
f 1975 2199 1978
f 1978 2199 2200
f 1978 2200 1972
f 2205 1979 1973
f 1979 2205 1981
f 1981 2205 2207
f 1981 2207 1983
f 1983 2207 2208
f 1983 2208 1985
f 1985 2208 2209
f 1985 2209 1987
f 1987 2209 2210
f 1987 2210 1976
f 2211 1992 1993
f 1994 2212 1993
f 1993 2212 2211
f 1995 2212 1994
f 2213 2000 2001
f 1992 2211 2001
f 2211 2213 2001
f 2211 2214 2213
f 2215 2211 2212
f 2214 2211 2215
f 2002 2216 1995
f 2216 2212 1995
f 2216 2215 2212
f 2003 2217 2002
f 2002 2217 2216
f 2005 2217 2003
f 2218 2007 2008
f 2000 2213 2008
f 2213 2218 2008
f 2213 2219 2218
f 2220 2213 2214
f 2219 2213 2220
f 2221 2214 2215
f 2220 2214 2221
f 2222 2215 2216
f 2221 2215 2222
f 2223 2216 2217
f 2222 2216 2223
f 2009 2224 2005
f 2224 2217 2005
f 2224 2223 2217
f 2011 2224 2009
f 2226 2225 2014
f 2014 2225 2013
f 2014 2007 2218
f 2227 2014 2218
f 2226 2014 2227
f 2227 2218 2219
f 2227 2219 2228
f 2228 2219 2220
f 2228 2220 2229
f 2229 2220 2221
f 2229 2221 2230
f 2230 2221 2222
f 2230 2222 2231
f 2231 2222 2223
f 2231 2223 2232
f 2232 2223 2224
f 2232 2224 2233
f 2233 2224 2011
f 2015 2233 2011
f 2234 2233 2015
f 2236 2234 2235
f 2234 2016 2235
f 2234 2015 2016
f 2017 2237 2016
f 2016 2237 2235
f 2018 2237 2017
f 2240 2239 2238
f 2225 2240 2238
f 2019 2225 2238
f 2013 2225 2019
f 2241 2236 2235
f 2243 2242 2241
f 2235 2243 2241
f 2237 2243 2235
f 2020 2244 2018
f 2244 2237 2018
f 2244 2243 2237
f 2021 2244 2020
f 2247 2246 2245
f 2247 2245 2239
f 2245 2238 2239
f 2245 2248 2238
f 2248 2022 2019
f 2248 2019 2238
f 2249 2242 2243
f 2251 2250 2249
f 2243 2251 2249
f 2244 2251 2243
f 2023 2252 2021
f 2252 2244 2021
f 2252 2251 2244
f 2024 2252 2023
f 2246 2253 2245
f 2255 2254 2253
f 2254 2245 2253
f 2254 2248 2245
f 2254 2026 2022
f 2254 2022 2248
f 2258 2257 2256
f 2260 2259 2256
f 2260 2256 2257
f 2262 2261 2259
f 2262 2259 2260
f 2264 2263 2261
f 2264 2261 2262
f 2263 2264 2250
f 2251 2263 2250
f 2265 2263 2251
f 2266 2251 2252
f 2265 2251 2266
f 2027 2266 2024
f 2024 2266 2252
f 2255 2267 2254
f 2254 2267 2026
f 2267 2028 2026
f 2267 2268 2028
f 2028 2269 2029
f 2268 2269 2028
f 2029 2270 2030
f 2269 2270 2029
f 2030 2271 2032
f 2270 2271 2030
f 2032 2272 2034
f 2271 2272 2032
f 2034 2273 2036
f 2272 2273 2034
f 2036 2274 2038
f 2273 2274 2036
f 2256 2040 2258
f 2040 2274 2258
f 2040 2038 2274
f 2040 2256 2042
f 2042 2256 2259
f 2042 2259 2044
f 2044 2259 2261
f 2044 2261 2045
f 2045 2261 2263
f 2045 2263 2046
f 2046 2263 2265
f 2046 2265 2047
f 2047 2265 2266
f 2047 2266 2027
f 2277 2276 2275
f 2279 2278 2275
f 2275 2278 2277
f 2279 2280 2278
f 2282 2281 2050
f 2050 2281 2049
f 2051 2275 2276
f 2282 2051 2276
f 2050 2051 2282
f 2275 2051 2052
f 2275 2052 2279
f 2283 2280 2279
f 2052 2283 2279
f 2053 2283 2052
f 2284 2053 2054
f 2284 2283 2053
f 2054 2056 2284
f 2284 2056 2285
f 2287 2286 2058
f 2058 2286 2057
f 2058 2049 2281
f 2058 2281 2287
f 2288 2285 2056
f 2288 2056 2059
f 2289 2059 2060
f 2289 2288 2059
f 2290 2060 2061
f 2290 2289 2060
f 2291 2061 2062
f 2291 2290 2061
f 2292 2062 2063
f 2292 2291 2062
f 2293 2063 2064
f 2293 2292 2063
f 2294 2064 2065
f 2294 2293 2064
f 2295 2065 2066
f 2295 2294 2065
f 2297 2296 2067
f 2296 2066 2067
f 2296 2295 2066
f 2299 2298 2297
f 2297 2298 2296
f 2301 2300 2299
f 2299 2300 2298
f 2303 2302 2301
f 2301 2302 2300
f 2305 2304 2303
f 2303 2304 2302
f 2305 2306 2304
f 2309 2308 2307
f 2286 2309 2307
f 2068 2286 2307
f 2057 2286 2068
f 2069 2297 2067
f 2297 2069 2070
f 2297 2070 2299
f 2299 2070 2071
f 2299 2071 2301
f 2301 2071 2072
f 2301 2072 2303
f 2303 2072 2074
f 2303 2074 2305
f 2311 2310 2076
f 2076 2310 2074
f 2310 2306 2074
f 2306 2305 2074
f 2313 2312 2311
f 2311 2312 2310
f 2315 2314 2313
f 2313 2314 2312
f 2315 2316 2314
f 2307 2308 2079
f 2308 2078 2079
f 2308 2317 2078
f 2307 2079 2068
f 2080 2311 2076
f 2311 2080 2081
f 2311 2081 2313
f 2313 2081 2083
f 2313 2083 2315
f 2319 2318 2085
f 2085 2318 2083
f 2318 2316 2083
f 2316 2315 2083
f 2321 2320 2319
f 2319 2320 2318
f 2321 2322 2320
f 2317 2087 2078
f 2323 2087 2317
f 2089 2319 2085
f 2319 2089 2091
f 2324 2319 2091
f 2321 2319 2324
f 2322 2321 2325
f 2321 2326 2325
f 2321 2324 2326
f 2326 2327 2325
f 2092 2087 2328
f 2087 2329 2328
f 2087 2323 2329
f 2328 2093 2092
f 2094 2324 2091
f 2324 2094 2096
f 2330 2324 2096
f 2326 2324 2330
f 2327 2326 2331
f 2326 2332 2331
f 2326 2330 2332
f 2332 2333 2331
f 2329 2334 2328
f 2093 2328 2334
f 2335 2093 2334
f 2097 2093 2335
f 2099 2330 2096
f 2330 2099 2101
f 2336 2330 2101
f 2332 2330 2336
f 2333 2332 2337
f 2337 2332 2336
f 2335 2107 2097
f 2338 2107 2335
f 2109 2336 2101
f 2339 2337 2336
f 2109 2339 2336
f 2111 2339 2109
f 2340 2111 2112
f 2340 2339 2111
f 2342 2340 2341
f 2340 2113 2341
f 2340 2112 2113
f 2114 2343 2113
f 2113 2343 2341
f 2115 2343 2114
f 2344 2117 2118
f 2119 2344 2118
f 2338 2345 2107
f 2107 2345 2122
f 2123 2122 2345
f 2123 2345 2346
f 2342 2341 2347
f 2342 2347 2348
f 2349 2341 2343
f 2347 2341 2349
f 2125 2349 2115
f 2115 2349 2343
f 2344 2126 2117
f 2126 2344 2119
f 2346 2130 2123
f 2350 2130 2346
f 2348 2347 2132
f 2133 2348 2132
f 2351 2348 2133
f 2132 2347 2134
f 2134 2347 2349
f 2134 2349 2125
f 2350 2352 2130
f 2130 2352 2135
f 2137 2135 2352
f 2137 2352 2353
f 2356 2355 2354
f 2355 2351 2354
f 2351 2138 2354
f 2351 2133 2138
f 2139 2137 2357
f 2137 2358 2357
f 2137 2353 2358
f 2357 2141 2139
f 2361 2360 2359
f 2359 2360 2356
f 2359 2356 2354
f 2144 2359 2354
f 2143 2144 2354
f 2143 2354 2138
f 2357 2358 2362
f 2362 2358 2363
f 2362 2147 2141
f 2362 2141 2357
f 2365 2364 2148
f 2365 2148 2149
f 2148 2366 2150
f 2364 2366 2148
f 2150 2367 2151
f 2366 2367 2150
f 2369 2368 2152
f 2151 2369 2152
f 2367 2369 2151
f 2370 2368 2369
f 2361 2359 2371
f 2361 2371 2372
f 2154 2371 2144
f 2144 2371 2359
f 2362 2363 2157
f 2363 2156 2157
f 2363 2373 2156
f 2362 2157 2147
f 2163 2374 2164
f 2375 2165 2164
f 2375 2164 2374
f 2165 2375 2376
f 2377 2165 2376
f 2166 2165 2377
f 2149 2166 2365
f 2365 2166 2377
f 2368 2167 2152
f 2379 2378 2168
f 2379 2168 2167
f 2370 2379 2167
f 2368 2370 2167
f 2381 2380 2378
f 2381 2378 2379
f 2383 2382 2380
f 2383 2380 2381
f 2385 2384 2382
f 2385 2382 2383
f 2387 2386 2384
f 2387 2384 2385
f 2386 2387 2372
f 2371 2386 2372
f 2388 2386 2371
f 2170 2388 2154
f 2154 2388 2371
f 2172 2156 2389
f 2156 2390 2389
f 2156 2373 2390
f 2391 2173 2172
f 2391 2172 2389
f 2392 2174 2173
f 2392 2173 2391
f 2392 2176 2174
f 2178 2393 2179
f 2393 2181 2179
f 2183 2394 2184
f 2395 2185 2184
f 2395 2184 2394
f 2396 2186 2185
f 2396 2185 2395
f 2186 2396 2397
f 2398 2186 2397
f 2187 2186 2398
f 2163 2187 2374
f 2187 2399 2374
f 2187 2398 2399
f 2374 2399 2375
f 2375 2399 2400
f 2375 2400 2376
f 2378 2188 2168
f 2188 2378 2190
f 2190 2378 2380
f 2190 2380 2191
f 2380 2401 2191
f 2380 2382 2401
f 2194 2401 2193
f 2401 2384 2193
f 2401 2382 2384
f 2193 2384 2196
f 2196 2384 2386
f 2196 2386 2198
f 2198 2386 2388
f 2198 2388 2170
f 2390 2402 2389
f 2389 2402 2391
f 2391 2402 2403
f 2405 2404 2403
f 2404 2391 2403
f 2404 2392 2391
f 2406 2201 2176
f 2392 2406 2176
f 2404 2406 2392
f 2407 2202 2201
f 2407 2201 2406
f 2393 2178 2202
f 2407 2393 2202
f 2408 2393 2407
f 2409 2203 2181
f 2393 2409 2181
f 2408 2409 2393
f 2410 2204 2203
f 2410 2203 2409
f 2410 2411 2204
f 2204 2411 2183
f 2411 2412 2183
f 2412 2394 2183
f 2394 2412 2395
f 2395 2412 2413
f 2395 2413 2396
f 2396 2413 2414
f 2396 2414 2397
f 2401 2206 2191
f 2206 2401 2194
f 2405 2415 2404
f 2404 2415 2406
f 2406 2415 2416
f 2406 2416 2407
f 2407 2416 2417
f 2407 2417 2408
f 2408 2417 2418
f 2408 2418 2409
f 2409 2418 2419
f 2409 2419 2410
f 2410 2419 2420
f 2410 2420 2411
f 2422 2421 2226
f 2226 2421 2225
f 2424 2422 2423
f 2422 2227 2423
f 2422 2226 2227
f 2228 2425 2227
f 2227 2425 2423
f 2229 2426 2228
f 2228 2426 2425
f 2230 2427 2229
f 2229 2427 2426
f 2231 2428 2230
f 2230 2428 2427
f 2232 2429 2231
f 2231 2429 2428
f 2233 2430 2232
f 2232 2430 2429
f 2234 2431 2233
f 2233 2431 2430
f 2236 2431 2234
f 2434 2433 2432
f 2239 2240 2432
f 2240 2434 2432
f 2240 2435 2434
f 2240 2225 2421
f 2240 2421 2435
f 2436 2424 2423
f 2436 2423 2425
f 2436 2425 2437
f 2439 2438 2437
f 2425 2439 2437
f 2426 2439 2425
f 2440 2426 2427
f 2439 2426 2440
f 2441 2427 2428
f 2440 2427 2441
f 2442 2428 2429
f 2441 2428 2442
f 2443 2429 2430
f 2442 2429 2443
f 2444 2430 2431
f 2443 2430 2444
f 2241 2445 2236
f 2445 2431 2236
f 2445 2444 2431
f 2242 2445 2241
f 2432 2433 2247
f 2433 2246 2247
f 2433 2446 2246
f 2432 2247 2239
f 2447 2438 2439
f 2449 2448 2447
f 2439 2449 2447
f 2440 2449 2439
f 2450 2440 2441
f 2449 2440 2450
f 2451 2441 2442
f 2450 2441 2451
f 2452 2442 2443
f 2451 2442 2452
f 2453 2443 2444
f 2452 2443 2453
f 2454 2444 2445
f 2453 2444 2454
f 2249 2455 2242
f 2455 2445 2242
f 2455 2454 2445
f 2250 2455 2249
f 2253 2246 2456
f 2246 2457 2456
f 2246 2446 2457
f 2456 2255 2253
f 2460 2459 2458
f 2462 2461 2458
f 2462 2458 2459
f 2464 2463 2461
f 2464 2461 2462
f 2463 2464 2448
f 2449 2463 2448
f 2465 2463 2449
f 2466 2449 2450
f 2465 2449 2466
f 2467 2450 2451
f 2466 2450 2467
f 2258 2467 2257
f 2467 2452 2257
f 2467 2451 2452
f 2257 2452 2260
f 2260 2452 2453
f 2260 2453 2262
f 2262 2453 2454
f 2262 2454 2264
f 2264 2454 2455
f 2264 2455 2250
f 2457 2468 2456
f 2456 2468 2255
f 2468 2267 2255
f 2468 2469 2267
f 2267 2470 2268
f 2469 2470 2267
f 2458 2269 2460
f 2269 2470 2460
f 2269 2268 2470
f 2269 2458 2270
f 2270 2458 2461
f 2270 2461 2271
f 2271 2461 2463
f 2271 2463 2272
f 2272 2463 2465
f 2272 2465 2273
f 2273 2465 2466
f 2273 2466 2274
f 2274 2466 2467
f 2274 2467 2258
f 2471 2276 2277
f 2278 2472 2277
f 2277 2472 2471
f 2280 2472 2278
f 2474 2473 2282
f 2282 2473 2281
f 2282 2276 2471
f 2475 2282 2471
f 2474 2282 2475
f 2475 2471 2472
f 2475 2472 2476
f 2476 2472 2280
f 2283 2476 2280
f 2477 2476 2283
f 2478 2283 2284
f 2478 2477 2283
f 2284 2285 2478
f 2478 2285 2479
f 2482 2481 2480
f 2286 2287 2480
f 2287 2482 2480
f 2287 2483 2482
f 2287 2281 2473
f 2287 2473 2483
f 2484 2479 2285
f 2484 2285 2288
f 2485 2288 2289
f 2485 2484 2288
f 2486 2289 2290
f 2486 2485 2289
f 2487 2290 2291
f 2487 2486 2290
f 2488 2291 2292
f 2488 2487 2291
f 2489 2292 2293
f 2489 2488 2292
f 2490 2293 2294
f 2490 2489 2293
f 2491 2294 2295
f 2491 2490 2294
f 2492 2295 2296
f 2492 2491 2295
f 2493 2296 2298
f 2493 2492 2296
f 2494 2298 2300
f 2494 2493 2298
f 2495 2300 2302
f 2495 2494 2300
f 2496 2302 2304
f 2496 2495 2302
f 2498 2497 2306
f 2497 2304 2306
f 2497 2496 2304
f 2500 2499 2498
f 2498 2499 2497
f 2502 2501 2500
f 2500 2501 2499
f 2502 2503 2501
f 2480 2481 2309
f 2481 2308 2309
f 2481 2504 2308
f 2480 2309 2286
f 2310 2498 2306
f 2498 2310 2312
f 2498 2312 2500
f 2500 2312 2314
f 2500 2314 2502
f 2506 2505 2316
f 2316 2505 2314
f 2505 2503 2314
f 2503 2502 2314
f 2508 2507 2506
f 2506 2507 2505
f 2510 2509 2508
f 2508 2509 2507
f 2510 2511 2509
f 2514 2513 2512
f 2504 2514 2512
f 2317 2504 2512
f 2308 2504 2317
f 2318 2506 2316
f 2506 2318 2320
f 2506 2320 2508
f 2508 2320 2322
f 2515 2508 2322
f 2510 2508 2515
f 2511 2510 2516
f 2510 2517 2516
f 2510 2515 2517
f 2517 2518 2516
f 2513 2519 2512
f 2317 2512 2519
f 2520 2317 2519
f 2323 2317 2520
f 2325 2515 2322
f 2515 2325 2327
f 2521 2515 2327
f 2517 2515 2521
f 2518 2517 2522
f 2517 2523 2522
f 2517 2521 2523
f 2523 2524 2522
f 2520 2329 2323
f 2525 2329 2520
f 2331 2521 2327
f 2521 2331 2333
f 2526 2521 2333
f 2523 2521 2526
f 2524 2523 2527
f 2527 2523 2526
f 2525 2528 2329
f 2329 2528 2334
f 2335 2334 2528
f 2335 2528 2529
f 2531 2530 2526
f 2333 2531 2526
f 2337 2531 2333
f 2526 2530 2527
f 2533 2338 2532
f 2338 2529 2532
f 2338 2335 2529
f 2534 2533 2532
f 2337 2339 2535
f 2536 2337 2535
f 2531 2337 2536
f 2340 2537 2339
f 2339 2537 2535
f 2342 2537 2340
f 2533 2345 2338
f 2346 2345 2533
f 2534 2346 2533
f 2538 2346 2534
f 2536 2535 2539
f 2536 2539 2540
f 2541 2535 2537
f 2539 2535 2541
f 2348 2541 2342
f 2342 2541 2537
f 2543 2350 2542
f 2350 2538 2542
f 2350 2346 2538
f 2544 2543 2542
f 2547 2546 2545
f 2545 2546 2540
f 2539 2545 2540
f 2548 2545 2539
f 2549 2539 2541
f 2548 2539 2549
f 2351 2549 2348
f 2348 2549 2541
f 2543 2352 2350
f 2353 2352 2543
f 2544 2353 2543
f 2550 2353 2544
f 2547 2545 2551
f 2547 2551 2552
f 2553 2545 2548
f 2551 2545 2553
f 2356 2553 2355
f 2553 2549 2355
f 2553 2548 2549
f 2355 2549 2351
f 2550 2358 2353
f 2554 2358 2550
f 2557 2556 2555
f 2555 2556 2552
f 2551 2555 2552
f 2558 2555 2551
f 2361 2558 2360
f 2558 2553 2360
f 2558 2551 2553
f 2360 2553 2356
f 2554 2363 2358
f 2559 2363 2554
f 2365 2560 2364
f 2364 2560 2561
f 2562 2364 2561
f 2366 2364 2562
f 2366 2563 2367
f 2562 2563 2366
f 2367 2564 2369
f 2563 2564 2367
f 2566 2565 2370
f 2369 2566 2370
f 2564 2566 2369
f 2568 2567 2565
f 2568 2565 2566
f 2570 2569 2567
f 2570 2567 2568
f 2569 2570 2557
f 2555 2569 2557
f 2571 2569 2555
f 2572 2555 2558
f 2571 2555 2572
f 2372 2572 2361
f 2361 2572 2558
f 2559 2373 2363
f 2573 2373 2559
f 2575 2574 2377
f 2575 2377 2376
f 2365 2377 2560
f 2377 2576 2560
f 2377 2574 2576
f 2560 2576 2561
f 2565 2379 2370
f 2379 2565 2381
f 2381 2565 2567
f 2381 2567 2383
f 2383 2567 2569
f 2383 2569 2385
f 2385 2569 2571
f 2385 2571 2387
f 2387 2571 2572
f 2387 2572 2372
f 2579 2578 2577
f 2573 2579 2577
f 2390 2573 2577
f 2373 2573 2390
f 2397 2580 2398
f 2581 2399 2398
f 2581 2398 2580
f 2399 2581 2582
f 2583 2399 2582
f 2400 2399 2583
f 2376 2400 2575
f 2575 2400 2583
f 2577 2578 2584
f 2584 2578 2585
f 2586 2402 2390
f 2577 2586 2390
f 2584 2586 2577
f 2587 2403 2402
f 2587 2402 2586
f 2587 2405 2403
f 2411 2588 2412
f 2589 2413 2412
f 2589 2412 2588
f 2590 2414 2413
f 2590 2413 2589
f 2580 2397 2414
f 2590 2580 2414
f 2591 2580 2590
f 2593 2581 2592
f 2581 2591 2592
f 2581 2580 2591
f 2581 2593 2582
f 2584 2585 2594
f 2594 2585 2595
f 2584 2596 2586
f 2584 2594 2596
f 2586 2597 2587
f 2586 2596 2597
f 2598 2415 2405
f 2587 2598 2405
f 2597 2598 2587
f 2599 2416 2415
f 2599 2415 2598
f 2600 2417 2416
f 2600 2416 2599
f 2601 2418 2417
f 2601 2417 2600
f 2602 2419 2418
f 2602 2418 2601
f 2603 2420 2419
f 2603 2419 2602
f 2588 2411 2420
f 2603 2588 2420
f 2604 2588 2603
f 2588 2605 2589
f 2588 2604 2605
f 2607 2590 2606
f 2590 2605 2606
f 2590 2589 2605
f 2590 2607 2591
f 2591 2607 2608
f 2591 2608 2592
f 2595 2609 2594
f 2611 2610 2609
f 2610 2594 2609
f 2610 2596 2594
f 2596 2612 2597
f 2596 2610 2612
f 2597 2613 2598
f 2597 2612 2613
f 2598 2614 2599
f 2598 2613 2614
f 2599 2615 2600
f 2599 2614 2615
f 2600 2616 2601
f 2600 2615 2616
f 2601 2617 2602
f 2601 2616 2617
f 2602 2618 2603
f 2602 2617 2618
f 2620 2604 2619
f 2604 2618 2619
f 2604 2603 2618
f 2604 2620 2605
f 2605 2620 2621
f 2605 2621 2606
f 2611 2622 2610
f 2610 2622 2612
f 2612 2622 2623
f 2612 2623 2613
f 2613 2623 2624
f 2626 2625 2624
f 2625 2613 2624
f 2625 2614 2613
f 2614 2627 2615
f 2614 2625 2627
f 2615 2628 2616
f 2615 2627 2628
f 2630 2617 2629
f 2617 2628 2629
f 2617 2616 2628
f 2617 2630 2618
f 2618 2630 2631
f 2618 2631 2619
f 2626 2632 2625
f 2625 2632 2627
f 2627 2632 2633
f 2627 2633 2628
f 2628 2633 2634
f 2628 2634 2629
f 2635 2421 2422
f 2424 2635 2422
f 2636 2433 2434
f 2435 2637 2434
f 2434 2637 2636
f 2421 2635 2435
f 2635 2637 2435
f 2635 2638 2637
f 2436 2639 2424
f 2639 2635 2424
f 2639 2638 2635
f 2437 2640 2436
f 2436 2640 2639
f 2438 2640 2437
f 2641 2446 2636
f 2636 2446 2433
f 2642 2636 2637
f 2641 2636 2642
f 2643 2637 2638
f 2642 2637 2643
f 2644 2638 2639
f 2643 2638 2644
f 2645 2639 2640
f 2644 2639 2645
f 2447 2646 2438
f 2646 2640 2438
f 2646 2645 2640
f 2448 2646 2447
f 2647 2457 2641
f 2641 2457 2446
f 2648 2641 2642
f 2647 2641 2648
f 2649 2642 2643
f 2648 2642 2649
f 2460 2649 2459
f 2649 2644 2459
f 2649 2643 2644
f 2459 2644 2462
f 2462 2644 2645
f 2462 2645 2464
f 2464 2645 2646
f 2464 2646 2448
f 2647 2468 2457
f 2468 2647 2469
f 2469 2647 2648
f 2469 2648 2470
f 2470 2648 2649
f 2470 2649 2460
f 2652 2651 2650
f 2473 2474 2650
f 2474 2652 2650
f 2474 2653 2652
f 2654 2474 2475
f 2654 2653 2474
f 2655 2475 2476
f 2655 2654 2475
f 2656 2476 2477
f 2656 2655 2476
f 2657 2477 2478
f 2657 2656 2477
f 2478 2479 2657
f 2657 2479 2658
f 2661 2660 2659
f 2663 2662 2659
f 2659 2662 2661
f 2665 2664 2663
f 2663 2664 2662
f 2667 2666 2665
f 2665 2666 2664
f 2669 2668 2667
f 2667 2668 2666
f 2671 2670 2669
f 2669 2670 2668
f 2673 2672 2671
f 2671 2672 2670
f 2675 2674 2673
f 2673 2674 2672
f 2677 2676 2675
f 2675 2676 2674
f 2679 2678 2677
f 2677 2678 2676
f 2679 2680 2678
f 2682 2681 2482
f 2482 2681 2481
f 2483 2650 2651
f 2682 2483 2651
f 2482 2483 2682
f 2650 2483 2473
f 2683 2658 2479
f 2683 2479 2484
f 2684 2484 2485
f 2684 2683 2484
f 2685 2485 2486
f 2685 2684 2485
f 2686 2486 2487
f 2686 2685 2486
f 2687 2487 2488
f 2687 2686 2487
f 2688 2488 2489
f 2688 2687 2488
f 2689 2489 2490
f 2689 2688 2489
f 2690 2490 2491
f 2690 2689 2490
f 2691 2491 2492
f 2691 2690 2491
f 2493 2659 2660
f 2691 2493 2660
f 2492 2493 2691
f 2659 2493 2494
f 2659 2494 2663
f 2663 2494 2495
f 2663 2495 2665
f 2665 2495 2496
f 2665 2496 2667
f 2667 2496 2497
f 2667 2497 2669
f 2669 2497 2499
f 2669 2499 2671
f 2671 2499 2501
f 2671 2501 2673
f 2673 2501 2503
f 2692 2673 2503
f 2675 2673 2692
f 2675 2693 2677
f 2675 2692 2693
f 2677 2694 2679
f 2677 2693 2694
f 2680 2679 2695
f 2679 2696 2695
f 2679 2694 2696
f 2698 2697 2696
f 2696 2697 2695
f 2698 2699 2697
f 2681 2504 2481
f 2700 2504 2681
f 2505 2692 2503
f 2692 2505 2507
f 2692 2507 2693
f 2693 2507 2509
f 2693 2509 2694
f 2694 2509 2511
f 2701 2694 2511
f 2696 2694 2701
f 2696 2702 2698
f 2696 2701 2702
f 2699 2698 2703
f 2703 2698 2702
f 2704 2513 2514
f 2705 2704 2514
f 2504 2705 2514
f 2700 2705 2504
f 2516 2701 2511
f 2701 2516 2518
f 2706 2701 2518
f 2702 2701 2706
f 2703 2702 2707
f 2707 2702 2706
f 2704 2519 2513
f 2709 2708 2520
f 2709 2520 2519
f 2705 2709 2519
f 2704 2705 2519
f 2710 2708 2709
f 2522 2706 2518
f 2522 2524 2706
f 2524 2707 2706
f 2524 2711 2707
f 2712 2525 2708
f 2708 2525 2520
f 2708 2710 2713
f 2708 2713 2712
f 2527 2711 2524
f 2527 2714 2711
f 2712 2528 2525
f 2716 2715 2529
f 2716 2529 2528
f 2713 2716 2528
f 2712 2713 2528
f 2717 2715 2716
f 2719 2718 2530
f 2719 2530 2531
f 2527 2530 2714
f 2714 2530 2718
f 2715 2532 2529
f 2534 2532 2715
f 2717 2534 2715
f 2720 2534 2717
f 2723 2722 2721
f 2722 2719 2721
f 2719 2536 2721
f 2719 2531 2536
f 2725 2538 2724
f 2538 2720 2724
f 2538 2534 2720
f 2726 2725 2724
f 2729 2728 2727
f 2727 2728 2723
f 2721 2727 2723
f 2730 2727 2721
f 2540 2730 2536
f 2536 2730 2721
f 2725 2542 2538
f 2544 2542 2725
f 2726 2544 2725
f 2731 2544 2726
f 2729 2727 2732
f 2729 2732 2733
f 2547 2732 2546
f 2732 2730 2546
f 2732 2727 2730
f 2546 2730 2540
f 2731 2550 2544
f 2734 2550 2731
f 2737 2736 2735
f 2735 2736 2733
f 2732 2735 2733
f 2738 2735 2732
f 2552 2738 2547
f 2547 2738 2732
f 2734 2554 2550
f 2739 2554 2734
f 2742 2741 2740
f 2744 2743 2740
f 2744 2740 2741
f 2743 2744 2737
f 2735 2743 2737
f 2745 2743 2735
f 2557 2745 2556
f 2745 2738 2556
f 2745 2735 2738
f 2556 2738 2552
f 2739 2559 2554
f 2746 2559 2739
f 2561 2747 2562
f 2748 2563 2562
f 2748 2562 2747
f 2563 2748 2749
f 2750 2563 2749
f 2564 2563 2750
f 2740 2566 2742
f 2566 2750 2742
f 2566 2564 2750
f 2566 2740 2568
f 2568 2740 2743
f 2568 2743 2570
f 2570 2743 2745
f 2570 2745 2557
f 2746 2573 2559
f 2751 2573 2746
f 2575 2752 2574
f 2574 2752 2753
f 2754 2574 2753
f 2576 2574 2754
f 2561 2576 2747
f 2576 2755 2747
f 2576 2754 2755
f 2747 2755 2748
f 2748 2755 2756
f 2748 2756 2749
f 2758 2757 2579
f 2579 2757 2578
f 2579 2573 2751
f 2579 2751 2758
f 2760 2759 2583
f 2760 2583 2582
f 2575 2583 2752
f 2583 2761 2752
f 2583 2759 2761
f 2752 2761 2753
f 2757 2585 2578
f 2762 2585 2757
f 2764 2763 2593
f 2764 2593 2592
f 2582 2593 2760
f 2760 2593 2763
f 2767 2766 2765
f 2762 2767 2765
f 2595 2762 2765
f 2585 2762 2595
f 2606 2768 2607
f 2607 2768 2769
f 2770 2607 2769
f 2608 2607 2770
f 2592 2608 2764
f 2764 2608 2770
f 2766 2771 2765
f 2771 2773 2772
f 2771 2772 2609
f 2765 2771 2609
f 2595 2765 2609
f 2772 2611 2609
f 2619 2774 2620
f 2620 2774 2775
f 2776 2620 2775
f 2621 2620 2776
f 2606 2621 2768
f 2621 2777 2768
f 2621 2776 2777
f 2768 2777 2769
f 2773 2778 2772
f 2778 2780 2779
f 2778 2779 2622
f 2772 2778 2622
f 2611 2772 2622
f 2781 2623 2622
f 2781 2622 2779
f 2782 2624 2623
f 2782 2623 2781
f 2782 2626 2624
f 2629 2783 2630
f 2630 2783 2784
f 2785 2630 2784
f 2631 2630 2785
f 2619 2631 2774
f 2631 2786 2774
f 2631 2785 2786
f 2774 2786 2775
f 2780 2787 2779
f 2779 2787 2781
f 2781 2787 2788
f 2781 2788 2782
f 2782 2788 2789
f 2782 2789 2626
f 2789 2632 2626
f 2789 2790 2632
f 2632 2791 2633
f 2790 2791 2632
f 2633 2792 2634
f 2791 2792 2633
f 2629 2634 2783
f 2634 2793 2783
f 2634 2792 2793
f 2783 2793 2784
f 2796 2795 2794
f 2798 2797 2794
f 2794 2797 2796
f 2800 2799 2798
f 2798 2799 2797
f 2802 2801 2800
f 2800 2801 2799
f 2804 2803 2802
f 2802 2803 2801
f 2804 2805 2803
f 2808 2807 2806
f 2810 2809 2806
f 2806 2809 2808
f 2812 2811 2810
f 2810 2811 2809
f 2811 2812 2795
f 2812 2794 2795
f 2812 2813 2794
f 2794 2814 2798
f 2794 2813 2814
f 2798 2815 2800
f 2798 2814 2815
f 2800 2816 2802
f 2800 2815 2816
f 2802 2817 2804
f 2802 2816 2817
f 2805 2804 2818
f 2804 2819 2818
f 2804 2817 2819
f 2819 2820 2818
f 2821 2651 2652
f 2653 2822 2652
f 2652 2822 2821
f 2654 2823 2653
f 2653 2823 2822
f 2823 2654 2824
f 2654 2825 2824
f 2654 2655 2825
f 2826 2655 2656
f 2826 2825 2655
f 2828 2826 2827
f 2826 2657 2827
f 2826 2656 2657
f 2658 2827 2657
f 2831 2830 2829
f 2660 2661 2829
f 2661 2831 2829
f 2661 2832 2831
f 2833 2661 2662
f 2833 2832 2661
f 2664 2806 2807
f 2833 2664 2807
f 2662 2664 2833
f 2806 2664 2666
f 2806 2666 2810
f 2810 2666 2668
f 2810 2668 2812
f 2812 2668 2670
f 2812 2670 2813
f 2813 2670 2672
f 2813 2672 2814
f 2814 2672 2674
f 2814 2674 2815
f 2815 2674 2676
f 2815 2676 2816
f 2816 2676 2678
f 2816 2678 2817
f 2817 2678 2680
f 2834 2817 2680
f 2819 2817 2834
f 2820 2819 2835
f 2819 2836 2835
f 2819 2834 2836
f 2836 2837 2835
f 2838 2681 2682
f 2839 2838 2682
f 2839 2682 2651
f 2840 2839 2651
f 2821 2840 2651
f 2840 2821 2822
f 2840 2822 2841
f 2841 2822 2823
f 2841 2823 2842
f 2842 2823 2824
f 2843 2828 2827
f 2843 2827 2658
f 2683 2843 2658
f 2844 2843 2683
f 2845 2683 2684
f 2845 2844 2683
f 2846 2684 2685
f 2846 2845 2684
f 2847 2685 2686
f 2847 2846 2685
f 2848 2686 2687
f 2848 2847 2686
f 2849 2687 2688
f 2849 2848 2687
f 2850 2688 2689
f 2850 2849 2688
f 2851 2689 2690
f 2851 2850 2689
f 2691 2829 2830
f 2851 2691 2830
f 2690 2691 2851
f 2829 2691 2660
f 2695 2834 2680
f 2834 2695 2697
f 2834 2697 2836
f 2697 2699 2836
f 2699 2837 2836
f 2699 2852 2837
f 2853 2700 2838
f 2838 2700 2681
f 2838 2839 2854
f 2838 2854 2853
f 2703 2856 2855
f 2852 2703 2855
f 2699 2703 2852
f 2856 2857 2855
f 2858 2705 2853
f 2853 2705 2700
f 2853 2854 2859
f 2853 2859 2858
f 2861 2860 2856
f 2703 2861 2856
f 2707 2861 2703
f 2856 2860 2857
f 2858 2709 2705
f 2710 2709 2858
f 2859 2710 2858
f 2862 2710 2859
f 2711 2861 2707
f 2711 2863 2861
f 2862 2713 2710
f 2864 2713 2862
f 2867 2866 2865
f 2866 2863 2865
f 2863 2714 2865
f 2863 2711 2714
f 2864 2868 2713
f 2713 2868 2716
f 2717 2716 2868
f 2717 2868 2869
f 2872 2871 2870
f 2870 2871 2867
f 2870 2867 2865
f 2719 2870 2865
f 2718 2719 2865
f 2718 2865 2714
f 2874 2720 2873
f 2720 2869 2873
f 2720 2717 2869
f 2875 2874 2873
f 2878 2877 2876
f 2876 2877 2872
f 2876 2872 2870
f 2723 2876 2870
f 2722 2723 2870
f 2722 2870 2719
f 2874 2724 2720
f 2880 2879 2726
f 2880 2726 2724
f 2875 2880 2724
f 2874 2875 2724
f 2881 2879 2880
f 2884 2883 2882
f 2882 2883 2878
f 2882 2878 2876
f 2729 2882 2876
f 2728 2729 2876
f 2728 2876 2723
f 2885 2731 2879
f 2879 2731 2726
f 2879 2881 2886
f 2879 2886 2885
f 2884 2882 2887
f 2884 2887 2888
f 2733 2887 2729
f 2729 2887 2882
f 2889 2734 2885
f 2885 2734 2731
f 2885 2886 2890
f 2885 2890 2889
f 2893 2892 2891
f 2891 2892 2888
f 2891 2888 2887
f 2737 2891 2887
f 2736 2737 2887
f 2736 2887 2733
f 2894 2739 2889
f 2889 2739 2734
f 2889 2890 2895
f 2889 2895 2894
f 2897 2896 2741
f 2897 2741 2742
f 2891 2744 2893
f 2744 2896 2893
f 2744 2741 2896
f 2744 2891 2737
f 2899 2898 2894
f 2898 2739 2894
f 2898 2746 2739
f 2899 2894 2895
f 2901 2900 2750
f 2901 2750 2749
f 2742 2750 2897
f 2897 2750 2900
f 2898 2751 2746
f 2902 2751 2898
f 2753 2903 2754
f 2904 2755 2754
f 2904 2754 2903
f 2755 2904 2905
f 2906 2755 2905
f 2756 2755 2906
f 2749 2756 2901
f 2901 2756 2906
f 2907 2757 2758
f 2908 2907 2758
f 2751 2908 2758
f 2902 2908 2751
f 2760 2909 2759
f 2759 2909 2910
f 2911 2759 2910
f 2761 2759 2911
f 2753 2761 2903
f 2761 2912 2903
f 2761 2911 2912
f 2903 2912 2904
f 2904 2912 2913
f 2904 2913 2905
f 2914 2762 2907
f 2907 2762 2757
f 2907 2908 2915
f 2907 2915 2914
f 2917 2916 2763
f 2917 2763 2764
f 2760 2763 2909
f 2763 2918 2909
f 2763 2916 2918
f 2909 2918 2910
f 2919 2766 2767
f 2920 2919 2767
f 2920 2767 2762
f 2921 2920 2762
f 2914 2921 2762
f 2921 2914 2915
f 2924 2923 2922
f 2770 2769 2922
f 2923 2770 2922
f 2925 2770 2923
f 2764 2770 2917
f 2917 2770 2925
f 2919 2771 2766
f 2927 2926 2773
f 2927 2773 2771
f 2920 2927 2771
f 2919 2920 2771
f 2928 2926 2927
f 2930 2929 2776
f 2930 2776 2775
f 2922 2777 2924
f 2777 2929 2924
f 2777 2776 2929
f 2777 2922 2769
f 2926 2778 2773
f 2932 2931 2780
f 2932 2780 2778
f 2928 2932 2778
f 2926 2928 2778
f 2934 2933 2931
f 2934 2931 2932
f 2936 2935 2933
f 2936 2933 2934
f 2938 2937 2935
f 2938 2935 2936
f 2939 2937 2938
f 2941 2940 2785
f 2941 2785 2784
f 2785 2942 2786
f 2940 2942 2785
f 2775 2786 2930
f 2930 2786 2942
f 2931 2787 2780
f 2787 2931 2788
f 2788 2931 2933
f 2788 2933 2789
f 2789 2933 2935
f 2789 2935 2790
f 2790 2935 2937
f 2939 2943 2937
f 2943 2790 2937
f 2943 2791 2790
f 2791 2944 2792
f 2943 2944 2791
f 2792 2945 2793
f 2944 2945 2792
f 2784 2793 2941
f 2941 2793 2945
f 2948 2947 2946
f 2950 2949 2946
f 2946 2949 2948
f 2952 2951 2950
f 2950 2951 2949
f 2952 2953 2951
f 2956 2955 2954
f 2795 2796 2954
f 2796 2956 2954
f 2796 2957 2956
f 2797 2946 2947
f 2957 2797 2947
f 2796 2797 2957
f 2946 2797 2799
f 2946 2799 2950
f 2950 2799 2801
f 2950 2801 2952
f 2958 2953 2952
f 2801 2958 2952
f 2803 2958 2801
f 2803 2805 2958
f 2958 2805 2959
f 2961 2960 2808
f 2808 2960 2807
f 2962 2808 2809
f 2962 2961 2808
f 2811 2954 2955
f 2962 2811 2955
f 2809 2811 2962
f 2954 2811 2795
f 2963 2959 2805
f 2963 2805 2818
f 2818 2820 2963
f 2963 2820 2964
f 2965 2824 2825
f 2826 2966 2825
f 2825 2966 2965
f 2828 2966 2826
f 2967 2830 2831
f 2967 2831 2968
f 2831 2969 2968
f 2831 2832 2969
f 2970 2832 2833
f 2970 2969 2832
f 2833 2807 2960
f 2833 2960 2970
f 2971 2964 2820
f 2971 2820 2835
f 2835 2837 2971
f 2971 2837 2972
f 2973 2839 2840
f 2841 2974 2840
f 2840 2974 2973
f 2842 2975 2841
f 2841 2975 2974
f 2824 2965 2842
f 2965 2975 2842
f 2965 2976 2975
f 2977 2965 2966
f 2976 2965 2977
f 2843 2978 2828
f 2978 2966 2828
f 2978 2977 2966
f 2844 2979 2843
f 2843 2979 2978
f 2845 2980 2844
f 2844 2980 2979
f 2846 2981 2845
f 2845 2981 2980
f 2981 2846 2982
f 2846 2983 2982
f 2846 2847 2983
f 2984 2847 2848
f 2984 2983 2847
f 2985 2848 2849
f 2985 2984 2848
f 2986 2849 2850
f 2986 2985 2849
f 2987 2850 2851
f 2987 2986 2850
f 2851 2830 2967
f 2988 2851 2967
f 2987 2851 2988
f 2988 2967 2968
f 2852 2990 2989
f 2972 2852 2989
f 2837 2852 2972
f 2990 2991 2989
f 2992 2854 2973
f 2973 2854 2839
f 2993 2973 2974
f 2992 2973 2993
f 2994 2974 2975
f 2993 2974 2994
f 2995 2975 2976
f 2994 2975 2995
f 2996 2976 2977
f 2995 2976 2996
f 2978 2998 2997
f 2996 2978 2997
f 2977 2978 2996
f 2998 2978 2979
f 2998 2979 2999
f 2999 2979 2980
f 2999 2980 3000
f 3000 2980 2981
f 3000 2981 3001
f 3001 2981 2982
f 2855 2990 2852
f 2855 2857 2990
f 2857 2991 2990
f 2857 3002 2991
f 3003 2859 2992
f 2992 2859 2854
f 3004 2992 2993
f 3003 2992 3004
f 2994 3006 3005
f 3004 2994 3005
f 2993 2994 3004
f 3006 2994 2995
f 3006 2995 3007
f 3007 2995 2996
f 3007 2996 3008
f 3008 2996 2997
f 3010 3009 2860
f 3010 2860 2861
f 2857 2860 3002
f 3002 2860 3009
f 3011 2862 3003
f 3003 2862 2859
f 3004 3013 3012
f 3011 3004 3012
f 3003 3004 3011
f 3013 3004 3005
f 2863 3010 2861
f 2863 3014 3010
f 3015 2864 3011
f 3011 2864 2862
f 3011 3012 3016
f 3011 3016 3015
f 3018 3017 2866
f 3018 2866 2867
f 2863 2866 3014
f 3014 2866 3017
f 3015 2868 2864
f 2869 2868 3015
f 3016 2869 3015
f 3019 2869 3016
f 3021 3020 2871
f 3021 2871 2872
f 2867 2871 3018
f 3018 2871 3020
f 3019 3022 2869
f 2869 3022 2873
f 3024 3023 2875
f 2873 3024 2875
f 3022 3024 2873
f 3026 3025 3023
f 3026 3023 3024
f 3027 3025 3026
f 3029 3028 2877
f 3029 2877 2878
f 2872 2877 3021
f 3021 2877 3028
f 3023 2880 2875
f 2880 3023 2881
f 3023 3030 2881
f 3023 3025 3030
f 3025 3027 3031
f 3032 3025 3031
f 3030 3025 3032
f 3033 3032 3031
f 3035 3034 2883
f 3035 2883 2884
f 2878 2883 3029
f 3029 2883 3034
f 3036 2886 3030
f 3030 2886 2881
f 3032 3038 3037
f 3036 3032 3037
f 3030 3032 3036
f 3038 3032 3033
f 3041 3040 3039
f 3040 3035 3039
f 3035 2888 3039
f 3035 2884 2888
f 3042 2890 3036
f 3036 2890 2886
f 3036 3037 3043
f 3036 3043 3042
f 3046 3045 3044
f 3044 3045 3041
f 3044 3041 3039
f 2893 3044 3039
f 2892 2893 3039
f 2892 3039 2888
f 3047 2895 3042
f 3042 2895 2890
f 3042 3043 3048
f 3042 3048 3047
f 3051 3050 3049
f 3049 3050 3046
f 3049 3046 3044
f 2897 3049 3044
f 2896 2897 3044
f 2896 3044 2893
f 3052 2898 2899
f 3053 3052 2899
f 3053 2899 2895
f 3054 3053 2895
f 3047 3054 2895
f 3054 3047 3048
f 3051 3049 2900
f 2901 3051 2900
f 3055 3051 2901
f 2900 3049 2897
f 3056 2902 3052
f 3052 2902 2898
f 3052 3053 3057
f 3052 3057 3056
f 3059 3058 2906
f 3059 2906 2905
f 2901 2906 3055
f 3055 2906 3058
f 3060 2908 3056
f 3056 2908 2902
f 3056 3057 3061
f 3056 3061 3060
f 2910 3062 2911
f 3063 2912 2911
f 3063 2911 3062
f 2912 3063 3064
f 3065 2912 3064
f 2913 2912 3065
f 2905 2913 3059
f 3059 2913 3065
f 3067 3066 3060
f 3066 2908 3060
f 3066 2915 2908
f 3067 3060 3061
f 3070 3069 3068
f 2916 2917 3068
f 3069 2916 3068
f 3071 2916 3069
f 2916 3072 2918
f 3071 3072 2916
f 2910 2918 3062
f 2918 3073 3062
f 2918 3072 3073
f 3062 3073 3063
f 3063 3073 3074
f 3063 3074 3064
f 3075 2920 2921
f 2915 3066 3076
f 3075 2915 3076
f 3077 3075 3076
f 2921 2915 3075
f 3078 3077 3076
f 3081 3080 3079
f 2923 2924 3079
f 3080 2923 3079
f 3082 2923 3080
f 3068 2925 3070
f 2925 3082 3070
f 2925 2923 3082
f 2925 3068 2917
f 3075 2927 2920
f 2927 3075 2928
f 3075 3083 2928
f 3075 3077 3083
f 3077 3078 3084
f 3085 3077 3084
f 3083 3077 3085
f 3086 3085 3084
f 3089 3088 3087
f 3087 3088 3081
f 3087 3081 3079
f 2930 3087 3079
f 2929 2930 3079
f 2929 3079 2924
f 3083 2932 2928
f 2932 3083 2934
f 2934 3083 3085
f 3086 3090 3085
f 3090 2934 3085
f 3090 2936 2934
f 2936 3091 2938
f 3090 3091 2936
f 3093 3092 2939
f 2938 3093 2939
f 3091 3093 2938
f 3095 3094 3092
f 3095 3092 3093
f 3097 3096 3094
f 3097 3094 3095
f 2940 2941 3096
f 3097 2940 3096
f 3098 2940 3097
f 3087 2942 3089
f 2942 3098 3089
f 2942 2940 3098
f 2942 3087 2930
f 3092 2943 2939
f 2943 3092 2944
f 2944 3092 3094
f 2944 3094 2945
f 2945 3094 3096
f 2945 3096 2941
f 3099 2947 2948
f 2949 3100 2948
f 2948 3100 3099
f 2951 3101 2949
f 2949 3101 3100
f 2953 3101 2951
f 3103 3102 2956
f 2956 3102 2955
f 3104 2956 2957
f 3104 3103 2956
f 2957 2947 3099
f 3105 2957 3099
f 3104 2957 3105
f 3105 3099 3100
f 3105 3100 3106
f 3106 3100 3101
f 3106 3101 3107
f 3109 3107 3108
f 3108 3107 2958
f 3107 3101 2958
f 3101 2953 2958
f 2959 3108 2958
f 3111 3110 2961
f 2961 3110 2960
f 3112 2961 2962
f 3112 3111 2961
f 2962 2955 3102
f 2962 3102 3112
f 3113 3109 3108
f 3115 3113 3114
f 3114 3113 2963
f 3113 3108 2963
f 3108 2959 2963
f 2964 3114 2963
f 3116 2968 2969
f 3116 2969 3117
f 2969 3118 3117
f 2969 2970 3118
f 2970 2960 3110
f 2970 3110 3118
f 3119 3115 3114
f 3121 3119 3120
f 3120 3119 2971
f 3119 3114 2971
f 3114 2964 2971
f 2972 3120 2971
f 3122 2982 2983
f 2984 3123 2983
f 2983 3123 3122
f 2985 3124 2984
f 2984 3124 3123
f 2986 3125 2985
f 2985 3125 3124
f 2987 3126 2986
f 2986 3126 3125
f 2988 3127 2987
f 2987 3127 3126
f 3128 3127 2988
f 3128 2988 2968
f 3129 3128 2968
f 3116 3129 2968
f 3129 3116 3117
f 3130 3121 3120
f 3132 3130 3131
f 3131 3130 2989
f 3130 3120 2989
f 3120 2972 2989
f 2991 3131 2989
f 3133 2997 2998
f 2999 3134 2998
f 2998 3134 3133
f 3000 3135 2999
f 2999 3135 3134
f 3001 3136 3000
f 3000 3136 3135
f 2982 3122 3001
f 3122 3136 3001
f 3122 3137 3136
f 3138 3122 3123
f 3137 3122 3138
f 3139 3123 3124
f 3138 3123 3139
f 3140 3124 3125
f 3139 3124 3140
f 3141 3125 3126
f 3140 3125 3141
f 3127 3143 3142
f 3141 3127 3142
f 3126 3127 3141
f 3143 3127 3128
f 3132 3131 3144
f 3132 3144 3145
f 3002 3144 2991
f 2991 3144 3131
f 3146 3005 3006
f 3007 3147 3006
f 3006 3147 3146
f 3008 3148 3007
f 3007 3148 3147
f 2997 3133 3008
f 3133 3148 3008
f 3133 3149 3148
f 3150 3133 3134
f 3149 3133 3150
f 3151 3134 3135
f 3150 3134 3151
f 3152 3135 3136
f 3151 3135 3152
f 3153 3136 3137
f 3152 3136 3153
f 3138 3155 3154
f 3153 3138 3154
f 3137 3138 3153
f 3157 3156 3155
f 3138 3157 3155
f 3139 3157 3138
f 3158 3139 3140
f 3157 3139 3158
f 3159 3140 3141
f 3158 3140 3159
f 3141 3142 3160
f 3141 3160 3159
f 3145 3144 3009
f 3010 3145 3009
f 3161 3145 3010
f 3009 3144 3002
f 3162 3012 3013
f 3005 3146 3013
f 3146 3162 3013
f 3146 3163 3162
f 3164 3146 3147
f 3163 3146 3164
f 3165 3147 3148
f 3164 3147 3165
f 3166 3148 3149
f 3165 3148 3166
f 3167 3149 3150
f 3166 3149 3167
f 3168 3150 3151
f 3167 3150 3168
f 3152 3170 3169
f 3168 3152 3169
f 3151 3152 3168
f 3170 3152 3153
f 3170 3153 3171
f 3171 3153 3154
f 3172 3156 3157
f 3172 3157 3158
f 3172 3158 3173
f 3173 3158 3159
f 3173 3159 3174
f 3174 3159 3160
f 3177 3176 3175
f 3176 3161 3175
f 3161 3014 3175
f 3161 3010 3014
f 3178 3016 3162
f 3162 3016 3012
f 3179 3162 3163
f 3178 3162 3179
f 3180 3163 3164
f 3179 3163 3180
f 3181 3164 3165
f 3180 3164 3181
f 3182 3165 3166
f 3181 3165 3182
f 3183 3166 3167
f 3182 3166 3183
f 3168 3185 3184
f 3183 3168 3184
f 3167 3168 3183
f 3185 3168 3169
f 3188 3187 3186
f 3186 3187 3177
f 3186 3177 3175
f 3018 3186 3175
f 3017 3018 3175
f 3017 3175 3014
f 3189 3019 3178
f 3178 3019 3016
f 3190 3178 3179
f 3189 3178 3190
f 3191 3179 3180
f 3190 3179 3191
f 3192 3180 3181
f 3191 3180 3192
f 3193 3181 3182
f 3192 3181 3193
f 3194 3182 3183
f 3193 3182 3194
f 3183 3184 3195
f 3183 3195 3194
f 3198 3197 3196
f 3196 3197 3188
f 3196 3188 3186
f 3021 3196 3186
f 3020 3021 3186
f 3020 3186 3018
f 3189 3022 3019
f 3022 3189 3024
f 3024 3189 3190
f 3024 3190 3026
f 3026 3190 3191
f 3026 3191 3027
f 3191 3199 3027
f 3191 3192 3199
f 3200 3192 3193
f 3199 3192 3200
f 3194 3202 3201
f 3200 3194 3201
f 3193 3194 3200
f 3202 3194 3195
f 3205 3204 3203
f 3203 3204 3198
f 3203 3198 3196
f 3029 3203 3196
f 3028 3029 3196
f 3028 3196 3021
f 3199 3031 3027
f 3031 3199 3033
f 3199 3206 3033
f 3199 3200 3206
f 3200 3201 3207
f 3200 3207 3206
f 3210 3209 3208
f 3208 3209 3205
f 3208 3205 3203
f 3035 3208 3203
f 3034 3035 3203
f 3034 3203 3029
f 3211 3037 3038
f 3212 3211 3038
f 3212 3038 3033
f 3213 3212 3033
f 3206 3213 3033
f 3213 3206 3207
f 3216 3215 3214
f 3214 3215 3210
f 3214 3210 3208
f 3041 3214 3208
f 3040 3041 3208
f 3040 3208 3035
f 3217 3043 3211
f 3211 3043 3037
f 3211 3212 3218
f 3211 3218 3217
f 3221 3220 3219
f 3219 3220 3216
f 3219 3216 3214
f 3046 3219 3214
f 3045 3046 3214
f 3045 3214 3041
f 3223 3222 3217
f 3222 3043 3217
f 3222 3048 3043
f 3223 3217 3218
f 3226 3225 3224
f 3224 3225 3221
f 3224 3221 3219
f 3051 3224 3219
f 3050 3051 3219
f 3050 3219 3046
f 3227 3053 3054
f 3228 3227 3054
f 3048 3228 3054
f 3222 3228 3048
f 3226 3224 3229
f 3226 3229 3230
f 3055 3229 3051
f 3051 3229 3224
f 3231 3057 3227
f 3227 3057 3053
f 3227 3228 3232
f 3227 3232 3231
f 3235 3234 3233
f 3233 3234 3230
f 3233 3230 3229
f 3059 3233 3229
f 3058 3059 3229
f 3058 3229 3055
f 3236 3061 3231
f 3231 3061 3057
f 3231 3232 3237
f 3231 3237 3236
f 3240 3239 3238
f 3238 3239 3235
f 3238 3235 3233
f 3064 3238 3233
f 3065 3064 3233
f 3065 3233 3059
f 3241 3066 3067
f 3061 3236 3067
f 3236 3241 3067
f 3236 3242 3241
f 3236 3237 3243
f 3236 3243 3242
f 3070 3244 3069
f 3069 3244 3245
f 3246 3069 3245
f 3071 3069 3246
f 3071 3247 3072
f 3246 3247 3071
f 3072 3248 3073
f 3247 3248 3072
f 3238 3074 3240
f 3074 3248 3240
f 3074 3073 3248
f 3074 3238 3064
f 3241 3076 3066
f 3076 3241 3078
f 3241 3249 3078
f 3241 3242 3249
f 3242 3243 3250
f 3251 3242 3250
f 3249 3242 3251
f 3253 3252 3251
f 3253 3251 3250
f 3254 3252 3253
f 3257 3256 3255
f 3080 3081 3255
f 3256 3080 3255
f 3258 3080 3256
f 3080 3259 3082
f 3258 3259 3080
f 3070 3082 3244
f 3082 3260 3244
f 3082 3259 3260
f 3244 3260 3245
f 3249 3084 3078
f 3084 3249 3086
f 3249 3261 3086
f 3249 3251 3261
f 3262 3251 3252
f 3261 3251 3262
f 3252 3254 3263
f 3264 3252 3263
f 3262 3252 3264
f 3266 3265 3264
f 3266 3264 3263
f 3268 3267 3265
f 3268 3265 3266
f 3270 3269 3267
f 3270 3267 3268
f 3269 3270 3257
f 3269 3257 3255
f 3089 3269 3255
f 3088 3089 3255
f 3088 3255 3081
f 3261 3090 3086
f 3090 3261 3091
f 3091 3261 3262
f 3091 3262 3093
f 3093 3262 3264
f 3093 3264 3095
f 3095 3264 3265
f 3095 3265 3097
f 3097 3265 3267
f 3097 3267 3098
f 3098 3267 3269
f 3098 3269 3089
f 3271 3102 3103
f 3104 3272 3103
f 3103 3272 3271
f 3272 3104 3273
f 3104 3274 3273
f 3104 3105 3274
f 3276 3274 3275
f 3274 3106 3275
f 3274 3105 3106
f 3107 3277 3106
f 3106 3277 3275
f 3109 3277 3107
f 3278 3110 3111
f 3112 3279 3111
f 3111 3279 3278
f 3280 3279 3112
f 3280 3112 3102
f 3281 3280 3102
f 3271 3281 3102
f 3281 3271 3272
f 3281 3272 3282
f 3282 3272 3273
f 3283 3276 3275
f 3285 3284 3283
f 3275 3285 3283
f 3277 3285 3275
f 3113 3286 3109
f 3286 3277 3109
f 3286 3285 3277
f 3115 3286 3113
f 3287 3117 3118
f 3288 3287 3118
f 3288 3118 3110
f 3289 3288 3110
f 3278 3289 3110
f 3289 3278 3279
f 3289 3279 3290
f 3290 3279 3280
f 3291 3284 3285
f 3293 3292 3291
f 3285 3293 3291
f 3286 3293 3285
f 3119 3294 3115
f 3294 3286 3115
f 3294 3293 3286
f 3121 3294 3119
f 3295 3128 3129
f 3296 3295 3129
f 3296 3129 3117
f 3297 3296 3117
f 3287 3297 3117
f 3297 3287 3288
f 3298 3292 3293
f 3300 3299 3298
f 3293 3300 3298
f 3294 3300 3293
f 3130 3301 3121
f 3301 3294 3121
f 3301 3300 3294
f 3132 3301 3130
f 3302 3142 3143
f 3303 3302 3143
f 3303 3143 3128
f 3304 3303 3128
f 3295 3304 3128
f 3304 3295 3296
f 3299 3300 3305
f 3299 3305 3306
f 3307 3300 3301
f 3305 3300 3307
f 3145 3307 3132
f 3132 3307 3301
f 3308 3154 3155
f 3156 3308 3155
f 3309 3160 3302
f 3302 3160 3142
f 3302 3303 3310
f 3302 3310 3309
f 3306 3305 3311
f 3306 3311 3312
f 3313 3305 3307
f 3311 3305 3313
f 3161 3313 3145
f 3145 3313 3307
f 3314 3169 3170
f 3171 3315 3170
f 3170 3315 3314
f 3154 3308 3171
f 3308 3315 3171
f 3308 3316 3315
f 3172 3317 3156
f 3317 3308 3156
f 3317 3316 3308
f 3173 3318 3172
f 3172 3318 3317
f 3174 3319 3173
f 3173 3319 3318
f 3320 3319 3174
f 3320 3174 3160
f 3321 3320 3160
f 3309 3321 3160
f 3321 3309 3310
f 3312 3311 3322
f 3312 3322 3323
f 3177 3322 3176
f 3322 3313 3176
f 3322 3311 3313
f 3176 3313 3161
f 3324 3184 3185
f 3169 3314 3185
f 3314 3324 3185
f 3314 3325 3324
f 3326 3314 3315
f 3325 3314 3326
f 3327 3315 3316
f 3326 3315 3327
f 3328 3316 3317
f 3327 3316 3328
f 3329 3317 3318
f 3328 3317 3329
f 3330 3318 3319
f 3329 3318 3330
f 3319 3320 3331
f 3319 3331 3330
f 3334 3333 3332
f 3332 3333 3323
f 3332 3323 3322
f 3188 3332 3322
f 3187 3188 3322
f 3187 3322 3177
f 3335 3195 3324
f 3324 3195 3184
f 3336 3324 3325
f 3335 3324 3336
f 3337 3325 3326
f 3336 3325 3337
f 3338 3326 3327
f 3337 3326 3338
f 3339 3327 3328
f 3338 3327 3339
f 3340 3328 3329
f 3339 3328 3340
f 3330 3342 3341
f 3340 3330 3341
f 3329 3330 3340
f 3342 3330 3331
f 3345 3344 3343
f 3343 3344 3334
f 3343 3334 3332
f 3198 3343 3332
f 3197 3198 3332
f 3197 3332 3188
f 3346 3201 3202
f 3195 3335 3202
f 3335 3346 3202
f 3335 3347 3346
f 3348 3335 3336
f 3347 3335 3348
f 3349 3336 3337
f 3348 3336 3349
f 3350 3337 3338
f 3349 3337 3350
f 3351 3338 3339
f 3350 3338 3351
f 3352 3339 3340
f 3351 3339 3352
f 3340 3341 3353
f 3340 3353 3352
f 3356 3355 3354
f 3354 3355 3345
f 3354 3345 3343
f 3205 3354 3343
f 3204 3205 3343
f 3204 3343 3198
f 3357 3207 3346
f 3346 3207 3201
f 3347 3359 3358
f 3357 3347 3358
f 3346 3347 3357
f 3359 3347 3348
f 3359 3348 3360
f 3360 3348 3349
f 3360 3349 3361
f 3361 3349 3350
f 3361 3350 3362
f 3362 3350 3351
f 3362 3351 3363
f 3363 3351 3352
f 3363 3352 3364
f 3364 3352 3353
f 3367 3366 3365
f 3365 3366 3356
f 3365 3356 3354
f 3210 3365 3354
f 3209 3210 3354
f 3209 3354 3205
f 3368 3212 3213
f 3369 3368 3213
f 3369 3213 3207
f 3370 3369 3207
f 3357 3370 3207
f 3370 3357 3358
f 3373 3372 3371
f 3371 3372 3367
f 3371 3367 3365
f 3216 3371 3365
f 3215 3216 3365
f 3215 3365 3210
f 3375 3374 3368
f 3374 3212 3368
f 3374 3218 3212
f 3375 3368 3369
f 3378 3377 3376
f 3376 3377 3373
f 3376 3373 3371
f 3221 3376 3371
f 3220 3221 3371
f 3220 3371 3216
f 3379 3222 3223
f 3380 3379 3223
f 3218 3380 3223
f 3374 3380 3218
f 3383 3382 3381
f 3381 3382 3378
f 3381 3378 3376
f 3226 3381 3376
f 3225 3226 3376
f 3225 3376 3221
f 3385 3384 3379
f 3384 3222 3379
f 3384 3228 3222
f 3385 3379 3380
f 3388 3387 3386
f 3386 3387 3383
f 3381 3386 3383
f 3389 3386 3381
f 3230 3389 3226
f 3226 3389 3381
f 3384 3232 3228
f 3390 3232 3384
f 3393 3392 3391
f 3391 3392 3388
f 3386 3391 3388
f 3394 3391 3386
f 3235 3394 3234
f 3394 3389 3234
f 3394 3386 3389
f 3234 3389 3230
f 3396 3237 3395
f 3237 3390 3395
f 3237 3232 3390
f 3397 3396 3395
f 3400 3399 3398
f 3402 3401 3398
f 3402 3398 3399
f 3401 3402 3393
f 3391 3401 3393
f 3403 3401 3391
f 3240 3403 3239
f 3403 3394 3239
f 3403 3391 3394
f 3239 3394 3235
f 3404 3243 3396
f 3396 3243 3237
f 3396 3397 3405
f 3406 3396 3405
f 3404 3396 3406
f 3407 3406 3405
f 3410 3409 3408
f 3412 3411 3408
f 3412 3408 3409
f 3411 3412 3400
f 3411 3400 3398
f 3245 3411 3398
f 3246 3245 3398
f 3246 3398 3247
f 3247 3398 3401
f 3247 3401 3248
f 3248 3401 3403
f 3248 3403 3240
f 3404 3250 3243
f 3250 3404 3253
f 3253 3404 3406
f 3414 3413 3254
f 3414 3254 3253
f 3407 3414 3253
f 3406 3407 3253
f 3416 3415 3413
f 3416 3413 3414
f 3418 3417 3415
f 3418 3415 3416
f 3420 3419 3417
f 3420 3417 3418
f 3256 3257 3419
f 3420 3256 3419
f 3421 3256 3420
f 3256 3422 3258
f 3421 3422 3256
f 3408 3259 3410
f 3259 3422 3410
f 3259 3258 3422
f 3259 3408 3260
f 3260 3408 3411
f 3260 3411 3245
f 3413 3263 3254
f 3263 3413 3266
f 3266 3413 3415
f 3266 3415 3268
f 3268 3415 3417
f 3268 3417 3270
f 3270 3417 3419
f 3270 3419 3257
f 3423 3273 3274
f 3276 3423 3274
f 3424 3280 3281
f 3282 3425 3281
f 3281 3425 3424
f 3273 3423 3282
f 3423 3425 3282
f 3423 3426 3425
f 3283 3427 3276
f 3427 3423 3276
f 3427 3426 3423
f 3284 3427 3283
f 3428 3288 3289
f 3290 3429 3289
f 3289 3429 3428
f 3280 3424 3290
f 3424 3429 3290
f 3424 3430 3429
f 3425 3432 3431
f 3430 3425 3431
f 3424 3425 3430
f 3434 3433 3432
f 3425 3434 3432
f 3426 3434 3425
f 3435 3426 3427
f 3434 3426 3435
f 3291 3436 3284
f 3436 3427 3284
f 3436 3435 3427
f 3292 3436 3291
f 3437 3296 3297
f 3438 3437 3297
f 3438 3297 3288
f 3439 3438 3288
f 3428 3439 3288
f 3439 3428 3429
f 3439 3429 3440
f 3440 3429 3430
f 3440 3430 3441
f 3441 3430 3431
f 3442 3433 3434
f 3442 3434 3435
f 3442 3435 3443
f 3445 3444 3443
f 3435 3445 3443
f 3436 3445 3435
f 3298 3446 3292
f 3446 3436 3292
f 3446 3445 3436
f 3299 3446 3298
f 3447 3303 3304
f 3448 3447 3304
f 3448 3304 3296
f 3449 3448 3296
f 3437 3449 3296
f 3449 3437 3438
f 3444 3445 3450
f 3444 3450 3451
f 3452 3445 3446
f 3450 3445 3452
f 3306 3452 3299
f 3299 3452 3446
f 3454 3453 3447
f 3453 3303 3447
f 3453 3310 3303
f 3454 3447 3448
f 3455 3451 3450
f 3457 3456 3455
f 3450 3457 3455
f 3452 3457 3450
f 3312 3457 3306
f 3306 3457 3452
f 3459 3458 3321
f 3321 3458 3320
f 3321 3310 3453
f 3321 3453 3459
f 3462 3461 3460
f 3460 3461 3456
f 3457 3460 3456
f 3463 3460 3457
f 3323 3463 3312
f 3312 3463 3457
f 3458 3331 3320
f 3464 3331 3458
f 3462 3460 3465
f 3462 3465 3466
f 3334 3465 3333
f 3465 3463 3333
f 3465 3460 3463
f 3333 3463 3323
f 3467 3341 3342
f 3468 3467 3342
f 3331 3468 3342
f 3464 3468 3331
f 3471 3470 3469
f 3469 3470 3466
f 3469 3466 3465
f 3345 3469 3465
f 3344 3345 3465
f 3344 3465 3334
f 3472 3353 3467
f 3467 3353 3341
f 3467 3468 3473
f 3474 3467 3473
f 3472 3467 3474
f 3475 3474 3473
f 3478 3477 3476
f 3476 3477 3471
f 3476 3471 3469
f 3356 3476 3469
f 3355 3356 3469
f 3355 3469 3345
f 3479 3358 3359
f 3360 3480 3359
f 3359 3480 3479
f 3361 3481 3360
f 3360 3481 3480
f 3362 3482 3361
f 3361 3482 3481
f 3363 3483 3362
f 3362 3483 3482
f 3364 3484 3363
f 3363 3484 3483
f 3353 3472 3364
f 3472 3484 3364
f 3472 3485 3484
f 3474 3487 3486
f 3485 3474 3486
f 3472 3474 3485
f 3487 3474 3475
f 3490 3489 3488
f 3492 3491 3488
f 3492 3488 3489
f 3491 3492 3478
f 3491 3478 3476
f 3367 3491 3476
f 3366 3367 3476
f 3366 3476 3356
f 3493 3369 3370
f 3358 3479 3370
f 3479 3493 3370
f 3479 3494 3493
f 3495 3479 3480
f 3494 3479 3495
f 3496 3480 3481
f 3495 3480 3496
f 3497 3481 3482
f 3496 3481 3497
f 3498 3482 3483
f 3497 3482 3498
f 3499 3483 3484
f 3498 3483 3499
f 3485 3501 3500
f 3499 3485 3500
f 3484 3485 3499
f 3501 3485 3486
f 3504 3503 3502
f 3506 3505 3502
f 3506 3502 3503
f 3505 3506 3490
f 3488 3505 3490
f 3507 3505 3488
f 3373 3507 3372
f 3507 3491 3372
f 3507 3488 3491
f 3372 3491 3367
f 3508 3374 3375
f 3369 3493 3375
f 3493 3508 3375
f 3493 3509 3508
f 3494 3511 3510
f 3509 3494 3510
f 3493 3494 3509
f 3511 3494 3495
f 3511 3495 3512
f 3512 3495 3496
f 3512 3496 3513
f 3513 3496 3497
f 3513 3497 3514
f 3514 3497 3498
f 3514 3498 3515
f 3515 3498 3499
f 3515 3499 3516
f 3516 3499 3500
f 3504 3502 3517
f 3504 3517 3518
f 3519 3502 3505
f 3517 3502 3519
f 3378 3519 3377
f 3519 3507 3377
f 3519 3505 3507
f 3377 3507 3373
f 3521 3520 3508
f 3520 3374 3508
f 3520 3380 3374
f 3521 3508 3509
f 3521 3509 3522
f 3522 3509 3510
f 3525 3524 3523
f 3523 3524 3518
f 3517 3523 3518
f 3526 3523 3517
f 3383 3526 3382
f 3526 3519 3382
f 3526 3517 3519
f 3382 3519 3378
f 3527 3384 3385
f 3528 3527 3385
f 3380 3528 3385
f 3520 3528 3380
f 3531 3530 3529
f 3533 3532 3529
f 3533 3529 3530
f 3535 3534 3532
f 3535 3532 3533
f 3537 3536 3534
f 3537 3534 3535
f 3536 3537 3525
f 3523 3536 3525
f 3538 3536 3523
f 3388 3538 3387
f 3538 3526 3387
f 3538 3523 3526
f 3387 3526 3383
f 3539 3390 3527
f 3527 3390 3384
f 3527 3528 3540
f 3527 3540 3539
f 3543 3542 3541
f 3541 3542 3531
f 3529 3541 3531
f 3544 3541 3529
f 3545 3529 3532
f 3544 3529 3545
f 3546 3532 3534
f 3545 3532 3546
f 3547 3534 3536
f 3546 3534 3547
f 3393 3547 3392
f 3547 3538 3392
f 3547 3536 3538
f 3392 3538 3388
f 3539 3395 3390
f 3397 3395 3539
f 3540 3397 3539
f 3548 3397 3540
f 3543 3541 3549
f 3543 3549 3550
f 3551 3541 3544
f 3549 3541 3551
f 3552 3544 3545
f 3551 3544 3552
f 3400 3552 3399
f 3552 3546 3399
f 3552 3545 3546
f 3399 3546 3402
f 3402 3546 3547
f 3402 3547 3393
f 3548 3553 3397
f 3397 3553 3405
f 3555 3554 3407
f 3405 3555 3407
f 3553 3555 3405
f 3557 3556 3554
f 3557 3554 3555
f 3559 3558 3556
f 3559 3556 3557
f 3560 3558 3559
f 3563 3562 3561
f 3561 3562 3550
f 3549 3561 3550
f 3564 3561 3549
f 3410 3564 3409
f 3564 3551 3409
f 3564 3549 3551
f 3409 3551 3412
f 3412 3551 3552
f 3412 3552 3400
f 3554 3414 3407
f 3414 3554 3416
f 3416 3554 3556
f 3416 3556 3418
f 3418 3556 3558
f 3560 3565 3558
f 3565 3418 3558
f 3565 3420 3418
f 3561 3421 3563
f 3421 3565 3563
f 3421 3420 3565
f 3421 3561 3422
f 3422 3561 3564
f 3422 3564 3410
f 3566 3431 3432
f 3433 3566 3432
f 3567 3438 3439
f 3567 3439 3568
f 3439 3569 3568
f 3439 3440 3569
f 3571 3569 3570
f 3569 3441 3570
f 3569 3440 3441
f 3431 3566 3441
f 3566 3570 3441
f 3566 3572 3570
f 3442 3573 3433
f 3573 3566 3433
f 3573 3572 3566
f 3443 3574 3442
f 3442 3574 3573
f 3444 3574 3443
f 3577 3576 3575
f 3448 3449 3575
f 3449 3577 3575
f 3449 3578 3577
f 3449 3438 3567
f 3579 3449 3567
f 3578 3449 3579
f 3579 3567 3568
f 3580 3571 3570
f 3580 3570 3572
f 3580 3572 3581
f 3581 3572 3573
f 3581 3573 3582
f 3584 3583 3582
f 3573 3584 3582
f 3574 3584 3573
f 3451 3584 3444
f 3444 3584 3574
f 3587 3586 3585
f 3587 3585 3576
f 3576 3585 3575
f 3585 3453 3575
f 3453 3454 3575
f 3575 3454 3448
f 3583 3584 3588
f 3583 3588 3589
f 3455 3590 3451
f 3590 3584 3451
f 3590 3588 3584
f 3456 3590 3455
f 3585 3586 3459
f 3586 3458 3459
f 3586 3591 3458
f 3585 3459 3453
f 3589 3588 3592
f 3589 3592 3593
f 3462 3592 3461
f 3592 3590 3461
f 3592 3588 3590
f 3461 3590 3456
f 3591 3464 3458
f 3594 3464 3591
f 3593 3592 3595
f 3593 3595 3596
f 3466 3595 3462
f 3462 3595 3592
f 3598 3468 3597
f 3468 3594 3597
f 3468 3464 3594
f 3599 3598 3597
f 3602 3601 3600
f 3600 3601 3596
f 3600 3596 3595
f 3471 3600 3595
f 3470 3471 3595
f 3470 3595 3466
f 3598 3473 3468
f 3604 3603 3475
f 3604 3475 3473
f 3599 3604 3473
f 3598 3599 3473
f 3605 3603 3604
f 3608 3607 3606
f 3606 3607 3602
f 3606 3602 3600
f 3478 3606 3600
f 3477 3478 3600
f 3477 3600 3471
f 3609 3486 3487
f 3475 3603 3487
f 3603 3609 3487
f 3603 3610 3609
f 3603 3605 3611
f 3612 3603 3611
f 3610 3603 3612
f 3614 3613 3612
f 3614 3612 3611
f 3616 3615 3613
f 3616 3613 3614
f 3489 3490 3615
f 3616 3489 3615
f 3617 3489 3616
f 3606 3492 3608
f 3492 3617 3608
f 3492 3489 3617
f 3492 3606 3478
f 3618 3500 3501
f 3486 3609 3501
f 3609 3618 3501
f 3609 3619 3618
f 3620 3609 3610
f 3619 3609 3620
f 3621 3610 3612
f 3620 3610 3621
f 3504 3621 3503
f 3621 3613 3503
f 3621 3612 3613
f 3503 3613 3506
f 3506 3613 3615
f 3506 3615 3490
f 3622 3510 3511
f 3512 3623 3511
f 3511 3623 3622
f 3513 3624 3512
f 3512 3624 3623
f 3514 3625 3513
f 3513 3625 3624
f 3515 3626 3514
f 3514 3626 3625
f 3516 3627 3515
f 3515 3627 3626
f 3500 3618 3516
f 3618 3627 3516
f 3618 3628 3627
f 3629 3618 3619
f 3628 3618 3629
f 3630 3619 3620
f 3629 3619 3630
f 3631 3620 3621
f 3630 3620 3631
f 3518 3631 3504
f 3504 3631 3621
f 3632 3520 3521
f 3522 3633 3521
f 3521 3633 3632
f 3510 3622 3522
f 3622 3633 3522
f 3622 3634 3633
f 3635 3622 3623
f 3634 3622 3635
f 3636 3623 3624
f 3635 3623 3636
f 3637 3624 3625
f 3636 3624 3637
f 3638 3625 3626
f 3637 3625 3638
f 3639 3626 3627
f 3638 3626 3639
f 3640 3627 3628
f 3639 3627 3640
f 3641 3628 3629
f 3640 3628 3641
f 3642 3629 3630
f 3641 3629 3642
f 3525 3642 3524
f 3642 3631 3524
f 3642 3630 3631
f 3524 3631 3518
f 3643 3528 3632
f 3632 3528 3520
f 3644 3632 3633
f 3643 3632 3644
f 3645 3633 3634
f 3644 3633 3645
f 3646 3634 3635
f 3645 3634 3646
f 3647 3635 3636
f 3646 3635 3647
f 3648 3636 3637
f 3647 3636 3648
f 3649 3637 3638
f 3648 3637 3649
f 3531 3649 3530
f 3649 3639 3530
f 3649 3638 3639
f 3530 3639 3533
f 3533 3639 3640
f 3533 3640 3535
f 3535 3640 3641
f 3535 3641 3537
f 3537 3641 3642
f 3537 3642 3525
f 3650 3540 3643
f 3643 3540 3528
f 3651 3643 3644
f 3650 3643 3651
f 3652 3644 3645
f 3651 3644 3652
f 3653 3645 3646
f 3652 3645 3653
f 3654 3646 3647
f 3653 3646 3654
f 3655 3647 3648
f 3654 3647 3655
f 3543 3655 3542
f 3655 3649 3542
f 3655 3648 3649
f 3542 3649 3531
f 3656 3548 3650
f 3650 3548 3540
f 3657 3650 3651
f 3656 3650 3657
f 3658 3651 3652
f 3657 3651 3658
f 3659 3652 3653
f 3658 3652 3659
f 3660 3653 3654
f 3659 3653 3660
f 3661 3654 3655
f 3660 3654 3661
f 3550 3661 3543
f 3543 3661 3655
f 3656 3553 3548
f 3553 3656 3555
f 3555 3656 3657
f 3555 3657 3557
f 3557 3657 3658
f 3557 3658 3559
f 3559 3658 3659
f 3559 3659 3560
f 3659 3662 3560
f 3659 3660 3662
f 3563 3662 3562
f 3662 3661 3562
f 3662 3660 3661
f 3562 3661 3550
f 3662 3565 3560
f 3565 3662 3563
f 3663 3568 3569
f 3571 3663 3569
f 3666 3665 3664
f 3668 3667 3664
f 3664 3667 3666
f 3670 3669 3668
f 3668 3669 3667
f 3576 3577 3670
f 3577 3669 3670
f 3577 3671 3669
f 3672 3577 3578
f 3672 3671 3577
f 3673 3578 3579
f 3673 3672 3578
f 3579 3568 3663
f 3674 3579 3663
f 3673 3579 3674
f 3674 3663 3571
f 3580 3674 3571
f 3675 3674 3580
f 3677 3675 3676
f 3675 3581 3676
f 3675 3580 3581
f 3582 3678 3581
f 3581 3678 3676
f 3583 3678 3582
f 3681 3680 3679
f 3681 3679 3665
f 3679 3664 3665
f 3679 3682 3664
f 3664 3683 3668
f 3664 3682 3683
f 3683 3586 3587
f 3670 3683 3587
f 3668 3683 3670
f 3670 3587 3576
f 3684 3677 3676
f 3686 3685 3684
f 3676 3686 3684
f 3678 3686 3676
f 3589 3686 3583
f 3583 3686 3678
f 3680 3687 3679
f 3689 3688 3687
f 3688 3679 3687
f 3688 3682 3679
f 3682 3690 3683
f 3682 3688 3690
f 3690 3591 3586
f 3690 3586 3683
f 3685 3686 3691
f 3685 3691 3692
f 3593 3691 3589
f 3589 3691 3686
f 3689 3693 3688
f 3688 3693 3690
f 3690 3693 3694
f 3591 3690 3694
f 3695 3591 3694
f 3594 3591 3695
f 3692 3691 3696
f 3692 3696 3697
f 3596 3696 3593
f 3593 3696 3691
f 3695 3698 3594
f 3594 3698 3597
f 3599 3597 3698
f 3599 3698 3699
f 3702 3701 3700
f 3700 3701 3697
f 3700 3697 3696
f 3602 3700 3696
f 3601 3602 3696
f 3601 3696 3596
f 3699 3703 3599
f 3599 3703 3604
f 3705 3704 3605
f 3604 3705 3605
f 3703 3705 3604
f 3707 3706 3704
f 3707 3704 3705
f 3709 3708 3706
f 3709 3706 3707
f 3711 3710 3708
f 3711 3708 3709
f 3710 3711 3702
f 3710 3702 3700
f 3608 3710 3700
f 3607 3608 3700
f 3607 3700 3602
f 3704 3611 3605
f 3611 3704 3614
f 3614 3704 3706
f 3614 3706 3616
f 3616 3706 3708
f 3616 3708 3617
f 3617 3708 3710
f 3617 3710 3608
f 3714 3713 3712
f 3716 3715 3712
f 3712 3715 3714
f 3718 3717 3716
f 3716 3717 3715
f 3718 3719 3717
f 3722 3721 3720
f 3724 3723 3720
f 3720 3723 3722
f 3723 3724 3713
f 3713 3724 3712
f 3724 3665 3712
f 3665 3666 3712
f 3712 3666 3667
f 3712 3667 3716
f 3716 3667 3669
f 3716 3669 3718
f 3725 3719 3718
f 3669 3725 3718
f 3671 3725 3669
f 3726 3671 3672
f 3726 3725 3671
f 3727 3672 3673
f 3727 3726 3672
f 3728 3673 3674
f 3728 3727 3673
f 3730 3728 3729
f 3728 3675 3729
f 3728 3674 3675
f 3677 3729 3675
f 3733 3732 3731
f 3733 3731 3721
f 3731 3720 3721
f 3731 3734 3720
f 3734 3680 3681
f 3724 3734 3681
f 3720 3734 3724
f 3724 3681 3665
f 3735 3730 3729
f 3737 3735 3736
f 3736 3735 3684
f 3735 3729 3684
f 3729 3677 3684
f 3685 3736 3684
f 3740 3739 3738
f 3740 3738 3732
f 3738 3731 3732
f 3738 3741 3731
f 3731 3742 3734
f 3731 3741 3742
f 3743 3687 3680
f 3734 3743 3680
f 3742 3743 3734
f 3743 3689 3687
f 3737 3736 3744
f 3737 3744 3745
f 3692 3744 3685
f 3685 3744 3736
f 3738 3739 3746
f 3746 3739 3747
f 3749 3741 3748
f 3741 3746 3748
f 3741 3738 3746
f 3751 3750 3749
f 3750 3741 3749
f 3750 3742 3741
f 3753 3743 3752
f 3743 3750 3752
f 3743 3742 3750
f 3753 3755 3754
f 3753 3754 3693
f 3743 3753 3693
f 3689 3743 3693
f 3756 3694 3693
f 3756 3693 3754
f 3756 3695 3694
f 3745 3744 3757
f 3745 3757 3758
f 3697 3757 3692
f 3692 3757 3744
f 3747 3759 3746
f 3746 3759 3748
f 3751 3760 3750
f 3750 3760 3752
f 3755 3761 3754
f 3754 3761 3756
f 3756 3761 3762
f 3756 3762 3695
f 3762 3698 3695
f 3762 3763 3698
f 3699 3698 3763
f 3699 3763 3764
f 3767 3766 3765
f 3765 3766 3758
f 3765 3758 3757
f 3702 3765 3757
f 3701 3702 3757
f 3701 3757 3697
f 3764 3768 3699
f 3699 3768 3703
f 3703 3769 3705
f 3768 3769 3703
f 3705 3770 3707
f 3769 3770 3705
f 3707 3771 3709
f 3770 3771 3707
f 3765 3711 3767
f 3711 3771 3767
f 3711 3709 3771
f 3711 3765 3702
f 3773 3772 3714
f 3714 3772 3713
f 3774 3714 3715
f 3774 3773 3714
f 3775 3715 3717
f 3775 3774 3715
f 3717 3719 3775
f 3775 3719 3776
f 3778 3777 3722
f 3722 3777 3721
f 3779 3722 3723
f 3779 3778 3722
f 3723 3713 3772
f 3723 3772 3779
f 3780 3776 3719
f 3780 3719 3725
f 3781 3725 3726
f 3781 3780 3725
f 3782 3726 3727
f 3782 3781 3726
f 3784 3782 3783
f 3782 3728 3783
f 3782 3727 3728
f 3730 3783 3728
f 3786 3785 3733
f 3733 3785 3732
f 3733 3721 3777
f 3733 3777 3786
f 3787 3784 3783
f 3789 3787 3788
f 3788 3787 3735
f 3787 3783 3735
f 3783 3730 3735
f 3737 3788 3735
f 3791 3790 3740
f 3740 3790 3739
f 3740 3732 3785
f 3740 3785 3791
f 3789 3788 3792
f 3789 3792 3793
f 3745 3792 3737
f 3737 3792 3788
f 3796 3795 3794
f 3790 3796 3794
f 3747 3790 3794
f 3739 3790 3747
f 3748 3797 3749
f 3797 3751 3749
f 3752 3798 3753
f 3798 3755 3753
f 3793 3792 3799
f 3793 3799 3800
f 3758 3799 3745
f 3745 3799 3792
f 3795 3801 3794
f 3801 3803 3802
f 3801 3802 3759
f 3794 3801 3759
f 3747 3794 3759
f 3802 3804 3759
f 3759 3804 3748
f 3804 3805 3748
f 3805 3797 3748
f 3797 3805 3751
f 3805 3760 3751
f 3805 3806 3760
f 3752 3760 3798
f 3760 3807 3798
f 3760 3806 3807
f 3798 3807 3755
f 3807 3761 3755
f 3807 3808 3761
f 3761 3809 3762
f 3808 3809 3761
f 3762 3810 3763
f 3809 3810 3762
f 3812 3811 3764
f 3763 3812 3764
f 3810 3812 3763
f 3814 3813 3811
f 3814 3811 3812
f 3816 3815 3813
f 3816 3813 3814
f 3818 3817 3815
f 3818 3815 3816
f 3817 3818 3800
f 3817 3800 3799
f 3767 3817 3799
f 3766 3767 3799
f 3766 3799 3758
f 3803 3819 3802
f 3802 3819 3804
f 3811 3768 3764
f 3768 3811 3769
f 3769 3811 3813
f 3769 3813 3770
f 3770 3813 3815
f 3770 3815 3771
f 3771 3815 3817
f 3771 3817 3767
f 3822 3821 3820
f 3824 3823 3820
f 3820 3823 3822
f 3826 3825 3824
f 3824 3825 3823
f 3826 3827 3825
f 3821 3828 3820
f 3830 3829 3828
f 3829 3820 3828
f 3829 3824 3820
f 3824 3831 3826
f 3824 3829 3831
f 3827 3826 3832
f 3832 3826 3831
f 3830 3833 3829
f 3835 3834 3833
f 3834 3829 3833
f 3834 3831 3829
f 3832 3831 3836
f 3831 3837 3836
f 3831 3834 3837
f 3839 3838 3837
f 3837 3838 3836
f 3839 3840 3838
f 3834 3835 3841
f 3841 3835 3842
f 3834 3843 3837
f 3834 3841 3843
f 3837 3844 3839
f 3837 3843 3844
f 3840 3839 3845
f 3845 3839 3844
f 3841 3842 3846
f 3846 3842 3847
f 3849 3843 3848
f 3843 3846 3848
f 3843 3841 3846
f 3851 3850 3849
f 3850 3843 3849
f 3850 3844 3843
f 3845 3844 3852
f 3852 3844 3850
f 3847 3853 3846
f 3853 3854 3846
f 3854 3855 3846
f 3856 3848 3846
f 3856 3846 3855
f 3856 3855 3851
f 3855 3850 3851
f 3855 3857 3850
f 3852 3850 3858
f 3858 3850 3857
f 3854 3859 3855
f 3861 3860 3859
f 3860 3855 3859
f 3860 3857 3855
f 3858 3857 3862
f 3862 3857 3860
f 3861 3863 3860
f 3860 3863 3862
f 3866 3865 3864
f 3772 3773 3864
f 3773 3866 3864
f 3773 3867 3866
f 3868 3773 3774
f 3868 3867 3773
f 3869 3774 3775
f 3869 3868 3774
f 3871 3870 3776
f 3870 3775 3776
f 3870 3869 3775
f 3871 3872 3870
f 3875 3874 3873
f 3777 3778 3873
f 3778 3875 3873
f 3778 3876 3875
f 3779 3864 3865
f 3876 3779 3865
f 3778 3779 3876
f 3864 3779 3772
f 3780 3871 3776
f 3877 3872 3871
f 3780 3877 3871
f 3781 3877 3780
f 3879 3877 3878
f 3877 3782 3878
f 3877 3781 3782
f 3784 3878 3782
f 3882 3881 3880
f 3882 3880 3874
f 3874 3880 3873
f 3880 3785 3873
f 3785 3786 3873
f 3873 3786 3777
f 3879 3878 3883
f 3879 3883 3884
f 3787 3885 3784
f 3885 3878 3784
f 3885 3883 3878
f 3789 3885 3787
f 3887 3886 3881
f 3886 3790 3881
f 3791 3880 3881
f 3791 3881 3790
f 3889 3888 3887
f 3889 3880 3888
f 3880 3889 3785
f 3890 3785 3889
f 3785 3890 3791
f 3888 3791 3890
f 3890 3886 3888
f 3888 3886 3887
f 3880 3791 3888
f 3892 3891 3890
f 3892 3890 3889
f 3894 3893 3891
f 3894 3891 3892
f 3895 3893 3894
f 3884 3883 3896
f 3884 3896 3897
f 3898 3883 3885
f 3896 3883 3898
f 3793 3898 3789
f 3789 3898 3885
f 3899 3795 3796
f 3790 3886 3796
f 3886 3899 3796
f 3886 3900 3899
f 3901 3886 3890
f 3900 3886 3901
f 3891 3903 3902
f 3901 3891 3902
f 3890 3891 3901
f 3905 3904 3903
f 3891 3905 3903
f 3893 3905 3891
f 3893 3895 3906
f 3893 3906 3905
f 3909 3908 3907
f 3907 3908 3897
f 3896 3907 3897
f 3910 3907 3896
f 3911 3896 3898
f 3910 3896 3911
f 3800 3911 3793
f 3793 3911 3898
f 3899 3801 3795
f 3899 3900 3912
f 3803 3899 3912
f 3913 3803 3912
f 3899 3803 3801
f 3912 3915 3914
f 3912 3916 3915
f 3916 3912 3804
f 3900 3804 3912
f 3804 3900 3805
f 3915 3805 3900
f 3900 3901 3915
f 3915 3901 3914
f 3916 3805 3915
f 3805 3917 3806
f 3917 3901 3806
f 3902 3806 3901
f 3806 3902 3918
f 3914 3918 3902
f 3918 3914 3917
f 3917 3916 3918
f 3805 3916 3917
f 3917 3914 3901
f 3919 3904 3905
f 3806 3919 3905
f 3807 3806 3905
f 3919 3806 3918
f 3906 3920 3905
f 3920 3807 3905
f 3920 3808 3807
f 3808 3921 3809
f 3920 3921 3808
f 3809 3922 3810
f 3921 3922 3809
f 3810 3923 3812
f 3922 3923 3810
f 3907 3814 3909
f 3814 3923 3909
f 3814 3812 3923
f 3814 3907 3816
f 3816 3907 3910
f 3816 3910 3818
f 3818 3910 3911
f 3818 3911 3800
f 3913 3924 3803
f 3803 3924 3819
f 3804 3819 3916
f 3819 3925 3916
f 3819 3924 3925
f 3916 3925 3918
f 3918 3925 3926
f 3918 3926 3919
f 3929 3928 3927
f 3931 3930 3927
f 3927 3930 3929
f 3933 3932 3931
f 3931 3932 3930
f 3933 3934 3932
f 3927 3928 3935
f 3935 3928 3936
f 3927 3937 3931
f 3927 3935 3937
f 3931 3938 3933
f 3931 3937 3938
f 3934 3933 3939
f 3933 3940 3939
f 3933 3938 3940
f 3940 3941 3939
f 3935 3936 3942
f 3942 3936 3943
f 3942 3821 3822
f 3937 3942 3822
f 3935 3942 3937
f 3937 3822 3823
f 3937 3823 3938
f 3938 3823 3825
f 3938 3825 3940
f 3945 3944 3827
f 3827 3944 3825
f 3944 3941 3825
f 3941 3940 3825
f 3947 3946 3945
f 3945 3946 3944
f 3947 3948 3946
f 3943 3949 3942
f 3949 3951 3950
f 3949 3950 3828
f 3942 3949 3828
f 3821 3942 3828
f 3950 3830 3828
f 3832 3952 3945
f 3832 3945 3827
f 3945 3953 3947
f 3945 3952 3953
f 3948 3947 3954
f 3947 3955 3954
f 3947 3953 3955
f 3955 3956 3954
f 3951 3957 3950
f 3957 3959 3958
f 3957 3958 3833
f 3950 3957 3833
f 3830 3950 3833
f 3958 3835 3833
f 3836 3952 3832
f 3952 3836 3838
f 3952 3838 3953
f 3953 3838 3840
f 3960 3953 3840
f 3955 3953 3960
f 3956 3955 3961
f 3961 3955 3960
f 3959 3962 3958
f 3835 3958 3962
f 3963 3835 3962
f 3842 3835 3963
f 3845 3964 3960
f 3845 3960 3840
f 3961 3960 3965
f 3965 3960 3964
f 3967 3847 3966
f 3847 3963 3966
f 3847 3842 3963
f 3968 3849 3848
f 3969 3967 3966
f 3968 3851 3849
f 3852 3970 3964
f 3852 3964 3845
f 3965 3964 3971
f 3964 3972 3971
f 3964 3970 3972
f 3972 3973 3971
f 3975 3853 3974
f 3853 3847 3974
f 3974 3847 3967
f 3976 3974 3967
f 3967 3969 3976
f 3968 3848 3856
f 3975 3854 3853
f 3968 3856 3851
f 3978 3977 3970
f 3852 3978 3970
f 3858 3978 3852
f 3970 3977 3972
f 3972 3977 3979
f 3972 3979 3973
f 3974 3980 3975
f 3975 3980 3854
f 3980 3859 3854
f 3980 3981 3859
f 3983 3982 3861
f 3859 3983 3861
f 3981 3983 3859
f 3983 3978 3982
f 3978 3862 3982
f 3978 3858 3862
f 3982 3863 3861
f 3863 3982 3862
f 3984 3865 3866
f 3984 3866 3985
f 3866 3986 3985
f 3866 3867 3986
f 3987 3867 3868
f 3987 3986 3867
f 3988 3868 3869
f 3988 3987 3868
f 3990 3988 3989
f 3988 3870 3989
f 3988 3869 3870
f 3872 3989 3870
f 3991 3874 3875
f 3991 3875 3992
f 3875 3993 3992
f 3875 3876 3993
f 3876 3865 3984
f 3994 3876 3984
f 3993 3876 3994
f 3994 3984 3985
f 3995 3990 3989
f 3997 3995 3996
f 3996 3995 3877
f 3995 3989 3877
f 3989 3872 3877
f 3879 3996 3877
f 3998 3881 3882
f 3874 3991 3882
f 3991 3998 3882
f 3991 3999 3998
f 3991 3992 4000
f 4001 3991 4000
f 3999 3991 4001
f 4003 4002 4001
f 4003 4001 4000
f 4005 4004 4002
f 4005 4002 4003
f 4006 4004 4005
f 4009 4008 4007
f 4007 4008 3997
f 3996 4007 3997
f 4010 4007 3996
f 3884 4010 3879
f 3879 4010 3996
f 3998 3887 3881
f 3887 3998 3889
f 3889 3998 3999
f 3889 3999 3892
f 3892 3999 4001
f 3892 4001 3894
f 3894 4001 4002
f 3894 4002 3895
f 4002 4011 3895
f 4002 4004 4011
f 4004 4006 4012
f 4013 4004 4012
f 4011 4004 4013
f 4015 4014 4013
f 4015 4013 4012
f 4014 4015 4009
f 4007 4014 4009
f 4016 4014 4007
f 4017 4007 4010
f 4016 4007 4017
f 3897 4017 3884
f 3884 4017 4010
f 4018 3902 3903
f 3904 4018 3903
f 4019 3906 4011
f 4011 3906 3895
f 4020 4011 4013
f 4019 4011 4020
f 4021 4013 4014
f 4020 4013 4021
f 4022 4014 4016
f 4021 4014 4022
f 3909 4022 3908
f 4022 4017 3908
f 4022 4016 4017
f 3908 4017 3897
f 4023 3913 3912
f 3914 4024 3912
f 3912 4024 4023
f 3902 4018 3914
f 4018 4024 3914
f 4018 4025 4024
f 3919 4025 3904
f 3904 4025 4018
f 4019 3920 3906
f 3920 4019 3921
f 3921 4019 4020
f 3921 4020 3922
f 3922 4020 4021
f 3922 4021 3923
f 3923 4021 4022
f 3923 4022 3909
f 4023 3924 3913
f 3924 4023 3925
f 3925 4023 4024
f 3925 4024 3926
f 3926 4024 4025
f 3926 4025 3919
f 4026 3928 3929
f 3930 4027 3929
f 3929 4027 4026
f 3932 4028 3930
f 3930 4028 4027
f 3934 4028 3932
f 4029 3936 4026
f 4026 3936 3928
f 4030 4026 4027
f 4029 4026 4030
f 4031 4027 4028
f 4030 4027 4031
f 3939 4032 3934
f 4032 4028 3934
f 4032 4031 4028
f 3941 4032 3939
f 4033 3943 4029
f 4029 3943 3936
f 4034 4029 4030
f 4033 4029 4034
f 4035 4030 4031
f 4034 4030 4035
f 4032 4037 4036
f 4035 4032 4036
f 4031 4032 4035
f 4039 4037 4038
f 4038 4037 3944
f 4037 4032 3944
f 4032 3941 3944
f 3946 4040 3944
f 3944 4040 4038
f 3948 4040 3946
f 4033 3949 3943
f 3949 4033 3951
f 4033 4041 3951
f 4033 4034 4041
f 4035 4043 4042
f 4041 4035 4042
f 4034 4035 4041
f 4043 4035 4036
f 4044 4039 4038
f 4044 4038 4040
f 4044 4040 4045
f 4045 4040 3948
f 3954 4045 3948
f 4046 4045 3954
f 3954 3956 4046
f 4046 3956 4047
f 4041 3957 3951
f 4049 4048 3959
f 4049 3959 3957
f 4042 4049 3957
f 4041 4042 3957
f 4051 4050 4048
f 4051 4048 4049
f 4053 4052 4050
f 4053 4050 4051
f 4054 4052 4053
f 3961 4047 3956
f 3961 4055 4047
f 4048 3962 3959
f 3962 4048 3963
f 4048 4056 3963
f 4048 4050 4056
f 4052 4058 4057
f 4056 4052 4057
f 4050 4052 4056
f 4061 4060 4059
f 4054 4058 4052
f 4063 4062 4060
f 4063 4060 4061
f 4063 4055 4062
f 4055 3965 4062
f 4055 3961 3965
f 4056 3966 3963
f 4065 4064 3969
f 4065 3969 3966
f 4057 4065 3966
f 4056 4057 3966
f 4059 4060 4066
f 4065 4067 4064
f 4069 4068 4066
f 4060 4069 4066
f 4062 4069 4060
f 3971 4070 3965
f 4070 4062 3965
f 4070 4069 4062
f 3973 4070 3971
f 4071 3974 3976
f 3969 4064 3976
f 4064 4071 3976
f 4064 4072 4071
f 4064 4067 4073
f 4074 4064 4073
f 4072 4064 4074
f 4074 4073 4068
f 4074 4068 4069
f 3978 4074 4069
f 3977 3978 4069
f 3977 4069 3979
f 3979 4069 4070
f 3979 4070 3973
f 4071 3980 3974
f 3980 4071 3981
f 3981 4071 4072
f 3981 4072 3983
f 3983 4072 4074
f 3983 4074 3978
f 4075 3985 3986
f 3987 4076 3986
f 3986 4076 4075
f 3988 4077 3987
f 3987 4077 4076
f 3990 4077 3988
f 4078 3992 3993
f 3994 4079 3993
f 3993 4079 4078
f 3985 4075 3994
f 4075 4079 3994
f 4075 4080 4079
f 4081 4075 4076
f 4080 4075 4081
f 4082 4076 4077
f 4081 4076 4082
f 3995 4083 3990
f 4083 4077 3990
f 4083 4082 4077
f 3997 4083 3995
f 4078 4000 3992
f 4000 4078 4003
f 4003 4078 4079
f 4003 4079 4005
f 4005 4079 4080
f 4005 4080 4006
f 4080 4084 4006
f 4080 4081 4084
f 4085 4081 4082
f 4084 4081 4085
f 4009 4085 4008
f 4085 4083 4008
f 4085 4082 4083
f 4008 4083 3997
f 4084 4012 4006
f 4012 4084 4015
f 4015 4084 4085
f 4015 4085 4009
f 4086 4036 4037
f 4039 4086 4037
f 4087 4042 4043
f 4036 4086 4043
f 4086 4087 4043
f 4086 4088 4087
f 4044 4089 4039
f 4089 4086 4039
f 4089 4088 4086
f 4045 4090 4044
f 4044 4090 4089
f 4046 4091 4045
f 4045 4091 4090
f 4047 4091 4046
f 4087 4049 4042
f 4049 4087 4051
f 4051 4087 4088
f 4051 4088 4053
f 4053 4088 4089
f 4053 4089 4054
f 4089 4092 4054
f 4089 4090 4092
f 4093 4090 4091
f 4092 4090 4093
f 4055 4093 4047
f 4047 4093 4091
f 4094 4057 4058
f 4058 4054 4094
f 4054 4092 4094
f 4061 4059 4094
f 4061 4094 4092
f 4061 4092 4063
f 4063 4092 4093
f 4063 4093 4055
f 4094 4065 4057
f 4067 4065 4095
f 4065 4094 4095
f 4059 4066 4095
f 4059 4095 4094
f 4068 4095 4066
f 4095 4073 4067
f 4073 4095 4068

