# https://github.com/mikedh/trimesh
mtllib material.mtl

o necrotic
usemtl material_0
v 59.50000000 73.00000000 71.00000000
v 60.00000000 73.00000000 70.50000000
v 60.00000000 72.50000000 71.00000000
v 60.00000000 73.00000000 71.50000000
v 60.00000000 73.50000000 71.00000000
v 60.50000000 73.00000000 71.00000000
v 60.50000000 74.00000000 69.00000000
v 61.00000000 74.00000000 68.50000000
v 61.00000000 73.50000000 69.00000000
v 61.00000000 74.00000000 69.50000000
v 61.00000000 74.50000000 69.00000000
v 61.50000000 70.00000000 72.00000000
v 62.00000000 70.00000000 71.50000000
v 62.00000000 69.50000000 72.00000000
v 62.00000000 69.50000000 73.00000000
v 61.50000000 70.00000000 73.00000000
v 62.00000000 69.50000000 74.00000000
v 61.50000000 70.00000000 74.00000000
v 62.00000000 69.50000000 75.00000000
v 61.50000000 70.00000000 75.00000000
v 62.00000000 70.00000000 75.50000000
v 61.50000000 71.00000000 71.00000000
v 62.00000000 71.00000000 70.50000000
v 62.00000000 70.50000000 71.00000000
v 61.50000000 71.00000000 72.00000000
v 61.50000000 71.00000000 73.00000000
v 61.50000000 71.00000000 74.00000000
v 62.00000000 71.00000000 74.50000000
v 62.00000000 70.50000000 75.00000000
v 62.00000000 71.50000000 71.00000000
v 62.00000000 71.50000000 72.00000000
v 62.00000000 71.50000000 73.00000000
v 62.00000000 71.50000000 74.00000000
v 61.50000000 74.00000000 69.00000000
v 62.50000000 69.00000000 74.00000000
v 63.00000000 69.00000000 73.50000000
v 63.00000000 68.50000000 74.00000000
v 63.00000000 69.00000000 74.50000000
v 63.00000000 70.00000000 71.50000000
v 63.00000000 69.50000000 72.00000000
v 63.00000000 69.50000000 73.00000000
v 63.00000000 69.50000000 75.00000000
v 63.00000000 69.50000000 76.00000000
v 62.50000000 70.00000000 76.00000000
v 63.00000000 70.00000000 76.50000000
v 62.50000000 71.00000000 71.00000000
v 63.00000000 71.00000000 71.50000000
v 62.50000000 71.00000000 73.00000000
v 63.00000000 70.50000000 73.00000000
v 63.00000000 71.00000000 72.50000000
v 62.50000000 71.00000000 74.00000000
v 63.00000000 70.50000000 74.00000000
v 63.00000000 70.50000000 75.00000000
v 63.00000000 70.50000000 76.00000000
v 63.00000000 71.50000000 72.00000000
v 63.50000000 69.00000000 71.00000000
v 64.00000000 69.00000000 70.50000000
v 64.00000000 68.50000000 71.00000000
v 64.00000000 69.00000000 71.50000000
v 63.50000000 69.00000000 73.00000000
v 64.00000000 69.00000000 72.50000000
v 64.00000000 68.50000000 73.00000000
v 64.00000000 69.00000000 73.50000000
v 63.50000000 69.00000000 74.00000000
v 64.00000000 68.50000000 75.00000000
v 64.00000000 69.00000000 74.50000000
v 63.50000000 69.00000000 75.00000000
v 64.00000000 69.00000000 75.50000000
v 64.00000000 69.50000000 71.00000000
v 64.00000000 70.00000000 71.50000000
v 64.00000000 69.50000000 72.00000000
v 64.00000000 69.50000000 74.00000000
v 64.00000000 70.00000000 75.50000000
v 63.50000000 70.00000000 76.00000000
v 64.00000000 70.50000000 72.00000000
v 63.50000000 71.00000000 72.00000000
v 64.00000000 70.50000000 73.00000000
v 63.50000000 71.00000000 74.00000000
v 64.00000000 71.00000000 73.50000000
v 64.00000000 71.00000000 74.50000000
v 64.00000000 70.50000000 75.00000000
v 64.00000000 71.50000000 74.00000000
v 64.50000000 69.00000000 71.00000000
v 65.00000000 68.50000000 72.00000000
v 65.00000000 69.00000000 71.50000000
v 64.50000000 69.00000000 72.00000000
v 65.00000000 68.50000000 73.00000000
v 65.00000000 68.50000000 74.00000000
v 64.50000000 69.00000000 74.00000000
v 65.00000000 69.00000000 74.50000000
v 64.50000000 69.00000000 75.00000000
v 65.00000000 68.50000000 76.00000000
v 65.00000000 69.00000000 75.50000000
v 64.50000000 69.00000000 76.00000000
v 65.00000000 69.00000000 76.50000000
v 65.00000000 70.00000000 70.50000000
v 64.50000000 70.00000000 71.00000000
v 65.00000000 69.50000000 71.00000000
v 65.00000000 70.00000000 74.50000000
v 64.50000000 69.50000000 74.50000000
v 64.50000000 70.00000000 75.00000000
v 65.00000000 69.50000000 76.00000000
v 65.00000000 70.50000000 71.00000000
v 65.00000000 70.50000000 72.00000000
v 65.00000000 70.50000000 73.00000000
v 64.50000000 71.00000000 74.00000000
v 65.00000000 70.50000000 74.00000000
v 65.50000000 68.00000000 73.00000000
v 66.00000000 68.00000000 72.50000000
v 66.00000000 67.50000000 73.00000000
v 66.00000000 67.50000000 74.00000000
v 65.50000000 68.00000000 74.00000000
v 66.00000000 67.50000000 75.00000000
v 65.50000000 68.00000000 75.00000000
v 66.00000000 68.00000000 75.50000000
v 66.00000000 69.00000000 71.50000000
v 66.00000000 68.50000000 72.00000000
v 65.50000000 69.00000000 75.00000000
v 66.00000000 69.00000000 75.50000000
v 65.50000000 69.00000000 76.00000000
v 66.00000000 70.00000000 70.50000000
v 66.00000000 69.50000000 71.00000000
v 65.50000000 70.00000000 74.00000000
v 66.00000000 69.50000000 74.00000000
v 66.00000000 70.00000000 73.50000000
v 66.00000000 69.50000000 75.00000000
v 66.00000000 70.50000000 71.00000000
v 66.00000000 70.50000000 72.00000000
v 66.00000000 70.50000000 73.00000000
v 67.00000000 68.00000000 72.50000000
v 67.00000000 67.50000000 73.00000000
v 67.00000000 67.50000000 74.00000000
v 67.00000000 67.50000000 75.00000000
v 67.00000000 67.50000000 76.00000000
v 66.50000000 68.00000000 76.00000000
v 67.00000000 68.00000000 76.50000000
v 66.50000000 69.00000000 72.00000000
v 67.00000000 68.50000000 73.00000000
v 66.50000000 69.00000000 73.00000000
v 67.00000000 69.00000000 73.50000000
v 66.50000000 69.00000000 76.00000000
v 67.00000000 69.00000000 76.50000000
v 66.50000000 69.00000000 80.00000000
v 67.00000000 69.00000000 79.50000000
v 67.00000000 68.50000000 80.00000000
v 67.00000000 68.50000000 81.00000000
v 66.50000000 69.00000000 81.00000000
v 67.00000000 68.50000000 82.00000000
v 66.50000000 69.00000000 82.00000000
v 67.00000000 69.00000000 82.50000000
v 66.50000000 70.00000000 71.00000000
v 66.50000000 70.00000000 72.00000000
v 66.50000000 70.00000000 73.00000000
v 67.00000000 69.50000000 74.00000000
v 67.00000000 69.50000000 75.00000000
v 67.00000000 69.50000000 76.00000000
v 66.50000000 70.00000000 79.00000000
v 67.00000000 70.00000000 78.50000000
v 67.00000000 69.50000000 79.00000000
v 66.50000000 70.00000000 80.00000000
v 66.50000000 70.00000000 81.00000000
v 66.50000000 70.00000000 82.00000000
v 67.00000000 69.50000000 83.00000000
v 66.50000000 70.00000000 83.00000000
v 67.00000000 70.00000000 83.50000000
v 66.50000000 71.00000000 79.00000000
v 67.00000000 71.00000000 78.50000000
v 66.50000000 71.00000000 80.00000000
v 66.50000000 71.00000000 81.00000000
v 66.50000000 71.00000000 82.00000000
v 66.50000000 71.00000000 83.00000000
v 67.00000000 71.00000000 83.50000000
v 66.50000000 72.00000000 79.00000000
v 67.00000000 72.00000000 78.50000000
v 66.50000000 72.00000000 80.00000000
v 66.50000000 72.00000000 81.00000000
v 67.00000000 72.00000000 81.50000000
v 67.00000000 71.50000000 82.00000000
v 67.00000000 71.50000000 83.00000000
v 66.50000000 73.00000000 79.00000000
v 67.00000000 73.00000000 78.50000000
v 66.50000000 73.00000000 80.00000000
v 66.50000000 73.00000000 81.00000000
v 67.00000000 73.00000000 81.50000000
v 67.00000000 73.50000000 79.00000000
v 66.50000000 74.00000000 80.00000000
v 67.00000000 74.00000000 79.50000000
v 67.00000000 74.00000000 80.50000000
v 67.00000000 73.50000000 81.00000000
v 67.00000000 74.50000000 80.00000000
v 66.50000000 81.00000000 88.00000000
v 67.00000000 81.00000000 87.50000000
v 67.00000000 80.50000000 88.00000000
v 67.00000000 81.00000000 88.50000000
v 67.00000000 81.50000000 88.00000000
v 67.50000000 68.00000000 73.00000000
v 68.00000000 68.00000000 73.50000000
v 68.00000000 67.50000000 74.00000000
v 68.00000000 67.50000000 75.00000000
v 68.00000000 67.50000000 76.00000000
v 68.00000000 68.00000000 76.50000000
v 67.50000000 68.00000000 81.00000000
v 68.00000000 68.00000000 80.50000000
v 68.00000000 67.50000000 81.00000000
v 68.00000000 68.00000000 81.50000000
v 68.00000000 69.00000000 73.50000000
v 68.00000000 68.50000000 77.00000000
v 67.50000000 69.00000000 77.00000000
v 68.00000000 68.50000000 78.00000000
v 67.50000000 69.00000000 78.00000000
v 68.00000000 68.50000000 79.00000000
v 67.50000000 69.00000000 79.00000000
v 68.00000000 68.50000000 80.00000000
v 68.00000000 68.50000000 82.00000000
v 68.00000000 68.50000000 83.00000000
v 67.50000000 69.00000000 83.00000000
v 68.00000000 68.50000000 84.00000000
v 67.50000000 69.00000000 84.00000000
v 68.00000000 69.00000000 84.50000000
v 68.00000000 69.50000000 74.00000000
v 68.00000000 69.50000000 75.00000000
v 68.00000000 69.50000000 76.00000000
v 67.50000000 70.00000000 77.00000000
v 68.00000000 70.00000000 76.50000000
v 67.50000000 70.00000000 78.00000000
v 67.50000000 70.00000000 84.00000000
v 68.00000000 70.00000000 84.50000000
v 68.00000000 70.50000000 77.00000000
v 67.50000000 71.00000000 78.00000000
v 68.00000000 71.00000000 77.50000000
v 68.00000000 70.50000000 84.00000000
v 68.00000000 71.00000000 83.50000000
v 68.00000000 71.50000000 78.00000000
v 68.00000000 72.00000000 78.50000000
v 67.50000000 72.00000000 82.00000000
v 68.00000000 72.00000000 82.50000000
v 68.00000000 71.50000000 83.00000000
v 68.00000000 73.00000000 78.50000000
v 67.50000000 73.00000000 82.00000000
v 68.00000000 73.00000000 82.50000000
v 67.50000000 74.00000000 79.00000000
v 68.00000000 74.00000000 78.50000000
v 68.00000000 73.50000000 81.00000000
v 68.00000000 74.00000000 80.50000000
v 67.50000000 74.00000000 82.00000000
v 68.00000000 74.00000000 81.50000000
v 68.00000000 74.00000000 82.50000000
v 67.50000000 75.00000000 77.00000000
v 68.00000000 75.00000000 76.50000000
v 68.00000000 74.50000000 77.00000000
v 68.00000000 74.50000000 78.00000000
v 67.50000000 75.00000000 78.00000000
v 67.50000000 75.00000000 79.00000000
v 67.50000000 75.00000000 80.00000000
v 68.00000000 75.00000000 80.50000000
v 68.00000000 74.50000000 82.00000000
v 68.00000000 75.50000000 77.00000000
v 68.00000000 75.50000000 78.00000000
v 68.00000000 75.50000000 79.00000000
v 68.00000000 75.50000000 80.00000000
v 67.50000000 80.00000000 86.00000000
v 68.00000000 80.00000000 85.50000000
v 68.00000000 79.50000000 86.00000000
v 68.00000000 79.50000000 87.00000000
v 67.50000000 80.00000000 87.00000000
v 68.00000000 79.50000000 88.00000000
v 67.50000000 80.00000000 88.00000000
v 68.00000000 80.00000000 88.50000000
v 67.50000000 81.00000000 85.00000000
v 68.00000000 81.00000000 84.50000000
v 68.00000000 80.50000000 85.00000000
v 67.50000000 81.00000000 86.00000000
v 67.50000000 81.00000000 87.00000000
v 68.00000000 81.00000000 88.50000000
v 67.50000000 82.00000000 84.00000000
v 68.00000000 82.00000000 83.50000000
v 68.00000000 81.50000000 84.00000000
v 67.50000000 82.00000000 85.00000000
v 67.50000000 82.00000000 86.00000000
v 67.50000000 82.00000000 87.00000000
v 68.00000000 81.50000000 88.00000000
v 68.00000000 82.00000000 87.50000000
v 67.50000000 83.00000000 83.00000000
v 68.00000000 83.00000000 82.50000000
v 68.00000000 82.50000000 83.00000000
v 67.50000000 83.00000000 84.00000000
v 67.50000000 83.00000000 85.00000000
v 68.00000000 83.00000000 85.50000000
v 68.00000000 82.50000000 86.00000000
v 68.00000000 82.50000000 87.00000000
v 68.00000000 83.50000000 83.00000000
v 68.00000000 83.50000000 84.00000000
v 68.00000000 83.50000000 85.00000000
v 68.50000000 68.00000000 74.00000000
v 69.00000000 68.00000000 74.50000000
v 69.00000000 67.50000000 75.00000000
v 68.50000000 68.00000000 76.00000000
v 69.00000000 68.00000000 75.50000000
v 69.00000000 68.00000000 80.50000000
v 69.00000000 67.50000000 81.00000000
v 69.00000000 67.50000000 82.00000000
v 68.50000000 68.00000000 82.00000000
v 69.00000000 67.50000000 83.00000000
v 68.50000000 68.00000000 83.00000000
v 69.00000000 68.00000000 83.50000000
v 68.50000000 69.00000000 74.00000000
v 69.00000000 68.50000000 75.00000000
v 68.50000000 69.00000000 75.00000000
v 69.00000000 68.50000000 76.00000000
v 69.00000000 69.00000000 75.50000000
v 68.50000000 69.00000000 77.00000000
v 69.00000000 69.00000000 76.50000000
v 68.50000000 69.00000000 78.00000000
v 69.00000000 69.00000000 78.50000000
v 69.00000000 68.50000000 79.00000000
v 69.00000000 68.50000000 80.00000000
v 69.00000000 68.50000000 84.00000000
v 69.00000000 69.00000000 84.50000000
v 69.00000000 70.00000000 75.50000000
v 68.50000000 70.00000000 76.00000000
v 69.00000000 69.50000000 77.00000000
v 69.00000000 69.50000000 78.00000000
v 68.50000000 70.00000000 84.00000000
v 69.00000000 69.50000000 84.00000000
v 69.00000000 70.00000000 83.50000000
v 69.00000000 70.50000000 76.00000000
v 69.00000000 70.50000000 77.00000000
v 69.00000000 71.00000000 77.50000000
v 69.00000000 71.00000000 83.50000000
v 69.00000000 71.50000000 78.00000000
v 69.00000000 72.00000000 78.50000000
v 68.50000000 72.00000000 83.00000000
v 69.00000000 71.50000000 84.00000000
v 68.50000000 72.00000000 84.00000000
v 69.00000000 71.50000000 85.00000000
v 68.50000000 72.00000000 85.00000000
v 69.00000000 72.00000000 85.50000000
v 69.00000000 72.50000000 79.00000000
v 68.50000000 73.00000000 79.00000000
v 69.00000000 73.00000000 79.50000000
v 68.50000000 73.00000000 83.00000000
v 68.50000000 73.00000000 84.00000000
v 69.00000000 73.00000000 84.50000000
v 69.00000000 72.50000000 85.00000000
v 68.50000000 74.00000000 79.00000000
v 69.00000000 74.00000000 79.50000000
v 68.50000000 74.00000000 81.00000000
v 68.50000000 74.00000000 83.00000000
v 68.50000000 74.00000000 84.00000000
v 69.00000000 74.00000000 84.50000000
v 68.50000000 75.00000000 77.00000000
v 68.50000000 75.00000000 78.00000000
v 68.50000000 75.00000000 79.00000000
v 69.00000000 74.50000000 80.00000000
v 68.50000000 75.00000000 80.00000000
v 69.00000000 74.50000000 81.00000000
v 68.50000000 75.00000000 82.00000000
v 69.00000000 75.00000000 81.50000000
v 69.00000000 75.00000000 82.50000000
v 69.00000000 74.50000000 83.00000000
v 68.50000000 75.00000000 84.00000000
v 69.00000000 75.00000000 83.50000000
v 69.00000000 75.00000000 84.50000000
v 69.00000000 75.50000000 82.00000000
v 69.00000000 75.50000000 84.00000000
v 69.00000000 76.00000000 84.50000000
v 68.50000000 76.00000000 85.00000000
v 69.00000000 75.50000000 85.00000000
v 69.00000000 76.00000000 85.50000000
v 69.00000000 76.50000000 85.00000000
v 68.50000000 79.00000000 86.00000000
v 69.00000000 79.00000000 85.50000000
v 69.00000000 78.50000000 86.00000000
v 69.00000000 78.50000000 87.00000000
v 68.50000000 79.00000000 87.00000000
v 69.00000000 78.50000000 88.00000000
v 68.50000000 79.00000000 88.00000000
v 69.00000000 79.00000000 88.50000000
v 68.50000000 80.00000000 85.00000000
v 69.00000000 80.00000000 84.50000000
v 69.00000000 79.50000000 85.00000000
v 69.00000000 80.00000000 88.50000000
v 69.00000000 81.00000000 84.50000000
v 68.50000000 81.00000000 88.00000000
v 69.00000000 80.50000000 88.00000000
v 69.00000000 81.00000000 87.50000000
v 69.00000000 82.00000000 83.50000000
v 69.00000000 81.50000000 84.00000000
v 68.50000000 82.00000000 87.00000000
v 69.00000000 81.50000000 87.00000000
v 69.00000000 82.00000000 86.50000000
v 68.50000000 83.00000000 83.00000000
v 69.00000000 83.00000000 83.50000000
v 68.50000000 83.00000000 86.00000000
v 69.00000000 83.00000000 86.50000000
v 69.00000000 83.50000000 84.00000000
v 69.00000000 83.50000000 85.00000000
v 69.00000000 83.50000000 86.00000000
v 69.50000000 68.00000000 75.00000000
v 69.50000000 68.00000000 79.00000000
v 70.00000000 68.00000000 78.50000000
v 70.00000000 67.50000000 79.00000000
v 70.00000000 67.50000000 80.00000000
v 69.50000000 68.00000000 80.00000000
v 70.00000000 67.50000000 81.00000000
v 70.00000000 67.50000000 82.00000000
v 70.00000000 67.50000000 83.00000000
v 70.00000000 67.50000000 84.00000000
v 69.50000000 68.00000000 84.00000000
v 70.00000000 68.00000000 84.50000000
v 69.50000000 69.00000000 76.00000000
v 70.00000000 68.50000000 77.00000000
v 70.00000000 69.00000000 76.50000000
v 69.50000000 69.00000000 77.00000000
v 70.00000000 68.50000000 78.00000000
v 69.50000000 69.00000000 78.00000000
v 70.00000000 68.50000000 85.00000000
v 69.50000000 69.00000000 85.00000000
v 70.00000000 69.00000000 85.50000000
v 69.50000000 70.00000000 76.00000000
v 69.50000000 69.50000000 76.50000000
v 70.00000000 70.00000000 76.50000000
v 69.50000000 70.00000000 84.00000000
v 69.50000000 70.00000000 85.00000000
v 70.00000000 70.00000000 85.50000000
v 70.00000000 70.50000000 77.00000000
v 70.00000000 71.00000000 77.50000000
v 69.50000000 71.00000000 84.00000000
v 69.50000000 71.00000000 85.00000000
v 70.00000000 71.00000000 85.50000000
v 69.50000000 72.00000000 78.00000000
v 70.00000000 72.00000000 77.50000000
v 70.00000000 71.50000000 86.00000000
v 69.50000000 72.00000000 86.00000000
v 70.00000000 72.00000000 86.50000000
v 70.00000000 72.50000000 78.00000000
v 69.50000000 73.00000000 79.00000000
v 70.00000000 73.00000000 78.50000000
v 69.50000000 73.00000000 85.00000000
v 69.50000000 73.00000000 86.00000000
v 70.00000000 73.00000000 86.50000000
v 70.00000000 73.50000000 79.00000000
v 70.00000000 74.00000000 79.50000000
v 69.50000000 74.00000000 85.00000000
v 69.50000000 74.00000000 86.00000000
v 70.00000000 74.00000000 86.50000000
v 70.00000000 74.50000000 80.00000000
v 69.50000000 75.00000000 81.00000000
v 70.00000000 75.00000000 80.50000000
v 69.50000000 75.00000000 83.00000000
v 69.50000000 75.00000000 85.00000000
v 69.50000000 75.00000000 86.00000000
v 70.00000000 75.00000000 86.50000000
v 70.00000000 75.50000000 81.00000000
v 70.00000000 75.50000000 82.00000000
v 69.50000000 76.00000000 83.00000000
v 70.00000000 76.00000000 82.50000000
v 69.50000000 76.00000000 84.00000000
v 69.50000000 76.00000000 86.00000000
v 70.00000000 75.50000000 87.00000000
v 69.50000000 76.00000000 87.00000000
v 70.00000000 76.00000000 87.50000000
v 70.00000000 76.50000000 83.00000000
v 70.00000000 76.50000000 84.00000000
v 69.50000000 77.00000000 85.00000000
v 70.00000000 77.00000000 84.50000000
v 69.50000000 77.00000000 86.00000000
v 70.00000000 77.00000000 86.50000000
v 70.00000000 76.50000000 87.00000000
v 70.00000000 77.50000000 85.00000000
v 69.50000000 78.00000000 86.00000000
v 70.00000000 78.00000000 85.50000000
v 70.00000000 77.50000000 87.00000000
v 69.50000000 78.00000000 87.00000000
v 70.00000000 78.00000000 87.50000000
v 70.00000000 79.00000000 85.50000000
v 70.00000000 78.50000000 88.00000000
v 70.00000000 79.00000000 88.50000000
v 70.00000000 80.00000000 84.50000000
v 70.00000000 79.50000000 85.00000000
v 70.00000000 80.00000000 88.50000000
v 70.00000000 81.00000000 84.50000000
v 70.00000000 80.50000000 88.00000000
v 70.00000000 81.00000000 87.50000000
v 70.00000000 82.00000000 83.50000000
v 70.00000000 81.50000000 84.00000000
v 69.50000000 82.00000000 87.00000000
v 70.00000000 82.00000000 87.50000000
v 69.50000000 83.00000000 83.00000000
v 70.00000000 83.00000000 82.50000000
v 70.00000000 82.50000000 83.00000000
v 69.50000000 83.00000000 87.00000000
v 70.00000000 83.00000000 87.50000000
v 70.00000000 83.50000000 83.00000000
v 70.00000000 83.50000000 84.00000000
v 69.50000000 84.00000000 85.00000000
v 70.00000000 84.00000000 84.50000000
v 70.00000000 84.00000000 85.50000000
v 70.00000000 83.50000000 86.00000000
v 70.00000000 83.50000000 87.00000000
v 70.00000000 84.50000000 85.00000000
v 70.50000000 68.00000000 79.00000000
v 71.00000000 68.00000000 79.50000000
v 71.00000000 67.50000000 80.00000000
v 71.00000000 67.50000000 81.00000000
v 71.00000000 67.50000000 82.00000000
v 71.00000000 67.50000000 83.00000000
v 71.00000000 67.50000000 84.00000000
v 71.00000000 68.00000000 84.50000000
v 70.50000000 69.00000000 77.00000000
v 71.00000000 69.00000000 77.50000000
v 71.00000000 68.50000000 78.00000000
v 71.00000000 68.50000000 79.00000000
v 71.00000000 68.50000000 85.00000000
v 71.00000000 68.50000000 86.00000000
v 70.50000000 69.00000000 86.00000000
v 71.00000000 69.00000000 86.50000000
v 70.50000000 70.00000000 77.00000000
v 71.00000000 70.00000000 77.50000000
v 70.50000000 70.00000000 86.00000000
v 71.00000000 70.00000000 86.50000000
v 71.00000000 71.00000000 77.50000000
v 70.50000000 71.00000000 86.00000000
v 71.00000000 71.00000000 86.50000000
v 71.00000000 71.50000000 78.00000000
v 70.50000000 72.00000000 78.00000000
v 71.00000000 72.00000000 78.50000000
v 71.00000000 71.50000000 87.00000000
v 70.50000000 72.00000000 87.00000000
v 71.00000000 72.00000000 87.50000000
v 71.00000000 73.00000000 78.50000000
v 70.50000000 73.00000000 87.00000000
v 71.00000000 72.50000000 88.00000000
v 70.50000000 73.00000000 88.00000000
v 71.00000000 73.00000000 88.50000000
v 71.00000000 73.50000000 79.00000000
v 71.00000000 74.00000000 79.50000000
v 70.50000000 74.00000000 87.00000000
v 70.50000000 74.00000000 88.00000000
v 71.00000000 74.00000000 88.50000000
v 71.00000000 74.50000000 80.00000000
v 71.00000000 75.00000000 80.50000000
v 70.50000000 75.00000000 87.00000000
v 70.50000000 75.00000000 88.00000000
v 71.00000000 75.00000000 88.50000000
v 71.00000000 75.50000000 81.00000000
v 71.00000000 75.50000000 82.00000000
v 71.00000000 76.00000000 82.50000000
v 70.50000000 76.00000000 88.00000000
v 71.00000000 75.50000000 89.00000000
v 70.50000000 76.00000000 89.00000000
v 71.00000000 76.00000000 89.50000000
v 71.00000000 76.50000000 83.00000000
v 71.00000000 76.50000000 84.00000000
v 71.00000000 77.00000000 84.50000000
v 70.50000000 77.00000000 87.00000000
v 70.50000000 77.00000000 88.00000000
v 70.50000000 77.00000000 89.00000000
v 71.00000000 77.00000000 89.50000000
v 70.50000000 78.00000000 85.00000000
v 71.00000000 78.00000000 84.50000000
v 70.50000000 78.00000000 88.00000000
v 70.50000000 78.00000000 89.00000000
v 71.00000000 78.00000000 89.50000000
v 71.00000000 78.50000000 85.00000000
v 71.00000000 79.00000000 85.50000000
v 71.00000000 78.50000000 89.00000000
v 71.00000000 79.00000000 88.50000000
v 71.00000000 80.00000000 84.50000000
v 71.00000000 79.50000000 85.00000000
v 71.00000000 79.50000000 89.00000000
v 70.50000000 80.00000000 89.00000000
v 71.00000000 80.00000000 89.50000000
v 70.50000000 81.00000000 84.00000000
v 71.00000000 81.00000000 83.50000000
v 71.00000000 80.50000000 84.00000000
v 70.50000000 81.00000000 88.00000000
v 71.00000000 81.00000000 88.50000000
v 71.00000000 80.50000000 89.00000000
v 71.00000000 82.00000000 83.50000000
v 70.50000000 82.00000000 88.00000000
v 71.00000000 82.00000000 88.50000000
v 71.00000000 83.00000000 82.50000000
v 71.00000000 82.50000000 83.00000000
v 71.00000000 82.50000000 88.00000000
v 71.00000000 83.00000000 87.50000000
v 70.50000000 84.00000000 83.00000000
v 71.00000000 84.00000000 82.50000000
v 70.50000000 84.00000000 84.00000000
v 70.50000000 84.00000000 86.00000000
v 70.50000000 84.00000000 87.00000000
v 71.00000000 84.00000000 87.50000000
v 71.00000000 84.50000000 83.00000000
v 70.50000000 85.00000000 84.00000000
v 71.00000000 85.00000000 83.50000000
v 71.00000000 84.50000000 85.00000000
v 71.00000000 85.00000000 84.50000000
v 71.00000000 84.50000000 86.00000000
v 71.00000000 84.50000000 87.00000000
v 71.00000000 85.50000000 84.00000000
v 71.50000000 68.00000000 80.00000000
v 72.00000000 68.00000000 80.50000000
v 72.00000000 67.50000000 81.00000000
v 72.00000000 67.50000000 82.00000000
v 72.00000000 67.50000000 83.00000000
v 72.00000000 67.50000000 84.00000000
v 72.00000000 68.00000000 84.50000000
v 71.50000000 69.00000000 78.00000000
v 72.00000000 69.00000000 78.50000000
v 72.00000000 68.50000000 79.00000000
v 72.00000000 68.50000000 80.00000000
v 72.00000000 68.50000000 85.00000000
v 72.00000000 68.50000000 86.00000000
v 72.00000000 69.00000000 86.50000000
v 71.50000000 70.00000000 78.00000000
v 72.00000000 70.00000000 78.50000000
v 72.00000000 70.00000000 86.50000000
v 71.50000000 71.00000000 78.00000000
v 72.00000000 71.00000000 78.50000000
v 72.00000000 71.00000000 86.50000000
v 72.00000000 72.00000000 78.50000000
v 72.00000000 71.50000000 87.00000000
v 72.00000000 72.00000000 87.50000000
v 72.00000000 73.00000000 78.50000000
v 72.00000000 72.50000000 88.00000000
v 72.00000000 72.50000000 89.00000000
v 71.50000000 73.00000000 89.00000000
v 72.00000000 73.00000000 89.50000000
v 72.00000000 73.50000000 79.00000000
v 72.00000000 74.00000000 79.50000000
v 71.50000000 74.00000000 89.00000000
v 72.00000000 74.00000000 89.50000000
v 72.00000000 74.50000000 80.00000000
v 71.50000000 75.00000000 81.00000000
v 72.00000000 74.50000000 81.00000000
v 72.00000000 75.00000000 81.50000000
v 71.50000000 75.00000000 89.00000000
v 72.00000000 74.50000000 90.00000000
v 71.50000000 75.00000000 90.00000000
v 72.00000000 75.00000000 90.50000000
v 72.00000000 75.50000000 82.00000000
v 72.00000000 76.00000000 82.50000000
v 71.50000000 76.00000000 90.00000000
v 72.00000000 76.00000000 90.50000000
v 72.00000000 76.50000000 83.00000000
v 71.50000000 77.00000000 84.00000000
v 72.00000000 77.00000000 83.50000000
v 71.50000000 77.00000000 90.00000000
v 72.00000000 76.50000000 91.00000000
v 71.50000000 77.00000000 91.00000000
v 72.00000000 77.00000000 91.50000000
v 72.00000000 77.50000000 84.00000000
v 72.00000000 78.00000000 84.50000000
v 71.50000000 78.00000000 90.00000000
v 71.50000000 78.00000000 91.00000000
v 72.00000000 78.00000000 91.50000000
v 72.00000000 78.50000000 85.00000000
v 72.00000000 79.00000000 85.50000000
v 71.50000000 79.00000000 89.00000000
v 72.00000000 79.00000000 89.50000000
v 72.00000000 78.50000000 90.00000000
v 72.00000000 78.50000000 91.00000000
v 72.00000000 80.00000000 84.50000000
v 72.00000000 79.50000000 85.00000000
v 72.00000000 80.00000000 89.50000000
v 71.50000000 81.00000000 83.00000000
v 72.00000000 81.00000000 82.50000000
v 72.00000000 80.50000000 83.00000000
v 72.00000000 80.50000000 84.00000000
v 71.50000000 81.00000000 89.00000000
v 72.00000000 80.50000000 90.00000000
v 71.50000000 81.00000000 90.00000000
v 72.00000000 81.00000000 90.50000000
v 71.50000000 82.00000000 83.00000000
v 72.00000000 82.00000000 82.50000000
v 71.50000000 82.00000000 89.00000000
v 72.00000000 82.00000000 89.50000000
v 72.00000000 81.50000000 90.00000000
v 72.00000000 82.00000000 90.50000000
v 71.50000000 82.00000000 91.00000000
v 72.00000000 81.50000000 91.00000000
v 72.00000000 82.00000000 91.50000000
v 71.50000000 83.00000000 81.00000000
v 72.00000000 83.00000000 80.50000000
v 72.00000000 82.50000000 81.00000000
v 72.00000000 82.50000000 82.00000000
v 71.50000000 83.00000000 82.00000000
v 71.50000000 83.00000000 88.00000000
v 72.00000000 83.00000000 88.50000000
v 72.00000000 82.50000000 89.00000000
v 72.00000000 82.50000000 91.00000000
v 71.50000000 84.00000000 79.00000000
v 72.00000000 84.00000000 78.50000000
v 72.00000000 83.50000000 79.00000000
v 72.00000000 84.00000000 79.50000000
v 71.50000000 84.00000000 81.00000000
v 72.00000000 84.00000000 80.50000000
v 71.50000000 84.00000000 82.00000000
v 71.50000000 84.00000000 88.00000000
v 72.00000000 84.00000000 88.50000000
v 71.50000000 85.00000000 79.00000000
v 72.00000000 85.00000000 78.50000000
v 72.00000000 84.50000000 80.00000000
v 71.50000000 85.00000000 80.00000000
v 71.50000000 85.00000000 81.00000000
v 71.50000000 85.00000000 82.00000000
v 71.50000000 85.00000000 83.00000000
v 71.50000000 85.00000000 85.00000000
v 71.50000000 85.00000000 86.00000000
v 71.50000000 85.00000000 87.00000000
v 72.00000000 85.00000000 87.50000000
v 72.00000000 84.50000000 88.00000000
v 72.00000000 85.50000000 79.00000000
v 72.00000000 85.50000000 80.00000000
v 71.50000000 86.00000000 81.00000000
v 72.00000000 86.00000000 80.50000000
v 72.00000000 86.00000000 81.50000000
v 72.00000000 85.50000000 82.00000000
v 71.50000000 86.00000000 83.00000000
v 72.00000000 86.00000000 82.50000000
v 71.50000000 86.00000000 84.00000000
v 71.50000000 86.00000000 85.00000000
v 72.00000000 86.00000000 85.50000000
v 72.00000000 85.50000000 86.00000000
v 72.00000000 85.50000000 87.00000000
v 72.00000000 86.50000000 81.00000000
v 72.00000000 86.50000000 83.00000000
v 71.50000000 87.00000000 84.00000000
v 72.00000000 87.00000000 83.50000000
v 72.00000000 87.00000000 84.50000000
v 72.00000000 86.50000000 85.00000000
v 72.00000000 87.50000000 84.00000000
v 72.50000000 68.00000000 81.00000000
v 73.00000000 68.00000000 81.50000000
v 73.00000000 67.50000000 82.00000000
v 73.00000000 67.50000000 83.00000000
v 72.50000000 68.00000000 84.00000000
v 73.00000000 68.00000000 83.50000000
v 72.50000000 69.00000000 79.00000000
v 72.50000000 69.00000000 80.00000000
v 73.00000000 69.00000000 80.50000000
v 73.00000000 68.50000000 81.00000000
v 73.00000000 68.50000000 84.00000000
v 73.00000000 68.50000000 85.00000000
v 72.50000000 69.00000000 86.00000000
v 73.00000000 69.00000000 85.50000000
v 72.50000000 70.00000000 79.00000000
v 73.00000000 70.00000000 79.50000000
v 73.00000000 69.50000000 80.00000000
v 72.50000000 70.00000000 86.00000000
v 73.00000000 70.00000000 85.50000000
v 72.50000000 71.00000000 79.00000000
v 73.00000000 71.00000000 79.50000000
v 72.50000000 71.00000000 86.00000000
v 73.00000000 71.00000000 85.50000000
v 72.50000000 72.00000000 79.00000000
v 73.00000000 72.00000000 79.50000000
v 73.00000000 71.50000000 86.00000000
v 73.00000000 71.50000000 87.00000000
v 73.00000000 72.00000000 87.50000000
v 72.50000000 73.00000000 79.00000000
v 73.00000000 73.00000000 79.50000000
v 73.00000000 72.50000000 88.00000000
v 73.00000000 72.50000000 89.00000000
v 73.00000000 73.00000000 89.50000000
v 72.50000000 74.00000000 80.00000000
v 73.00000000 73.50000000 80.00000000
v 73.00000000 74.00000000 80.50000000
v 73.00000000 74.00000000 89.50000000
v 73.00000000 74.50000000 81.00000000
v 73.00000000 75.00000000 81.50000000
v 72.50000000 75.00000000 90.00000000
v 73.00000000 75.00000000 89.50000000
v 73.00000000 75.50000000 82.00000000
v 73.00000000 76.00000000 82.50000000
v 72.50000000 76.00000000 90.00000000
v 73.00000000 76.00000000 89.50000000
v 73.00000000 76.50000000 83.00000000
v 73.00000000 77.00000000 83.50000000
v 72.50000000 77.00000000 90.00000000
v 73.00000000 77.00000000 89.50000000
v 72.50000000 77.00000000 91.00000000
v 73.00000000 77.50000000 84.00000000
v 72.50000000 78.00000000 85.00000000
v 73.00000000 77.50000000 85.00000000
v 72.50000000 78.00000000 86.00000000
v 73.00000000 77.50000000 86.00000000
v 72.50000000 78.00000000 87.00000000
v 73.00000000 77.50000000 87.00000000
v 73.00000000 78.00000000 87.50000000
v 72.50000000 78.00000000 90.00000000
v 73.00000000 78.00000000 89.50000000
v 72.50000000 78.00000000 91.00000000
v 72.50000000 79.00000000 77.00000000
v 73.00000000 79.00000000 76.50000000
v 73.00000000 78.50000000 77.00000000
v 73.00000000 78.50000000 78.00000000
v 72.50000000 79.00000000 78.00000000
v 73.00000000 79.00000000 78.50000000
v 72.50000000 79.00000000 84.00000000
v 73.00000000 79.00000000 83.50000000
v 73.00000000 78.50000000 84.00000000
v 73.00000000 78.50000000 85.00000000
v 72.50000000 79.00000000 85.00000000
v 73.00000000 78.50000000 86.00000000
v 72.50000000 78.50000000 85.50000000
v 73.00000000 79.00000000 86.50000000
v 72.50000000 79.00000000 87.00000000
v 73.00000000 79.00000000 87.50000000
v 72.50000000 79.00000000 89.00000000
v 73.00000000 78.50000000 89.00000000
v 73.00000000 79.00000000 88.50000000
v 72.50000000 80.00000000 77.00000000
v 73.00000000 80.00000000 76.50000000
v 72.50000000 80.00000000 78.00000000
v 73.00000000 79.50000000 79.00000000
v 72.50000000 80.00000000 79.00000000
v 73.00000000 80.00000000 79.50000000
v 72.50000000 80.00000000 82.00000000
v 73.00000000 80.00000000 81.50000000
v 73.00000000 79.50000000 82.00000000
v 73.00000000 79.50000000 83.00000000
v 72.50000000 80.00000000 83.00000000
v 72.50000000 80.00000000 84.00000000
v 73.00000000 79.50000000 87.00000000
v 73.00000000 79.50000000 89.00000000
v 73.00000000 80.00000000 89.50000000
v 72.50000000 81.00000000 77.00000000
v 73.00000000 81.00000000 76.50000000
v 72.50000000 81.00000000 78.00000000
v 72.50000000 81.00000000 79.00000000
v 73.00000000 80.50000000 80.00000000
v 72.50000000 81.00000000 80.00000000
v 73.00000000 80.50000000 81.00000000
v 72.50000000 81.00000000 81.00000000
v 72.50000000 81.00000000 82.00000000
v 73.00000000 80.50000000 90.00000000
v 73.00000000 81.00000000 90.50000000
v 72.50000000 82.00000000 76.00000000
v 73.00000000 82.00000000 75.50000000
v 73.00000000 81.50000000 76.00000000
v 73.00000000 81.50000000 77.00000000
v 73.00000000 82.00000000 76.50000000
v 72.50000000 82.00000000 78.00000000
v 73.00000000 82.00000000 77.50000000
v 72.50000000 82.00000000 79.00000000
v 72.50000000 82.00000000 80.00000000
v 72.50000000 82.00000000 81.00000000
v 72.50000000 82.00000000 82.00000000
v 72.50000000 82.00000000 90.00000000
v 72.50000000 81.50000000 90.50000000
v 73.00000000 81.50000000 91.00000000
v 73.00000000 82.00000000 91.50000000
v 73.00000000 82.50000000 76.00000000
v 73.00000000 83.00000000 76.50000000
v 72.50000000 83.00000000 77.00000000
v 73.00000000 82.50000000 77.00000000
v 72.50000000 83.00000000 78.00000000
v 72.50000000 83.00000000 79.00000000
v 72.50000000 83.00000000 80.00000000
v 72.50000000 83.00000000 89.00000000
v 72.50000000 83.00000000 90.00000000
v 73.00000000 82.50000000 91.00000000
v 73.00000000 83.00000000 90.50000000
v 73.00000000 83.50000000 77.00000000
v 72.50000000 84.00000000 78.00000000
v 73.00000000 84.00000000 77.50000000
v 72.50000000 84.00000000 80.00000000
v 72.50000000 84.00000000 89.00000000
v 73.00000000 84.00000000 89.50000000
v 73.00000000 83.50000000 90.00000000
v 73.00000000 84.50000000 78.00000000
v 73.00000000 85.00000000 78.50000000
v 72.50000000 85.00000000 88.00000000
v 73.00000000 85.00000000 88.50000000
v 73.00000000 84.50000000 89.00000000
v 73.00000000 85.50000000 79.00000000
v 73.00000000 85.50000000 80.00000000
v 73.00000000 86.00000000 80.50000000
v 72.50000000 86.00000000 82.00000000
v 72.50000000 86.00000000 86.00000000
v 72.50000000 86.00000000 87.00000000
v 73.00000000 86.00000000 87.50000000
v 73.00000000 85.50000000 88.00000000
v 73.00000000 86.50000000 81.00000000
v 72.50000000 87.00000000 82.00000000
v 73.00000000 87.00000000 81.50000000
v 72.50000000 87.00000000 83.00000000
v 72.50000000 87.00000000 85.00000000
v 72.50000000 87.00000000 86.00000000
v 72.50000000 87.00000000 87.00000000
v 73.00000000 87.00000000 87.50000000
v 73.00000000 87.50000000 82.00000000
v 73.00000000 87.50000000 83.00000000
v 73.00000000 87.50000000 84.00000000
v 73.00000000 87.50000000 85.00000000
v 73.00000000 87.50000000 86.00000000
v 73.00000000 87.50000000 87.00000000
v 73.50000000 68.00000000 82.00000000
v 73.50000000 68.00000000 83.00000000
v 73.50000000 69.00000000 81.00000000
v 74.00000000 69.00000000 81.50000000
v 74.00000000 68.50000000 82.00000000
v 74.00000000 68.50000000 83.00000000
v 73.50000000 69.00000000 84.00000000
v 74.00000000 69.00000000 83.50000000
v 73.50000000 69.00000000 85.00000000
v 73.50000000 70.00000000 80.00000000
v 73.50000000 70.00000000 81.00000000
v 74.00000000 69.50000000 82.00000000
v 73.50000000 70.00000000 82.00000000
v 73.50000000 70.00000000 83.00000000
v 74.00000000 69.50000000 83.00000000
v 73.50000000 70.00000000 84.00000000
v 73.50000000 70.00000000 85.00000000
v 73.50000000 71.00000000 80.00000000
v 73.50000000 71.00000000 81.00000000
v 73.50000000 71.00000000 82.00000000
v 74.00000000 71.00000000 82.50000000
v 74.00000000 70.50000000 83.00000000
v 74.00000000 71.00000000 83.50000000
v 73.50000000 71.00000000 84.00000000
v 73.50000000 71.00000000 85.00000000
v 73.50000000 72.00000000 80.00000000
v 74.00000000 72.00000000 80.50000000
v 74.00000000 71.50000000 81.00000000
v 74.00000000 71.50000000 82.00000000
v 74.00000000 71.50000000 84.00000000
v 74.00000000 71.50000000 85.00000000
v 74.00000000 71.50000000 86.00000000
v 74.00000000 71.50000000 87.00000000
v 74.00000000 72.00000000 87.50000000
v 74.00000000 73.00000000 79.50000000
v 74.00000000 72.50000000 80.00000000
v 74.00000000 72.50000000 88.00000000
v 74.00000000 72.50000000 89.00000000
v 74.00000000 73.00000000 89.50000000
v 74.00000000 73.50000000 80.00000000
v 74.00000000 74.00000000 80.50000000
v 74.00000000 74.00000000 89.50000000
v 74.00000000 74.50000000 81.00000000
v 74.00000000 75.00000000 81.50000000
v 74.00000000 75.00000000 89.50000000
v 74.00000000 75.50000000 82.00000000
v 74.00000000 76.00000000 82.50000000
v 74.00000000 76.00000000 89.50000000
v 73.50000000 77.00000000 83.00000000
v 74.00000000 77.00000000 82.50000000
v 74.00000000 77.00000000 89.50000000
v 73.50000000 78.00000000 77.00000000
v 74.00000000 78.00000000 76.50000000
v 74.00000000 77.50000000 77.00000000
v 74.00000000 77.50000000 78.00000000
v 73.50000000 78.00000000 78.00000000
v 74.00000000 77.50000000 79.00000000
v 73.50000000 78.00000000 79.00000000
v 74.00000000 77.50000000 80.00000000
v 73.50000000 78.00000000 80.00000000
v 74.00000000 77.50000000 81.00000000
v 73.50000000 78.00000000 81.00000000
v 74.00000000 77.50000000 82.00000000
v 73.50000000 78.00000000 82.00000000
v 73.50000000 78.00000000 83.00000000
v 73.50000000 78.00000000 84.00000000
v 73.50000000 78.00000000 85.00000000
v 74.00000000 78.00000000 85.50000000
v 74.00000000 77.50000000 86.00000000
v 74.00000000 77.50000000 87.00000000
v 73.50000000 78.00000000 88.00000000
v 74.00000000 77.50000000 88.00000000
v 74.00000000 78.00000000 88.50000000
v 74.00000000 78.00000000 89.50000000
v 73.50000000 79.00000000 76.00000000
v 74.00000000 79.00000000 75.50000000
v 74.00000000 78.50000000 76.00000000
v 73.50000000 79.00000000 79.00000000
v 73.50000000 79.00000000 80.00000000
v 73.50000000 79.00000000 81.00000000
v 73.50000000 79.00000000 82.00000000
v 73.50000000 79.00000000 83.00000000
v 74.00000000 79.00000000 85.50000000
v 73.50000000 79.00000000 86.00000000
v 73.50000000 79.00000000 88.00000000
v 74.00000000 78.50000000 89.00000000
v 73.50000000 80.00000000 76.00000000
v 74.00000000 80.00000000 75.50000000
v 73.50000000 80.00000000 80.00000000
v 73.50000000 80.00000000 81.00000000
v 74.00000000 79.50000000 86.00000000
v 74.00000000 79.50000000 87.00000000
v 74.00000000 79.50000000 88.00000000
v 73.50000000 80.00000000 89.00000000
v 74.00000000 80.00000000 88.50000000
v 73.50000000 81.00000000 75.00000000
v 74.00000000 81.00000000 74.50000000
v 74.00000000 80.50000000 75.00000000
v 73.50000000 81.00000000 76.00000000
v 74.00000000 80.50000000 89.00000000
v 74.00000000 80.50000000 90.00000000
v 74.00000000 81.00000000 90.50000000
v 73.50000000 82.00000000 75.00000000
v 74.00000000 82.00000000 74.50000000
v 73.50000000 82.00000000 77.00000000
v 73.50000000 82.00000000 91.00000000
v 74.00000000 82.00000000 90.50000000
v 74.00000000 82.50000000 75.00000000
v 74.00000000 82.50000000 76.00000000
v 73.50000000 82.50000000 76.50000000
v 74.00000000 83.00000000 76.50000000
v 73.50000000 83.00000000 90.00000000
v 74.00000000 82.50000000 90.00000000
v 74.00000000 83.00000000 89.50000000
v 74.00000000 83.50000000 77.00000000
v 74.00000000 84.00000000 77.50000000
v 73.50000000 84.00000000 89.00000000
v 74.00000000 83.50000000 89.00000000
v 74.00000000 84.00000000 88.50000000
v 74.00000000 84.50000000 78.00000000
v 74.00000000 85.00000000 78.50000000
v 74.00000000 85.00000000 88.50000000
v 74.00000000 85.50000000 79.00000000
v 74.00000000 85.50000000 80.00000000
v 74.00000000 86.00000000 80.50000000
v 74.00000000 85.50000000 88.00000000
v 74.00000000 86.00000000 87.50000000
v 74.00000000 86.50000000 81.00000000
v 74.00000000 87.00000000 81.50000000
v 73.50000000 87.00000000 87.00000000
v 74.00000000 86.50000000 87.00000000
v 74.00000000 87.00000000 86.50000000
v 74.00000000 87.50000000 82.00000000
v 74.00000000 87.50000000 83.00000000
v 74.00000000 87.50000000 84.00000000
v 74.00000000 87.50000000 85.00000000
v 74.00000000 87.50000000 86.00000000
v 74.50000000 69.00000000 82.00000000
v 74.50000000 69.00000000 83.00000000
v 74.50000000 69.00000000 85.00000000
v 75.00000000 69.00000000 84.50000000
v 75.00000000 68.50000000 85.00000000
v 75.00000000 69.00000000 85.50000000
v 75.00000000 69.50000000 85.00000000
v 74.50000000 71.00000000 83.00000000
v 74.50000000 72.00000000 80.00000000
v 75.00000000 72.00000000 79.50000000
v 75.00000000 71.50000000 80.00000000
v 75.00000000 71.50000000 81.00000000
v 75.00000000 71.50000000 82.00000000
v 75.00000000 71.50000000 83.00000000
v 75.00000000 71.50000000 84.00000000
v 75.00000000 71.50000000 85.00000000
v 75.00000000 71.50000000 86.00000000
v 74.50000000 72.00000000 87.00000000
v 75.00000000 72.00000000 86.50000000
v 75.00000000 73.00000000 79.50000000
v 75.00000000 72.50000000 87.00000000
v 75.00000000 72.50000000 88.00000000
v 74.50000000 73.00000000 89.00000000
v 75.00000000 73.00000000 88.50000000
v 74.50000000 74.00000000 77.00000000
v 75.00000000 74.00000000 76.50000000
v 75.00000000 73.50000000 77.00000000
v 75.00000000 73.50000000 78.00000000
v 74.50000000 74.00000000 78.00000000
v 75.00000000 73.50000000 79.00000000
v 74.50000000 74.00000000 79.00000000
v 74.50000000 74.00000000 80.00000000
v 75.00000000 73.50000000 89.00000000
v 75.00000000 74.00000000 89.50000000
v 74.50000000 75.00000000 77.00000000
v 75.00000000 75.00000000 76.50000000
v 74.50000000 75.00000000 78.00000000
v 74.50000000 75.00000000 79.00000000
v 75.00000000 75.00000000 79.50000000
v 75.00000000 74.50000000 80.00000000
v 75.00000000 74.50000000 81.00000000
v 75.00000000 75.00000000 81.50000000
v 75.00000000 75.00000000 89.50000000
v 74.50000000 76.00000000 77.00000000
v 75.00000000 76.00000000 76.50000000
v 74.50000000 76.00000000 78.00000000
v 74.50000000 76.00000000 79.00000000
v 75.00000000 76.00000000 79.50000000
v 75.00000000 75.50000000 82.00000000
v 75.00000000 76.00000000 82.50000000
v 74.50000000 76.00000000 89.00000000
v 75.00000000 75.50000000 89.00000000
v 75.00000000 76.00000000 88.50000000
v 74.50000000 77.00000000 77.00000000
v 75.00000000 77.00000000 76.50000000
v 74.50000000 77.00000000 78.00000000
v 74.50000000 77.00000000 79.00000000
v 75.00000000 76.50000000 80.00000000
v 74.50000000 77.00000000 80.00000000
v 75.00000000 76.50000000 81.00000000
v 74.50000000 77.00000000 81.00000000
v 75.00000000 76.50000000 82.00000000
v 74.50000000 77.00000000 82.00000000
v 74.50000000 77.00000000 89.00000000
v 75.00000000 77.00000000 88.50000000
v 74.50000000 78.00000000 74.00000000
v 75.00000000 78.00000000 73.50000000
v 75.00000000 77.50000000 74.00000000
v 75.00000000 77.50000000 75.00000000
v 74.50000000 78.00000000 75.00000000
v 75.00000000 77.50000000 76.00000000
v 74.50000000 78.00000000 76.00000000
v 74.50000000 78.00000000 86.00000000
v 74.50000000 78.00000000 87.00000000
v 74.50000000 78.00000000 88.00000000
v 75.00000000 78.00000000 88.50000000
v 74.50000000 77.50000000 88.50000000
v 74.50000000 78.00000000 89.00000000
v 75.00000000 78.50000000 74.00000000
v 75.00000000 78.50000000 75.00000000
v 75.00000000 79.00000000 75.50000000
v 74.50000000 79.00000000 86.00000000
v 75.00000000 79.00000000 86.50000000
v 75.00000000 78.50000000 87.00000000
v 74.50000000 79.00000000 88.00000000
v 75.00000000 79.00000000 87.50000000
v 75.00000000 79.00000000 88.50000000
v 75.00000000 80.00000000 75.50000000
v 75.00000000 79.50000000 87.00000000
v 75.00000000 80.00000000 88.50000000
v 74.50000000 81.00000000 75.00000000
v 75.00000000 80.50000000 76.00000000
v 74.50000000 81.00000000 76.00000000
v 75.00000000 81.00000000 76.50000000
v 74.50000000 81.00000000 89.00000000
v 75.00000000 81.00000000 88.50000000
v 74.50000000 81.00000000 90.00000000
v 74.50000000 82.00000000 75.00000000
v 74.50000000 82.00000000 76.00000000
v 75.00000000 82.00000000 76.50000000
v 74.50000000 82.00000000 89.00000000
v 75.00000000 82.00000000 88.50000000
v 74.50000000 82.00000000 90.00000000
v 74.50000000 83.00000000 77.00000000
v 75.00000000 82.50000000 77.00000000
v 75.00000000 83.00000000 77.50000000
v 74.50000000 83.00000000 89.00000000
v 75.00000000 83.00000000 88.50000000
v 74.50000000 84.00000000 78.00000000
v 75.00000000 83.50000000 78.00000000
v 75.00000000 84.00000000 78.50000000
v 74.50000000 84.00000000 88.00000000
v 75.00000000 83.50000000 88.00000000
v 75.00000000 84.00000000 87.50000000
v 74.50000000 85.00000000 79.00000000
v 75.00000000 84.50000000 79.00000000
v 75.00000000 85.00000000 79.50000000
v 74.50000000 85.00000000 88.00000000
v 75.00000000 85.00000000 87.50000000
v 75.00000000 85.50000000 80.00000000
v 75.00000000 86.00000000 80.50000000
v 74.50000000 86.00000000 87.00000000
v 75.00000000 85.50000000 87.00000000
v 75.00000000 86.00000000 86.50000000
v 75.00000000 86.50000000 81.00000000
v 74.50000000 87.00000000 82.00000000
v 75.00000000 86.50000000 82.00000000
v 74.50000000 87.00000000 83.00000000
v 75.00000000 86.50000000 83.00000000
v 74.50000000 87.00000000 84.00000000
v 75.00000000 86.50000000 84.00000000
v 74.50000000 87.00000000 85.00000000
v 75.00000000 86.50000000 85.00000000
v 74.50000000 87.00000000 86.00000000
v 75.00000000 86.50000000 86.00000000
v 75.50000000 69.00000000 85.00000000
v 75.50000000 71.00000000 78.00000000
v 76.00000000 71.00000000 77.50000000
v 76.00000000 70.50000000 78.00000000
v 76.00000000 70.50000000 79.00000000
v 75.50000000 71.00000000 79.00000000
v 76.00000000 71.00000000 79.50000000
v 75.50000000 71.00000000 81.00000000
v 76.00000000 71.00000000 80.50000000
v 76.00000000 70.50000000 81.00000000
v 76.00000000 71.00000000 81.50000000
v 75.50000000 72.00000000 77.00000000
v 76.00000000 72.00000000 76.50000000
v 76.00000000 71.50000000 77.00000000
v 75.50000000 72.00000000 78.00000000
v 75.50000000 72.00000000 79.00000000
v 76.00000000 71.50000000 80.00000000
v 76.00000000 71.50000000 82.00000000
v 76.00000000 71.50000000 83.00000000
v 76.00000000 71.50000000 84.00000000
v 75.50000000 72.00000000 85.00000000
v 76.00000000 72.00000000 84.50000000
v 75.50000000 72.00000000 86.00000000
v 75.50000000 73.00000000 76.00000000
v 76.00000000 73.00000000 75.50000000
v 76.00000000 72.50000000 76.00000000
v 75.50000000 73.00000000 77.00000000
v 75.50000000 73.00000000 78.00000000
v 75.50000000 73.00000000 79.00000000
v 76.00000000 72.50000000 85.00000000
v 76.00000000 72.50000000 86.00000000
v 76.00000000 72.50000000 87.00000000
v 76.00000000 72.50000000 88.00000000
v 76.00000000 73.00000000 88.50000000
v 75.50000000 74.00000000 76.00000000
v 76.00000000 74.00000000 75.50000000
v 75.50000000 74.00000000 89.00000000
v 76.00000000 74.00000000 88.50000000
v 75.50000000 75.00000000 76.00000000
v 76.00000000 75.00000000 75.50000000
v 75.50000000 75.00000000 80.00000000
v 75.50000000 75.00000000 81.00000000
v 75.50000000 75.00000000 89.00000000
v 76.00000000 75.00000000 88.50000000
v 76.00000000 75.50000000 76.00000000
v 76.00000000 76.00000000 76.50000000
v 75.50000000 76.00000000 80.00000000
v 75.50000000 76.00000000 81.00000000
v 75.50000000 76.00000000 82.00000000
v 76.00000000 76.00000000 88.50000000
v 76.00000000 77.00000000 76.50000000
v 76.00000000 76.50000000 89.00000000
v 75.50000000 77.00000000 89.00000000
v 76.00000000 77.00000000 89.50000000
v 75.50000000 78.00000000 74.00000000
v 75.50000000 78.00000000 75.00000000
v 76.00000000 78.00000000 75.50000000
v 76.00000000 77.50000000 76.00000000
v 75.50000000 78.00000000 88.00000000
v 76.00000000 77.50000000 88.00000000
v 76.00000000 78.00000000 87.50000000
v 76.00000000 77.50000000 89.00000000
v 75.50000000 79.00000000 75.00000000
v 76.00000000 79.00000000 74.50000000
v 76.00000000 78.50000000 75.00000000
v 75.50000000 79.00000000 76.00000000
v 76.00000000 78.50000000 76.00000000
v 76.00000000 79.00000000 75.50000000
v 75.50000000 79.00000000 77.00000000
v 76.00000000 78.50000000 77.00000000
v 75.50000000 79.00000000 78.00000000
v 76.00000000 78.50000000 78.00000000
v 76.00000000 79.00000000 78.50000000
v 75.50000000 79.00000000 87.00000000
v 76.00000000 78.50000000 88.00000000
v 76.00000000 78.50000000 89.00000000
v 75.50000000 79.00000000 89.00000000
v 76.00000000 79.00000000 89.50000000
v 76.00000000 79.50000000 75.00000000
v 75.50000000 80.00000000 76.00000000
v 75.50000000 80.00000000 77.00000000
v 75.50000000 80.00000000 78.00000000
v 76.00000000 79.50000000 79.00000000
v 75.50000000 80.00000000 79.00000000
v 76.00000000 80.00000000 79.50000000
v 75.50000000 80.00000000 89.00000000
v 76.00000000 80.00000000 89.50000000
v 75.50000000 81.00000000 77.00000000
v 75.50000000 81.00000000 78.00000000
v 76.00000000 81.00000000 78.50000000
v 76.00000000 80.50000000 79.00000000
v 75.50000000 81.00000000 88.00000000
v 76.00000000 80.50000000 88.00000000
v 76.00000000 81.00000000 87.50000000
v 75.50000000 80.50000000 88.50000000
v 76.00000000 81.00000000 88.50000000
v 75.50000000 81.00000000 89.00000000
v 76.00000000 81.00000000 89.50000000
v 75.50000000 82.00000000 77.00000000
v 75.50000000 82.00000000 78.00000000
v 76.00000000 81.50000000 79.00000000
v 75.50000000 82.00000000 79.00000000
v 76.00000000 82.00000000 79.50000000
v 75.50000000 82.00000000 88.00000000
v 76.00000000 82.00000000 87.50000000
v 76.00000000 81.50000000 89.00000000
v 75.50000000 83.00000000 78.00000000
v 75.50000000 83.00000000 79.00000000
v 76.00000000 83.00000000 79.50000000
v 75.50000000 83.00000000 88.00000000
v 76.00000000 83.00000000 87.50000000
v 75.50000000 84.00000000 79.00000000
v 76.00000000 84.00000000 79.50000000
v 76.00000000 84.00000000 87.50000000
v 75.50000000 85.00000000 80.00000000
v 76.00000000 84.50000000 80.00000000
v 75.50000000 85.00000000 81.00000000
v 76.00000000 84.50000000 81.00000000
v 76.00000000 85.00000000 81.50000000
v 75.50000000 85.00000000 87.00000000
v 76.00000000 84.50000000 87.00000000
v 76.00000000 85.00000000 86.50000000
v 75.50000000 86.00000000 81.00000000
v 76.00000000 85.50000000 82.00000000
v 75.50000000 86.00000000 82.00000000
v 75.50000000 86.00000000 83.00000000
v 76.00000000 85.50000000 83.00000000
v 75.50000000 86.00000000 84.00000000
v 76.00000000 85.50000000 84.00000000
v 75.50000000 86.00000000 85.00000000
v 76.00000000 85.50000000 85.00000000
v 75.50000000 86.00000000 86.00000000
v 76.00000000 85.50000000 86.00000000
v 76.50000000 70.00000000 84.00000000
v 77.00000000 70.00000000 83.50000000
v 77.00000000 69.50000000 84.00000000
v 77.00000000 70.00000000 84.50000000
v 76.50000000 71.00000000 78.00000000
v 76.50000000 71.00000000 79.00000000
v 77.00000000 70.50000000 80.00000000
v 77.00000000 71.00000000 79.50000000
v 76.50000000 71.00000000 80.00000000
v 77.00000000 71.00000000 80.50000000
v 76.50000000 71.00000000 81.00000000
v 77.00000000 70.50000000 84.00000000
v 77.00000000 72.00000000 76.50000000
v 77.00000000 71.50000000 77.00000000
v 77.00000000 71.50000000 78.00000000
v 77.00000000 71.50000000 79.00000000
v 77.00000000 71.50000000 81.00000000
v 77.00000000 71.50000000 82.00000000
v 77.00000000 71.50000000 83.00000000
v 76.50000000 72.00000000 84.00000000
v 77.00000000 72.00000000 83.50000000
v 76.50000000 73.00000000 76.00000000
v 77.00000000 72.50000000 77.00000000
v 76.50000000 73.00000000 77.00000000
v 77.00000000 73.00000000 77.50000000
v 77.00000000 72.50000000 84.00000000
v 77.00000000 72.50000000 85.00000000
v 77.00000000 72.50000000 86.00000000
v 76.50000000 73.00000000 87.00000000
v 77.00000000 73.00000000 86.50000000
v 76.50000000 73.00000000 88.00000000
v 76.50000000 74.00000000 76.00000000
v 77.00000000 74.00000000 76.50000000
v 77.00000000 73.50000000 77.00000000
v 77.00000000 73.50000000 87.00000000
v 77.00000000 74.00000000 87.50000000
v 76.50000000 74.00000000 88.00000000
v 76.50000000 75.00000000 76.00000000
v 77.00000000 75.00000000 76.50000000
v 76.50000000 75.00000000 88.00000000
v 77.00000000 75.00000000 87.50000000
v 77.00000000 76.00000000 76.50000000
v 76.50000000 76.00000000 88.00000000
v 77.00000000 76.00000000 87.50000000
v 77.00000000 76.50000000 77.00000000
v 76.50000000 77.00000000 77.00000000
v 77.00000000 77.00000000 77.50000000
v 77.00000000 76.50000000 88.00000000
v 76.50000000 77.00000000 89.00000000
v 77.00000000 77.00000000 88.50000000
v 76.50000000 78.00000000 76.00000000
v 76.50000000 78.00000000 77.00000000
v 77.00000000 78.00000000 77.50000000
v 77.00000000 77.50000000 88.00000000
v 77.00000000 78.00000000 87.50000000
v 76.50000000 79.00000000 75.00000000
v 77.00000000 78.50000000 78.00000000
v 76.50000000 79.00000000 79.00000000
v 77.00000000 78.50000000 79.00000000
v 77.00000000 79.00000000 79.50000000
v 77.00000000 78.50000000 88.00000000
v 76.50000000 79.00000000 89.00000000
v 77.00000000 79.00000000 88.50000000
v 76.50000000 80.00000000 80.00000000
v 77.00000000 79.50000000 80.00000000
v 76.50000000 80.00000000 81.00000000
v 77.00000000 79.50000000 81.00000000
v 77.00000000 80.00000000 81.50000000
v 76.50000000 80.00000000 89.00000000
v 77.00000000 80.00000000 88.50000000
v 76.50000000 81.00000000 79.00000000
v 76.50000000 81.00000000 80.00000000
v 76.50000000 81.00000000 81.00000000
v 77.00000000 80.50000000 82.00000000
v 76.50000000 81.00000000 82.00000000
v 77.00000000 81.00000000 82.50000000
v 76.50000000 81.00000000 87.00000000
v 77.00000000 80.50000000 87.00000000
v 77.00000000 81.00000000 86.50000000
v 76.50000000 81.00000000 88.00000000
v 77.00000000 81.00000000 87.50000000
v 77.00000000 80.50000000 89.00000000
v 77.00000000 81.00000000 89.50000000
v 76.50000000 82.00000000 80.00000000
v 76.50000000 82.00000000 81.00000000
v 76.50000000 82.00000000 82.00000000
v 77.00000000 81.50000000 83.00000000
v 76.50000000 82.00000000 83.00000000
v 76.50000000 82.00000000 84.00000000
v 77.00000000 81.50000000 84.00000000
v 76.50000000 82.00000000 85.00000000
v 77.00000000 81.50000000 85.00000000
v 76.50000000 82.00000000 86.00000000
v 77.00000000 81.50000000 86.00000000
v 76.50000000 82.00000000 87.00000000
v 77.00000000 81.50000000 88.00000000
v 77.00000000 81.50000000 89.00000000
v 76.50000000 83.00000000 80.00000000
v 76.50000000 83.00000000 81.00000000
v 76.50000000 83.00000000 82.00000000
v 76.50000000 83.00000000 83.00000000
v 76.50000000 83.00000000 84.00000000
v 76.50000000 83.00000000 85.00000000
v 77.00000000 83.00000000 85.50000000
v 77.00000000 82.50000000 86.00000000
v 77.00000000 83.00000000 86.50000000
v 76.50000000 83.00000000 87.00000000
v 76.50000000 84.00000000 80.00000000
v 76.50000000 84.00000000 81.00000000
v 77.00000000 84.00000000 81.50000000
v 77.00000000 83.50000000 82.00000000
v 77.00000000 83.50000000 83.00000000
v 77.00000000 84.00000000 83.50000000
v 76.50000000 84.00000000 84.00000000
v 77.00000000 84.00000000 84.50000000
v 77.00000000 83.50000000 85.00000000
v 77.00000000 84.00000000 85.50000000
v 76.50000000 84.00000000 86.00000000
v 77.00000000 83.50000000 86.00000000
v 76.50000000 84.00000000 87.00000000
v 76.50000000 85.00000000 82.00000000
v 77.00000000 84.50000000 82.00000000
v 77.00000000 85.00000000 82.50000000
v 76.50000000 85.00000000 84.00000000
v 77.00000000 85.00000000 83.50000000
v 77.00000000 84.50000000 85.00000000
v 76.50000000 85.00000000 85.00000000
v 76.50000000 85.00000000 86.00000000
v 77.00000000 85.50000000 83.00000000
v 77.50000000 70.00000000 84.00000000
v 77.50000000 71.00000000 80.00000000
v 77.50000000 72.00000000 77.00000000
v 78.00000000 72.00000000 77.50000000
v 78.00000000 71.50000000 78.00000000
v 78.00000000 71.50000000 79.00000000
v 78.00000000 71.50000000 80.00000000
v 78.00000000 71.50000000 81.00000000
v 78.00000000 71.50000000 82.00000000
v 77.50000000 72.00000000 83.00000000
v 78.00000000 72.00000000 82.50000000
v 78.00000000 73.00000000 77.50000000
v 78.00000000 72.50000000 83.00000000
v 78.00000000 72.50000000 84.00000000
v 77.50000000 73.00000000 85.00000000
v 78.00000000 73.00000000 84.50000000
v 77.50000000 73.00000000 86.00000000
v 77.50000000 74.00000000 77.00000000
v 78.00000000 74.00000000 77.50000000
v 78.00000000 73.50000000 85.00000000
v 78.00000000 74.00000000 85.50000000
v 77.50000000 74.00000000 86.00000000
v 77.50000000 74.00000000 87.00000000
v 77.50000000 75.00000000 77.00000000
v 78.00000000 74.50000000 78.00000000
v 77.50000000 75.00000000 78.00000000
v 78.00000000 75.00000000 78.50000000
v 78.00000000 74.50000000 86.00000000
v 78.00000000 75.00000000 86.50000000
v 77.50000000 75.00000000 87.00000000
v 77.50000000 76.00000000 77.00000000
v 77.50000000 76.00000000 78.00000000
v 78.00000000 76.00000000 78.50000000
v 78.00000000 75.50000000 87.00000000
v 78.00000000 76.00000000 87.50000000
v 78.00000000 76.50000000 78.00000000
v 78.00000000 77.00000000 77.50000000
v 77.50000000 77.00000000 88.00000000
v 78.00000000 77.00000000 87.50000000
v 78.00000000 77.50000000 78.00000000
v 77.50000000 78.00000000 78.00000000
v 78.00000000 78.00000000 78.50000000
v 78.00000000 78.00000000 87.50000000
v 78.00000000 78.50000000 79.00000000
v 78.00000000 79.00000000 79.50000000
v 77.50000000 79.00000000 88.00000000
v 78.00000000 79.00000000 87.50000000
v 78.00000000 79.50000000 80.00000000
v 78.00000000 79.50000000 81.00000000
v 78.00000000 80.00000000 81.50000000
v 78.00000000 79.50000000 88.00000000
v 78.00000000 80.00000000 88.50000000
v 78.00000000 80.50000000 82.00000000
v 78.00000000 81.00000000 82.50000000
v 77.50000000 81.00000000 86.00000000
v 78.00000000 80.50000000 86.00000000
v 78.00000000 81.00000000 85.50000000
v 78.00000000 80.50000000 87.00000000
v 77.50000000 81.00000000 88.00000000
v 78.00000000 80.50000000 88.00000000
v 77.50000000 81.00000000 89.00000000
v 78.00000000 81.50000000 83.00000000
v 78.00000000 81.50000000 84.00000000
v 78.00000000 81.50000000 85.00000000
v 77.50000000 83.00000000 86.00000000
v 77.50000000 84.00000000 82.00000000
v 77.50000000 84.00000000 83.00000000
v 77.50000000 84.00000000 85.00000000
v 77.50000000 85.00000000 83.00000000
v 78.50000000 72.00000000 78.00000000
v 78.50000000 72.00000000 79.00000000
v 78.50000000 72.00000000 80.00000000
v 78.50000000 72.00000000 81.00000000
v 78.50000000 72.00000000 82.00000000
v 78.50000000 73.00000000 78.00000000
v 78.50000000 73.00000000 79.00000000
v 78.50000000 73.00000000 80.00000000
v 78.50000000 73.00000000 81.00000000
v 78.50000000 73.00000000 82.00000000
v 78.50000000 73.00000000 83.00000000
v 78.50000000 73.00000000 84.00000000
v 78.50000000 74.00000000 78.00000000
v 78.50000000 74.00000000 79.00000000
v 78.50000000 74.00000000 80.00000000
v 78.50000000 74.00000000 81.00000000
v 78.50000000 74.00000000 82.00000000
v 78.50000000 74.00000000 83.00000000
v 79.00000000 74.00000000 83.50000000
v 79.00000000 73.50000000 84.00000000
v 78.50000000 74.00000000 85.00000000
v 79.00000000 74.00000000 84.50000000
v 78.50000000 75.00000000 79.00000000
v 78.50000000 75.00000000 80.00000000
v 78.50000000 75.00000000 81.00000000
v 79.00000000 75.00000000 81.50000000
v 79.00000000 74.50000000 82.00000000
v 79.00000000 74.50000000 83.00000000
v 79.00000000 74.50000000 85.00000000
v 78.50000000 75.00000000 86.00000000
v 79.00000000 75.00000000 85.50000000
v 79.00000000 76.00000000 78.50000000
v 79.00000000 75.50000000 79.00000000
v 79.00000000 76.00000000 79.50000000
v 78.50000000 76.00000000 80.00000000
v 79.00000000 76.00000000 80.50000000
v 79.00000000 75.50000000 81.00000000
v 78.50000000 76.00000000 86.00000000
v 79.00000000 76.00000000 85.50000000
v 78.50000000 76.00000000 87.00000000
v 78.50000000 77.00000000 78.00000000
v 79.00000000 76.50000000 79.00000000
v 78.50000000 77.00000000 79.00000000
v 78.50000000 77.00000000 80.00000000
v 79.00000000 77.00000000 80.50000000
v 78.50000000 77.00000000 86.00000000
v 79.00000000 77.00000000 85.50000000
v 78.50000000 77.00000000 87.00000000
v 78.50000000 78.00000000 79.00000000
v 79.00000000 78.00000000 79.50000000
v 79.00000000 77.50000000 80.00000000
v 78.50000000 78.00000000 86.00000000
v 79.00000000 78.00000000 85.50000000
v 78.50000000 78.00000000 87.00000000
v 78.50000000 79.00000000 80.00000000
v 79.00000000 78.50000000 80.00000000
v 78.50000000 79.00000000 81.00000000
v 79.00000000 78.50000000 81.00000000
v 79.00000000 79.00000000 81.50000000
v 78.50000000 79.00000000 86.00000000
v 79.00000000 79.00000000 85.50000000
v 78.50000000 79.00000000 87.00000000
v 79.00000000 80.00000000 81.50000000
v 79.00000000 79.50000000 86.00000000
v 79.00000000 80.00000000 86.50000000
v 78.50000000 80.00000000 87.00000000
v 78.50000000 80.00000000 88.00000000
v 79.00000000 80.50000000 82.00000000
v 78.50000000 81.00000000 83.00000000
v 79.00000000 80.50000000 83.00000000
v 79.00000000 81.00000000 83.50000000
v 78.50000000 81.00000000 85.00000000
v 79.00000000 80.50000000 85.00000000
v 79.00000000 81.00000000 84.50000000
v 79.00000000 80.50000000 86.00000000
v 79.00000000 81.50000000 84.00000000
v 79.50000000 74.00000000 84.00000000
v 79.50000000 75.00000000 82.00000000
v 79.50000000 75.00000000 83.00000000
v 79.50000000 75.00000000 84.00000000
v 79.50000000 75.00000000 85.00000000
v 79.50000000 76.00000000 79.00000000
v 79.50000000 76.00000000 81.00000000
v 79.50000000 76.00000000 82.00000000
v 79.50000000 76.00000000 83.00000000
v 79.50000000 76.00000000 84.00000000
v 79.50000000 76.00000000 85.00000000
v 79.50000000 77.00000000 81.00000000
v 79.50000000 77.00000000 82.00000000
v 79.50000000 77.00000000 83.00000000
v 79.50000000 77.00000000 84.00000000
v 79.50000000 77.00000000 85.00000000
v 79.50000000 78.00000000 80.00000000
v 79.50000000 78.00000000 81.00000000
v 79.50000000 78.00000000 82.00000000
v 79.50000000 78.00000000 83.00000000
v 79.50000000 78.00000000 84.00000000
v 79.50000000 78.00000000 85.00000000
v 79.50000000 79.00000000 82.00000000
v 79.50000000 79.00000000 83.00000000
v 79.50000000 79.00000000 84.00000000
v 79.50000000 79.00000000 85.00000000
v 79.50000000 80.00000000 82.00000000
v 79.50000000 80.00000000 83.00000000
v 79.50000000 80.00000000 84.00000000
v 79.50000000 80.00000000 85.00000000
v 79.50000000 80.00000000 86.00000000
v 79.50000000 81.00000000 84.00000000
f 3 2 1
f 1 4 3
f 2 5 1
f 1 5 4
f 6 2 3
f 4 6 3
f 9 8 7
f 7 10 9
f 6 5 2
f 5 6 4
f 8 11 7
f 7 11 10
f 14 13 12
f 16 15 12
f 12 15 14
f 18 17 16
f 16 17 15
f 20 19 18
f 18 19 17
f 20 21 19
f 24 23 22
f 24 22 13
f 22 12 13
f 22 25 12
f 12 26 16
f 12 25 26
f 16 27 18
f 16 26 27
f 29 20 28
f 20 27 28
f 20 18 27
f 20 29 21
f 23 30 22
f 22 30 25
f 25 30 31
f 25 31 26
f 26 31 32
f 26 32 27
f 27 32 33
f 27 33 28
f 34 8 9
f 10 34 9
f 34 11 8
f 11 34 10
f 37 36 35
f 35 38 37
f 40 39 14
f 14 39 13
f 41 14 15
f 41 40 14
f 17 35 36
f 41 17 36
f 15 17 41
f 42 38 35
f 17 42 35
f 19 42 17
f 44 43 21
f 43 19 21
f 43 42 19
f 44 45 43
f 46 23 24
f 47 46 24
f 13 47 24
f 39 47 13
f 50 49 48
f 52 51 48
f 52 48 49
f 29 28 51
f 52 29 51
f 53 29 52
f 21 29 44
f 29 54 44
f 29 53 54
f 44 54 45
f 46 30 23
f 47 55 46
f 55 30 46
f 55 31 30
f 48 32 50
f 32 55 50
f 32 31 55
f 32 48 33
f 33 48 51
f 33 51 28
f 58 57 56
f 56 59 58
f 62 61 60
f 60 36 62
f 36 37 62
f 64 63 62
f 64 62 37
f 66 64 65
f 64 37 65
f 38 67 65
f 38 65 37
f 67 68 65
f 57 69 56
f 39 69 70
f 69 39 56
f 40 56 39
f 56 40 59
f 71 59 40
f 41 60 61
f 71 41 61
f 40 41 71
f 64 72 63
f 36 60 41
f 38 42 67
f 64 66 72
f 42 43 67
f 43 73 67
f 73 68 67
f 43 74 73
f 45 74 43
f 76 47 75
f 47 70 75
f 47 39 70
f 49 50 76
f 75 49 76
f 77 49 75
f 77 79 78
f 52 77 78
f 49 77 52
f 52 78 80
f 81 52 80
f 53 52 81
f 74 54 73
f 54 81 73
f 54 53 81
f 54 74 45
f 76 55 47
f 55 76 50
f 79 82 78
f 78 82 80
f 83 57 58
f 85 83 84
f 83 58 84
f 59 86 84
f 59 84 58
f 61 62 86
f 62 84 86
f 62 87 84
f 89 88 63
f 88 62 63
f 88 87 62
f 89 66 88
f 66 65 88
f 91 90 88
f 91 88 65
f 93 91 92
f 91 65 92
f 68 94 92
f 68 92 65
f 94 95 92
f 97 69 96
f 69 57 96
f 96 57 83
f 98 96 83
f 83 85 98
f 86 59 71
f 97 70 69
f 86 71 61
f 72 89 63
f 90 100 99
f 100 89 99
f 72 99 89
f 99 72 101
f 66 101 72
f 101 66 100
f 100 91 101
f 90 91 100
f 100 66 89
f 73 94 68
f 94 73 102
f 101 102 73
f 102 101 93
f 91 93 101
f 94 102 95
f 96 103 97
f 97 103 70
f 103 75 70
f 103 104 75
f 75 105 77
f 104 105 75
f 107 106 79
f 77 107 79
f 105 107 77
f 106 107 99
f 106 99 101
f 80 106 101
f 81 80 101
f 81 101 73
f 106 82 79
f 82 106 80
f 110 109 108
f 112 111 108
f 108 111 110
f 114 113 112
f 112 113 111
f 114 115 113
f 117 116 84
f 84 116 85
f 87 108 109
f 117 87 109
f 84 87 117
f 108 87 88
f 108 88 112
f 112 88 90
f 118 112 90
f 114 112 118
f 115 120 119
f 120 115 92
f 114 92 115
f 92 114 93
f 118 93 114
f 95 120 92
f 122 121 98
f 98 121 96
f 98 85 116
f 98 116 122
f 125 124 123
f 124 126 118
f 99 124 118
f 90 99 118
f 123 124 99
f 119 120 126
f 120 102 126
f 93 118 126
f 93 126 102
f 102 120 95
f 121 127 96
f 96 127 103
f 103 128 104
f 127 128 103
f 104 129 105
f 128 129 104
f 123 107 125
f 107 129 125
f 107 105 129
f 107 123 99
f 131 130 110
f 110 130 109
f 132 110 111
f 132 131 110
f 133 111 113
f 133 132 111
f 135 134 115
f 134 113 115
f 134 133 113
f 135 136 134
f 137 116 117
f 109 130 138
f 137 109 138
f 139 137 138
f 117 109 137
f 140 139 138
f 119 141 135
f 119 135 115
f 136 135 142
f 142 135 141
f 145 144 143
f 147 146 143
f 143 146 145
f 149 148 147
f 147 148 146
f 149 150 148
f 151 121 122
f 116 137 122
f 137 151 122
f 137 152 151
f 153 137 139
f 152 137 153
f 154 124 125
f 139 154 125
f 153 139 125
f 154 139 140
f 124 155 126
f 154 155 124
f 119 126 141
f 126 156 141
f 126 155 156
f 141 156 142
f 159 158 157
f 159 157 144
f 157 143 144
f 157 160 143
f 143 161 147
f 143 160 161
f 147 162 149
f 147 161 162
f 150 149 163
f 149 164 163
f 149 162 164
f 164 165 163
f 151 127 121
f 127 151 128
f 128 151 152
f 128 152 129
f 129 152 153
f 129 153 125
f 157 158 166
f 166 158 167
f 157 168 160
f 157 166 168
f 160 169 161
f 160 168 169
f 161 170 162
f 161 169 170
f 162 171 164
f 162 170 171
f 165 164 172
f 172 164 171
f 166 167 173
f 173 167 174
f 166 175 168
f 166 173 175
f 168 176 169
f 168 175 176
f 178 170 177
f 170 176 177
f 170 169 176
f 170 178 171
f 171 178 179
f 171 179 172
f 173 174 180
f 180 174 181
f 173 182 175
f 173 180 182
f 175 183 176
f 175 182 183
f 177 176 184
f 184 176 183
f 181 185 180
f 187 186 185
f 186 180 185
f 186 182 180
f 189 183 188
f 183 186 188
f 183 182 186
f 183 189 184
f 187 190 186
f 186 190 188
f 193 192 191
f 191 194 193
f 192 195 191
f 191 195 194
f 196 130 131
f 196 131 197
f 131 198 197
f 131 132 198
f 199 132 133
f 199 198 132
f 200 133 134
f 200 199 133
f 134 136 200
f 200 136 201
f 204 203 202
f 202 205 204
f 196 138 130
f 140 138 196
f 197 140 196
f 206 140 197
f 142 208 207
f 201 142 207
f 136 142 201
f 210 209 208
f 208 209 207
f 212 211 210
f 210 211 209
f 144 145 212
f 145 211 212
f 145 213 211
f 146 202 203
f 213 146 203
f 145 146 213
f 214 205 202
f 146 214 202
f 148 214 146
f 216 215 150
f 215 148 150
f 215 214 148
f 218 217 216
f 216 217 215
f 218 219 217
f 206 220 140
f 140 220 154
f 154 221 155
f 220 221 154
f 155 222 156
f 221 222 155
f 156 222 142
f 222 223 142
f 223 208 142
f 223 222 224
f 208 225 210
f 208 223 225
f 225 158 159
f 212 225 159
f 210 225 212
f 212 159 144
f 163 216 150
f 216 163 165
f 226 216 165
f 218 216 226
f 219 218 227
f 227 218 226
f 224 228 223
f 230 229 228
f 229 223 228
f 229 225 223
f 229 167 158
f 229 158 225
f 232 231 226
f 165 232 226
f 172 232 165
f 226 231 227
f 230 233 229
f 167 229 233
f 234 167 233
f 174 167 234
f 177 235 178
f 178 235 236
f 237 178 236
f 179 178 237
f 172 179 232
f 232 179 237
f 234 181 174
f 238 181 234
f 184 239 235
f 184 235 177
f 236 235 240
f 240 235 239
f 185 181 241
f 181 242 241
f 181 238 242
f 241 187 185
f 244 243 189
f 244 189 188
f 189 243 184
f 243 245 184
f 245 239 184
f 245 243 246
f 240 239 247
f 247 239 245
f 250 249 248
f 252 251 248
f 248 251 250
f 251 252 242
f 252 241 242
f 252 253 241
f 254 190 187
f 241 254 187
f 253 254 241
f 254 255 190
f 255 188 190
f 255 244 188
f 246 256 245
f 245 256 247
f 249 257 248
f 248 257 252
f 252 257 258
f 252 258 253
f 253 258 259
f 253 259 254
f 254 259 260
f 254 260 255
f 263 262 261
f 265 264 261
f 261 264 263
f 267 266 265
f 265 266 264
f 267 268 266
f 271 270 269
f 271 269 262
f 269 261 262
f 269 272 261
f 261 273 265
f 261 272 273
f 273 192 193
f 267 273 193
f 265 273 267
f 193 194 267
f 194 268 267
f 194 274 268
f 277 276 275
f 277 275 270
f 275 269 270
f 275 278 269
f 269 279 272
f 269 278 279
f 272 280 273
f 272 279 280
f 273 280 192
f 280 281 192
f 281 195 192
f 280 282 281
f 194 195 274
f 274 195 281
f 285 284 283
f 285 283 276
f 283 275 276
f 283 286 275
f 275 287 278
f 275 286 287
f 289 279 288
f 279 287 288
f 279 278 287
f 279 289 280
f 280 289 290
f 280 290 282
f 284 291 283
f 283 291 286
f 286 291 292
f 286 292 287
f 287 292 293
f 287 293 288
f 294 197 198
f 294 198 295
f 198 296 295
f 198 199 296
f 298 296 297
f 296 200 297
f 296 199 200
f 201 297 200
f 300 299 204
f 204 299 203
f 302 301 205
f 301 204 205
f 301 300 204
f 304 303 302
f 302 303 301
f 304 305 303
f 306 206 294
f 294 206 197
f 294 295 307
f 308 294 307
f 306 294 308
f 298 297 309
f 307 310 308
f 312 309 311
f 311 309 207
f 309 297 207
f 297 201 207
f 209 313 207
f 207 313 311
f 313 209 314
f 209 315 314
f 209 211 315
f 316 211 213
f 316 315 211
f 213 203 299
f 213 299 316
f 214 302 205
f 302 214 215
f 302 215 304
f 317 305 304
f 215 317 304
f 217 317 215
f 217 219 317
f 317 219 318
f 306 220 206
f 220 306 221
f 221 306 308
f 222 221 308
f 319 222 308
f 310 319 308
f 320 222 319
f 311 321 312
f 224 222 320
f 321 311 313
f 321 313 322
f 322 313 314
f 325 324 323
f 324 318 323
f 318 227 323
f 318 219 227
f 319 326 320
f 320 326 224
f 326 228 224
f 326 327 228
f 230 228 327
f 230 327 328
f 325 323 231
f 232 325 231
f 329 325 232
f 231 323 227
f 328 330 230
f 230 330 233
f 234 233 330
f 234 330 331
f 236 332 237
f 329 232 333
f 232 332 333
f 332 334 333
f 232 237 332
f 336 335 334
f 334 335 333
f 336 337 335
f 339 238 338
f 238 331 338
f 238 234 331
f 340 339 338
f 240 341 332
f 240 332 236
f 332 342 334
f 332 341 342
f 344 336 343
f 336 342 343
f 336 334 342
f 336 344 337
f 345 242 339
f 339 242 238
f 339 340 346
f 339 346 345
f 244 347 243
f 347 246 243
f 247 348 341
f 247 341 240
f 341 349 342
f 341 348 349
f 343 342 350
f 350 342 349
f 351 249 250
f 251 352 250
f 250 352 351
f 242 345 251
f 345 352 251
f 345 353 352
f 345 346 354
f 355 345 354
f 353 345 355
f 354 356 347
f 255 354 347
f 244 255 347
f 355 354 255
f 356 358 357
f 356 357 256
f 347 356 256
f 246 347 256
f 357 359 256
f 256 359 247
f 359 360 247
f 360 348 247
f 362 361 360
f 361 348 360
f 361 349 348
f 350 349 363
f 363 349 361
f 351 257 249
f 257 351 258
f 258 351 352
f 258 352 259
f 259 352 353
f 259 353 260
f 260 353 355
f 260 355 255
f 358 364 357
f 357 364 359
f 362 365 361
f 365 366 361
f 366 367 361
f 368 363 361
f 368 361 367
f 367 369 368
f 366 370 367
f 367 370 369
f 373 372 371
f 375 374 371
f 371 374 373
f 377 376 375
f 375 376 374
f 377 378 376
f 381 380 379
f 381 379 372
f 372 379 371
f 379 262 371
f 262 263 371
f 371 263 264
f 371 264 375
f 375 264 266
f 375 266 377
f 266 268 377
f 268 378 377
f 268 382 378
f 379 380 271
f 380 270 271
f 380 383 270
f 379 271 262
f 386 385 384
f 385 382 384
f 382 274 384
f 382 268 274
f 388 387 277
f 277 387 276
f 277 270 383
f 277 383 388
f 391 390 389
f 389 390 386
f 389 386 384
f 282 389 384
f 281 282 384
f 281 384 274
f 392 284 285
f 393 392 285
f 276 393 285
f 387 393 276
f 288 394 289
f 395 391 389
f 289 395 389
f 290 289 389
f 395 289 394
f 290 389 282
f 392 291 284
f 393 396 392
f 396 291 392
f 396 292 291
f 292 397 293
f 396 397 292
f 288 293 394
f 293 398 394
f 293 397 398
f 394 398 395
f 399 295 296
f 298 399 296
f 402 401 400
f 404 403 400
f 400 403 402
f 299 300 404
f 300 403 404
f 300 405 403
f 406 300 301
f 406 405 300
f 407 301 303
f 407 406 301
f 409 408 305
f 408 303 305
f 408 407 303
f 409 410 408
f 399 307 295
f 310 307 411
f 307 399 411
f 298 309 411
f 298 411 399
f 413 411 412
f 411 309 412
f 312 414 412
f 312 412 309
f 416 415 414
f 414 415 412
f 415 416 401
f 401 416 400
f 416 314 400
f 314 315 400
f 400 315 316
f 400 316 404
f 404 316 299
f 317 409 305
f 418 417 318
f 318 417 317
f 417 410 317
f 410 409 317
f 418 419 417
f 420 319 411
f 411 319 310
f 422 421 413
f 422 414 421
f 414 422 321
f 420 321 422
f 321 420 312
f 421 312 420
f 420 411 421
f 421 411 413
f 414 312 421
f 414 321 322
f 414 322 416
f 416 322 314
f 325 423 324
f 418 318 324
f 423 418 324
f 424 418 423
f 419 418 425
f 425 418 424
f 420 326 319
f 422 426 420
f 426 326 420
f 426 327 326
f 328 327 426
f 328 426 427
f 329 428 423
f 329 423 325
f 423 429 424
f 423 428 429
f 425 424 430
f 430 424 429
f 330 328 431
f 328 432 431
f 328 427 432
f 431 331 330
f 333 428 329
f 428 333 335
f 428 335 429
f 434 433 337
f 337 433 335
f 433 430 335
f 430 429 335
f 434 435 433
f 432 436 431
f 436 438 437
f 436 437 338
f 431 436 338
f 331 431 338
f 437 340 338
f 343 439 344
f 434 337 344
f 439 434 344
f 440 434 439
f 435 434 441
f 441 434 440
f 438 442 437
f 340 437 442
f 443 340 442
f 346 340 443
f 350 444 439
f 350 439 343
f 439 445 440
f 439 444 445
f 441 440 446
f 446 440 445
f 443 447 346
f 346 447 354
f 447 449 448
f 356 447 448
f 354 447 356
f 448 358 356
f 359 450 360
f 450 362 360
f 363 451 444
f 363 444 350
f 444 452 445
f 444 451 452
f 446 445 453
f 453 445 452
f 449 454 448
f 448 454 358
f 454 364 358
f 454 455 364
f 364 455 359
f 455 456 359
f 456 450 359
f 456 455 457
f 458 365 362
f 450 458 362
f 456 458 450
f 368 451 363
f 366 365 458
f 451 368 369
f 459 451 369
f 452 451 459
f 453 452 460
f 452 461 460
f 452 459 461
f 461 462 460
f 457 463 456
f 456 463 458
f 458 463 464
f 464 466 465
f 464 465 370
f 458 464 370
f 366 458 370
f 459 369 370
f 465 459 370
f 467 459 465
f 469 461 468
f 461 467 468
f 461 459 467
f 461 469 462
f 466 470 465
f 472 471 470
f 471 465 470
f 471 467 465
f 468 467 473
f 467 474 473
f 467 471 474
f 474 475 473
f 471 472 373
f 472 372 373
f 472 476 372
f 471 373 374
f 471 374 474
f 477 475 474
f 374 477 474
f 376 477 374
f 376 378 477
f 477 378 478
f 480 479 381
f 381 479 380
f 381 372 476
f 381 476 480
f 382 478 378
f 382 481 478
f 479 383 380
f 482 383 479
f 484 483 385
f 484 385 386
f 382 385 481
f 481 385 483
f 486 485 388
f 388 485 387
f 388 383 482
f 388 482 486
f 391 487 390
f 487 488 390
f 488 386 390
f 488 484 386
f 491 490 489
f 485 491 489
f 393 485 489
f 387 485 393
f 395 492 487
f 395 487 391
f 488 487 493
f 493 487 492
f 490 494 489
f 489 494 393
f 494 396 393
f 494 495 396
f 495 497 496
f 397 495 496
f 396 495 397
f 397 496 498
f 499 397 498
f 398 397 499
f 395 398 492
f 398 500 492
f 398 499 500
f 492 500 493
f 497 501 496
f 496 501 498
f 502 401 402
f 502 402 503
f 402 504 503
f 402 403 504
f 505 403 405
f 505 504 403
f 506 405 406
f 506 505 405
f 507 406 407
f 507 506 406
f 508 407 408
f 508 507 407
f 408 410 508
f 508 410 509
f 510 413 412
f 510 412 511
f 412 512 511
f 412 415 512
f 415 401 502
f 513 415 502
f 512 415 513
f 513 502 503
f 514 509 410
f 514 410 417
f 516 515 419
f 515 417 419
f 515 514 417
f 516 517 515
f 518 422 510
f 510 422 413
f 510 511 519
f 510 519 518
f 425 520 516
f 425 516 419
f 517 516 521
f 521 516 520
f 518 426 422
f 427 426 518
f 519 427 518
f 522 427 519
f 430 523 520
f 430 520 425
f 521 520 524
f 524 520 523
f 526 432 525
f 432 522 525
f 432 427 522
f 527 526 525
f 433 523 430
f 529 528 435
f 435 528 433
f 528 524 433
f 524 523 433
f 529 530 528
f 526 436 432
f 438 436 526
f 527 438 526
f 531 438 527
f 441 532 529
f 441 529 435
f 530 529 533
f 529 534 533
f 529 532 534
f 534 535 533
f 531 536 438
f 438 536 442
f 443 442 536
f 443 536 537
f 446 538 532
f 446 532 441
f 532 539 534
f 532 538 539
f 535 534 540
f 540 534 539
f 537 541 443
f 443 541 447
f 449 447 541
f 449 541 542
f 453 543 538
f 453 538 446
f 538 544 539
f 538 543 544
f 540 539 545
f 545 539 544
f 542 546 449
f 449 546 454
f 454 547 455
f 546 547 454
f 457 455 547
f 457 547 548
f 460 543 453
f 543 460 462
f 549 543 462
f 544 543 549
f 545 544 550
f 544 551 550
f 544 549 551
f 551 552 550
f 548 553 457
f 457 553 463
f 463 554 464
f 553 554 463
f 466 464 554
f 466 554 555
f 468 556 469
f 549 462 469
f 556 549 469
f 557 549 556
f 549 558 551
f 549 557 558
f 552 551 559
f 559 551 558
f 470 466 560
f 466 561 560
f 466 555 561
f 560 472 470
f 473 556 468
f 556 473 475
f 562 556 475
f 557 556 562
f 557 563 558
f 557 562 563
f 559 558 564
f 564 558 563
f 561 565 560
f 472 560 565
f 566 472 565
f 476 472 566
f 477 562 475
f 563 562 567
f 562 478 567
f 478 568 567
f 478 562 477
f 563 567 564
f 570 569 480
f 480 569 479
f 480 476 566
f 480 566 570
f 481 572 571
f 568 481 571
f 478 481 568
f 572 573 571
f 576 575 574
f 569 576 574
f 482 569 574
f 479 569 482
f 484 577 483
f 577 578 483
f 483 578 481
f 578 579 481
f 579 572 481
f 572 579 573
f 574 575 486
f 575 485 486
f 575 580 485
f 574 486 482
f 488 581 577
f 488 577 484
f 578 577 582
f 582 577 581
f 584 583 491
f 491 583 490
f 491 485 580
f 491 580 584
f 586 585 581
f 488 586 581
f 493 586 488
f 581 585 582
f 494 490 587
f 490 588 587
f 490 583 588
f 589 495 494
f 589 494 587
f 589 497 495
f 498 590 499
f 591 500 499
f 591 499 590
f 591 592 500
f 592 493 500
f 592 586 493
f 588 593 587
f 595 594 593
f 594 587 593
f 594 589 587
f 589 594 497
f 594 596 497
f 596 501 497
f 594 597 596
f 498 501 590
f 501 598 590
f 501 596 598
f 590 598 591
f 591 598 599
f 591 599 592
f 595 600 594
f 594 600 597
f 601 503 504
f 601 504 602
f 504 603 602
f 504 505 603
f 604 505 506
f 604 603 505
f 605 506 507
f 605 604 506
f 606 507 508
f 606 605 507
f 508 509 606
f 606 509 607
f 608 511 512
f 608 512 609
f 512 610 609
f 512 513 610
f 513 503 601
f 611 513 601
f 610 513 611
f 611 601 602
f 612 607 509
f 612 509 514
f 613 514 515
f 613 612 514
f 515 517 613
f 613 517 614
f 615 519 608
f 608 519 511
f 608 609 616
f 608 616 615
f 521 614 517
f 521 617 614
f 618 522 615
f 615 522 519
f 615 616 619
f 615 619 618
f 524 617 521
f 524 620 617
f 618 525 522
f 527 525 618
f 619 527 618
f 621 527 619
f 622 620 524
f 622 524 528
f 528 530 622
f 622 530 623
f 621 531 527
f 624 531 621
f 625 623 530
f 625 530 533
f 627 626 535
f 626 533 535
f 626 625 533
f 627 628 626
f 624 629 531
f 531 629 536
f 537 536 629
f 537 629 630
f 540 631 627
f 540 627 535
f 628 627 632
f 632 627 631
f 630 633 537
f 537 633 541
f 635 634 542
f 541 635 542
f 633 635 541
f 636 634 635
f 545 637 631
f 545 631 540
f 632 631 638
f 631 639 638
f 631 637 639
f 639 640 638
f 634 546 542
f 636 641 634
f 641 546 634
f 641 547 546
f 548 547 641
f 548 641 642
f 550 637 545
f 637 550 552
f 643 637 552
f 639 637 643
f 640 639 644
f 644 639 643
f 642 645 548
f 548 645 553
f 645 647 646
f 554 645 646
f 553 645 554
f 646 555 554
f 559 648 643
f 559 643 552
f 644 643 649
f 643 650 649
f 643 648 650
f 650 651 649
f 647 652 646
f 555 646 652
f 653 555 652
f 561 555 653
f 564 654 648
f 564 648 559
f 648 655 650
f 648 654 655
f 651 650 656
f 656 650 655
f 653 657 561
f 561 657 565
f 566 565 657
f 566 657 658
f 568 659 567
f 659 660 567
f 567 660 564
f 660 661 564
f 661 654 564
f 654 661 655
f 655 661 662
f 655 662 656
f 664 663 570
f 570 663 569
f 570 566 658
f 570 658 664
f 571 659 568
f 571 573 659
f 573 660 659
f 573 665 660
f 668 667 666
f 575 576 666
f 576 668 666
f 576 669 668
f 576 569 663
f 576 663 669
f 578 670 579
f 665 573 671
f 573 670 671
f 670 672 671
f 573 579 670
f 672 673 671
f 666 667 674
f 674 667 675
f 674 580 575
f 674 575 666
f 582 676 670
f 582 670 578
f 678 672 677
f 672 676 677
f 672 670 676
f 678 679 672
f 679 680 672
f 681 673 672
f 681 672 680
f 680 682 681
f 685 684 683
f 687 686 683
f 683 686 685
f 686 687 675
f 675 687 674
f 687 583 674
f 583 584 674
f 674 584 580
f 586 688 585
f 688 689 585
f 585 689 582
f 689 690 582
f 690 676 582
f 676 690 677
f 679 691 680
f 680 691 682
f 694 693 692
f 692 695 694
f 683 684 696
f 696 684 697
f 683 698 687
f 683 696 698
f 698 588 583
f 698 583 687
f 592 699 688
f 592 688 586
f 689 688 700
f 700 688 699
f 692 693 701
f 701 693 702
f 695 692 703
f 692 704 703
f 692 701 704
f 703 704 697
f 704 696 697
f 704 705 696
f 696 706 698
f 696 705 706
f 707 593 588
f 698 707 588
f 706 707 698
f 707 595 593
f 597 708 596
f 709 598 596
f 709 596 708
f 710 599 598
f 710 598 709
f 710 711 599
f 599 711 592
f 711 712 592
f 712 699 592
f 699 712 700
f 702 713 701
f 701 713 704
f 704 713 714
f 716 715 714
f 715 704 714
f 715 705 704
f 718 706 717
f 706 715 717
f 706 705 715
f 720 719 718
f 719 706 718
f 719 707 706
f 721 600 595
f 707 721 595
f 719 721 707
f 708 597 600
f 721 708 600
f 722 708 721
f 724 709 723
f 709 722 723
f 709 708 722
f 709 724 710
f 710 724 725
f 710 725 711
f 716 726 715
f 715 726 717
f 720 727 719
f 729 728 727
f 728 719 727
f 728 721 719
f 731 722 730
f 722 728 730
f 722 721 728
f 722 731 723
f 729 732 728
f 728 732 730
f 733 602 603
f 733 603 734
f 603 735 734
f 603 604 735
f 736 604 605
f 736 735 604
f 738 736 737
f 736 606 737
f 736 605 606
f 607 737 606
f 739 609 610
f 611 740 610
f 610 740 739
f 741 740 611
f 741 611 602
f 742 741 602
f 733 742 602
f 742 733 734
f 743 738 737
f 743 737 607
f 612 743 607
f 744 743 612
f 746 744 745
f 744 613 745
f 744 612 613
f 614 745 613
f 747 616 739
f 739 616 609
f 740 749 748
f 747 740 748
f 739 740 747
f 749 740 741
f 746 745 750
f 746 750 751
f 617 750 614
f 614 750 745
f 752 619 747
f 747 619 616
f 747 748 753
f 747 753 752
f 751 750 754
f 751 754 755
f 620 754 617
f 617 754 750
f 756 621 752
f 752 621 619
f 752 753 757
f 752 757 756
f 758 755 754
f 758 754 620
f 622 758 620
f 759 758 622
f 622 623 759
f 759 623 760
f 761 624 756
f 756 624 621
f 756 757 762
f 756 762 761
f 763 760 623
f 763 623 625
f 764 625 626
f 764 763 625
f 626 628 764
f 764 628 765
f 761 629 624
f 767 766 630
f 767 630 629
f 762 767 629
f 761 762 629
f 768 766 767
f 632 765 628
f 632 769 765
f 766 633 630
f 768 770 766
f 770 633 766
f 770 635 633
f 636 635 770
f 636 770 771
f 632 638 772
f 773 632 772
f 769 632 773
f 640 772 638
f 771 774 636
f 636 774 641
f 642 641 774
f 642 774 775
f 773 772 776
f 773 776 777
f 644 776 640
f 640 776 772
f 775 778 642
f 642 778 645
f 647 645 778
f 647 778 779
f 777 776 780
f 777 780 781
f 649 782 644
f 782 776 644
f 782 780 776
f 651 782 649
f 779 783 647
f 647 783 652
f 785 784 653
f 652 785 653
f 783 785 652
f 787 786 784
f 787 784 785
f 789 788 786
f 789 786 787
f 790 788 789
f 781 780 791
f 781 791 792
f 793 780 782
f 791 780 793
f 656 793 651
f 651 793 782
f 796 795 794
f 798 797 794
f 794 797 796
f 798 799 797
f 802 801 800
f 802 784 803
f 784 802 653
f 800 653 802
f 653 800 657
f 804 657 800
f 803 806 805
f 806 804 805
f 658 805 804
f 805 658 786
f 657 786 658
f 786 657 806
f 806 784 786
f 803 784 806
f 806 657 804
f 808 807 805
f 786 808 805
f 788 808 786
f 788 790 809
f 788 809 808
f 812 811 810
f 810 811 792
f 810 792 791
f 660 810 791
f 661 660 791
f 661 791 662
f 662 791 793
f 662 793 656
f 794 795 813
f 813 795 814
f 794 815 798
f 794 813 815
f 799 798 816
f 798 817 816
f 798 815 817
f 817 818 816
f 821 820 819
f 823 822 819
f 819 822 821
f 822 823 801
f 823 800 801
f 823 824 800
f 824 663 664
f 804 824 664
f 800 824 804
f 804 664 658
f 825 807 808
f 825 808 809
f 826 812 810
f 810 660 826
f 660 827 826
f 660 665 827
f 813 814 828
f 828 814 829
f 813 830 815
f 813 828 830
f 815 831 817
f 815 830 831
f 818 817 832
f 817 833 832
f 817 831 833
f 835 834 833
f 833 834 832
f 834 835 820
f 835 819 820
f 835 836 819
f 836 667 668
f 823 836 668
f 819 836 823
f 823 668 669
f 823 669 824
f 824 669 663
f 837 827 665
f 837 665 671
f 671 673 837
f 837 673 838
f 841 840 839
f 843 842 839
f 842 828 839
f 829 841 839
f 829 839 828
f 845 844 842
f 844 828 842
f 844 830 828
f 830 846 831
f 830 844 846
f 831 847 833
f 831 846 847
f 833 848 835
f 833 847 848
f 835 849 836
f 835 848 849
f 849 675 667
f 849 667 836
f 677 850 678
f 852 851 681
f 852 679 851
f 679 852 850
f 838 850 852
f 850 838 678
f 851 678 838
f 838 673 851
f 851 673 681
f 679 678 851
f 681 682 852
f 852 682 853
f 840 854 839
f 854 855 839
f 855 856 839
f 857 843 839
f 857 839 856
f 857 856 845
f 856 844 845
f 856 858 844
f 844 859 846
f 844 858 859
f 846 860 847
f 846 859 860
f 860 684 685
f 848 860 685
f 847 860 848
f 848 685 686
f 848 686 849
f 849 686 675
f 689 861 690
f 850 677 690
f 861 850 690
f 862 850 861
f 850 862 679
f 862 863 679
f 863 691 679
f 862 864 863
f 682 691 853
f 853 691 863
f 855 865 856
f 867 866 865
f 866 856 865
f 866 858 856
f 866 693 694
f 859 866 694
f 858 866 859
f 859 694 695
f 868 859 695
f 860 859 868
f 868 697 684
f 868 684 860
f 700 869 861
f 700 861 689
f 871 862 870
f 862 869 870
f 862 861 869
f 862 871 864
f 867 872 866
f 693 866 872
f 873 693 872
f 702 693 873
f 703 868 695
f 868 703 697
f 711 874 712
f 874 875 712
f 712 875 700
f 875 876 700
f 876 869 700
f 869 876 870
f 873 877 702
f 702 877 713
f 713 878 714
f 877 878 713
f 716 714 878
f 716 878 879
f 717 880 718
f 880 720 718
f 723 881 724
f 882 725 724
f 882 724 881
f 882 883 725
f 725 883 711
f 883 884 711
f 884 874 711
f 874 884 875
f 879 885 716
f 716 885 726
f 726 885 717
f 885 886 717
f 886 880 717
f 886 885 887
f 888 727 720
f 880 888 720
f 886 888 880
f 888 729 727
f 730 889 731
f 881 723 731
f 889 881 731
f 890 881 889
f 881 891 882
f 881 890 891
f 883 882 892
f 892 882 891
f 887 893 886
f 886 893 888
f 888 893 894
f 888 894 729
f 894 732 729
f 894 895 732
f 730 732 889
f 732 896 889
f 732 895 896
f 889 896 890
f 890 896 897
f 890 897 891
f 891 897 898
f 891 898 892
f 899 734 735
f 736 900 735
f 735 900 899
f 738 900 736
f 901 741 742
f 902 901 742
f 902 742 734
f 903 902 734
f 899 903 734
f 903 899 900
f 903 900 904
f 906 904 905
f 905 904 743
f 904 900 743
f 900 738 743
f 744 907 743
f 743 907 905
f 746 907 744
f 908 748 749
f 741 901 749
f 901 908 749
f 901 909 908
f 901 902 910
f 911 901 910
f 909 901 911
f 913 912 911
f 913 911 910
f 912 913 906
f 905 912 906
f 914 912 905
f 915 905 907
f 914 905 915
f 751 915 746
f 746 915 907
f 916 753 908
f 908 753 748
f 917 908 909
f 916 908 917
f 918 909 911
f 917 909 918
f 912 920 919
f 918 912 919
f 911 912 918
f 922 921 920
f 912 922 920
f 914 922 912
f 923 914 915
f 922 914 923
f 755 923 751
f 751 923 915
f 924 757 916
f 916 757 753
f 917 926 925
f 924 917 925
f 916 917 924
f 926 917 918
f 926 918 927
f 927 918 919
f 928 921 922
f 928 922 923
f 928 923 929
f 929 923 755
f 758 929 755
f 930 929 758
f 931 758 759
f 931 930 758
f 759 760 931
f 931 760 932
f 934 933 924
f 933 757 924
f 933 762 757
f 934 924 925
f 935 932 760
f 935 760 763
f 936 763 764
f 936 935 763
f 764 765 936
f 936 765 937
f 933 938 762
f 762 938 767
f 768 767 938
f 768 938 939
f 769 937 765
f 769 940 937
f 939 941 768
f 768 941 770
f 771 770 941
f 771 941 942
f 773 940 769
f 773 943 940
f 942 944 771
f 771 944 774
f 775 774 944
f 775 944 945
f 777 943 773
f 777 946 943
f 778 775 947
f 775 948 947
f 775 945 948
f 947 779 778
f 781 946 777
f 781 949 946
f 952 951 950
f 954 953 950
f 950 953 952
f 956 955 954
f 954 955 953
f 958 957 956
f 956 957 955
f 960 959 958
f 958 959 957
f 962 961 960
f 960 961 959
f 961 962 948
f 962 947 948
f 962 963 947
f 964 783 779
f 947 964 779
f 963 964 947
f 965 785 783
f 965 783 964
f 785 965 966
f 967 785 966
f 787 785 967
f 787 968 789
f 967 968 787
f 970 969 790
f 789 970 790
f 968 970 789
f 971 969 970
f 792 949 781
f 792 972 949
f 975 974 973
f 975 973 951
f 951 973 950
f 973 795 950
f 795 796 950
f 950 796 797
f 950 797 954
f 954 797 799
f 976 954 799
f 956 954 976
f 956 977 958
f 956 976 977
f 958 978 960
f 958 977 978
f 960 979 962
f 960 978 979
f 962 980 963
f 962 979 980
f 980 801 802
f 964 980 802
f 963 980 964
f 964 802 803
f 964 803 965
f 803 805 965
f 805 981 965
f 981 966 965
f 805 982 981
f 807 982 805
f 983 809 969
f 969 809 790
f 984 811 812
f 969 984 812
f 983 969 812
f 984 969 971
f 792 811 972
f 972 811 984
f 973 974 985
f 985 974 986
f 985 814 795
f 985 795 973
f 816 976 799
f 976 816 818
f 987 976 818
f 977 976 987
f 977 988 978
f 977 987 988
f 988 820 821
f 979 988 821
f 978 988 979
f 979 821 822
f 979 822 980
f 980 822 801
f 989 981 982
f 989 982 807
f 825 989 807
f 990 989 825
f 825 809 983
f 991 825 983
f 990 825 991
f 993 991 992
f 992 991 826
f 991 983 826
f 983 812 826
f 827 992 826
f 996 995 994
f 996 994 986
f 994 985 986
f 994 997 985
f 997 829 814
f 997 814 985
f 832 987 818
f 987 832 834
f 987 834 988
f 988 834 820
f 998 993 992
f 998 992 827
f 837 998 827
f 999 998 837
f 837 838 999
f 999 838 1000
f 994 995 1001
f 1001 995 1002
f 1001 840 841
f 997 1001 841
f 994 1001 997
f 829 997 841
f 842 843 1003
f 1003 845 842
f 838 852 1004
f 1005 838 1004
f 1000 838 1005
f 853 1004 852
f 1002 1006 1001
f 1001 1006 840
f 1006 854 840
f 1006 1007 854
f 1007 1008 854
f 1007 843 1008
f 843 1007 1003
f 1009 1003 1007
f 1003 1009 857
f 1008 857 1009
f 1009 855 1008
f 1008 855 854
f 843 857 1008
f 1003 857 845
f 1012 1011 1010
f 1010 1011 1005
f 1010 1005 1004
f 864 1010 1004
f 863 864 1004
f 863 1004 853
f 1009 1013 855
f 855 1013 865
f 867 865 1013
f 867 1013 1014
f 1017 1016 1015
f 1015 1016 1012
f 1015 1012 1010
f 870 1015 1010
f 871 870 1010
f 871 1010 864
f 1014 1018 867
f 867 1018 872
f 873 872 1018
f 873 1018 1019
f 1017 1015 876
f 875 1017 876
f 1020 1017 875
f 876 1015 870
f 1019 1021 873
f 873 1021 877
f 877 1022 878
f 1021 1022 877
f 879 878 1022
f 879 1022 1023
f 1025 1024 884
f 1025 884 883
f 875 884 1020
f 1020 884 1024
f 1023 1026 879
f 879 1026 885
f 887 885 1026
f 887 1026 1027
f 1030 1029 1028
f 1029 1025 1028
f 1025 892 1028
f 1025 883 892
f 1027 1031 887
f 887 1031 893
f 893 1032 894
f 1031 1032 893
f 894 1033 895
f 1032 1033 894
f 895 1034 896
f 1033 1034 895
f 896 1035 897
f 1034 1035 896
f 1028 898 1030
f 898 1035 1030
f 898 897 1035
f 898 1028 892
f 1036 902 903
f 904 1037 903
f 903 1037 1036
f 906 1037 904
f 1040 1039 1038
f 1038 1041 1040
f 1036 910 902
f 910 1036 913
f 913 1036 1037
f 913 1037 906
f 1039 1042 1038
f 1038 1042 1041
f 1043 919 920
f 921 1043 920
f 1046 1045 1044
f 925 926 1044
f 926 1046 1044
f 926 1047 1046
f 1048 926 927
f 1048 1047 926
f 927 919 1043
f 1049 927 1043
f 1048 927 1049
f 1049 1043 921
f 928 1049 921
f 1050 1049 928
f 1051 928 929
f 1051 1050 928
f 1052 929 930
f 1052 1051 929
f 1054 1052 1053
f 1052 931 1053
f 1052 930 931
f 932 1053 931
f 1044 1045 934
f 1045 933 934
f 1045 1055 933
f 1044 934 925
f 1056 1054 1053
f 1056 1053 932
f 935 1056 932
f 1057 1056 935
f 1059 1057 1058
f 1057 936 1058
f 1057 935 936
f 937 1058 936
f 1062 1061 1060
f 1064 1063 1060
f 1060 1063 1062
f 1066 1065 1064
f 1064 1065 1063
f 1066 1067 938
f 1055 1066 938
f 933 1055 938
f 1066 1055 1065
f 1067 939 938
f 1068 1059 1058
f 1058 937 1068
f 937 1069 1068
f 937 940 1069
f 1060 1061 1070
f 1070 1061 1071
f 1060 1072 1064
f 1060 1070 1072
f 1064 1073 1066
f 1064 1072 1073
f 1075 1067 1074
f 1067 1073 1074
f 1067 1066 1073
f 1067 1075 939
f 1075 941 939
f 1075 1076 941
f 942 941 1076
f 942 1076 1077
f 943 1069 940
f 943 1078 1069
f 1070 1071 1079
f 1079 1071 1080
f 1070 1081 1072
f 1070 1079 1081
f 1072 1082 1073
f 1072 1081 1082
f 1074 1073 1083
f 1083 1073 1082
f 1077 1084 942
f 942 1084 944
f 945 944 1084
f 945 1084 1085
f 1088 1087 1086
f 1087 1078 1086
f 1078 946 1086
f 1078 943 946
f 1079 1080 1089
f 1089 1080 1090
f 1079 1091 1081
f 1079 1089 1091
f 1081 1092 1082
f 1081 1091 1092
f 1083 1082 1093
f 1082 1094 1093
f 1082 1092 1094
f 1096 1095 1094
f 1094 1095 1093
f 1098 1097 1096
f 1096 1097 1095
f 1085 1097 1098
f 948 1085 1098
f 945 1085 948
f 1088 1086 1099
f 1088 1099 1100
f 949 1099 946
f 946 1099 1086
f 1103 1102 1101
f 1105 1104 1101
f 1101 1104 1103
f 1107 1106 1105
f 1105 1106 1104
f 1106 1107 1090
f 1090 1107 1089
f 1107 951 1089
f 951 952 1089
f 1089 952 953
f 1089 953 1091
f 1091 953 955
f 1091 955 1092
f 1092 955 957
f 1092 957 1094
f 1094 957 959
f 1094 959 1096
f 1096 959 961
f 1096 961 1098
f 1098 961 948
f 966 1108 967
f 1109 968 967
f 1109 967 1108
f 1110 970 968
f 1110 968 1109
f 1100 1112 1111
f 1100 1110 1112
f 1110 1100 970
f 1099 970 1100
f 970 1099 971
f 1112 971 1099
f 1099 1113 1112
f 1112 1113 1111
f 1110 971 1112
f 972 1113 949
f 949 1113 1099
f 1102 1114 1101
f 1101 1114 1105
f 1105 1114 1115
f 1116 974 975
f 1105 1116 975
f 1107 1105 975
f 1115 1116 1105
f 1107 975 951
f 981 1117 1108
f 981 1108 966
f 1119 1109 1118
f 1109 1117 1118
f 1109 1108 1117
f 1121 1120 1119
f 1120 1109 1119
f 1120 1110 1109
f 1111 1113 1122
f 984 1122 1113
f 1122 984 1120
f 971 1120 984
f 1120 971 1110
f 984 1113 972
f 1116 986 974
f 1123 986 1116
f 989 1117 981
f 1124 1118 1117
f 989 1124 1117
f 990 1124 989
f 991 1120 1121
f 1124 991 1121
f 990 991 1124
f 991 993 1120
f 993 1122 1120
f 993 1125 1122
f 1126 995 996
f 986 1123 1127
f 1126 986 1127
f 1128 1126 1127
f 996 986 1126
f 1129 1128 1127
f 993 998 1130
f 1131 993 1130
f 1125 993 1131
f 999 1132 998
f 998 1132 1130
f 1000 1132 999
f 1133 1002 1126
f 1126 1002 995
f 1134 1126 1128
f 1133 1126 1134
f 1128 1129 1135
f 1128 1135 1134
f 1131 1130 1136
f 1131 1136 1137
f 1138 1130 1132
f 1136 1130 1138
f 1005 1138 1000
f 1000 1138 1132
f 1133 1006 1002
f 1006 1133 1007
f 1007 1133 1134
f 1140 1139 1009
f 1140 1009 1007
f 1135 1140 1007
f 1134 1135 1007
f 1141 1139 1140
f 1137 1136 1142
f 1137 1142 1143
f 1012 1142 1011
f 1142 1138 1011
f 1142 1136 1138
f 1011 1138 1005
f 1139 1013 1009
f 1145 1144 1014
f 1145 1014 1013
f 1141 1145 1013
f 1139 1141 1013
f 1146 1144 1145
f 1149 1148 1147
f 1147 1148 1143
f 1147 1143 1142
f 1017 1147 1142
f 1016 1017 1142
f 1016 1142 1012
f 1144 1018 1014
f 1151 1150 1019
f 1151 1019 1018
f 1146 1151 1018
f 1144 1146 1018
f 1152 1150 1151
f 1149 1147 1153
f 1149 1153 1154
f 1020 1153 1017
f 1017 1153 1147
f 1150 1021 1019
f 1152 1155 1150
f 1155 1021 1150
f 1155 1022 1021
f 1023 1022 1155
f 1023 1155 1156
f 1159 1158 1157
f 1157 1158 1154
f 1157 1154 1153
f 1025 1157 1153
f 1024 1025 1153
f 1024 1153 1020
f 1156 1160 1023
f 1023 1160 1026
f 1162 1161 1027
f 1026 1162 1027
f 1160 1162 1026
f 1164 1163 1161
f 1164 1161 1162
f 1166 1165 1163
f 1166 1163 1164
f 1168 1167 1165
f 1168 1165 1166
f 1170 1169 1167
f 1170 1167 1168
f 1169 1170 1159
f 1169 1159 1157
f 1030 1169 1157
f 1029 1030 1157
f 1029 1157 1025
f 1161 1031 1027
f 1031 1161 1032
f 1032 1161 1163
f 1032 1163 1033
f 1033 1163 1165
f 1033 1165 1034
f 1034 1165 1167
f 1034 1167 1035
f 1035 1167 1169
f 1035 1169 1030
f 1171 1039 1040
f 1041 1171 1040
f 1171 1042 1039
f 1042 1171 1041
f 1174 1173 1172
f 1176 1175 1172
f 1172 1175 1174
f 1176 1177 1175
f 1180 1179 1178
f 1178 1181 1180
f 1184 1183 1182
f 1184 1182 1173
f 1182 1172 1173
f 1182 1185 1172
f 1172 1186 1176
f 1172 1185 1186
f 1046 1187 1045
f 1187 1176 1045
f 1176 1186 1045
f 1176 1187 1177
f 1047 1178 1179
f 1187 1047 1179
f 1046 1047 1187
f 1188 1181 1178
f 1047 1188 1178
f 1048 1188 1047
f 1189 1048 1049
f 1189 1188 1048
f 1190 1049 1050
f 1190 1189 1049
f 1192 1190 1191
f 1190 1051 1191
f 1190 1050 1051
f 1052 1193 1051
f 1051 1193 1191
f 1054 1193 1052
f 1196 1195 1194
f 1196 1194 1183
f 1194 1182 1183
f 1194 1197 1182
f 1182 1198 1185
f 1182 1197 1198
f 1185 1199 1186
f 1185 1198 1199
f 1199 1055 1045
f 1199 1045 1186
f 1200 1192 1191
f 1200 1191 1193
f 1200 1193 1201
f 1201 1193 1054
f 1056 1201 1054
f 1202 1201 1056
f 1203 1056 1057
f 1203 1202 1056
f 1057 1059 1203
f 1203 1059 1204
f 1194 1195 1205
f 1205 1195 1206
f 1205 1061 1062
f 1197 1205 1062
f 1194 1205 1197
f 1197 1062 1063
f 1197 1063 1198
f 1198 1063 1065
f 1198 1065 1199
f 1199 1065 1055
f 1059 1068 1207
f 1208 1059 1207
f 1204 1059 1208
f 1069 1207 1068
f 1205 1206 1209
f 1209 1206 1210
f 1209 1071 1061
f 1209 1061 1205
f 1074 1211 1075
f 1212 1076 1075
f 1212 1075 1211
f 1212 1077 1076
f 1208 1207 1213
f 1208 1213 1214
f 1078 1213 1069
f 1069 1213 1207
f 1210 1215 1209
f 1071 1209 1215
f 1216 1071 1215
f 1080 1071 1216
f 1083 1217 1211
f 1083 1211 1074
f 1211 1218 1212
f 1211 1217 1218
f 1219 1084 1077
f 1212 1219 1077
f 1218 1219 1212
f 1219 1085 1084
f 1214 1213 1087
f 1088 1214 1087
f 1220 1214 1088
f 1087 1213 1078
f 1216 1090 1080
f 1221 1090 1216
f 1093 1217 1083
f 1217 1093 1095
f 1217 1095 1218
f 1218 1095 1097
f 1218 1097 1219
f 1219 1097 1085
f 1100 1223 1222
f 1220 1100 1222
f 1088 1100 1220
f 1223 1224 1222
f 1225 1102 1103
f 1104 1226 1103
f 1103 1226 1225
f 1226 1104 1227
f 1104 1228 1227
f 1104 1106 1228
f 1106 1090 1221
f 1106 1221 1228
f 1231 1230 1229
f 1230 1232 1223
f 1111 1230 1223
f 1100 1111 1223
f 1229 1230 1111
f 1223 1232 1224
f 1225 1114 1102
f 1114 1233 1115
f 1233 1114 1234
f 1225 1234 1114
f 1234 1225 1235
f 1226 1235 1225
f 1116 1115 1233
f 1227 1235 1226
f 1238 1237 1236
f 1240 1239 1236
f 1240 1236 1237
f 1242 1241 1239
f 1242 1239 1240
f 1243 1241 1242
f 1118 1244 1119
f 1229 1245 1231
f 1121 1119 1244
f 1111 1122 1229
f 1122 1246 1229
f 1246 1245 1229
f 1246 1122 1247
f 1247 1248 1246
f 1234 1249 1233
f 1116 1233 1123
f 1249 1123 1233
f 1123 1249 1250
f 1238 1250 1249
f 1250 1238 1236
f 1251 1236 1239
f 1250 1236 1251
f 1252 1239 1241
f 1251 1239 1252
f 1241 1243 1253
f 1254 1241 1253
f 1252 1241 1254
f 1255 1254 1253
f 1124 1244 1118
f 1244 1124 1121
f 1125 1256 1247
f 1125 1247 1122
f 1248 1247 1257
f 1257 1247 1256
f 1250 1127 1123
f 1127 1250 1129
f 1250 1258 1129
f 1250 1251 1258
f 1259 1251 1252
f 1258 1251 1259
f 1254 1261 1260
f 1259 1254 1260
f 1252 1254 1259
f 1261 1254 1255
f 1264 1263 1262
f 1131 1265 1125
f 1265 1262 1125
f 1263 1125 1262
f 1125 1263 1256
f 1266 1256 1263
f 1256 1266 1265
f 1265 1267 1256
f 1131 1267 1265
f 1265 1266 1262
f 1257 1256 1268
f 1268 1256 1267
f 1269 1135 1258
f 1258 1135 1129
f 1270 1258 1259
f 1269 1258 1270
f 1259 1260 1271
f 1272 1259 1271
f 1270 1259 1272
f 1273 1272 1271
f 1264 1262 1274
f 1264 1274 1275
f 1137 1267 1131
f 1267 1137 1276
f 1274 1276 1137
f 1276 1274 1266
f 1262 1266 1274
f 1267 1276 1268
f 1269 1140 1135
f 1140 1269 1141
f 1269 1277 1141
f 1269 1270 1277
f 1278 1270 1272
f 1277 1270 1278
f 1272 1273 1279
f 1272 1279 1278
f 1275 1274 1280
f 1275 1280 1281
f 1143 1280 1137
f 1137 1280 1274
f 1277 1145 1141
f 1145 1277 1146
f 1277 1282 1146
f 1277 1278 1282
f 1278 1279 1283
f 1278 1283 1282
f 1281 1280 1148
f 1149 1281 1148
f 1284 1281 1149
f 1148 1280 1143
f 1282 1151 1146
f 1286 1285 1152
f 1286 1152 1151
f 1283 1286 1151
f 1282 1283 1151
f 1288 1287 1285
f 1288 1285 1286
f 1289 1287 1288
f 1292 1291 1290
f 1291 1284 1290
f 1284 1154 1290
f 1284 1149 1154
f 1285 1155 1152
f 1155 1285 1156
f 1285 1293 1156
f 1285 1287 1293
f 1287 1289 1294
f 1295 1287 1294
f 1293 1287 1295
f 1297 1296 1295
f 1297 1295 1294
f 1299 1298 1296
f 1299 1296 1297
f 1301 1300 1298
f 1301 1298 1299
f 1303 1302 1300
f 1303 1300 1301
f 1302 1303 1292
f 1302 1292 1290
f 1159 1302 1290
f 1158 1159 1290
f 1158 1290 1154
f 1293 1160 1156
f 1160 1293 1162
f 1162 1293 1295
f 1162 1295 1164
f 1164 1295 1296
f 1164 1296 1166
f 1166 1296 1298
f 1166 1298 1168
f 1168 1298 1300
f 1168 1300 1170
f 1170 1300 1302
f 1170 1302 1159
f 1306 1305 1304
f 1304 1307 1306
f 1308 1173 1174
f 1175 1309 1174
f 1174 1309 1308
f 1311 1309 1310
f 1309 1175 1310
f 1177 1312 1310
f 1177 1310 1175
f 1312 1179 1310
f 1179 1180 1310
f 1314 1313 1310
f 1314 1310 1180
f 1181 1314 1180
f 1305 1315 1304
f 1304 1315 1307
f 1317 1316 1184
f 1184 1316 1183
f 1184 1173 1308
f 1318 1184 1308
f 1317 1184 1318
f 1318 1308 1309
f 1318 1309 1319
f 1177 1187 1312
f 1309 1311 1319
f 1314 1320 1313
f 1179 1312 1187
f 1320 1314 1181
f 1188 1320 1181
f 1321 1320 1188
f 1322 1188 1189
f 1322 1321 1188
f 1324 1322 1323
f 1322 1190 1323
f 1322 1189 1190
f 1192 1323 1190
f 1325 1195 1196
f 1183 1316 1326
f 1325 1183 1326
f 1327 1325 1326
f 1196 1183 1325
f 1328 1327 1326
f 1329 1324 1323
f 1329 1323 1192
f 1200 1329 1192
f 1330 1329 1200
f 1331 1200 1201
f 1331 1330 1200
f 1333 1331 1332
f 1331 1202 1332
f 1331 1201 1202
f 1203 1334 1202
f 1202 1334 1332
f 1204 1334 1203
f 1335 1206 1325
f 1325 1206 1195
f 1327 1337 1336
f 1335 1327 1336
f 1325 1327 1335
f 1337 1327 1328
f 1338 1333 1332
f 1340 1339 1338
f 1332 1340 1338
f 1334 1340 1332
f 1208 1340 1204
f 1204 1340 1334
f 1341 1210 1335
f 1335 1210 1206
f 1335 1336 1342
f 1335 1342 1341
f 1339 1340 1343
f 1339 1343 1344
f 1214 1343 1208
f 1208 1343 1340
f 1341 1215 1210
f 1216 1215 1341
f 1342 1216 1341
f 1345 1216 1342
f 1344 1343 1346
f 1344 1346 1347
f 1220 1346 1214
f 1214 1346 1343
f 1349 1221 1348
f 1221 1345 1348
f 1221 1216 1345
f 1350 1349 1348
f 1351 1347 1346
f 1353 1351 1352
f 1352 1351 1222
f 1351 1346 1222
f 1346 1220 1222
f 1224 1352 1222
f 1354 1227 1228
f 1221 1349 1228
f 1349 1354 1228
f 1349 1355 1354
f 1349 1350 1356
f 1349 1356 1355
f 1358 1357 1230
f 1358 1230 1231
f 1352 1232 1353
f 1232 1357 1353
f 1232 1230 1357
f 1232 1352 1224
f 1359 1234 1235
f 1235 1227 1359
f 1227 1354 1359
f 1237 1238 1359
f 1237 1359 1354
f 1237 1354 1240
f 1240 1354 1355
f 1356 1360 1355
f 1360 1240 1355
f 1360 1242 1240
f 1362 1361 1243
f 1242 1362 1243
f 1360 1362 1242
f 1363 1361 1362
f 1364 1358 1231
f 1364 1231 1245
f 1366 1364 1365
f 1364 1246 1365
f 1364 1245 1246
f 1248 1365 1246
f 1359 1249 1234
f 1249 1359 1238
f 1361 1253 1243
f 1368 1367 1255
f 1368 1255 1253
f 1363 1368 1253
f 1361 1363 1253
f 1370 1369 1367
f 1370 1367 1368
f 1371 1369 1370
f 1366 1365 1372
f 1366 1372 1373
f 1257 1372 1248
f 1248 1372 1365
f 1374 1260 1261
f 1255 1367 1261
f 1367 1374 1261
f 1367 1375 1374
f 1376 1367 1369
f 1375 1367 1376
f 1369 1371 1377
f 1378 1369 1377
f 1376 1369 1378
f 1379 1378 1377
f 1382 1381 1380
f 1383 1263 1264
f 1384 1380 1381
f 1372 1385 1373
f 1266 1263 1383
f 1372 1257 1385
f 1257 1386 1385
f 1257 1268 1386
f 1374 1271 1260
f 1271 1374 1273
f 1374 1387 1273
f 1374 1375 1387
f 1388 1375 1376
f 1387 1375 1388
f 1389 1376 1378
f 1388 1376 1389
f 1378 1379 1390
f 1391 1378 1390
f 1389 1378 1391
f 1393 1392 1391
f 1393 1391 1390
f 1395 1394 1392
f 1395 1392 1393
f 1397 1396 1394
f 1397 1394 1395
f 1396 1397 1382
f 1380 1396 1382
f 1398 1396 1380
f 1275 1383 1264
f 1383 1275 1399
f 1398 1399 1275
f 1399 1398 1384
f 1380 1384 1398
f 1383 1399 1266
f 1399 1276 1266
f 1399 1400 1276
f 1268 1276 1386
f 1386 1276 1400
f 1401 1279 1387
f 1387 1279 1273
f 1402 1387 1388
f 1401 1387 1402
f 1403 1388 1389
f 1402 1388 1403
f 1404 1389 1391
f 1403 1389 1404
f 1405 1391 1392
f 1404 1391 1405
f 1406 1392 1394
f 1405 1392 1406
f 1396 1408 1407
f 1406 1396 1407
f 1394 1396 1406
f 1410 1409 1408
f 1396 1410 1408
f 1398 1410 1396
f 1281 1410 1275
f 1275 1410 1398
f 1411 1283 1401
f 1401 1283 1279
f 1412 1401 1402
f 1411 1401 1412
f 1403 1414 1413
f 1412 1403 1413
f 1402 1403 1412
f 1414 1403 1404
f 1414 1404 1415
f 1417 1416 1415
f 1404 1417 1415
f 1405 1417 1404
f 1406 1419 1418
f 1417 1406 1418
f 1405 1406 1417
f 1422 1421 1420
f 1407 1419 1406
f 1421 1422 1409
f 1410 1421 1409
f 1423 1421 1410
f 1284 1423 1281
f 1281 1423 1410
f 1411 1286 1283
f 1286 1411 1288
f 1288 1411 1412
f 1425 1424 1289
f 1425 1289 1288
f 1413 1425 1288
f 1412 1413 1288
f 1426 1424 1425
f 1416 1417 1427
f 1416 1427 1428
f 1417 1418 1429
f 1430 1417 1429
f 1427 1417 1430
f 1430 1429 1420
f 1421 1430 1420
f 1431 1430 1421
f 1292 1431 1291
f 1431 1423 1291
f 1431 1421 1423
f 1291 1423 1284
f 1424 1294 1289
f 1426 1432 1424
f 1432 1294 1424
f 1432 1297 1294
f 1427 1299 1428
f 1299 1432 1428
f 1299 1297 1432
f 1299 1427 1301
f 1301 1427 1430
f 1301 1430 1303
f 1303 1430 1431
f 1303 1431 1292
f 1433 1305 1306
f 1307 1433 1306
f 1434 1311 1310
f 1313 1434 1310
f 1433 1315 1305
f 1315 1433 1307
f 1435 1316 1317
f 1435 1317 1436
f 1317 1437 1436
f 1317 1318 1437
f 1438 1318 1319
f 1438 1437 1318
f 1319 1311 1434
f 1439 1319 1434
f 1438 1319 1439
f 1439 1434 1313
f 1320 1439 1313
f 1440 1439 1320
f 1441 1320 1321
f 1441 1440 1320
f 1443 1441 1442
f 1441 1322 1442
f 1441 1321 1322
f 1324 1442 1322
f 1435 1326 1316
f 1328 1326 1435
f 1436 1328 1435
f 1444 1328 1436
f 1445 1443 1442
f 1445 1442 1324
f 1329 1445 1324
f 1446 1445 1329
f 1448 1446 1447
f 1446 1330 1447
f 1446 1329 1330
f 1331 1449 1330
f 1330 1449 1447
f 1333 1449 1331
f 1450 1336 1337
f 1451 1450 1337
f 1328 1451 1337
f 1444 1451 1328
f 1452 1448 1447
f 1454 1453 1452
f 1447 1454 1452
f 1449 1454 1447
f 1338 1455 1333
f 1455 1449 1333
f 1455 1454 1449
f 1339 1455 1338
f 1456 1342 1450
f 1450 1342 1336
f 1450 1451 1457
f 1458 1450 1457
f 1456 1450 1458
f 1459 1458 1457
f 1460 1453 1454
f 1462 1461 1460
f 1454 1462 1460
f 1455 1462 1454
f 1344 1462 1339
f 1339 1462 1455
f 1463 1345 1456
f 1456 1345 1342
f 1464 1456 1458
f 1463 1456 1464
f 1458 1459 1465
f 1458 1465 1464
f 1466 1461 1462
f 1462 1344 1466
f 1344 1467 1466
f 1344 1347 1467
f 1463 1348 1345
f 1463 1464 1468
f 1350 1463 1468
f 1469 1350 1468
f 1463 1350 1348
f 1468 1464 1465
f 1347 1351 1470
f 1471 1347 1470
f 1467 1347 1471
f 1353 1470 1351
f 1473 1356 1472
f 1356 1469 1472
f 1356 1350 1469
f 1474 1473 1472
f 1471 1470 1357
f 1358 1471 1357
f 1475 1471 1358
f 1357 1470 1353
f 1473 1360 1356
f 1474 1476 1473
f 1476 1360 1473
f 1476 1362 1360
f 1363 1362 1476
f 1363 1476 1477
f 1358 1364 1478
f 1479 1358 1478
f 1475 1358 1479
f 1366 1478 1364
f 1477 1480 1363
f 1363 1480 1368
f 1368 1481 1370
f 1480 1481 1368
f 1371 1370 1481
f 1371 1481 1482
f 1483 1479 1478
f 1478 1366 1483
f 1366 1484 1483
f 1366 1373 1484
f 1482 1485 1371
f 1371 1485 1377
f 1379 1377 1485
f 1379 1485 1486
f 1489 1488 1487
f 1381 1382 1487
f 1488 1381 1487
f 1490 1381 1488
f 1492 1491 1384
f 1381 1492 1384
f 1490 1492 1381
f 1493 1491 1385
f 1491 1484 1385
f 1484 1373 1385
f 1484 1491 1492
f 1386 1493 1385
f 1486 1494 1379
f 1379 1494 1390
f 1390 1495 1393
f 1494 1495 1390
f 1393 1496 1395
f 1495 1496 1393
f 1487 1397 1489
f 1397 1496 1489
f 1397 1395 1496
f 1397 1487 1382
f 1491 1399 1384
f 1399 1491 1400
f 1400 1491 1493
f 1400 1493 1386
f 1497 1407 1408
f 1409 1497 1408
f 1498 1413 1414
f 1415 1499 1414
f 1414 1499 1498
f 1416 1499 1415
f 1500 1418 1419
f 1419 1407 1500
f 1407 1497 1500
f 1422 1420 1500
f 1422 1500 1497
f 1422 1497 1409
f 1498 1425 1413
f 1425 1498 1426
f 1498 1501 1426
f 1498 1499 1501
f 1428 1501 1416
f 1416 1501 1499
f 1500 1429 1418
f 1429 1500 1420
f 1501 1432 1426
f 1432 1501 1428
f 1502 1436 1437
f 1438 1503 1437
f 1437 1503 1502
f 1439 1504 1438
f 1438 1504 1503
f 1440 1505 1439
f 1439 1505 1504
f 1441 1506 1440
f 1440 1506 1505
f 1443 1506 1441
f 1507 1444 1502
f 1502 1444 1436
f 1508 1502 1503
f 1507 1502 1508
f 1509 1503 1504
f 1508 1503 1509
f 1510 1504 1505
f 1509 1504 1510
f 1511 1505 1506
f 1510 1505 1511
f 1445 1512 1443
f 1512 1506 1443
f 1512 1511 1506
f 1446 1513 1445
f 1445 1513 1512
f 1448 1513 1446
f 1514 1451 1507
f 1507 1451 1444
f 1515 1507 1508
f 1514 1507 1515
f 1516 1508 1509
f 1515 1508 1516
f 1517 1509 1510
f 1516 1509 1517
f 1518 1510 1511
f 1517 1510 1518
f 1519 1511 1512
f 1518 1511 1519
f 1513 1521 1520
f 1519 1513 1520
f 1512 1513 1519
f 1523 1521 1522
f 1522 1521 1452
f 1521 1513 1452
f 1513 1448 1452
f 1453 1522 1452
f 1514 1457 1451
f 1457 1514 1459
f 1514 1524 1459
f 1514 1515 1524
f 1525 1515 1516
f 1524 1515 1525
f 1526 1516 1517
f 1525 1516 1526
f 1518 1528 1527
f 1526 1518 1527
f 1517 1518 1526
f 1528 1518 1519
f 1528 1519 1529
f 1529 1519 1520
f 1530 1523 1522
f 1532 1530 1531
f 1531 1530 1460
f 1530 1522 1460
f 1522 1453 1460
f 1461 1531 1460
f 1534 1533 1524
f 1533 1459 1524
f 1533 1465 1459
f 1536 1535 1534
f 1524 1536 1534
f 1525 1536 1524
f 1526 1538 1537
f 1536 1526 1537
f 1525 1526 1536
f 1538 1526 1527
f 1532 1531 1539
f 1532 1539 1540
f 1466 1541 1461
f 1541 1531 1461
f 1541 1539 1531
f 1467 1541 1466
f 1542 1469 1468
f 1465 1533 1543
f 1542 1465 1543
f 1544 1542 1543
f 1468 1465 1542
f 1544 1543 1535
f 1536 1544 1535
f 1545 1544 1536
f 1536 1537 1546
f 1536 1546 1545
f 1540 1539 1547
f 1540 1547 1548
f 1549 1539 1541
f 1547 1539 1549
f 1471 1549 1467
f 1467 1549 1541
f 1542 1472 1469
f 1472 1542 1474
f 1542 1550 1474
f 1542 1544 1550
f 1545 1552 1551
f 1550 1545 1551
f 1544 1545 1550
f 1552 1545 1546
f 1548 1547 1553
f 1548 1553 1554
f 1555 1547 1549
f 1553 1547 1555
f 1475 1555 1471
f 1471 1555 1549
f 1550 1476 1474
f 1557 1556 1477
f 1557 1477 1476
f 1551 1557 1476
f 1550 1551 1476
f 1559 1558 1556
f 1559 1556 1557
f 1560 1558 1559
f 1554 1553 1561
f 1554 1561 1562
f 1563 1553 1555
f 1561 1553 1563
f 1479 1563 1475
f 1475 1563 1555
f 1556 1480 1477
f 1480 1556 1481
f 1481 1556 1558
f 1482 1481 1558
f 1560 1482 1558
f 1564 1482 1560
f 1565 1562 1561
f 1567 1566 1565
f 1561 1567 1565
f 1563 1567 1561
f 1483 1568 1479
f 1568 1563 1479
f 1568 1567 1563
f 1484 1568 1483
f 1564 1569 1482
f 1482 1569 1485
f 1571 1570 1486
f 1485 1571 1486
f 1569 1571 1485
f 1572 1570 1571
f 1575 1574 1573
f 1488 1489 1573
f 1574 1488 1573
f 1576 1488 1574
f 1567 1490 1566
f 1490 1576 1566
f 1490 1488 1576
f 1490 1567 1492
f 1492 1567 1568
f 1492 1568 1484
f 1570 1494 1486
f 1572 1577 1570
f 1577 1494 1570
f 1577 1495 1494
f 1573 1496 1575
f 1496 1577 1575
f 1496 1495 1577
f 1496 1573 1489
f 1578 1520 1521
f 1523 1578 1521
f 1579 1527 1528
f 1529 1580 1528
f 1528 1580 1579
f 1520 1578 1529
f 1578 1580 1529
f 1578 1581 1580
f 1530 1582 1523
f 1582 1578 1523
f 1582 1581 1578
f 1532 1582 1530
f 1583 1533 1534
f 1535 1583 1534
f 1584 1537 1538
f 1527 1579 1538
f 1579 1584 1538
f 1579 1585 1584
f 1586 1579 1580
f 1585 1579 1586
f 1587 1580 1581
f 1586 1580 1587
f 1588 1581 1582
f 1587 1581 1588
f 1540 1588 1532
f 1532 1588 1582
f 1583 1543 1533
f 1543 1583 1535
f 1589 1546 1584
f 1584 1546 1537
f 1590 1584 1585
f 1589 1584 1590
f 1591 1585 1586
f 1590 1585 1591
f 1592 1586 1587
f 1591 1586 1592
f 1593 1587 1588
f 1592 1587 1593
f 1548 1593 1540
f 1540 1593 1588
f 1594 1551 1552
f 1546 1589 1552
f 1589 1594 1552
f 1589 1595 1594
f 1596 1589 1590
f 1595 1589 1596
f 1597 1590 1591
f 1596 1590 1597
f 1598 1591 1592
f 1597 1591 1598
f 1599 1592 1593
f 1598 1592 1599
f 1554 1599 1548
f 1548 1599 1593
f 1594 1557 1551
f 1557 1594 1559
f 1559 1594 1595
f 1559 1595 1560
f 1595 1600 1560
f 1595 1596 1600
f 1601 1596 1597
f 1600 1596 1601
f 1602 1597 1598
f 1601 1597 1602
f 1603 1598 1599
f 1602 1598 1603
f 1562 1603 1554
f 1554 1603 1599
f 1604 1564 1600
f 1600 1564 1560
f 1605 1600 1601
f 1604 1600 1605
f 1606 1601 1602
f 1605 1601 1606
f 1607 1602 1603
f 1606 1602 1607
f 1565 1608 1562
f 1608 1603 1562
f 1608 1607 1603
f 1566 1608 1565
f 1604 1569 1564
f 1569 1604 1571
f 1571 1604 1605
f 1571 1605 1572
f 1605 1609 1572
f 1605 1606 1609
f 1575 1609 1574
f 1609 1607 1574
f 1609 1606 1607
f 1574 1607 1576
f 1576 1607 1608
f 1576 1608 1566
f 1609 1577 1572
f 1577 1609 1575

o edema
usemtl material_1
v 59.50000000 102.00000000 41.00000000
v 60.00000000 102.00000000 40.50000000
v 60.00000000 101.50000000 41.00000000
v 60.00000000 102.00000000 41.50000000
v 60.00000000 102.50000000 41.00000000
v 60.50000000 102.00000000 41.00000000
v 63.50000000 75.00000000 68.00000000
v 64.00000000 75.00000000 67.50000000
v 64.00000000 74.50000000 68.00000000
v 64.00000000 75.00000000 68.50000000
v 64.00000000 75.50000000 68.00000000
v 64.50000000 61.00000000 88.00000000
v 65.00000000 61.00000000 87.50000000
v 65.00000000 60.50000000 88.00000000
v 65.00000000 60.50000000 89.00000000
v 64.50000000 61.00000000 89.00000000
v 65.00000000 60.50000000 90.00000000
v 64.50000000 61.00000000 90.00000000
v 65.00000000 60.50000000 91.00000000
v 64.50000000 61.00000000 91.00000000
v 65.00000000 61.00000000 91.50000000
v 64.50000000 62.00000000 88.00000000
v 65.00000000 62.00000000 87.50000000
v 64.50000000 62.00000000 89.00000000
v 64.50000000 62.00000000 90.00000000
v 65.00000000 62.00000000 90.50000000
v 65.00000000 61.50000000 91.00000000
v 64.50000000 63.00000000 88.00000000
v 65.00000000 63.00000000 87.50000000
v 65.00000000 63.00000000 88.50000000
v 65.00000000 62.50000000 89.00000000
v 65.00000000 62.50000000 90.00000000
v 65.00000000 63.50000000 88.00000000
v 64.50000000 75.00000000 68.00000000
v 65.50000000 60.00000000 87.00000000
v 66.00000000 60.00000000 86.50000000
v 66.00000000 59.50000000 87.00000000
v 66.00000000 59.50000000 88.00000000
v 65.50000000 60.00000000 88.00000000
v 66.00000000 59.50000000 89.00000000
v 65.50000000 60.00000000 89.00000000
v 66.00000000 59.50000000 90.00000000
v 65.50000000 60.00000000 90.00000000
v 66.00000000 59.50000000 91.00000000
v 65.50000000 60.00000000 91.00000000
v 66.00000000 59.50000000 92.00000000
v 65.50000000 60.00000000 92.00000000
v 66.00000000 60.00000000 92.50000000
v 65.50000000 61.00000000 86.00000000
v 66.00000000 61.00000000 85.50000000
v 66.00000000 60.50000000 86.00000000
v 65.50000000 61.00000000 87.00000000
v 65.50000000 61.00000000 92.00000000
v 66.00000000 61.00000000 92.50000000
v 65.50000000 62.00000000 86.00000000
v 66.00000000 62.00000000 85.50000000
v 65.50000000 62.00000000 87.00000000
v 65.50000000 62.00000000 91.00000000
v 66.00000000 62.00000000 91.50000000
v 66.00000000 61.50000000 92.00000000
v 65.50000000 63.00000000 86.00000000
v 66.00000000 63.00000000 85.50000000
v 65.50000000 63.00000000 87.00000000
v 65.50000000 63.00000000 89.00000000
v 65.50000000 63.00000000 90.00000000
v 66.00000000 63.00000000 90.50000000
v 66.00000000 62.50000000 91.00000000
v 65.50000000 64.00000000 86.00000000
v 66.00000000 64.00000000 85.50000000
v 66.00000000 64.00000000 86.50000000
v 66.00000000 63.50000000 87.00000000
v 66.00000000 63.50000000 88.00000000
v 66.00000000 63.50000000 89.00000000
v 66.00000000 63.50000000 90.00000000
v 66.00000000 64.50000000 86.00000000
v 65.50000000 68.00000000 81.00000000
v 66.00000000 68.00000000 80.50000000
v 66.00000000 67.50000000 81.00000000
v 66.00000000 67.50000000 82.00000000
v 65.50000000 68.00000000 82.00000000
v 66.00000000 67.50000000 83.00000000
v 65.50000000 68.00000000 83.00000000
v 66.00000000 67.50000000 84.00000000
v 65.50000000 68.00000000 84.00000000
v 66.00000000 68.00000000 84.50000000
v 65.50000000 69.00000000 81.00000000
v 66.00000000 69.00000000 80.50000000
v 65.50000000 69.00000000 82.00000000
v 65.50000000 69.00000000 83.00000000
v 65.50000000 69.00000000 84.00000000
v 66.00000000 69.00000000 84.50000000
v 66.00000000 69.50000000 81.00000000
v 65.50000000 70.00000000 82.00000000
v 66.00000000 70.00000000 81.50000000
v 65.50000000 70.00000000 83.00000000
v 65.50000000 70.00000000 84.00000000
v 66.00000000 70.00000000 84.50000000
v 66.00000000 70.50000000 82.00000000
v 66.00000000 70.50000000 83.00000000
v 66.00000000 70.50000000 84.00000000
v 65.50000000 82.00000000 90.00000000
v 66.00000000 82.00000000 89.50000000
v 66.00000000 81.50000000 90.00000000
v 66.00000000 82.00000000 90.50000000
v 66.00000000 82.50000000 90.00000000
v 66.50000000 59.00000000 87.00000000
v 67.00000000 59.00000000 86.50000000
v 67.00000000 58.50000000 87.00000000
v 67.00000000 58.50000000 88.00000000
v 66.50000000 59.00000000 88.00000000
v 67.00000000 58.50000000 89.00000000
v 66.50000000 59.00000000 89.00000000
v 67.00000000 59.00000000 89.50000000
v 66.50000000 60.00000000 86.00000000
v 67.00000000 60.00000000 85.50000000
v 67.00000000 59.50000000 86.00000000
v 67.00000000 59.50000000 90.00000000
v 67.00000000 59.50000000 91.00000000
v 67.00000000 59.50000000 92.00000000
v 67.00000000 59.50000000 93.00000000
v 66.50000000 60.00000000 93.00000000
v 67.00000000 60.00000000 93.50000000
v 66.50000000 61.00000000 85.00000000
v 67.00000000 61.00000000 84.50000000
v 67.00000000 60.50000000 85.00000000
v 66.50000000 61.00000000 93.00000000
v 67.00000000 61.00000000 93.50000000
v 66.50000000 62.00000000 85.00000000
v 67.00000000 62.00000000 84.50000000
v 66.50000000 62.00000000 92.00000000
v 67.00000000 62.00000000 92.50000000
v 67.00000000 61.50000000 93.00000000
v 66.50000000 63.00000000 85.00000000
v 67.00000000 63.00000000 84.50000000
v 67.00000000 62.50000000 91.00000000
v 67.00000000 63.00000000 90.50000000
v 67.00000000 62.50000000 92.00000000
v 66.50000000 64.00000000 85.00000000
v 67.00000000 64.00000000 84.50000000
v 66.50000000 64.00000000 87.00000000
v 67.00000000 64.00000000 87.50000000
v 67.00000000 63.50000000 88.00000000
v 67.00000000 63.50000000 89.00000000
v 67.00000000 63.50000000 90.00000000
v 67.00000000 64.50000000 85.00000000
v 67.00000000 64.50000000 86.00000000
v 67.00000000 64.50000000 87.00000000
v 66.50000000 66.00000000 84.00000000
v 67.00000000 66.00000000 83.50000000
v 67.00000000 65.50000000 84.00000000
v 67.00000000 66.00000000 84.50000000
v 66.50000000 67.00000000 80.00000000
v 67.00000000 67.00000000 79.50000000
v 67.00000000 66.50000000 80.00000000
v 67.00000000 66.50000000 81.00000000
v 66.50000000 67.00000000 81.00000000
v 67.00000000 66.50000000 82.00000000
v 66.50000000 67.00000000 82.00000000
v 67.00000000 66.50000000 83.00000000
v 66.50000000 67.00000000 83.00000000
v 66.50000000 67.00000000 84.00000000
v 67.00000000 67.00000000 84.50000000
v 66.50000000 68.00000000 80.00000000
v 67.00000000 68.00000000 79.50000000
v 67.00000000 68.00000000 84.50000000
v 67.00000000 68.50000000 80.00000000
v 67.00000000 68.50000000 81.00000000
v 66.50000000 69.00000000 81.00000000
v 66.50000000 69.00000000 82.00000000
v 67.00000000 68.50000000 82.00000000
v 67.00000000 69.00000000 82.50000000
v 67.00000000 68.50000000 85.00000000
v 66.50000000 69.00000000 85.00000000
v 67.00000000 69.00000000 85.50000000
v 66.50000000 70.00000000 82.00000000
v 67.00000000 69.50000000 83.00000000
v 66.50000000 70.00000000 83.00000000
v 67.00000000 70.00000000 83.50000000
v 67.00000000 69.50000000 85.00000000
v 67.00000000 70.00000000 84.50000000
v 67.00000000 70.50000000 84.00000000
v 66.50000000 82.00000000 90.00000000
v 66.50000000 91.00000000 95.00000000
v 67.00000000 91.00000000 94.50000000
v 67.00000000 90.50000000 95.00000000
v 67.00000000 90.50000000 96.00000000
v 66.50000000 91.00000000 96.00000000
v 67.00000000 91.00000000 96.50000000
v 66.50000000 92.00000000 94.00000000
v 67.00000000 92.00000000 93.50000000
v 67.00000000 91.50000000 94.00000000
v 66.50000000 92.00000000 95.00000000
v 66.50000000 92.00000000 96.00000000
v 67.00000000 91.50000000 97.00000000
v 66.50000000 92.00000000 97.00000000
v 67.00000000 92.00000000 97.50000000
v 66.50000000 93.00000000 94.00000000
v 67.00000000 93.00000000 93.50000000
v 67.00000000 93.00000000 94.50000000
v 67.00000000 92.50000000 95.00000000
v 67.00000000 92.50000000 96.00000000
v 67.00000000 92.50000000 97.00000000
v 67.00000000 93.50000000 94.00000000
v 67.50000000 59.00000000 86.00000000
v 68.00000000 59.00000000 85.50000000
v 68.00000000 58.50000000 86.00000000
v 68.00000000 58.50000000 87.00000000
v 68.00000000 58.50000000 88.00000000
v 68.00000000 58.50000000 89.00000000
v 68.00000000 58.50000000 90.00000000
v 67.50000000 59.00000000 90.00000000
v 68.00000000 58.50000000 91.00000000
v 67.50000000 59.00000000 91.00000000
v 68.00000000 58.50000000 92.00000000
v 67.50000000 59.00000000 92.00000000
v 68.00000000 58.50000000 93.00000000
v 67.50000000 59.00000000 93.00000000
v 68.00000000 59.00000000 93.50000000
v 68.00000000 60.00000000 85.50000000
v 68.00000000 59.50000000 94.00000000
v 67.50000000 60.00000000 94.00000000
v 68.00000000 60.00000000 94.50000000
v 68.00000000 61.00000000 84.50000000
v 68.00000000 60.50000000 85.00000000
v 68.00000000 60.50000000 94.00000000
v 68.00000000 61.00000000 93.50000000
v 68.00000000 62.00000000 84.50000000
v 68.00000000 61.50000000 93.00000000
v 68.00000000 62.00000000 92.50000000
v 68.00000000 63.00000000 84.50000000
v 67.50000000 63.00000000 90.00000000
v 68.00000000 62.50000000 90.00000000
v 68.00000000 63.00000000 89.50000000
v 68.00000000 62.50000000 91.00000000
v 68.00000000 62.50000000 92.00000000
v 68.00000000 64.00000000 84.50000000
v 68.00000000 63.50000000 88.00000000
v 68.00000000 64.00000000 87.50000000
v 68.00000000 63.50000000 89.00000000
v 67.50000000 65.00000000 85.00000000
v 68.00000000 65.00000000 84.50000000
v 68.00000000 65.00000000 85.50000000
v 68.00000000 64.50000000 86.00000000
v 68.00000000 64.50000000 87.00000000
v 68.00000000 66.00000000 83.50000000
v 68.00000000 65.50000000 84.00000000
v 67.50000000 66.00000000 85.00000000
v 68.00000000 66.00000000 85.50000000
v 67.50000000 67.00000000 80.00000000
v 68.00000000 67.00000000 80.50000000
v 68.00000000 66.50000000 81.00000000
v 68.00000000 66.50000000 82.00000000
v 68.00000000 66.50000000 83.00000000
v 67.50000000 67.00000000 85.00000000
v 68.00000000 67.00000000 85.50000000
v 67.50000000 68.00000000 77.00000000
v 68.00000000 68.00000000 76.50000000
v 68.00000000 67.50000000 77.00000000
v 68.00000000 68.00000000 77.50000000
v 67.50000000 68.00000000 79.00000000
v 68.00000000 68.00000000 78.50000000
v 68.00000000 67.50000000 79.00000000
v 68.00000000 67.50000000 80.00000000
v 68.00000000 68.00000000 80.50000000
v 67.50000000 68.00000000 81.00000000
v 68.00000000 67.50000000 81.00000000
v 68.00000000 68.00000000 81.50000000
v 67.50000000 68.00000000 85.00000000
v 68.00000000 68.00000000 85.50000000
v 68.00000000 68.50000000 77.00000000
v 68.00000000 68.50000000 79.00000000
v 68.00000000 68.50000000 80.00000000
v 68.00000000 68.50000000 82.00000000
v 67.50000000 69.00000000 83.00000000
v 68.00000000 68.50000000 83.00000000
v 67.50000000 69.00000000 84.00000000
v 68.00000000 68.50000000 84.00000000
v 68.00000000 69.00000000 84.50000000
v 68.00000000 69.00000000 85.50000000
v 67.50000000 70.00000000 84.00000000
v 68.00000000 69.50000000 85.00000000
v 68.00000000 91.00000000 94.50000000
v 68.00000000 90.50000000 95.00000000
v 68.00000000 90.50000000 96.00000000
v 68.00000000 91.00000000 96.50000000
v 68.00000000 92.00000000 93.50000000
v 68.00000000 91.50000000 94.00000000
v 68.00000000 91.50000000 97.00000000
v 68.00000000 92.00000000 97.50000000
v 68.00000000 93.00000000 93.50000000
v 67.50000000 93.00000000 95.00000000
v 68.00000000 93.00000000 95.50000000
v 68.00000000 92.50000000 96.00000000
v 68.00000000 92.50000000 97.00000000
v 68.00000000 93.50000000 94.00000000
v 68.00000000 93.50000000 95.00000000
v 68.50000000 58.00000000 90.00000000
v 69.00000000 58.00000000 89.50000000
v 69.00000000 57.50000000 90.00000000
v 69.00000000 58.00000000 90.50000000
v 68.50000000 58.00000000 92.00000000
v 69.00000000 58.00000000 91.50000000
v 69.00000000 57.50000000 92.00000000
v 69.00000000 58.00000000 92.50000000
v 69.00000000 59.00000000 85.50000000
v 69.00000000 58.50000000 86.00000000
v 69.00000000 58.50000000 87.00000000
v 69.00000000 58.50000000 88.00000000
v 69.00000000 58.50000000 89.00000000
v 69.00000000 58.50000000 91.00000000
v 69.00000000 58.50000000 93.00000000
v 69.00000000 58.50000000 94.00000000
v 68.50000000 59.00000000 94.00000000
v 69.00000000 59.00000000 94.50000000
v 68.50000000 60.00000000 85.00000000
v 69.00000000 60.00000000 84.50000000
v 69.00000000 59.50000000 85.00000000
v 69.00000000 60.00000000 94.50000000
v 69.00000000 61.00000000 84.50000000
v 69.00000000 60.50000000 94.00000000
v 69.00000000 61.00000000 93.50000000
v 69.00000000 61.50000000 85.00000000
v 68.50000000 62.00000000 85.00000000
v 69.00000000 62.00000000 85.50000000
v 69.00000000 61.50000000 93.00000000
v 69.00000000 62.00000000 92.50000000
v 68.50000000 63.00000000 85.00000000
v 69.00000000 63.00000000 85.50000000
v 69.00000000 62.50000000 90.00000000
v 69.00000000 63.00000000 89.50000000
v 69.00000000 62.50000000 91.00000000
v 69.00000000 62.50000000 92.00000000
v 68.50000000 64.00000000 85.00000000
v 69.00000000 63.50000000 86.00000000
v 68.50000000 64.00000000 86.00000000
v 68.50000000 64.00000000 87.00000000
v 69.00000000 63.50000000 87.00000000
v 69.00000000 63.50000000 88.00000000
v 69.00000000 63.50000000 89.00000000
v 68.50000000 65.00000000 85.00000000
v 68.50000000 65.00000000 86.00000000
v 69.00000000 65.00000000 85.50000000
v 69.00000000 64.50000000 86.00000000
v 69.00000000 65.00000000 86.50000000
v 68.50000000 66.00000000 84.00000000
v 68.50000000 66.00000000 85.00000000
v 68.50000000 66.00000000 86.00000000
v 69.00000000 66.00000000 85.50000000
v 69.00000000 66.00000000 86.50000000
v 68.50000000 67.00000000 81.00000000
v 68.50000000 67.00000000 82.00000000
v 68.50000000 67.00000000 83.00000000
v 69.00000000 67.00000000 83.50000000
v 69.00000000 66.50000000 84.00000000
v 69.00000000 66.50000000 85.00000000
v 68.50000000 66.50000000 85.50000000
v 68.50000000 67.00000000 86.00000000
v 69.00000000 67.00000000 86.50000000
v 69.00000000 68.00000000 76.50000000
v 69.00000000 67.50000000 77.00000000
v 69.00000000 67.50000000 78.00000000
v 68.50000000 68.00000000 78.00000000
v 69.00000000 67.50000000 79.00000000
v 69.00000000 67.50000000 80.00000000
v 69.00000000 68.00000000 80.50000000
v 68.50000000 68.00000000 82.00000000
v 68.50000000 68.00000000 83.00000000
v 69.00000000 68.00000000 83.50000000
v 69.00000000 67.50000000 86.00000000
v 69.00000000 68.00000000 85.50000000
v 68.50000000 69.00000000 77.00000000
v 69.00000000 69.00000000 76.50000000
v 68.50000000 69.00000000 78.00000000
v 69.00000000 68.50000000 79.00000000
v 69.00000000 69.00000000 78.50000000
v 69.00000000 68.50000000 80.00000000
v 69.00000000 68.50000000 84.00000000
v 68.50000000 69.00000000 85.00000000
v 69.00000000 68.50000000 85.00000000
v 69.00000000 69.50000000 77.00000000
v 69.00000000 69.50000000 78.00000000
v 68.50000000 91.00000000 95.00000000
v 68.50000000 91.00000000 96.00000000
v 69.00000000 92.00000000 93.50000000
v 69.00000000 91.50000000 94.00000000
v 69.00000000 91.50000000 95.00000000
v 69.00000000 91.50000000 96.00000000
v 69.00000000 91.50000000 97.00000000
v 69.00000000 92.00000000 97.50000000
v 69.00000000 92.50000000 94.00000000
v 68.50000000 93.00000000 94.00000000
v 68.50000000 93.00000000 95.00000000
v 69.00000000 92.50000000 95.00000000
v 69.00000000 92.50000000 96.00000000
v 69.00000000 92.50000000 97.00000000
v 69.50000000 52.00000000 79.00000000
v 70.00000000 52.00000000 78.50000000
v 70.00000000 51.50000000 79.00000000
v 70.00000000 51.50000000 80.00000000
v 69.50000000 52.00000000 80.00000000
v 70.00000000 52.00000000 80.50000000
v 70.00000000 52.50000000 79.00000000
v 69.50000000 53.00000000 80.00000000
v 70.00000000 53.00000000 79.50000000
v 70.00000000 53.00000000 80.50000000
v 69.50000000 54.00000000 80.00000000
v 70.00000000 54.00000000 79.50000000
v 70.00000000 54.00000000 80.50000000
v 70.00000000 54.50000000 80.00000000
v 69.50000000 58.00000000 87.00000000
v 70.00000000 58.00000000 86.50000000
v 70.00000000 57.50000000 87.00000000
v 70.00000000 57.50000000 88.00000000
v 69.50000000 58.00000000 88.00000000
v 70.00000000 57.50000000 89.00000000
v 69.50000000 58.00000000 89.00000000
v 70.00000000 58.00000000 89.50000000
v 69.50000000 58.00000000 90.00000000
v 69.50000000 58.00000000 92.00000000
v 69.50000000 59.00000000 85.00000000
v 70.00000000 59.00000000 84.50000000
v 70.00000000 58.50000000 85.00000000
v 70.00000000 58.50000000 86.00000000
v 70.00000000 58.50000000 90.00000000
v 70.00000000 58.50000000 91.00000000
v 70.00000000 58.50000000 92.00000000
v 70.00000000 58.50000000 93.00000000
v 70.00000000 58.50000000 94.00000000
v 70.00000000 59.00000000 94.50000000
v 70.00000000 60.00000000 84.50000000
v 70.00000000 60.00000000 94.50000000
v 70.00000000 61.00000000 84.50000000
v 70.00000000 60.50000000 94.00000000
v 70.00000000 61.00000000 93.50000000
v 70.00000000 61.50000000 85.00000000
v 70.00000000 62.00000000 85.50000000
v 70.00000000 61.50000000 93.00000000
v 70.00000000 62.00000000 92.50000000
v 70.00000000 62.50000000 86.00000000
v 69.50000000 63.00000000 86.00000000
v 70.00000000 63.00000000 86.50000000
v 69.50000000 63.00000000 90.00000000
v 69.50000000 63.00000000 91.00000000
v 70.00000000 63.00000000 91.50000000
v 70.00000000 62.50000000 92.00000000
v 70.00000000 63.50000000 87.00000000
v 69.50000000 64.00000000 88.00000000
v 70.00000000 64.00000000 87.50000000
v 69.50000000 64.00000000 89.00000000
v 70.00000000 64.00000000 89.50000000
v 70.00000000 63.50000000 90.00000000
v 70.00000000 63.50000000 91.00000000
v 70.00000000 65.00000000 85.50000000
v 70.00000000 64.50000000 86.00000000
v 70.00000000 64.50000000 87.00000000
v 69.50000000 65.00000000 87.00000000
v 70.00000000 64.50000000 88.00000000
v 70.00000000 65.00000000 87.50000000
v 70.00000000 64.50000000 89.00000000
v 70.00000000 66.00000000 85.50000000
v 69.50000000 66.00000000 87.00000000
v 70.00000000 65.50000000 88.00000000
v 69.50000000 66.00000000 88.00000000
v 70.00000000 66.00000000 88.50000000
v 70.00000000 67.00000000 83.50000000
v 70.00000000 66.50000000 84.00000000
v 70.00000000 66.50000000 85.00000000
v 69.50000000 67.00000000 87.00000000
v 69.50000000 67.00000000 88.00000000
v 70.00000000 67.00000000 88.50000000
v 69.50000000 68.00000000 77.00000000
v 70.00000000 68.00000000 77.50000000
v 70.00000000 67.50000000 78.00000000
v 69.50000000 68.00000000 79.00000000
v 70.00000000 68.00000000 78.50000000
v 69.50000000 68.00000000 80.00000000
v 70.00000000 67.50000000 84.00000000
v 69.50000000 68.00000000 84.00000000
v 70.00000000 68.00000000 84.50000000
v 69.50000000 68.00000000 86.00000000
v 70.00000000 68.00000000 86.50000000
v 70.00000000 67.50000000 87.00000000
v 69.50000000 68.00000000 88.00000000
v 70.00000000 68.00000000 87.50000000
v 70.00000000 67.50000000 89.00000000
v 69.50000000 68.00000000 89.00000000
v 70.00000000 68.00000000 89.50000000
v 69.50000000 69.00000000 77.00000000
v 70.00000000 68.50000000 78.00000000
v 69.50000000 69.00000000 78.00000000
v 70.00000000 68.50000000 85.00000000
v 70.00000000 68.50000000 86.00000000
v 69.50000000 69.00000000 88.00000000
v 70.00000000 69.00000000 87.50000000
v 69.50000000 69.00000000 89.00000000
v 70.00000000 68.50000000 90.00000000
v 69.50000000 69.00000000 90.00000000
v 70.00000000 69.00000000 90.50000000
v 70.00000000 69.50000000 88.00000000
v 69.50000000 70.00000000 89.00000000
v 70.00000000 70.00000000 88.50000000
v 69.50000000 70.00000000 90.00000000
v 70.00000000 69.50000000 91.00000000
v 69.50000000 70.00000000 91.00000000
v 70.00000000 70.00000000 91.50000000
v 70.00000000 70.50000000 89.00000000
v 69.50000000 71.00000000 90.00000000
v 70.00000000 71.00000000 89.50000000
v 70.00000000 71.00000000 90.50000000
v 70.00000000 70.50000000 91.00000000
v 70.00000000 71.50000000 90.00000000
v 69.50000000 73.00000000 100.00000000
v 70.00000000 73.00000000 99.50000000
v 70.00000000 72.50000000 100.00000000
v 70.00000000 72.50000000 101.00000000
v 69.50000000 73.00000000 101.00000000
v 70.00000000 72.50000000 102.00000000
v 69.50000000 73.00000000 102.00000000
v 70.00000000 73.00000000 102.50000000
v 69.50000000 74.00000000 100.00000000
v 70.00000000 74.00000000 99.50000000
v 69.50000000 74.00000000 101.00000000
v 69.50000000 74.00000000 102.00000000
v 70.00000000 73.50000000 103.00000000
v 69.50000000 74.00000000 103.00000000
v 70.00000000 74.00000000 103.50000000
v 69.50000000 75.00000000 100.00000000
v 70.00000000 75.00000000 99.50000000
v 69.50000000 75.00000000 101.00000000
v 69.50000000 75.00000000 102.00000000
v 69.50000000 75.00000000 103.00000000
v 70.00000000 75.00000000 103.50000000
v 70.00000000 75.50000000 100.00000000
v 70.00000000 75.50000000 101.00000000
v 70.00000000 75.50000000 102.00000000
v 70.00000000 75.50000000 103.00000000
v 69.50000000 92.00000000 94.00000000
v 69.50000000 92.00000000 95.00000000
v 70.00000000 92.00000000 95.50000000
v 70.00000000 91.50000000 96.00000000
v 70.00000000 91.50000000 97.00000000
v 70.00000000 91.50000000 98.00000000
v 69.50000000 92.00000000 98.00000000
v 70.00000000 92.00000000 98.50000000
v 70.00000000 92.50000000 96.00000000
v 70.00000000 92.50000000 97.00000000
v 70.00000000 92.50000000 98.00000000
v 70.50000000 49.00000000 78.00000000
v 71.00000000 49.00000000 77.50000000
v 71.00000000 48.50000000 78.00000000
v 71.00000000 48.50000000 79.00000000
v 70.50000000 49.00000000 79.00000000
v 71.00000000 49.00000000 79.50000000
v 71.00000000 49.50000000 78.00000000
v 70.50000000 50.00000000 79.00000000
v 71.00000000 50.00000000 78.50000000
v 71.00000000 49.50000000 80.00000000
v 70.50000000 50.00000000 80.00000000
v 71.00000000 49.50000000 81.00000000
v 70.50000000 50.00000000 81.00000000
v 71.00000000 49.50000000 82.00000000
v 70.50000000 50.00000000 82.00000000
v 71.00000000 50.00000000 82.50000000
v 70.50000000 51.00000000 79.00000000
v 71.00000000 51.00000000 78.50000000
v 70.50000000 51.00000000 80.00000000
v 70.50000000 51.00000000 81.00000000
v 71.00000000 51.00000000 81.50000000
v 71.00000000 50.50000000 82.00000000
v 70.50000000 52.00000000 79.00000000
v 71.00000000 51.50000000 79.00000000
v 70.50000000 51.50000000 79.50000000
v 71.00000000 52.00000000 79.50000000
v 70.50000000 52.00000000 81.00000000
v 71.00000000 52.00000000 81.50000000
v 71.00000000 53.00000000 79.50000000
v 70.50000000 53.00000000 81.00000000
v 71.00000000 53.00000000 81.50000000
v 71.00000000 53.50000000 80.00000000
v 70.50000000 54.00000000 80.00000000
v 70.50000000 53.50000000 80.50000000
v 71.00000000 54.00000000 80.50000000
v 70.50000000 54.00000000 81.00000000
v 71.00000000 54.00000000 81.50000000
v 71.00000000 54.50000000 81.00000000
v 70.50000000 56.00000000 82.00000000
v 71.00000000 56.00000000 81.50000000
v 71.00000000 55.50000000 82.00000000
v 71.00000000 56.00000000 82.50000000
v 70.50000000 56.00000000 87.00000000
v 71.00000000 56.00000000 86.50000000
v 71.00000000 55.50000000 87.00000000
v 71.00000000 56.00000000 87.50000000
v 70.50000000 57.00000000 82.00000000
v 71.00000000 57.00000000 81.50000000
v 71.00000000 56.50000000 83.00000000
v 70.50000000 57.00000000 83.00000000
v 71.00000000 57.00000000 83.50000000
v 70.50000000 57.00000000 85.00000000
v 71.00000000 57.00000000 84.50000000
v 71.00000000 56.50000000 85.00000000
v 71.00000000 56.50000000 86.00000000
v 70.50000000 57.00000000 86.00000000
v 70.50000000 57.00000000 87.00000000
v 71.00000000 57.00000000 87.50000000
v 71.00000000 57.50000000 82.00000000
v 71.00000000 57.50000000 83.00000000
v 71.00000000 57.50000000 85.00000000
v 71.00000000 57.50000000 86.00000000
v 70.50000000 58.00000000 87.00000000
v 71.00000000 57.50000000 87.00000000
v 70.50000000 58.00000000 88.00000000
v 70.50000000 58.00000000 89.00000000
v 70.50000000 59.00000000 85.00000000
v 71.00000000 59.00000000 85.50000000
v 71.00000000 58.50000000 86.00000000
v 71.00000000 58.50000000 87.00000000
v 71.00000000 58.50000000 88.00000000
v 71.00000000 58.50000000 89.00000000
v 71.00000000 58.50000000 90.00000000
v 71.00000000 58.50000000 91.00000000
v 70.50000000 59.00000000 92.00000000
v 71.00000000 59.00000000 91.50000000
v 70.50000000 59.00000000 93.00000000
v 70.50000000 59.00000000 94.00000000
v 71.00000000 60.00000000 84.50000000
v 71.00000000 59.50000000 85.00000000
v 70.50000000 60.00000000 91.00000000
v 71.00000000 59.50000000 91.00000000
v 71.00000000 60.00000000 90.50000000
v 70.50000000 60.00000000 92.00000000
v 70.50000000 60.00000000 93.00000000
v 70.50000000 60.00000000 94.00000000
v 71.00000000 61.00000000 84.50000000
v 71.00000000 60.50000000 91.00000000
v 71.00000000 61.00000000 91.50000000
v 70.50000000 61.00000000 92.00000000
v 70.50000000 61.00000000 93.00000000
v 71.00000000 61.50000000 85.00000000
v 71.00000000 62.00000000 85.50000000
v 70.50000000 62.00000000 92.00000000
v 71.00000000 62.00000000 91.50000000
v 70.50000000 63.00000000 80.00000000
v 71.00000000 63.00000000 79.50000000
v 71.00000000 62.50000000 80.00000000
v 71.00000000 63.00000000 80.50000000
v 71.00000000 62.50000000 86.00000000
v 71.00000000 63.00000000 86.50000000
v 71.00000000 63.00000000 91.50000000
v 70.50000000 64.00000000 80.00000000
v 71.00000000 64.00000000 79.50000000
v 71.00000000 63.50000000 81.00000000
v 70.50000000 64.00000000 81.00000000
v 71.00000000 64.00000000 81.50000000
v 70.50000000 64.00000000 87.00000000
v 71.00000000 64.00000000 86.50000000
v 70.50000000 64.00000000 90.00000000
v 70.50000000 64.00000000 91.00000000
v 71.00000000 63.50000000 92.00000000
v 70.50000000 64.00000000 92.00000000
v 71.00000000 64.00000000 92.50000000
v 70.50000000 65.00000000 80.00000000
v 71.00000000 65.00000000 79.50000000
v 70.50000000 65.00000000 81.00000000
v 71.00000000 64.50000000 82.00000000
v 70.50000000 65.00000000 82.00000000
v 71.00000000 65.00000000 82.50000000
v 70.50000000 65.00000000 85.00000000
v 71.00000000 65.00000000 84.50000000
v 71.00000000 64.50000000 85.00000000
v 71.00000000 64.50000000 86.00000000
v 70.50000000 65.00000000 88.00000000
v 70.50000000 65.00000000 89.00000000
v 70.50000000 65.00000000 90.00000000
v 70.50000000 65.00000000 91.00000000
v 71.00000000 65.00000000 91.50000000
v 71.00000000 64.50000000 92.00000000
v 71.00000000 65.50000000 80.00000000
v 71.00000000 65.50000000 81.00000000
v 71.00000000 65.50000000 82.00000000
v 70.50000000 66.00000000 85.00000000
v 71.00000000 66.00000000 84.50000000
v 70.50000000 66.00000000 89.00000000
v 70.50000000 66.00000000 90.00000000
v 70.50000000 66.00000000 91.00000000
v 71.00000000 65.50000000 92.00000000
v 70.50000000 66.00000000 92.00000000
v 71.00000000 66.00000000 92.50000000
v 71.00000000 67.00000000 83.50000000
v 71.00000000 66.50000000 84.00000000
v 70.50000000 67.00000000 89.00000000
v 70.50000000 67.00000000 90.00000000
v 70.50000000 67.00000000 91.00000000
v 70.50000000 67.00000000 92.00000000
v 71.00000000 67.00000000 92.50000000
v 70.50000000 68.00000000 78.00000000
v 71.00000000 67.50000000 84.00000000
v 71.00000000 68.00000000 84.50000000
v 71.00000000 67.50000000 87.00000000
v 71.00000000 68.00000000 86.50000000
v 71.00000000 68.00000000 87.50000000
v 70.50000000 68.00000000 90.00000000
v 70.50000000 68.00000000 91.00000000
v 70.50000000 68.00000000 92.00000000
v 71.00000000 68.00000000 92.50000000
v 71.00000000 68.50000000 85.00000000
v 71.00000000 68.50000000 86.00000000
v 71.00000000 69.00000000 87.50000000
v 70.50000000 69.00000000 91.00000000
v 70.50000000 69.00000000 92.00000000
v 71.00000000 68.50000000 93.00000000
v 70.50000000 69.00000000 93.00000000
v 71.00000000 68.50000000 94.00000000
v 70.50000000 69.00000000 94.00000000
v 71.00000000 69.00000000 94.50000000
v 71.00000000 69.50000000 88.00000000
v 71.00000000 70.00000000 88.50000000
v 70.50000000 70.00000000 92.00000000
v 70.50000000 70.00000000 93.00000000
v 70.50000000 70.00000000 94.00000000
v 71.00000000 70.00000000 94.50000000
v 70.50000000 71.00000000 89.00000000
v 71.00000000 71.00000000 88.50000000
v 70.50000000 71.00000000 91.00000000
v 70.50000000 71.00000000 92.00000000
v 70.50000000 71.00000000 93.00000000
v 71.00000000 71.00000000 93.50000000
v 71.00000000 70.50000000 94.00000000
v 70.50000000 71.00000000 99.00000000
v 71.00000000 71.00000000 98.50000000
v 71.00000000 70.50000000 99.00000000
v 71.00000000 71.00000000 99.50000000
v 71.00000000 71.50000000 89.00000000
v 70.50000000 72.00000000 90.00000000
v 71.00000000 72.00000000 89.50000000
v 70.50000000 72.00000000 91.00000000
v 70.50000000 72.00000000 92.00000000
v 71.00000000 72.00000000 92.50000000
v 71.00000000 71.50000000 93.00000000
v 70.50000000 72.00000000 98.00000000
v 71.00000000 72.00000000 97.50000000
v 71.00000000 71.50000000 98.00000000
v 70.50000000 72.00000000 99.00000000
v 71.00000000 71.50000000 100.00000000
v 70.50000000 72.00000000 100.00000000
v 71.00000000 71.50000000 101.00000000
v 70.50000000 72.00000000 101.00000000
v 71.00000000 71.50000000 102.00000000
v 70.50000000 72.00000000 102.00000000
v 71.00000000 72.00000000 102.50000000
v 71.00000000 72.50000000 90.00000000
v 71.00000000 72.50000000 91.00000000
v 71.00000000 72.50000000 92.00000000
v 70.50000000 73.00000000 98.00000000
v 71.00000000 73.00000000 97.50000000
v 70.50000000 73.00000000 99.00000000
v 71.00000000 73.00000000 102.50000000
v 71.00000000 73.50000000 98.00000000
v 70.50000000 74.00000000 99.00000000
v 71.00000000 74.00000000 98.50000000
v 71.00000000 73.50000000 103.00000000
v 71.00000000 73.50000000 104.00000000
v 70.50000000 74.00000000 104.00000000
v 71.00000000 74.00000000 104.50000000
v 70.50000000 75.00000000 89.00000000
v 71.00000000 75.00000000 88.50000000
v 71.00000000 74.50000000 89.00000000
v 71.00000000 75.00000000 89.50000000
v 71.00000000 74.50000000 99.00000000
v 71.00000000 75.00000000 99.50000000
v 71.00000000 74.50000000 104.00000000
v 71.00000000 75.00000000 103.50000000
v 71.00000000 75.50000000 89.00000000
v 71.00000000 76.00000000 89.50000000
v 70.50000000 76.00000000 90.00000000
v 71.00000000 75.50000000 90.00000000
v 71.00000000 76.00000000 90.50000000
v 71.00000000 75.50000000 100.00000000
v 71.00000000 75.50000000 101.00000000
v 70.50000000 76.00000000 102.00000000
v 71.00000000 76.00000000 101.50000000
v 71.00000000 76.00000000 102.50000000
v 71.00000000 75.50000000 103.00000000
v 70.50000000 77.00000000 90.00000000
v 71.00000000 77.00000000 89.50000000
v 71.00000000 77.00000000 90.50000000
v 71.00000000 76.50000000 102.00000000
v 71.00000000 77.50000000 90.00000000
v 70.50000000 92.00000000 96.00000000
v 70.50000000 92.00000000 97.00000000
v 70.50000000 92.00000000 98.00000000
v 70.50000000 96.00000000 83.00000000
v 71.00000000 96.00000000 82.50000000
v 71.00000000 95.50000000 83.00000000
v 71.00000000 95.50000000 84.00000000
v 70.50000000 96.00000000 84.00000000
v 71.00000000 95.50000000 85.00000000
v 70.50000000 96.00000000 85.00000000
v 71.00000000 95.50000000 86.00000000
v 70.50000000 96.00000000 86.00000000
v 71.00000000 96.00000000 86.50000000
v 70.50000000 96.00000000 88.00000000
v 71.00000000 96.00000000 87.50000000
v 71.00000000 95.50000000 88.00000000
v 71.00000000 95.50000000 89.00000000
v 70.50000000 96.00000000 89.00000000
v 71.00000000 96.00000000 89.50000000
v 71.00000000 96.50000000 83.00000000
v 71.00000000 96.50000000 84.00000000
v 71.00000000 96.50000000 85.00000000
v 70.50000000 97.00000000 86.00000000
v 71.00000000 97.00000000 85.50000000
v 71.00000000 96.50000000 87.00000000
v 70.50000000 97.00000000 87.00000000
v 70.50000000 97.00000000 88.00000000
v 71.00000000 97.00000000 88.50000000
v 71.00000000 96.50000000 89.00000000
v 71.00000000 97.50000000 86.00000000
v 71.00000000 97.50000000 87.00000000
v 71.00000000 97.50000000 88.00000000
v 71.50000000 46.00000000 76.00000000
v 72.00000000 46.00000000 75.50000000
v 72.00000000 45.50000000 76.00000000
v 72.00000000 46.00000000 76.50000000
v 72.00000000 46.50000000 76.00000000
v 72.00000000 47.00000000 76.50000000
v 71.50000000 47.00000000 77.00000000
v 72.00000000 46.50000000 77.00000000
v 72.00000000 46.50000000 78.00000000
v 71.50000000 47.00000000 78.00000000
v 72.00000000 46.50000000 79.00000000
v 71.50000000 47.00000000 79.00000000
v 72.00000000 46.50000000 80.00000000
v 71.50000000 47.00000000 80.00000000
v 72.00000000 46.50000000 81.00000000
v 71.50000000 47.00000000 81.00000000
v 72.00000000 46.50000000 82.00000000
v 71.50000000 47.00000000 82.00000000
v 72.00000000 47.00000000 82.50000000
v 71.50000000 48.00000000 77.00000000
v 72.00000000 48.00000000 76.50000000
v 71.50000000 48.00000000 78.00000000
v 71.50000000 48.00000000 79.00000000
v 71.50000000 48.00000000 80.00000000
v 71.50000000 48.00000000 81.00000000
v 71.50000000 48.00000000 82.00000000
v 72.00000000 48.00000000 82.50000000
v 72.00000000 48.50000000 77.00000000
v 72.00000000 49.00000000 77.50000000
v 71.50000000 49.00000000 80.00000000
v 71.50000000 49.00000000 81.00000000
v 72.00000000 49.00000000 81.50000000
v 72.00000000 48.50000000 82.00000000
v 71.50000000 49.00000000 85.00000000
v 72.00000000 49.00000000 84.50000000
v 72.00000000 48.50000000 85.00000000
v 72.00000000 49.00000000 85.50000000
v 72.00000000 49.50000000 78.00000000
v 72.00000000 50.00000000 78.50000000
v 72.00000000 49.50000000 82.00000000
v 72.00000000 50.00000000 82.50000000
v 72.00000000 49.50000000 85.00000000
v 72.00000000 50.50000000 79.00000000
v 71.50000000 51.00000000 79.00000000
v 72.00000000 51.00000000 79.50000000
v 71.50000000 51.00000000 82.00000000
v 72.00000000 51.00000000 82.50000000
v 72.00000000 52.00000000 79.50000000
v 71.50000000 52.00000000 82.00000000
v 72.00000000 52.00000000 82.50000000
v 72.00000000 52.50000000 80.00000000
v 71.50000000 53.00000000 80.00000000
v 72.00000000 53.00000000 80.50000000
v 72.00000000 52.50000000 82.00000000
v 72.00000000 53.00000000 81.50000000
v 71.50000000 54.00000000 81.00000000
v 72.00000000 53.50000000 81.00000000
v 71.50000000 55.00000000 87.00000000
v 72.00000000 55.00000000 86.50000000
v 72.00000000 54.50000000 87.00000000
v 72.00000000 55.00000000 87.50000000
v 72.00000000 56.00000000 81.50000000
v 72.00000000 55.50000000 82.00000000
v 72.00000000 55.50000000 83.00000000
v 71.50000000 56.00000000 83.00000000
v 72.00000000 55.50000000 84.00000000
v 71.50000000 56.00000000 84.00000000
v 72.00000000 55.50000000 85.00000000
v 71.50000000 56.00000000 85.00000000
v 72.00000000 55.50000000 86.00000000
v 71.50000000 56.00000000 86.00000000
v 72.00000000 55.50000000 88.00000000
v 71.50000000 56.00000000 88.00000000
v 72.00000000 56.00000000 88.50000000
v 72.00000000 57.00000000 81.50000000
v 71.50000000 57.00000000 84.00000000
v 71.50000000 57.00000000 85.00000000
v 72.00000000 56.50000000 85.00000000
v 72.00000000 57.00000000 84.50000000
v 71.50000000 57.00000000 86.00000000
v 72.00000000 56.50000000 86.00000000
v 72.00000000 57.00000000 86.50000000
v 72.00000000 56.50000000 88.00000000
v 72.00000000 57.00000000 87.50000000
v 72.00000000 57.50000000 82.00000000
v 72.00000000 57.50000000 83.00000000
v 72.00000000 57.50000000 84.00000000
v 72.00000000 57.50000000 87.00000000
v 71.50000000 59.00000000 86.00000000
v 72.00000000 59.00000000 86.50000000
v 72.00000000 58.50000000 87.00000000
v 72.00000000 58.50000000 88.00000000
v 72.00000000 58.50000000 89.00000000
v 72.00000000 58.50000000 90.00000000
v 71.50000000 59.00000000 91.00000000
v 72.00000000 59.00000000 90.50000000
v 72.00000000 60.00000000 84.50000000
v 72.00000000 59.50000000 85.00000000
v 72.00000000 59.50000000 86.00000000
v 72.00000000 60.00000000 90.50000000
v 72.00000000 61.00000000 84.50000000
v 71.50000000 61.00000000 91.00000000
v 72.00000000 61.00000000 90.50000000
v 71.50000000 62.00000000 81.00000000
v 72.00000000 62.00000000 80.50000000
v 72.00000000 61.50000000 81.00000000
v 72.00000000 61.50000000 82.00000000
v 71.50000000 62.00000000 82.00000000
v 72.00000000 62.00000000 82.50000000
v 72.00000000 61.50000000 85.00000000
v 72.00000000 62.00000000 85.50000000
v 72.00000000 61.50000000 91.00000000
v 72.00000000 62.00000000 91.50000000
v 72.00000000 63.00000000 79.50000000
v 72.00000000 62.50000000 80.00000000
v 71.50000000 63.00000000 81.00000000
v 71.50000000 63.00000000 82.00000000
v 72.00000000 62.50000000 83.00000000
v 71.50000000 63.00000000 83.00000000
v 72.00000000 63.00000000 83.50000000
v 71.50000000 63.00000000 86.00000000
v 72.00000000 63.00000000 85.50000000
v 72.00000000 62.50000000 92.00000000
v 71.50000000 63.00000000 92.00000000
v 72.00000000 63.00000000 92.50000000
v 71.50000000 64.00000000 79.00000000
v 72.00000000 64.00000000 78.50000000
v 72.00000000 63.50000000 79.00000000
v 71.50000000 64.00000000 82.00000000
v 71.50000000 64.00000000 83.00000000
v 72.00000000 63.50000000 84.00000000
v 71.50000000 64.00000000 84.00000000
v 72.00000000 63.50000000 85.00000000
v 71.50000000 64.00000000 85.00000000
v 71.50000000 64.00000000 86.00000000
v 72.00000000 64.00000000 92.50000000
v 72.00000000 64.50000000 79.00000000
v 72.00000000 65.00000000 79.50000000
v 71.50000000 65.00000000 83.00000000
v 71.50000000 65.00000000 84.00000000
v 71.50000000 65.00000000 92.00000000
v 72.00000000 64.50000000 93.00000000
v 71.50000000 65.00000000 93.00000000
v 72.00000000 65.00000000 93.50000000
v 72.00000000 65.50000000 80.00000000
v 72.00000000 65.50000000 81.00000000
v 72.00000000 65.50000000 82.00000000
v 72.00000000 65.50000000 83.00000000
v 71.50000000 66.00000000 84.00000000
v 72.00000000 66.00000000 83.50000000
v 71.50000000 66.00000000 93.00000000
v 72.00000000 65.50000000 94.00000000
v 71.50000000 66.00000000 94.00000000
v 72.00000000 66.00000000 94.50000000
v 71.50000000 67.00000000 84.00000000
v 72.00000000 66.50000000 84.00000000
v 72.00000000 67.00000000 84.50000000
v 71.50000000 67.00000000 93.00000000
v 71.50000000 67.00000000 94.00000000
v 72.00000000 66.50000000 95.00000000
v 71.50000000 67.00000000 95.00000000
v 72.00000000 67.00000000 95.50000000
v 71.50000000 68.00000000 85.00000000
v 72.00000000 67.50000000 85.00000000
v 72.00000000 68.00000000 85.50000000
v 72.00000000 67.50000000 87.00000000
v 72.00000000 68.00000000 86.50000000
v 72.00000000 68.00000000 87.50000000
v 71.50000000 68.00000000 93.00000000
v 71.50000000 68.00000000 94.00000000
v 71.50000000 68.00000000 95.00000000
v 72.00000000 68.00000000 95.50000000
v 72.00000000 68.50000000 86.00000000
v 72.00000000 69.00000000 87.50000000
v 71.50000000 69.00000000 95.00000000
v 72.00000000 68.50000000 96.00000000
v 71.50000000 69.00000000 96.00000000
v 72.00000000 68.50000000 97.00000000
v 71.50000000 69.00000000 97.00000000
v 72.00000000 69.00000000 97.50000000
v 72.00000000 69.50000000 88.00000000
v 72.00000000 70.00000000 88.50000000
v 71.50000000 70.00000000 95.00000000
v 71.50000000 70.00000000 96.00000000
v 71.50000000 70.00000000 97.00000000
v 72.00000000 69.50000000 98.00000000
v 71.50000000 70.00000000 98.00000000
v 72.00000000 70.00000000 98.50000000
v 72.00000000 70.50000000 89.00000000
v 71.50000000 71.00000000 89.00000000
v 72.00000000 71.00000000 89.50000000
v 71.50000000 71.00000000 94.00000000
v 71.50000000 71.00000000 95.00000000
v 71.50000000 71.00000000 96.00000000
v 71.50000000 71.00000000 97.00000000
v 71.50000000 71.00000000 98.00000000
v 72.00000000 70.50000000 99.00000000
v 72.00000000 71.00000000 99.50000000
v 71.50000000 72.00000000 90.00000000
v 72.00000000 71.50000000 90.00000000
v 72.00000000 72.00000000 90.50000000
v 71.50000000 72.00000000 93.00000000
v 71.50000000 72.00000000 94.00000000
v 71.50000000 72.00000000 95.00000000
v 71.50000000 72.00000000 96.00000000
v 71.50000000 72.00000000 97.00000000
v 72.00000000 71.50000000 100.00000000
v 72.00000000 71.50000000 101.00000000
v 71.50000000 72.00000000 102.00000000
v 72.00000000 72.00000000 101.50000000
v 72.00000000 73.00000000 90.50000000
v 71.50000000 73.00000000 91.00000000
v 72.00000000 73.00000000 91.50000000
v 72.00000000 72.50000000 92.00000000
v 72.00000000 72.50000000 93.00000000
v 72.00000000 72.50000000 94.00000000
v 72.00000000 72.50000000 95.00000000
v 72.00000000 72.50000000 96.00000000
v 71.50000000 73.00000000 97.00000000
v 72.00000000 73.00000000 96.50000000
v 72.00000000 72.50000000 102.00000000
v 72.00000000 73.00000000 102.50000000
v 71.50000000 74.00000000 90.00000000
v 72.00000000 74.00000000 89.50000000
v 72.00000000 73.50000000 90.00000000
v 72.00000000 73.50000000 91.00000000
v 72.00000000 74.00000000 90.50000000
v 72.00000000 73.50000000 97.00000000
v 72.00000000 73.50000000 98.00000000
v 72.00000000 74.00000000 98.50000000
v 72.00000000 73.50000000 103.00000000
v 71.50000000 74.00000000 104.00000000
v 72.00000000 74.00000000 103.50000000
v 71.50000000 75.00000000 89.00000000
v 72.00000000 74.50000000 90.00000000
v 72.00000000 74.50000000 99.00000000
v 72.00000000 75.00000000 99.50000000
v 71.50000000 75.00000000 103.00000000
v 72.00000000 74.50000000 103.00000000
v 72.00000000 75.00000000 102.50000000
v 71.50000000 76.00000000 90.00000000
v 72.00000000 75.50000000 100.00000000
v 72.00000000 75.50000000 101.00000000
v 71.50000000 76.00000000 102.00000000
v 72.00000000 75.50000000 102.00000000
v 71.50000000 77.00000000 90.00000000
v 71.50000000 79.00000000 75.00000000
v 72.00000000 79.00000000 74.50000000
v 72.00000000 78.50000000 75.00000000
v 72.00000000 78.50000000 76.00000000
v 71.50000000 79.00000000 76.00000000
v 72.00000000 78.50000000 77.00000000
v 71.50000000 79.00000000 77.00000000
v 72.00000000 79.00000000 77.50000000
v 71.50000000 80.00000000 74.00000000
v 72.00000000 80.00000000 73.50000000
v 72.00000000 79.50000000 74.00000000
v 71.50000000 80.00000000 75.00000000
v 71.50000000 80.00000000 76.00000000
v 71.50000000 80.00000000 77.00000000
v 72.00000000 80.00000000 77.50000000
v 72.00000000 80.50000000 74.00000000
v 72.00000000 80.50000000 75.00000000
v 72.00000000 80.50000000 76.00000000
v 72.00000000 80.50000000 77.00000000
v 71.50000000 85.00000000 78.00000000
v 72.00000000 85.00000000 77.50000000
v 72.00000000 84.50000000 78.00000000
v 72.00000000 85.00000000 78.50000000
v 72.00000000 85.50000000 78.00000000
v 72.00000000 86.00000000 78.50000000
v 71.50000000 86.00000000 79.00000000
v 72.00000000 85.50000000 79.00000000
v 72.00000000 85.50000000 80.00000000
v 71.50000000 86.00000000 80.00000000
v 72.00000000 86.00000000 80.50000000
v 72.00000000 86.50000000 79.00000000
v 71.50000000 87.00000000 80.00000000
v 72.00000000 87.00000000 79.50000000
v 72.00000000 87.00000000 80.50000000
v 72.00000000 87.50000000 80.00000000
v 71.50000000 94.00000000 77.00000000
v 72.00000000 94.00000000 76.50000000
v 72.00000000 93.50000000 77.00000000
v 72.00000000 93.50000000 78.00000000
v 71.50000000 94.00000000 78.00000000
v 72.00000000 93.50000000 79.00000000
v 71.50000000 94.00000000 79.00000000
v 72.00000000 94.00000000 79.50000000
v 71.50000000 95.00000000 77.00000000
v 72.00000000 95.00000000 76.50000000
v 71.50000000 95.00000000 78.00000000
v 71.50000000 95.00000000 79.00000000
v 72.00000000 94.50000000 80.00000000
v 71.50000000 95.00000000 80.00000000
v 72.00000000 94.50000000 81.00000000
v 71.50000000 95.00000000 81.00000000
v 72.00000000 95.00000000 81.50000000
v 72.00000000 95.50000000 77.00000000
v 72.00000000 95.50000000 78.00000000
v 71.50000000 96.00000000 79.00000000
v 72.00000000 96.00000000 78.50000000
v 71.50000000 96.00000000 80.00000000
v 71.50000000 96.00000000 81.00000000
v 72.00000000 95.50000000 82.00000000
v 71.50000000 96.00000000 82.00000000
v 72.00000000 95.50000000 83.00000000
v 71.50000000 96.00000000 84.00000000
v 72.00000000 96.00000000 83.50000000
v 71.50000000 96.00000000 85.00000000
v 71.50000000 96.00000000 86.00000000
v 71.50000000 96.00000000 88.00000000
v 71.50000000 96.00000000 89.00000000
v 72.00000000 96.50000000 79.00000000
v 72.00000000 96.50000000 80.00000000
v 72.00000000 96.50000000 81.00000000
v 72.00000000 96.50000000 82.00000000
v 72.00000000 96.50000000 83.00000000
v 71.50000000 97.00000000 86.00000000
v 71.50000000 97.00000000 87.00000000
v 71.50000000 97.00000000 88.00000000
v 72.50000000 46.00000000 76.00000000
v 73.00000000 45.50000000 77.00000000
v 73.00000000 46.00000000 76.50000000
v 72.50000000 46.00000000 77.00000000
v 73.00000000 45.50000000 78.00000000
v 72.50000000 46.00000000 78.00000000
v 73.00000000 45.50000000 79.00000000
v 72.50000000 46.00000000 79.00000000
v 73.00000000 45.50000000 80.00000000
v 72.50000000 46.00000000 80.00000000
v 73.00000000 45.50000000 81.00000000
v 72.50000000 46.00000000 81.00000000
v 73.00000000 45.50000000 82.00000000
v 72.50000000 46.00000000 82.00000000
v 73.00000000 45.50000000 83.00000000
v 72.50000000 46.00000000 83.00000000
v 73.00000000 45.50000000 84.00000000
v 72.50000000 46.00000000 84.00000000
v 73.00000000 46.00000000 84.50000000
v 73.00000000 47.00000000 76.50000000
v 72.50000000 47.00000000 83.00000000
v 72.50000000 47.00000000 84.00000000
v 73.00000000 47.00000000 84.50000000
v 73.00000000 47.50000000 77.00000000
v 72.50000000 48.00000000 77.00000000
v 73.00000000 48.00000000 77.50000000
v 72.50000000 48.00000000 81.00000000
v 73.00000000 47.50000000 81.00000000
v 73.00000000 48.00000000 80.50000000
v 72.50000000 48.00000000 82.00000000
v 73.00000000 47.50000000 82.00000000
v 73.00000000 47.50000000 83.00000000
v 72.50000000 48.00000000 84.00000000
v 73.00000000 48.00000000 83.50000000
v 73.00000000 48.00000000 84.50000000
v 72.50000000 49.00000000 78.00000000
v 73.00000000 48.50000000 78.00000000
v 72.50000000 49.00000000 79.00000000
v 73.00000000 48.50000000 79.00000000
v 72.50000000 49.00000000 80.00000000
v 73.00000000 48.50000000 80.00000000
v 72.50000000 49.00000000 81.00000000
v 73.00000000 48.50000000 84.00000000
v 73.00000000 49.00000000 84.50000000
v 73.00000000 48.50000000 85.00000000
v 73.00000000 49.00000000 85.50000000
v 72.50000000 50.00000000 79.00000000
v 72.50000000 50.00000000 80.00000000
v 72.50000000 50.00000000 81.00000000
v 72.50000000 50.00000000 82.00000000
v 73.00000000 49.50000000 85.00000000
v 72.50000000 51.00000000 80.00000000
v 72.50000000 51.00000000 81.00000000
v 72.50000000 51.00000000 82.00000000
v 72.50000000 52.00000000 80.00000000
v 72.50000000 52.00000000 81.00000000
v 72.50000000 52.00000000 82.00000000
v 72.50000000 53.00000000 81.00000000
v 72.50000000 55.00000000 87.00000000
v 72.50000000 56.00000000 82.00000000
v 72.50000000 56.00000000 83.00000000
v 72.50000000 56.00000000 84.00000000
v 72.50000000 56.00000000 85.00000000
v 72.50000000 56.00000000 86.00000000
v 72.50000000 56.00000000 87.00000000
v 72.50000000 56.00000000 88.00000000
v 72.50000000 57.00000000 82.00000000
v 72.50000000 57.00000000 83.00000000
v 72.50000000 57.00000000 84.00000000
v 72.50000000 57.00000000 87.00000000
v 72.50000000 59.00000000 87.00000000
v 72.50000000 59.00000000 88.00000000
v 72.50000000 59.00000000 89.00000000
v 72.50000000 59.00000000 90.00000000
v 72.50000000 60.00000000 85.00000000
v 72.50000000 60.00000000 86.00000000
v 73.00000000 60.00000000 86.50000000
v 73.00000000 59.50000000 87.00000000
v 73.00000000 59.50000000 88.00000000
v 73.00000000 59.50000000 89.00000000
v 73.00000000 60.00000000 89.50000000
v 72.50000000 60.00000000 90.00000000
v 72.50000000 61.00000000 85.00000000
v 73.00000000 61.00000000 85.50000000
v 73.00000000 60.50000000 86.00000000
v 72.50000000 61.00000000 90.00000000
v 73.00000000 61.00000000 89.50000000
v 72.50000000 62.00000000 81.00000000
v 73.00000000 62.00000000 81.50000000
v 73.00000000 61.50000000 82.00000000
v 73.00000000 62.00000000 82.50000000
v 73.00000000 62.00000000 85.50000000
v 73.00000000 61.50000000 90.00000000
v 72.50000000 62.00000000 91.00000000
v 73.00000000 62.00000000 90.50000000
v 72.50000000 63.00000000 80.00000000
v 73.00000000 63.00000000 80.50000000
v 73.00000000 62.50000000 81.00000000
v 73.00000000 62.50000000 83.00000000
v 73.00000000 63.00000000 83.50000000
v 73.00000000 63.00000000 85.50000000
v 73.00000000 62.50000000 91.00000000
v 72.50000000 63.00000000 92.00000000
v 73.00000000 63.00000000 91.50000000
v 72.50000000 64.00000000 79.00000000
v 73.00000000 64.00000000 79.50000000
v 73.00000000 63.50000000 80.00000000
v 73.00000000 63.50000000 84.00000000
v 73.00000000 63.50000000 85.00000000
v 73.00000000 63.50000000 92.00000000
v 73.00000000 64.00000000 92.50000000
v 73.00000000 65.00000000 78.50000000
v 72.50000000 65.00000000 79.00000000
v 73.00000000 64.50000000 79.00000000
v 73.00000000 64.50000000 93.00000000
v 73.00000000 65.00000000 93.50000000
v 73.00000000 65.50000000 79.00000000
v 73.00000000 65.50000000 80.00000000
v 73.00000000 65.50000000 81.00000000
v 73.00000000 65.50000000 82.00000000
v 72.50000000 66.00000000 83.00000000
v 73.00000000 66.00000000 82.50000000
v 73.00000000 65.50000000 94.00000000
v 73.00000000 66.00000000 94.50000000
v 73.00000000 66.50000000 83.00000000
v 73.00000000 66.50000000 84.00000000
v 73.00000000 67.00000000 84.50000000
v 73.00000000 66.50000000 95.00000000
v 73.00000000 67.00000000 95.50000000
v 72.50000000 68.00000000 84.00000000
v 73.00000000 68.00000000 83.50000000
v 73.00000000 67.50000000 84.00000000
v 73.00000000 67.50000000 85.00000000
v 73.00000000 68.00000000 84.50000000
v 72.50000000 68.00000000 86.00000000
v 73.00000000 67.50000000 86.00000000
v 72.50000000 68.00000000 87.00000000
v 73.00000000 68.00000000 86.50000000
v 73.00000000 67.50000000 96.00000000
v 72.50000000 68.00000000 96.00000000
v 73.00000000 68.00000000 96.50000000
v 73.00000000 68.50000000 84.00000000
v 73.00000000 69.00000000 85.50000000
v 72.50000000 69.00000000 86.00000000
v 73.00000000 68.50000000 86.00000000
v 73.00000000 68.50000000 87.00000000
v 73.00000000 69.00000000 86.50000000
v 73.00000000 69.00000000 87.50000000
v 73.00000000 68.50000000 97.00000000
v 73.00000000 69.00000000 97.50000000
v 73.00000000 69.50000000 86.00000000
v 72.50000000 70.00000000 88.00000000
v 73.00000000 70.00000000 87.50000000
v 73.00000000 69.50000000 98.00000000
v 73.00000000 70.00000000 98.50000000
v 73.00000000 70.50000000 88.00000000
v 73.00000000 70.50000000 89.00000000
v 73.00000000 71.00000000 89.50000000
v 73.00000000 70.50000000 99.00000000
v 73.00000000 70.50000000 100.00000000
v 72.50000000 71.00000000 100.00000000
v 73.00000000 71.00000000 100.50000000
v 72.50000000 72.00000000 90.00000000
v 73.00000000 72.00000000 89.50000000
v 73.00000000 71.50000000 101.00000000
v 73.00000000 71.50000000 102.00000000
v 72.50000000 72.00000000 102.00000000
v 73.00000000 72.00000000 102.50000000
v 72.50000000 73.00000000 90.00000000
v 73.00000000 73.00000000 89.50000000
v 72.50000000 72.50000000 90.50000000
v 72.50000000 73.00000000 91.00000000
v 73.00000000 72.50000000 91.00000000
v 73.00000000 73.00000000 90.50000000
v 73.00000000 72.50000000 92.00000000
v 73.00000000 72.50000000 93.00000000
v 73.00000000 72.50000000 94.00000000
v 73.00000000 72.50000000 95.00000000
v 72.50000000 73.00000000 96.00000000
v 73.00000000 73.00000000 95.50000000
v 73.00000000 73.00000000 102.50000000
v 73.00000000 74.00000000 89.50000000
v 73.00000000 74.00000000 90.50000000
v 73.00000000 73.50000000 96.00000000
v 73.00000000 73.50000000 97.00000000
v 73.00000000 73.50000000 98.00000000
v 73.00000000 74.00000000 98.50000000
v 72.50000000 74.00000000 101.00000000
v 73.00000000 73.50000000 101.00000000
v 73.00000000 74.00000000 100.50000000
v 73.00000000 74.00000000 101.50000000
v 72.50000000 74.00000000 103.00000000
v 73.00000000 74.00000000 102.50000000
v 72.50000000 75.00000000 90.00000000
v 73.00000000 75.00000000 89.50000000
v 73.00000000 75.00000000 90.50000000
v 73.00000000 74.50000000 99.00000000
v 72.50000000 75.00000000 100.00000000
v 73.00000000 74.50000000 100.00000000
v 72.50000000 75.00000000 101.00000000
v 73.00000000 74.50000000 102.00000000
v 72.50000000 75.00000000 102.00000000
v 72.50000000 76.00000000 90.00000000
v 73.00000000 76.00000000 89.50000000
v 73.00000000 76.00000000 90.50000000
v 72.50000000 77.00000000 90.00000000
v 73.00000000 77.00000000 89.50000000
v 73.00000000 77.00000000 90.50000000
v 72.50000000 78.00000000 75.00000000
v 73.00000000 78.00000000 74.50000000
v 73.00000000 77.50000000 75.00000000
v 73.00000000 77.50000000 76.00000000
v 72.50000000 78.00000000 76.00000000
v 73.00000000 77.50000000 77.00000000
v 72.50000000 78.00000000 77.00000000
v 73.00000000 78.00000000 77.50000000
v 73.00000000 77.50000000 90.00000000
v 72.50000000 79.00000000 74.00000000
v 73.00000000 79.00000000 73.50000000
v 73.00000000 78.50000000 74.00000000
v 72.50000000 78.50000000 76.50000000
v 72.50000000 79.00000000 77.00000000
v 73.00000000 79.00000000 76.50000000
v 73.00000000 78.50000000 77.00000000
v 73.00000000 80.00000000 73.50000000
v 72.50000000 80.00000000 77.00000000
v 73.00000000 80.00000000 76.50000000
v 72.50000000 81.00000000 74.00000000
v 73.00000000 81.00000000 73.50000000
v 72.50000000 81.00000000 75.00000000
v 72.50000000 81.00000000 76.00000000
v 73.00000000 81.00000000 76.50000000
v 73.00000000 81.50000000 74.00000000
v 73.00000000 81.50000000 75.00000000
v 73.00000000 81.50000000 76.00000000
v 73.00000000 85.00000000 77.50000000
v 73.00000000 84.50000000 78.00000000
v 73.00000000 85.00000000 78.50000000
v 73.00000000 85.50000000 78.00000000
v 73.00000000 86.00000000 78.50000000
v 73.00000000 85.50000000 79.00000000
v 73.00000000 85.50000000 80.00000000
v 73.00000000 86.00000000 80.50000000
v 72.50000000 87.00000000 79.00000000
v 73.00000000 87.00000000 78.50000000
v 73.00000000 86.50000000 81.00000000
v 72.50000000 87.00000000 81.00000000
v 73.00000000 87.00000000 81.50000000
v 73.00000000 87.50000000 79.00000000
v 73.00000000 87.50000000 80.00000000
v 73.00000000 87.50000000 81.00000000
v 73.00000000 88.00000000 81.50000000
v 72.50000000 88.00000000 82.00000000
v 73.00000000 87.50000000 82.00000000
v 73.00000000 87.50000000 83.00000000
v 72.50000000 88.00000000 83.00000000
v 73.00000000 87.50000000 84.00000000
v 72.50000000 88.00000000 84.00000000
v 73.00000000 87.50000000 85.00000000
v 72.50000000 88.00000000 85.00000000
v 73.00000000 87.50000000 86.00000000
v 72.50000000 88.00000000 86.00000000
v 73.00000000 88.00000000 86.50000000
v 73.00000000 88.50000000 82.00000000
v 73.00000000 88.50000000 83.00000000
v 73.00000000 88.50000000 84.00000000
v 73.00000000 88.50000000 85.00000000
v 73.00000000 88.50000000 86.00000000
v 72.50000000 92.00000000 75.00000000
v 73.00000000 92.00000000 74.50000000
v 73.00000000 91.50000000 75.00000000
v 73.00000000 92.00000000 75.50000000
v 72.50000000 93.00000000 75.00000000
v 73.00000000 93.00000000 74.50000000
v 73.00000000 92.50000000 76.00000000
v 72.50000000 93.00000000 76.00000000
v 73.00000000 92.50000000 77.00000000
v 72.50000000 93.00000000 77.00000000
v 73.00000000 93.00000000 77.50000000
v 72.50000000 94.00000000 75.00000000
v 73.00000000 94.00000000 74.50000000
v 72.50000000 94.00000000 76.00000000
v 73.00000000 93.50000000 78.00000000
v 73.00000000 93.50000000 79.00000000
v 73.00000000 93.50000000 80.00000000
v 72.50000000 94.00000000 80.00000000
v 73.00000000 94.00000000 80.50000000
v 72.50000000 95.00000000 75.00000000
v 73.00000000 95.00000000 74.50000000
v 72.50000000 95.00000000 76.00000000
v 73.00000000 95.00000000 80.50000000
v 72.50000000 95.00000000 81.00000000
v 73.00000000 95.50000000 75.00000000
v 73.00000000 95.50000000 76.00000000
v 72.50000000 96.00000000 77.00000000
v 73.00000000 96.00000000 76.50000000
v 73.00000000 96.00000000 77.50000000
v 73.00000000 95.50000000 78.00000000
v 72.50000000 96.00000000 79.00000000
v 73.00000000 95.50000000 79.00000000
v 72.50000000 96.00000000 80.00000000
v 73.00000000 95.50000000 80.00000000
v 72.50000000 96.00000000 81.00000000
v 72.50000000 96.00000000 82.00000000
v 72.50000000 96.00000000 83.00000000
v 73.00000000 96.50000000 77.00000000
v 73.50000000 46.00000000 77.00000000
v 73.50000000 46.00000000 78.00000000
v 73.50000000 46.00000000 79.00000000
v 74.00000000 46.00000000 79.50000000
v 74.00000000 45.50000000 80.00000000
v 74.00000000 45.50000000 81.00000000
v 74.00000000 45.50000000 82.00000000
v 74.00000000 45.50000000 83.00000000
v 73.50000000 46.00000000 84.00000000
v 74.00000000 46.00000000 83.50000000
v 73.50000000 47.00000000 77.00000000
v 73.50000000 47.00000000 78.00000000
v 73.50000000 47.00000000 79.00000000
v 74.00000000 46.50000000 80.00000000
v 73.50000000 47.00000000 80.00000000
v 73.50000000 47.00000000 81.00000000
v 74.00000000 46.50000000 81.00000000
v 73.50000000 47.00000000 82.00000000
v 74.00000000 46.50000000 82.00000000
v 73.50000000 47.00000000 83.00000000
v 74.00000000 46.50000000 83.00000000
v 73.50000000 47.00000000 84.00000000
v 73.50000000 48.00000000 78.00000000
v 73.50000000 48.00000000 79.00000000
v 73.50000000 48.00000000 80.00000000
v 73.50000000 48.00000000 84.00000000
v 73.50000000 49.00000000 85.00000000
v 73.50000000 60.00000000 87.00000000
v 73.50000000 60.00000000 88.00000000
v 73.50000000 60.00000000 89.00000000
v 73.50000000 61.00000000 86.00000000
v 73.50000000 61.00000000 87.00000000
v 74.00000000 61.00000000 87.50000000
v 74.00000000 60.50000000 88.00000000
v 74.00000000 61.00000000 88.50000000
v 73.50000000 61.00000000 89.00000000
v 73.50000000 62.00000000 82.00000000
v 73.50000000 62.00000000 86.00000000
v 74.00000000 62.00000000 86.50000000
v 74.00000000 61.50000000 87.00000000
v 74.00000000 61.50000000 89.00000000
v 73.50000000 62.00000000 90.00000000
v 74.00000000 62.00000000 89.50000000
v 73.50000000 63.00000000 81.00000000
v 73.50000000 63.00000000 82.00000000
v 73.50000000 63.00000000 83.00000000
v 74.00000000 63.00000000 85.50000000
v 74.00000000 62.50000000 86.00000000
v 74.00000000 62.50000000 90.00000000
v 73.50000000 63.00000000 91.00000000
v 74.00000000 63.00000000 90.50000000
v 73.50000000 64.00000000 80.00000000
v 74.00000000 64.00000000 80.50000000
v 74.00000000 63.50000000 81.00000000
v 74.00000000 63.50000000 82.00000000
v 74.00000000 64.00000000 82.50000000
v 73.50000000 64.00000000 83.00000000
v 73.50000000 64.00000000 84.00000000
v 73.50000000 64.00000000 85.00000000
v 74.00000000 64.00000000 85.50000000
v 74.00000000 63.50000000 91.00000000
v 73.50000000 64.00000000 92.00000000
v 74.00000000 64.00000000 91.50000000
v 73.50000000 65.00000000 79.00000000
v 74.00000000 65.00000000 79.50000000
v 74.00000000 64.50000000 80.00000000
v 74.00000000 64.50000000 83.00000000
v 74.00000000 64.50000000 84.00000000
v 74.00000000 64.50000000 85.00000000
v 74.00000000 64.50000000 92.00000000
v 73.50000000 65.00000000 93.00000000
v 74.00000000 65.00000000 92.50000000
v 74.00000000 65.50000000 80.00000000
v 73.50000000 66.00000000 81.00000000
v 74.00000000 66.00000000 80.50000000
v 73.50000000 66.00000000 82.00000000
v 74.00000000 65.50000000 93.00000000
v 73.50000000 66.00000000 94.00000000
v 74.00000000 66.00000000 93.50000000
v 74.00000000 66.50000000 81.00000000
v 74.00000000 66.50000000 82.00000000
v 74.00000000 66.50000000 83.00000000
v 73.50000000 67.00000000 84.00000000
v 74.00000000 67.00000000 83.50000000
v 74.00000000 66.50000000 94.00000000
v 73.50000000 67.00000000 95.00000000
v 74.00000000 67.00000000 94.50000000
v 73.50000000 68.00000000 84.00000000
v 74.00000000 67.50000000 84.00000000
v 74.00000000 67.50000000 85.00000000
v 74.00000000 67.50000000 86.00000000
v 74.00000000 68.00000000 86.50000000
v 74.00000000 67.50000000 95.00000000
v 73.50000000 68.00000000 96.00000000
v 74.00000000 68.00000000 95.50000000
v 73.50000000 69.00000000 86.00000000
v 73.50000000 69.00000000 87.00000000
v 74.00000000 69.00000000 86.50000000
v 74.00000000 68.50000000 96.00000000
v 74.00000000 68.50000000 97.00000000
v 74.00000000 69.00000000 97.50000000
v 74.00000000 69.50000000 87.00000000
v 74.00000000 70.00000000 87.50000000
v 74.00000000 69.50000000 98.00000000
v 74.00000000 70.00000000 98.50000000
v 74.00000000 70.50000000 88.00000000
v 74.00000000 70.50000000 89.00000000
v 74.00000000 71.00000000 89.50000000
v 74.00000000 70.50000000 99.00000000
v 73.50000000 71.00000000 100.00000000
v 74.00000000 71.00000000 99.50000000
v 74.00000000 71.50000000 90.00000000
v 73.50000000 72.00000000 90.00000000
v 74.00000000 72.00000000 90.50000000
v 74.00000000 71.50000000 100.00000000
v 74.00000000 71.50000000 101.00000000
v 73.50000000 72.00000000 102.00000000
v 74.00000000 72.00000000 101.50000000
v 73.50000000 73.00000000 90.00000000
v 74.00000000 72.50000000 91.00000000
v 74.00000000 72.50000000 92.00000000
v 74.00000000 72.50000000 93.00000000
v 74.00000000 72.50000000 94.00000000
v 74.00000000 72.50000000 95.00000000
v 73.50000000 73.00000000 96.00000000
v 74.00000000 72.50000000 96.00000000
v 74.00000000 73.00000000 96.50000000
v 74.00000000 72.50000000 102.00000000
v 74.00000000 72.50000000 103.00000000
v 73.50000000 73.00000000 103.00000000
v 74.00000000 73.00000000 103.50000000
v 74.00000000 74.00000000 89.50000000
v 74.00000000 73.50000000 90.00000000
v 74.00000000 74.00000000 90.50000000
v 74.00000000 73.50000000 97.00000000
v 74.00000000 73.50000000 98.00000000
v 73.50000000 74.00000000 99.00000000
v 74.00000000 73.50000000 99.00000000
v 73.50000000 74.00000000 100.00000000
v 74.00000000 73.50000000 100.00000000
v 74.00000000 73.50000000 101.00000000
v 74.00000000 74.00000000 101.50000000
v 73.50000000 74.00000000 103.00000000
v 74.00000000 74.00000000 103.50000000
v 74.00000000 75.00000000 89.50000000
v 74.00000000 74.50000000 91.00000000
v 73.50000000 75.00000000 91.00000000
v 74.00000000 75.00000000 91.50000000
v 74.00000000 74.50000000 102.00000000
v 74.00000000 74.50000000 103.00000000
v 74.00000000 75.50000000 90.00000000
v 73.50000000 76.00000000 90.00000000
v 74.00000000 75.50000000 91.00000000
v 73.50000000 77.00000000 75.00000000
v 74.00000000 77.00000000 74.50000000
v 74.00000000 76.50000000 75.00000000
v 74.00000000 76.50000000 76.00000000
v 73.50000000 77.00000000 76.00000000
v 74.00000000 77.00000000 76.50000000
v 74.00000000 77.00000000 89.50000000
v 74.00000000 76.50000000 90.00000000
v 74.00000000 77.00000000 90.50000000
v 73.50000000 78.00000000 74.00000000
v 74.00000000 78.00000000 73.50000000
v 74.00000000 77.50000000 74.00000000
v 74.00000000 78.00000000 76.50000000
v 73.50000000 78.00000000 77.00000000
v 73.50000000 78.00000000 90.00000000
v 74.00000000 78.00000000 89.50000000
v 74.00000000 78.00000000 90.50000000
v 74.00000000 79.00000000 73.50000000
v 73.50000000 79.00000000 76.00000000
v 74.00000000 78.50000000 76.00000000
v 74.00000000 79.00000000 75.50000000
v 73.50000000 79.00000000 89.00000000
v 74.00000000 79.00000000 88.50000000
v 74.00000000 78.50000000 89.00000000
v 73.50000000 79.00000000 90.00000000
v 74.00000000 79.00000000 90.50000000
v 74.00000000 80.00000000 73.50000000
v 73.50000000 80.00000000 76.00000000
v 74.00000000 80.00000000 75.50000000
v 73.50000000 80.00000000 89.00000000
v 74.00000000 80.00000000 88.50000000
v 73.50000000 80.00000000 90.00000000
v 74.00000000 80.00000000 90.50000000
v 74.00000000 81.00000000 73.50000000
v 73.50000000 81.00000000 75.00000000
v 74.00000000 80.50000000 75.00000000
v 74.00000000 81.00000000 74.50000000
v 73.50000000 81.00000000 76.00000000
v 74.00000000 80.50000000 89.00000000
v 74.00000000 80.50000000 90.00000000
v 74.00000000 81.50000000 74.00000000
v 73.50000000 85.00000000 78.00000000
v 73.50000000 85.00000000 89.00000000
v 74.00000000 85.00000000 88.50000000
v 74.00000000 84.50000000 89.00000000
v 74.00000000 84.50000000 90.00000000
v 73.50000000 85.00000000 90.00000000
v 74.00000000 85.00000000 90.50000000
v 74.00000000 86.00000000 78.50000000
v 74.00000000 85.50000000 79.00000000
v 74.00000000 85.50000000 80.00000000
v 74.00000000 86.00000000 80.50000000
v 73.50000000 86.00000000 88.00000000
v 74.00000000 86.00000000 87.50000000
v 74.00000000 85.50000000 88.00000000
v 73.50000000 86.00000000 89.00000000
v 73.50000000 86.00000000 90.00000000
v 74.00000000 86.00000000 90.50000000
v 74.00000000 86.50000000 79.00000000
v 73.50000000 87.00000000 79.00000000
v 74.00000000 87.00000000 79.50000000
v 74.00000000 86.50000000 81.00000000
v 74.00000000 87.00000000 81.50000000
v 73.50000000 87.00000000 87.00000000
v 74.00000000 87.00000000 86.50000000
v 74.00000000 86.50000000 87.00000000
v 73.50000000 87.00000000 88.00000000
v 73.50000000 87.00000000 89.00000000
v 74.00000000 87.00000000 89.50000000
v 74.00000000 86.50000000 90.00000000
v 74.00000000 87.50000000 80.00000000
v 73.50000000 88.00000000 81.00000000
v 74.00000000 88.00000000 80.50000000
v 73.50000000 87.50000000 81.50000000
v 74.00000000 87.50000000 82.00000000
v 74.00000000 87.50000000 83.00000000
v 74.00000000 87.50000000 84.00000000
v 74.00000000 87.50000000 85.00000000
v 74.00000000 87.50000000 86.00000000
v 73.50000000 88.00000000 87.00000000
v 74.00000000 88.00000000 87.50000000
v 74.00000000 87.50000000 88.00000000
v 74.00000000 87.50000000 89.00000000
v 74.00000000 88.50000000 81.00000000
v 74.00000000 88.50000000 82.00000000
v 74.00000000 88.50000000 83.00000000
v 74.00000000 88.50000000 84.00000000
v 74.00000000 88.50000000 85.00000000
v 74.00000000 88.50000000 86.00000000
v 74.00000000 88.50000000 87.00000000
v 73.50000000 92.00000000 74.00000000
v 74.00000000 92.00000000 73.50000000
v 74.00000000 91.50000000 74.00000000
v 74.00000000 91.50000000 75.00000000
v 74.00000000 91.50000000 76.00000000
v 73.50000000 92.00000000 76.00000000
v 74.00000000 92.00000000 76.50000000
v 73.50000000 93.00000000 74.00000000
v 74.00000000 93.00000000 73.50000000
v 74.00000000 92.50000000 77.00000000
v 74.00000000 92.50000000 78.00000000
v 73.50000000 93.00000000 78.00000000
v 74.00000000 93.00000000 78.50000000
v 73.50000000 94.00000000 74.00000000
v 74.00000000 94.00000000 73.50000000
v 74.00000000 93.50000000 79.00000000
v 73.50000000 94.00000000 80.00000000
v 74.00000000 94.00000000 79.50000000
v 73.50000000 95.00000000 74.00000000
v 74.00000000 95.00000000 73.50000000
v 73.50000000 95.00000000 79.00000000
v 74.00000000 94.50000000 79.00000000
v 74.00000000 95.00000000 78.50000000
v 73.50000000 95.00000000 80.00000000
v 74.00000000 95.50000000 74.00000000
v 74.00000000 95.50000000 75.00000000
v 74.00000000 95.50000000 76.00000000
v 73.50000000 96.00000000 77.00000000
v 74.00000000 95.50000000 77.00000000
v 74.00000000 95.50000000 78.00000000
v 74.50000000 46.00000000 80.00000000
v 74.50000000 46.00000000 81.00000000
v 74.50000000 46.00000000 82.00000000
v 74.50000000 46.00000000 83.00000000
v 74.50000000 61.00000000 88.00000000
v 74.50000000 62.00000000 87.00000000
v 74.50000000 62.00000000 88.00000000
v 74.50000000 62.00000000 89.00000000
v 74.50000000 63.00000000 86.00000000
v 74.50000000 63.00000000 87.00000000
v 74.50000000 63.00000000 88.00000000
v 74.50000000 63.00000000 89.00000000
v 74.50000000 63.00000000 90.00000000
v 74.50000000 64.00000000 81.00000000
v 74.50000000 64.00000000 82.00000000
v 74.50000000 64.00000000 86.00000000
v 74.50000000 64.00000000 87.00000000
v 74.50000000 64.00000000 88.00000000
v 74.50000000 64.00000000 89.00000000
v 74.50000000 64.00000000 90.00000000
v 74.50000000 64.00000000 91.00000000
v 74.50000000 65.00000000 80.00000000
v 74.50000000 65.00000000 81.00000000
v 74.50000000 65.00000000 82.00000000
v 74.50000000 65.00000000 83.00000000
v 74.50000000 65.00000000 84.00000000
v 75.00000000 65.00000000 84.50000000
v 75.00000000 64.50000000 85.00000000
v 75.00000000 64.50000000 86.00000000
v 75.00000000 64.50000000 87.00000000
v 75.00000000 64.50000000 88.00000000
v 75.00000000 64.50000000 89.00000000
v 75.00000000 64.50000000 90.00000000
v 75.00000000 65.00000000 90.50000000
v 74.50000000 65.00000000 91.00000000
v 74.50000000 65.00000000 92.00000000
v 75.00000000 66.00000000 79.50000000
v 74.50000000 66.00000000 80.00000000
v 75.00000000 65.50000000 80.00000000
v 75.00000000 65.50000000 81.00000000
v 74.50000000 65.50000000 80.50000000
v 75.00000000 65.50000000 82.00000000
v 75.00000000 65.50000000 83.00000000
v 75.00000000 65.50000000 84.00000000
v 75.00000000 65.50000000 91.00000000
v 75.00000000 65.50000000 92.00000000
v 74.50000000 66.00000000 93.00000000
v 75.00000000 66.00000000 92.50000000
v 74.50000000 67.00000000 80.00000000
v 75.00000000 67.00000000 79.50000000
v 74.50000000 67.00000000 81.00000000
v 74.50000000 67.00000000 82.00000000
v 74.50000000 67.00000000 83.00000000
v 75.00000000 66.50000000 93.00000000
v 74.50000000 67.00000000 94.00000000
v 75.00000000 67.00000000 93.50000000
v 75.00000000 67.50000000 80.00000000
v 75.00000000 67.50000000 81.00000000
v 75.00000000 67.50000000 82.00000000
v 75.00000000 67.50000000 83.00000000
v 74.50000000 68.00000000 84.00000000
v 75.00000000 68.00000000 83.50000000
v 74.50000000 68.00000000 85.00000000
v 74.50000000 68.00000000 86.00000000
v 75.00000000 67.50000000 94.00000000
v 75.00000000 67.50000000 95.00000000
v 75.00000000 68.00000000 95.50000000
v 75.00000000 68.50000000 84.00000000
v 75.00000000 68.50000000 85.00000000
v 74.50000000 69.00000000 86.00000000
v 75.00000000 69.00000000 85.50000000
v 75.00000000 68.50000000 96.00000000
v 75.00000000 68.50000000 97.00000000
v 75.00000000 69.00000000 97.50000000
v 75.00000000 69.50000000 86.00000000
v 75.00000000 69.50000000 87.00000000
v 75.00000000 70.00000000 87.50000000
v 75.00000000 69.50000000 98.00000000
v 75.00000000 70.00000000 98.50000000
v 75.00000000 70.50000000 88.00000000
v 75.00000000 70.50000000 89.00000000
v 75.00000000 71.00000000 89.50000000
v 75.00000000 70.50000000 99.00000000
v 75.00000000 71.00000000 99.50000000
v 74.50000000 72.00000000 90.00000000
v 75.00000000 72.00000000 89.50000000
v 75.00000000 71.50000000 100.00000000
v 74.50000000 72.00000000 101.00000000
v 75.00000000 72.00000000 100.50000000
v 75.00000000 71.50000000 102.00000000
v 75.00000000 72.00000000 101.50000000
v 74.50000000 72.00000000 102.00000000
v 75.00000000 72.00000000 102.50000000
v 74.50000000 73.00000000 89.00000000
v 75.00000000 73.00000000 88.50000000
v 75.00000000 72.50000000 89.00000000
v 74.50000000 73.00000000 90.00000000
v 75.00000000 72.50000000 91.00000000
v 75.00000000 73.00000000 90.50000000
v 75.00000000 72.50000000 92.00000000
v 75.00000000 72.50000000 93.00000000
v 75.00000000 72.50000000 94.00000000
v 75.00000000 72.50000000 95.00000000
v 75.00000000 72.50000000 96.00000000
v 74.50000000 73.00000000 97.00000000
v 75.00000000 72.50000000 97.00000000
v 74.50000000 73.00000000 98.00000000
v 75.00000000 72.50000000 98.00000000
v 75.00000000 73.00000000 98.50000000
v 74.50000000 73.00000000 100.00000000
v 75.00000000 72.50000000 100.00000000
v 75.00000000 73.00000000 99.50000000
v 75.00000000 72.50000000 101.00000000
v 75.00000000 73.00000000 100.50000000
v 74.50000000 73.00000000 102.00000000
v 75.00000000 72.50000000 102.00000000
v 75.00000000 73.00000000 101.50000000
v 75.00000000 73.00000000 102.50000000
v 75.00000000 72.50000000 103.00000000
v 75.00000000 73.00000000 103.50000000
v 75.00000000 73.50000000 89.00000000
v 75.00000000 74.00000000 89.50000000
v 75.00000000 74.00000000 90.50000000
v 75.00000000 73.50000000 99.00000000
v 75.00000000 73.50000000 101.00000000
v 74.50000000 73.50000000 101.50000000
v 75.00000000 73.50000000 102.00000000
v 75.00000000 74.00000000 101.50000000
v 75.00000000 74.00000000 102.50000000
v 74.50000000 74.00000000 103.00000000
v 75.00000000 73.50000000 103.00000000
v 75.00000000 75.00000000 89.50000000
v 75.00000000 74.50000000 91.00000000
v 75.00000000 75.00000000 91.50000000
v 75.00000000 74.50000000 102.00000000
v 74.50000000 76.00000000 89.00000000
v 75.00000000 76.00000000 88.50000000
v 75.00000000 75.50000000 89.00000000
v 74.50000000 76.00000000 90.00000000
v 74.50000000 76.00000000 91.00000000
v 75.00000000 76.00000000 91.50000000
v 75.00000000 77.00000000 74.50000000
v 75.00000000 76.50000000 75.00000000
v 75.00000000 76.50000000 76.00000000
v 75.00000000 77.00000000 76.50000000
v 74.50000000 77.00000000 89.00000000
v 75.00000000 77.00000000 88.50000000
v 75.00000000 76.50000000 91.00000000
v 75.00000000 77.00000000 90.50000000
v 74.50000000 78.00000000 74.00000000
v 75.00000000 77.50000000 75.00000000
v 74.50000000 78.00000000 75.00000000
v 74.50000000 78.00000000 76.00000000
v 75.00000000 77.50000000 76.00000000
v 74.50000000 78.00000000 89.00000000
v 75.00000000 78.00000000 88.50000000
v 75.00000000 77.50000000 91.00000000
v 74.50000000 78.00000000 91.00000000
v 75.00000000 78.00000000 91.50000000
v 74.50000000 79.00000000 74.00000000
v 75.00000000 79.00000000 74.50000000
v 75.00000000 78.50000000 75.00000000
v 75.00000000 79.00000000 75.50000000
v 75.00000000 79.00000000 88.50000000
v 74.50000000 79.00000000 91.00000000
v 75.00000000 79.00000000 91.50000000
v 74.50000000 80.00000000 74.00000000
v 75.00000000 80.00000000 74.50000000
v 75.00000000 80.00000000 75.50000000
v 75.00000000 80.00000000 88.50000000
v 75.00000000 79.50000000 91.00000000
v 75.00000000 80.00000000 90.50000000
v 74.50000000 81.00000000 74.00000000
v 75.00000000 80.50000000 75.00000000
v 75.00000000 80.50000000 89.00000000
v 75.00000000 80.50000000 90.00000000
v 74.50000000 85.00000000 79.00000000
v 75.00000000 85.00000000 78.50000000
v 75.00000000 84.50000000 79.00000000
v 75.00000000 85.00000000 79.50000000
v 74.50000000 85.00000000 89.00000000
v 74.50000000 85.00000000 90.00000000
v 74.50000000 86.00000000 79.00000000
v 75.00000000 85.50000000 79.00000000
v 75.00000000 86.00000000 79.50000000
v 75.00000000 85.50000000 80.00000000
v 75.00000000 86.00000000 80.50000000
v 74.50000000 86.00000000 87.00000000
v 75.00000000 86.00000000 86.50000000
v 75.00000000 85.50000000 87.00000000
v 75.00000000 85.50000000 88.00000000
v 74.50000000 86.00000000 89.00000000
v 75.00000000 86.00000000 88.50000000
v 74.50000000 86.00000000 90.00000000
v 75.00000000 87.00000000 79.50000000
v 75.00000000 86.50000000 81.00000000
v 75.00000000 86.50000000 82.00000000
v 74.50000000 87.00000000 82.00000000
v 75.00000000 86.50000000 83.00000000
v 74.50000000 87.00000000 83.00000000
v 75.00000000 86.50000000 84.00000000
v 74.50000000 87.00000000 84.00000000
v 75.00000000 86.50000000 85.00000000
v 74.50000000 87.00000000 85.00000000
v 75.00000000 86.50000000 86.00000000
v 74.50000000 87.00000000 86.00000000
v 75.00000000 86.50000000 89.00000000
v 75.00000000 87.00000000 89.50000000
v 75.00000000 87.50000000 80.00000000
v 74.50000000 88.00000000 81.00000000
v 75.00000000 87.50000000 81.00000000
v 75.00000000 88.00000000 81.50000000
v 74.50000000 88.00000000 88.00000000
v 75.00000000 88.00000000 88.50000000
v 75.00000000 87.50000000 89.00000000
v 75.00000000 88.50000000 82.00000000
v 75.00000000 88.50000000 83.00000000
v 75.00000000 88.50000000 84.00000000
v 75.00000000 88.50000000 85.00000000
v 75.00000000 88.50000000 86.00000000
v 75.00000000 88.50000000 87.00000000
v 75.00000000 88.50000000 88.00000000
v 74.50000000 92.00000000 72.00000000
v 75.00000000 92.00000000 71.50000000
v 75.00000000 91.50000000 72.00000000
v 75.00000000 91.50000000 73.00000000
v 74.50000000 92.00000000 73.00000000
v 75.00000000 91.50000000 74.00000000
v 75.00000000 91.50000000 75.00000000
v 74.50000000 92.00000000 76.00000000
v 75.00000000 92.00000000 75.50000000
v 74.50000000 93.00000000 72.00000000
v 75.00000000 93.00000000 71.50000000
v 74.50000000 93.00000000 73.00000000
v 75.00000000 92.50000000 76.00000000
v 75.00000000 92.50000000 77.00000000
v 74.50000000 93.00000000 78.00000000
v 75.00000000 93.00000000 77.50000000
v 75.00000000 93.50000000 72.00000000
v 74.50000000 94.00000000 73.00000000
v 75.00000000 94.00000000 72.50000000
v 74.50000000 94.00000000 78.00000000
v 75.00000000 94.00000000 77.50000000
v 74.50000000 94.00000000 79.00000000
v 74.50000000 95.00000000 73.00000000
v 75.00000000 95.00000000 72.50000000
v 74.50000000 95.00000000 76.00000000
v 75.00000000 94.50000000 76.00000000
v 75.00000000 95.00000000 75.50000000
v 74.50000000 95.00000000 77.00000000
v 75.00000000 94.50000000 77.00000000
v 74.50000000 95.00000000 78.00000000
v 75.00000000 95.50000000 73.00000000
v 75.00000000 95.50000000 74.00000000
v 75.00000000 95.50000000 75.00000000
v 75.50000000 65.00000000 85.00000000
v 75.50000000 65.00000000 86.00000000
v 75.50000000 65.00000000 87.00000000
v 75.50000000 65.00000000 88.00000000
v 75.50000000 65.00000000 89.00000000
v 75.50000000 65.00000000 90.00000000
v 75.50000000 66.00000000 80.00000000
v 76.00000000 66.00000000 80.50000000
v 76.00000000 65.50000000 81.00000000
v 76.00000000 65.50000000 82.00000000
v 76.00000000 65.50000000 83.00000000
v 76.00000000 65.50000000 84.00000000
v 76.00000000 65.50000000 85.00000000
v 76.00000000 65.50000000 86.00000000
v 76.00000000 65.50000000 87.00000000
v 76.00000000 65.50000000 88.00000000
v 76.00000000 65.50000000 89.00000000
v 76.00000000 65.50000000 90.00000000
v 75.50000000 66.00000000 91.00000000
v 76.00000000 66.00000000 90.50000000
v 75.50000000 66.00000000 92.00000000
v 75.50000000 67.00000000 79.00000000
v 76.00000000 67.00000000 78.50000000
v 76.00000000 66.50000000 79.00000000
v 76.00000000 66.50000000 80.00000000
v 76.00000000 66.50000000 91.00000000
v 76.00000000 66.50000000 92.00000000
v 75.50000000 67.00000000 93.00000000
v 76.00000000 67.00000000 92.50000000
v 75.50000000 68.00000000 79.00000000
v 76.00000000 68.00000000 78.50000000
v 75.50000000 68.00000000 80.00000000
v 75.50000000 68.00000000 81.00000000
v 75.50000000 68.00000000 82.00000000
v 75.50000000 68.00000000 83.00000000
v 76.00000000 67.50000000 93.00000000
v 76.00000000 67.50000000 94.00000000
v 76.00000000 67.50000000 95.00000000
v 76.00000000 68.00000000 95.50000000
v 76.00000000 68.50000000 79.00000000
v 76.00000000 68.50000000 80.00000000
v 76.00000000 68.50000000 81.00000000
v 76.00000000 68.50000000 82.00000000
v 75.50000000 69.00000000 83.00000000
v 76.00000000 69.00000000 82.50000000
v 75.50000000 69.00000000 84.00000000
v 75.50000000 69.00000000 85.00000000
v 76.00000000 68.50000000 96.00000000
v 76.00000000 68.50000000 97.00000000
v 76.00000000 69.00000000 97.50000000
v 75.50000000 70.00000000 75.00000000
v 76.00000000 70.00000000 74.50000000
v 76.00000000 69.50000000 75.00000000
v 76.00000000 69.50000000 76.00000000
v 75.50000000 70.00000000 76.00000000
v 76.00000000 70.00000000 76.50000000
v 76.00000000 69.50000000 83.00000000
v 76.00000000 69.50000000 84.00000000
v 76.00000000 69.50000000 85.00000000
v 76.00000000 69.50000000 86.00000000
v 75.50000000 70.00000000 87.00000000
v 76.00000000 70.00000000 86.50000000
v 76.00000000 69.50000000 98.00000000
v 76.00000000 70.00000000 98.50000000
v 75.50000000 71.00000000 74.00000000
v 76.00000000 71.00000000 73.50000000
v 76.00000000 70.50000000 74.00000000
v 75.50000000 71.00000000 75.00000000
v 75.50000000 71.00000000 76.00000000
v 76.00000000 70.50000000 77.00000000
v 75.50000000 71.00000000 77.00000000
v 76.00000000 71.00000000 77.50000000
v 76.00000000 70.50000000 87.00000000
v 76.00000000 70.50000000 88.00000000
v 75.50000000 71.00000000 89.00000000
v 76.00000000 71.00000000 88.50000000
v 76.00000000 70.50000000 99.00000000
v 76.00000000 71.00000000 99.50000000
v 75.50000000 72.00000000 73.00000000
v 76.00000000 72.00000000 72.50000000
v 76.00000000 71.50000000 73.00000000
v 75.50000000 72.00000000 74.00000000
v 75.50000000 72.00000000 75.00000000
v 75.50000000 72.00000000 76.00000000
v 76.00000000 72.00000000 76.50000000
v 76.00000000 71.50000000 77.00000000
v 75.50000000 72.00000000 89.00000000
v 76.00000000 72.00000000 88.50000000
v 76.00000000 71.50000000 100.00000000
v 76.00000000 71.50000000 101.00000000
v 75.50000000 72.00000000 101.00000000
v 76.00000000 72.00000000 101.50000000
v 75.50000000 72.00000000 102.00000000
v 76.00000000 72.50000000 73.00000000
v 75.50000000 73.00000000 74.00000000
v 76.00000000 73.00000000 73.50000000
v 75.50000000 73.00000000 75.00000000
v 76.00000000 73.00000000 75.50000000
v 76.00000000 72.50000000 76.00000000
v 76.00000000 73.00000000 88.50000000
v 75.50000000 73.00000000 91.00000000
v 76.00000000 73.00000000 91.50000000
v 76.00000000 72.50000000 92.00000000
v 76.00000000 72.50000000 93.00000000
v 76.00000000 72.50000000 94.00000000
v 76.00000000 72.50000000 95.00000000
v 76.00000000 72.50000000 96.00000000
v 76.00000000 72.50000000 97.00000000
v 76.00000000 72.50000000 98.00000000
v 75.50000000 73.00000000 99.00000000
v 76.00000000 72.50000000 99.00000000
v 76.00000000 72.50000000 100.00000000
v 75.50000000 73.00000000 101.00000000
v 76.00000000 72.50000000 101.00000000
v 76.00000000 73.00000000 101.50000000
v 75.50000000 73.00000000 102.00000000
v 76.00000000 72.50000000 102.00000000
v 76.00000000 72.50000000 103.00000000
v 76.00000000 73.00000000 103.50000000
v 76.00000000 73.50000000 74.00000000
v 75.50000000 74.00000000 75.00000000
v 76.00000000 74.00000000 74.50000000
v 76.00000000 74.00000000 75.50000000
v 75.50000000 74.00000000 89.00000000
v 76.00000000 74.00000000 88.50000000
v 75.50000000 74.00000000 91.00000000
v 76.00000000 74.00000000 91.50000000
v 76.00000000 73.50000000 102.00000000
v 75.50000000 74.00000000 102.00000000
v 76.00000000 73.50000000 103.00000000
v 76.00000000 74.50000000 75.00000000
v 75.50000000 75.00000000 89.00000000
v 76.00000000 75.00000000 88.50000000
v 76.00000000 75.00000000 91.50000000
v 76.00000000 76.00000000 88.50000000
v 76.00000000 76.00000000 91.50000000
v 75.50000000 77.00000000 75.00000000
v 75.50000000 77.00000000 76.00000000
v 76.00000000 76.50000000 89.00000000
v 75.50000000 77.00000000 89.00000000
v 76.00000000 77.00000000 89.50000000
v 75.50000000 77.00000000 91.00000000
v 76.00000000 77.00000000 91.50000000
v 76.00000000 78.00000000 74.50000000
v 75.50000000 78.00000000 75.00000000
v 76.00000000 77.50000000 75.00000000
v 76.00000000 78.00000000 75.50000000
v 75.50000000 78.00000000 88.00000000
v 76.00000000 78.00000000 87.50000000
v 76.00000000 77.50000000 88.00000000
v 76.00000000 77.50000000 89.00000000
v 76.00000000 78.00000000 91.50000000
v 75.50000000 79.00000000 75.00000000
v 76.00000000 78.50000000 75.00000000
v 76.00000000 78.50000000 88.00000000
v 76.00000000 78.50000000 89.00000000
v 75.50000000 79.00000000 89.00000000
v 76.00000000 79.00000000 89.50000000
v 76.00000000 79.00000000 91.50000000
v 75.50000000 80.00000000 75.00000000
v 75.50000000 80.00000000 89.00000000
v 76.00000000 80.00000000 89.50000000
v 75.50000000 80.00000000 91.00000000
v 76.00000000 79.50000000 92.00000000
v 75.50000000 80.00000000 92.00000000
v 76.00000000 80.00000000 92.50000000
v 76.00000000 81.00000000 89.50000000
v 75.50000000 81.00000000 90.00000000
v 76.00000000 81.00000000 90.50000000
v 76.00000000 80.50000000 91.00000000
v 76.00000000 80.50000000 92.00000000
v 76.00000000 81.50000000 90.00000000
v 75.50000000 85.00000000 79.00000000
v 76.00000000 84.50000000 80.00000000
v 76.00000000 85.00000000 79.50000000
v 75.50000000 85.00000000 80.00000000
v 76.00000000 84.50000000 81.00000000
v 75.50000000 85.00000000 81.00000000
v 76.00000000 85.00000000 81.50000000
v 76.00000000 86.00000000 79.50000000
v 75.50000000 86.00000000 81.00000000
v 76.00000000 85.50000000 82.00000000
v 75.50000000 86.00000000 82.00000000
v 76.00000000 85.50000000 83.00000000
v 75.50000000 86.00000000 83.00000000
v 76.00000000 85.50000000 84.00000000
v 75.50000000 86.00000000 84.00000000
v 76.00000000 85.50000000 85.00000000
v 75.50000000 86.00000000 85.00000000
v 76.00000000 85.50000000 86.00000000
v 75.50000000 86.00000000 86.00000000
v 76.00000000 86.00000000 86.50000000
v 75.50000000 86.00000000 87.00000000
v 75.50000000 86.00000000 88.00000000
v 75.50000000 86.00000000 95.00000000
v 76.00000000 86.00000000 94.50000000
v 76.00000000 85.50000000 95.00000000
v 76.00000000 86.00000000 95.50000000
v 76.00000000 86.50000000 80.00000000
v 75.50000000 87.00000000 80.00000000
v 76.00000000 87.00000000 80.50000000
v 76.00000000 87.00000000 86.50000000
v 75.50000000 86.50000000 86.50000000
v 75.50000000 87.00000000 87.00000000
v 75.50000000 87.00000000 88.00000000
v 75.50000000 87.00000000 89.00000000
v 75.50000000 87.00000000 95.00000000
v 76.00000000 87.00000000 94.50000000
v 76.00000000 86.50000000 96.00000000
v 75.50000000 87.00000000 96.00000000
v 76.00000000 87.00000000 96.50000000
v 76.00000000 87.50000000 81.00000000
v 75.50000000 88.00000000 82.00000000
v 76.00000000 87.50000000 82.00000000
v 75.50000000 88.00000000 83.00000000
v 76.00000000 87.50000000 83.00000000
v 75.50000000 88.00000000 84.00000000
v 76.00000000 87.50000000 84.00000000
v 75.50000000 88.00000000 85.00000000
v 76.00000000 87.50000000 85.00000000
v 75.50000000 88.00000000 86.00000000
v 76.00000000 87.50000000 86.00000000
v 75.50000000 88.00000000 87.00000000
v 75.50000000 88.00000000 88.00000000
v 76.00000000 87.50000000 95.00000000
v 76.00000000 87.50000000 96.00000000
v 75.50000000 92.00000000 72.00000000
v 75.50000000 92.00000000 73.00000000
v 75.50000000 92.00000000 74.00000000
v 75.50000000 92.00000000 75.00000000
v 76.00000000 93.00000000 71.50000000
v 76.00000000 92.50000000 72.00000000
v 76.00000000 93.00000000 72.50000000
v 75.50000000 93.00000000 73.00000000
v 75.50000000 93.00000000 74.00000000
v 75.50000000 93.00000000 75.00000000
v 75.50000000 93.00000000 76.00000000
v 75.50000000 93.00000000 77.00000000
v 75.50000000 94.00000000 72.00000000
v 76.00000000 94.00000000 71.50000000
v 76.00000000 93.50000000 73.00000000
v 76.00000000 93.50000000 74.00000000
v 76.00000000 94.00000000 74.50000000
v 75.50000000 94.00000000 75.00000000
v 75.50000000 94.00000000 76.00000000
v 75.50000000 94.00000000 77.00000000
v 76.00000000 94.50000000 72.00000000
v 76.00000000 94.50000000 73.00000000
v 75.50000000 95.00000000 73.00000000
v 75.50000000 95.00000000 74.00000000
v 76.00000000 94.50000000 74.00000000
v 75.50000000 95.00000000 75.00000000
v 76.50000000 66.00000000 81.00000000
v 76.50000000 66.00000000 82.00000000
v 76.50000000 66.00000000 83.00000000
v 76.50000000 66.00000000 84.00000000
v 76.50000000 66.00000000 85.00000000
v 76.50000000 66.00000000 86.00000000
v 76.50000000 66.00000000 87.00000000
v 76.50000000 66.00000000 88.00000000
v 76.50000000 66.00000000 89.00000000
v 76.50000000 66.00000000 90.00000000
v 77.00000000 67.00000000 78.50000000
v 77.00000000 66.50000000 79.00000000
v 77.00000000 66.50000000 80.00000000
v 77.00000000 66.50000000 81.00000000
v 77.00000000 66.50000000 82.00000000
v 77.00000000 66.50000000 83.00000000
v 77.00000000 66.50000000 84.00000000
v 77.00000000 66.50000000 85.00000000
v 77.00000000 66.50000000 86.00000000
v 77.00000000 66.50000000 87.00000000
v 77.00000000 66.50000000 88.00000000
v 77.00000000 66.50000000 89.00000000
v 77.00000000 66.50000000 90.00000000
v 77.00000000 66.50000000 91.00000000
v 76.50000000 67.00000000 92.00000000
v 77.00000000 67.00000000 91.50000000
v 76.50000000 68.00000000 78.00000000
v 77.00000000 68.00000000 77.50000000
v 77.00000000 67.50000000 78.00000000
v 77.00000000 67.50000000 92.00000000
v 77.00000000 67.50000000 93.00000000
v 77.00000000 67.50000000 94.00000000
v 76.50000000 68.00000000 95.00000000
v 77.00000000 68.00000000 94.50000000
v 76.50000000 69.00000000 78.00000000
v 77.00000000 69.00000000 77.50000000
v 76.50000000 69.00000000 79.00000000
v 76.50000000 69.00000000 80.00000000
v 76.50000000 69.00000000 81.00000000
v 76.50000000 69.00000000 82.00000000
v 77.00000000 68.50000000 95.00000000
v 77.00000000 68.50000000 96.00000000
v 77.00000000 68.50000000 97.00000000
v 77.00000000 69.00000000 97.50000000
v 76.50000000 70.00000000 75.00000000
v 77.00000000 70.00000000 75.50000000
v 77.00000000 69.50000000 76.00000000
v 77.00000000 69.50000000 77.00000000
v 76.50000000 70.00000000 77.00000000
v 76.50000000 70.00000000 78.00000000
v 77.00000000 70.00000000 78.50000000
v 77.00000000 69.50000000 79.00000000
v 77.00000000 69.50000000 80.00000000
v 77.00000000 69.50000000 81.00000000
v 77.00000000 69.50000000 82.00000000
v 77.00000000 69.50000000 83.00000000
v 77.00000000 69.50000000 84.00000000
v 76.50000000 70.00000000 85.00000000
v 77.00000000 70.00000000 84.50000000
v 76.50000000 70.00000000 86.00000000
v 77.00000000 69.50000000 98.00000000
v 77.00000000 70.00000000 98.50000000
v 77.00000000 71.00000000 73.50000000
v 77.00000000 70.50000000 74.00000000
v 77.00000000 70.50000000 75.00000000
v 76.50000000 71.00000000 78.00000000
v 77.00000000 70.50000000 79.00000000
v 76.50000000 71.00000000 79.00000000
v 77.00000000 71.00000000 79.50000000
v 76.50000000 71.00000000 81.00000000
v 77.00000000 71.00000000 80.50000000
v 77.00000000 70.50000000 81.00000000
v 77.00000000 71.00000000 81.50000000
v 77.00000000 70.50000000 85.00000000
v 77.00000000 70.50000000 86.00000000
v 77.00000000 70.50000000 87.00000000
v 76.50000000 71.00000000 88.00000000
v 77.00000000 71.00000000 87.50000000
v 77.00000000 70.50000000 99.00000000
v 77.00000000 70.50000000 100.00000000
v 76.50000000 71.00000000 100.00000000
v 77.00000000 71.00000000 100.50000000
v 76.50000000 72.00000000 73.00000000
v 77.00000000 72.00000000 73.50000000
v 77.00000000 71.50000000 77.00000000
v 77.00000000 72.00000000 76.50000000
v 77.00000000 71.50000000 78.00000000
v 77.00000000 71.50000000 79.00000000
v 77.00000000 71.50000000 81.00000000
v 77.00000000 71.50000000 88.00000000
v 77.00000000 72.00000000 88.50000000
v 76.50000000 72.00000000 93.00000000
v 77.00000000 71.50000000 93.00000000
v 77.00000000 72.00000000 92.50000000
v 76.50000000 72.00000000 94.00000000
v 77.00000000 71.50000000 94.00000000
v 76.50000000 72.00000000 95.00000000
v 77.00000000 71.50000000 95.00000000
v 77.00000000 72.00000000 95.50000000
v 76.50000000 72.00000000 97.00000000
v 77.00000000 71.50000000 97.00000000
v 77.00000000 72.00000000 96.50000000
v 77.00000000 72.00000000 97.50000000
v 76.50000000 72.00000000 99.00000000
v 77.00000000 71.50000000 99.00000000
v 77.00000000 72.00000000 98.50000000
v 77.00000000 72.00000000 99.50000000
v 77.00000000 72.00000000 100.50000000
v 76.50000000 72.00000000 101.00000000
v 77.00000000 73.00000000 73.50000000
v 76.50000000 73.00000000 76.00000000
v 77.00000000 72.50000000 77.00000000
v 76.50000000 73.00000000 77.00000000
v 77.00000000 73.00000000 77.50000000
v 76.50000000 73.00000000 87.00000000
v 77.00000000 73.00000000 86.50000000
v 77.00000000 72.50000000 87.00000000
v 77.00000000 72.50000000 88.00000000
v 76.50000000 73.00000000 88.00000000
v 76.50000000 73.00000000 91.00000000
v 77.00000000 72.50000000 91.00000000
v 77.00000000 73.00000000 90.50000000
v 77.00000000 72.50000000 92.00000000
v 77.00000000 72.50000000 96.00000000
v 77.00000000 72.50000000 98.00000000
v 77.00000000 72.50000000 100.00000000
v 76.50000000 73.00000000 102.00000000
v 76.50000000 73.00000000 103.00000000
v 76.50000000 74.00000000 74.00000000
v 77.00000000 74.00000000 73.50000000
v 76.50000000 74.00000000 76.00000000
v 77.00000000 74.00000000 76.50000000
v 77.00000000 73.50000000 77.00000000
v 77.00000000 73.50000000 87.00000000
v 76.50000000 74.00000000 88.00000000
v 77.00000000 74.00000000 87.50000000
v 77.00000000 73.50000000 91.00000000
v 77.00000000 74.00000000 91.50000000
v 77.00000000 74.50000000 74.00000000
v 77.00000000 74.50000000 75.00000000
v 76.50000000 75.00000000 76.00000000
v 77.00000000 75.00000000 75.50000000
v 77.00000000 75.00000000 76.50000000
v 76.50000000 75.00000000 88.00000000
v 77.00000000 75.00000000 87.50000000
v 77.00000000 74.50000000 92.00000000
v 76.50000000 75.00000000 92.00000000
v 77.00000000 75.00000000 92.50000000
v 77.00000000 75.50000000 76.00000000
v 76.50000000 76.00000000 88.00000000
v 77.00000000 76.00000000 87.50000000
v 76.50000000 76.00000000 92.00000000
v 77.00000000 76.00000000 92.50000000
v 77.00000000 76.50000000 88.00000000
v 76.50000000 77.00000000 89.00000000
v 77.00000000 77.00000000 88.50000000
v 77.00000000 76.50000000 92.00000000
v 77.00000000 77.00000000 91.50000000
v 76.50000000 78.00000000 75.00000000
v 77.00000000 78.00000000 87.50000000
v 77.00000000 77.50000000 88.00000000
v 77.00000000 78.00000000 91.50000000
v 77.00000000 78.50000000 88.00000000
v 76.50000000 79.00000000 89.00000000
v 77.00000000 79.00000000 88.50000000
v 77.00000000 78.50000000 92.00000000
v 76.50000000 79.00000000 92.00000000
v 77.00000000 79.00000000 92.50000000
v 76.50000000 80.00000000 89.00000000
v 77.00000000 80.00000000 88.50000000
v 77.00000000 80.00000000 92.50000000
v 77.00000000 80.50000000 89.00000000
v 77.00000000 81.00000000 89.50000000
v 76.50000000 81.00000000 91.00000000
v 76.50000000 81.00000000 92.00000000
v 77.00000000 81.00000000 92.50000000
v 77.00000000 81.50000000 90.00000000
v 77.00000000 81.50000000 91.00000000
v 77.00000000 81.50000000 92.00000000
v 76.50000000 84.00000000 81.00000000
v 77.00000000 84.00000000 80.50000000
v 77.00000000 83.50000000 81.00000000
v 77.00000000 84.00000000 81.50000000
v 76.50000000 84.00000000 86.00000000
v 77.00000000 84.00000000 85.50000000
v 77.00000000 83.50000000 86.00000000
v 77.00000000 83.50000000 87.00000000
v 76.50000000 84.00000000 87.00000000
v 77.00000000 84.00000000 87.50000000
v 77.00000000 85.00000000 79.50000000
v 77.00000000 84.50000000 80.00000000
v 77.00000000 84.50000000 82.00000000
v 76.50000000 85.00000000 82.00000000
v 77.00000000 85.00000000 82.50000000
v 76.50000000 85.00000000 84.00000000
v 77.00000000 85.00000000 83.50000000
v 77.00000000 84.50000000 84.00000000
v 77.00000000 84.50000000 85.00000000
v 76.50000000 85.00000000 85.00000000
v 76.50000000 85.00000000 86.00000000
v 77.00000000 85.00000000 86.50000000
v 77.00000000 84.50000000 87.00000000
v 77.00000000 85.50000000 80.00000000
v 76.50000000 86.00000000 80.00000000
v 76.50000000 86.00000000 81.00000000
v 77.00000000 85.50000000 81.00000000
v 77.00000000 86.00000000 81.50000000
v 77.00000000 85.50000000 83.00000000
v 76.50000000 85.50000000 85.50000000
v 76.50000000 86.00000000 86.00000000
v 77.00000000 86.00000000 85.50000000
v 77.00000000 85.50000000 86.00000000
v 76.50000000 86.00000000 94.00000000
v 77.00000000 86.00000000 93.50000000
v 77.00000000 85.50000000 94.00000000
v 77.00000000 85.50000000 95.00000000
v 77.00000000 86.00000000 95.50000000
v 76.50000000 87.00000000 81.00000000
v 77.00000000 86.50000000 82.00000000
v 76.50000000 87.00000000 82.00000000
v 76.50000000 87.00000000 83.00000000
v 77.00000000 86.50000000 83.00000000
v 76.50000000 87.00000000 84.00000000
v 77.00000000 86.50000000 84.00000000
v 76.50000000 87.00000000 85.00000000
v 77.00000000 86.50000000 85.00000000
v 76.50000000 87.00000000 86.00000000
v 76.50000000 87.00000000 94.00000000
v 77.00000000 87.00000000 93.50000000
v 76.50000000 87.00000000 96.00000000
v 77.00000000 87.00000000 95.50000000
v 76.50000000 88.00000000 94.00000000
v 77.00000000 88.00000000 93.50000000
v 76.50000000 88.00000000 95.00000000
v 76.50000000 87.50000000 95.50000000
v 77.00000000 87.50000000 96.00000000
v 76.50000000 88.00000000 96.00000000
v 77.00000000 88.00000000 96.50000000
v 77.00000000 88.50000000 94.00000000
v 77.00000000 88.50000000 95.00000000
v 77.00000000 88.50000000 96.00000000
v 76.50000000 93.00000000 72.00000000
v 76.50000000 94.00000000 72.00000000
v 76.50000000 94.00000000 73.00000000
v 76.50000000 94.00000000 74.00000000
v 77.50000000 67.00000000 73.00000000
v 78.00000000 67.00000000 72.50000000
v 78.00000000 66.50000000 73.00000000
v 78.00000000 67.00000000 73.50000000
v 77.50000000 67.00000000 79.00000000
v 78.00000000 67.00000000 79.50000000
v 78.00000000 66.50000000 80.00000000
v 78.00000000 66.50000000 81.00000000
v 78.00000000 66.50000000 82.00000000
v 78.00000000 66.50000000 83.00000000
v 78.00000000 66.50000000 84.00000000
v 78.00000000 66.50000000 85.00000000
v 78.00000000 66.50000000 86.00000000
v 78.00000000 66.50000000 87.00000000
v 78.00000000 66.50000000 88.00000000
v 78.00000000 66.50000000 89.00000000
v 77.50000000 67.00000000 90.00000000
v 78.00000000 67.00000000 89.50000000
v 77.50000000 67.00000000 91.00000000
v 77.50000000 68.00000000 72.00000000
v 78.00000000 68.00000000 71.50000000
v 78.00000000 67.50000000 72.00000000
v 77.50000000 68.00000000 73.00000000
v 78.00000000 67.50000000 74.00000000
v 77.50000000 68.00000000 74.00000000
v 78.00000000 67.50000000 75.00000000
v 77.50000000 68.00000000 75.00000000
v 78.00000000 67.50000000 76.00000000
v 77.50000000 68.00000000 76.00000000
v 78.00000000 67.50000000 77.00000000
v 77.50000000 68.00000000 77.00000000
v 78.00000000 67.50000000 78.00000000
v 78.00000000 67.50000000 79.00000000
v 78.00000000 67.50000000 90.00000000
v 78.00000000 67.50000000 91.00000000
v 78.00000000 67.50000000 92.00000000
v 78.00000000 67.50000000 93.00000000
v 77.50000000 68.00000000 94.00000000
v 78.00000000 68.00000000 93.50000000
v 77.50000000 69.00000000 72.00000000
v 78.00000000 69.00000000 71.50000000
v 77.50000000 69.00000000 73.00000000
v 77.50000000 69.00000000 74.00000000
v 77.50000000 69.00000000 75.00000000
v 77.50000000 69.00000000 76.00000000
v 77.50000000 69.00000000 77.00000000
v 78.00000000 68.50000000 94.00000000
v 78.00000000 68.50000000 95.00000000
v 78.00000000 68.50000000 96.00000000
v 78.00000000 68.50000000 97.00000000
v 78.00000000 68.50000000 98.00000000
v 77.50000000 69.00000000 98.00000000
v 78.00000000 69.00000000 98.50000000
v 78.00000000 69.50000000 72.00000000
v 78.00000000 69.50000000 73.00000000
v 77.50000000 70.00000000 74.00000000
v 78.00000000 70.00000000 73.50000000
v 77.50000000 70.00000000 75.00000000
v 78.00000000 70.00000000 77.50000000
v 77.50000000 70.00000000 78.00000000
v 78.00000000 69.50000000 78.00000000
v 78.00000000 69.50000000 79.00000000
v 78.00000000 69.50000000 80.00000000
v 78.00000000 69.50000000 81.00000000
v 78.00000000 69.50000000 82.00000000
v 77.50000000 70.00000000 83.00000000
v 78.00000000 70.00000000 82.50000000
v 77.50000000 70.00000000 84.00000000
v 78.00000000 69.50000000 99.00000000
v 77.50000000 70.00000000 99.00000000
v 78.00000000 69.50000000 100.00000000
v 77.50000000 70.00000000 100.00000000
v 78.00000000 70.00000000 100.50000000
v 77.50000000 71.00000000 74.00000000
v 78.00000000 70.50000000 74.00000000
v 77.50000000 70.50000000 74.50000000
v 78.00000000 71.00000000 74.50000000
v 78.00000000 70.50000000 78.00000000
v 78.00000000 70.50000000 79.00000000
v 78.00000000 70.50000000 80.00000000
v 77.50000000 71.00000000 80.00000000
v 78.00000000 71.00000000 80.50000000
v 77.50000000 71.00000000 81.00000000
v 78.00000000 70.50000000 83.00000000
v 78.00000000 70.50000000 84.00000000
v 78.00000000 70.50000000 85.00000000
v 77.50000000 71.00000000 86.00000000
v 78.00000000 71.00000000 85.50000000
v 77.50000000 71.00000000 87.00000000
v 78.00000000 71.00000000 100.50000000
v 78.00000000 72.00000000 73.50000000
v 78.00000000 71.50000000 74.00000000
v 77.50000000 72.00000000 77.00000000
v 78.00000000 72.00000000 77.50000000
v 78.00000000 71.50000000 78.00000000
v 78.00000000 71.50000000 79.00000000
v 78.00000000 71.50000000 80.00000000
v 78.00000000 71.50000000 86.00000000
v 78.00000000 71.50000000 87.00000000
v 78.00000000 71.50000000 88.00000000
v 78.00000000 72.00000000 88.50000000
v 78.00000000 71.50000000 93.00000000
v 78.00000000 72.00000000 92.50000000
v 78.00000000 71.50000000 94.00000000
v 78.00000000 71.50000000 95.00000000
v 77.50000000 72.00000000 96.00000000
v 78.00000000 71.50000000 96.00000000
v 78.00000000 71.50000000 97.00000000
v 77.50000000 72.00000000 98.00000000
v 78.00000000 71.50000000 98.00000000
v 78.00000000 71.50000000 99.00000000
v 78.00000000 72.00000000 99.50000000
v 78.00000000 72.00000000 100.50000000
v 78.00000000 73.00000000 73.50000000
v 78.00000000 73.00000000 77.50000000
v 77.50000000 73.00000000 87.00000000
v 78.00000000 73.00000000 87.50000000
v 78.00000000 72.50000000 88.00000000
v 77.50000000 73.00000000 91.00000000
v 78.00000000 73.00000000 91.50000000
v 78.00000000 72.50000000 92.00000000
v 78.00000000 72.50000000 100.00000000
v 78.00000000 74.00000000 73.50000000
v 77.50000000 74.00000000 77.00000000
v 78.00000000 74.00000000 77.50000000
v 77.50000000 74.00000000 86.00000000
v 78.00000000 74.00000000 85.50000000
v 78.00000000 73.50000000 86.00000000
v 78.00000000 73.50000000 87.00000000
v 77.50000000 74.00000000 87.00000000
v 78.00000000 74.00000000 91.50000000
v 78.00000000 74.50000000 74.00000000
v 77.50000000 75.00000000 75.00000000
v 78.00000000 75.00000000 74.50000000
v 77.50000000 75.00000000 77.00000000
v 78.00000000 74.50000000 78.00000000
v 77.50000000 75.00000000 78.00000000
v 78.00000000 75.00000000 78.50000000
v 78.00000000 74.50000000 86.00000000
v 77.50000000 75.00000000 87.00000000
v 78.00000000 75.00000000 86.50000000
v 78.00000000 74.50000000 92.00000000
v 78.00000000 75.00000000 92.50000000
v 78.00000000 75.50000000 75.00000000
v 77.50000000 76.00000000 76.00000000
v 78.00000000 76.00000000 75.50000000
v 77.50000000 76.00000000 77.00000000
v 77.50000000 76.00000000 78.00000000
v 78.00000000 76.00000000 78.50000000
v 78.00000000 75.50000000 87.00000000
v 78.00000000 76.00000000 87.50000000
v 78.00000000 76.00000000 92.50000000
v 78.00000000 76.50000000 76.00000000
v 78.00000000 76.50000000 77.00000000
v 78.00000000 76.50000000 78.00000000
v 77.50000000 77.00000000 88.00000000
v 78.00000000 77.00000000 87.50000000
v 77.50000000 77.00000000 92.00000000
v 78.00000000 77.00000000 92.50000000
v 78.00000000 78.00000000 87.50000000
v 78.00000000 77.50000000 92.00000000
v 78.00000000 78.00000000 91.50000000
v 77.50000000 79.00000000 88.00000000
v 78.00000000 79.00000000 87.50000000
v 77.50000000 79.00000000 92.00000000
v 78.00000000 79.00000000 91.50000000
v 78.00000000 79.50000000 88.00000000
v 78.00000000 80.00000000 88.50000000
v 78.00000000 79.50000000 92.00000000
v 78.00000000 80.00000000 92.50000000
v 77.50000000 81.00000000 89.00000000
v 78.00000000 81.00000000 88.50000000
v 77.50000000 81.00000000 92.00000000
v 78.00000000 80.50000000 92.00000000
v 78.00000000 81.00000000 91.50000000
v 78.00000000 81.50000000 89.00000000
v 78.00000000 81.50000000 90.00000000
v 78.00000000 81.50000000 91.00000000
v 77.50000000 84.00000000 81.00000000
v 77.50000000 84.00000000 86.00000000
v 77.50000000 84.00000000 87.00000000
v 77.50000000 85.00000000 80.00000000
v 77.50000000 85.00000000 81.00000000
v 78.00000000 84.50000000 82.00000000
v 78.00000000 85.00000000 81.50000000
v 78.00000000 84.50000000 83.00000000
v 77.50000000 85.00000000 83.00000000
v 78.00000000 84.50000000 84.00000000
v 77.50000000 85.00000000 85.00000000
v 78.00000000 85.00000000 84.50000000
v 77.50000000 85.00000000 86.00000000
v 77.50000000 86.00000000 82.00000000
v 78.00000000 85.50000000 82.00000000
v 77.50000000 85.50000000 82.50000000
v 78.00000000 85.50000000 83.00000000
v 77.50000000 86.00000000 83.00000000
v 77.50000000 85.50000000 83.50000000
v 78.00000000 85.50000000 84.00000000
v 77.50000000 86.00000000 84.00000000
v 77.50000000 86.00000000 85.00000000
v 77.50000000 86.00000000 93.00000000
v 78.00000000 86.00000000 92.50000000
v 78.00000000 85.50000000 93.00000000
v 78.00000000 85.50000000 94.00000000
v 78.00000000 85.50000000 95.00000000
v 78.00000000 86.00000000 95.50000000
v 77.50000000 87.00000000 93.00000000
v 78.00000000 87.00000000 92.50000000
v 78.00000000 86.50000000 96.00000000
v 77.50000000 87.00000000 96.00000000
v 78.00000000 87.00000000 96.50000000
v 77.50000000 88.00000000 93.00000000
v 78.00000000 88.00000000 92.50000000
v 78.00000000 88.00000000 95.50000000
v 77.50000000 88.00000000 96.00000000
v 78.00000000 87.50000000 96.00000000
v 78.00000000 88.50000000 93.00000000
v 78.00000000 88.50000000 94.00000000
v 78.00000000 88.50000000 95.00000000
v 79.00000000 67.00000000 72.50000000
v 79.00000000 66.50000000 73.00000000
v 79.00000000 66.50000000 74.00000000
v 78.50000000 67.00000000 74.00000000
v 79.00000000 66.50000000 75.00000000
v 78.50000000 67.00000000 75.00000000
v 79.00000000 66.50000000 76.00000000
v 78.50000000 67.00000000 76.00000000
v 79.00000000 67.00000000 76.50000000
v 78.50000000 67.00000000 80.00000000
v 78.50000000 67.00000000 81.00000000
v 78.50000000 67.00000000 82.00000000
v 78.50000000 67.00000000 83.00000000
v 78.50000000 67.00000000 84.00000000
v 78.50000000 67.00000000 85.00000000
v 78.50000000 67.00000000 86.00000000
v 78.50000000 67.00000000 87.00000000
v 78.50000000 67.00000000 88.00000000
v 78.50000000 67.00000000 89.00000000
v 78.50000000 68.00000000 71.00000000
v 79.00000000 68.00000000 70.50000000
v 79.00000000 67.50000000 71.00000000
v 79.00000000 67.50000000 72.00000000
v 79.00000000 67.50000000 77.00000000
v 79.00000000 67.50000000 78.00000000
v 79.00000000 67.50000000 79.00000000
v 79.00000000 67.50000000 80.00000000
v 79.00000000 67.50000000 81.00000000
v 79.00000000 67.50000000 82.00000000
v 79.00000000 67.50000000 83.00000000
v 79.00000000 67.50000000 84.00000000
v 79.00000000 67.50000000 85.00000000
v 79.00000000 67.50000000 86.00000000
v 79.00000000 67.50000000 87.00000000
v 79.00000000 67.50000000 88.00000000
v 79.00000000 67.50000000 89.00000000
v 79.00000000 67.50000000 90.00000000
v 79.00000000 67.50000000 91.00000000
v 79.00000000 67.50000000 92.00000000
v 78.50000000 68.00000000 93.00000000
v 79.00000000 68.00000000 92.50000000
v 78.50000000 69.00000000 71.00000000
v 79.00000000 69.00000000 70.50000000
v 79.00000000 68.50000000 93.00000000
v 79.00000000 68.50000000 94.00000000
v 79.00000000 68.50000000 95.00000000
v 79.00000000 68.50000000 96.00000000
v 79.00000000 68.50000000 97.00000000
v 79.00000000 68.50000000 98.00000000
v 79.00000000 69.00000000 98.50000000
v 79.00000000 69.50000000 71.00000000
v 79.00000000 69.50000000 72.00000000
v 78.50000000 70.00000000 73.00000000
v 79.00000000 70.00000000 72.50000000
v 78.50000000 70.00000000 78.00000000
v 78.50000000 70.00000000 79.00000000
v 78.50000000 70.00000000 80.00000000
v 78.50000000 70.00000000 81.00000000
v 78.50000000 70.00000000 82.00000000
v 79.00000000 69.50000000 99.00000000
v 79.00000000 69.50000000 100.00000000
v 79.00000000 70.00000000 100.50000000
v 79.00000000 70.50000000 73.00000000
v 78.50000000 71.00000000 74.00000000
v 79.00000000 71.00000000 73.50000000
v 79.00000000 70.50000000 81.00000000
v 79.00000000 71.00000000 80.50000000
v 79.00000000 70.50000000 82.00000000
v 79.00000000 70.50000000 83.00000000
v 78.50000000 71.00000000 84.00000000
v 79.00000000 71.00000000 83.50000000
v 78.50000000 71.00000000 85.00000000
v 78.50000000 71.00000000 100.00000000
v 79.00000000 70.50000000 100.00000000
v 79.00000000 71.00000000 99.50000000
v 78.50000000 72.00000000 74.00000000
v 79.00000000 71.50000000 74.00000000
v 79.00000000 72.00000000 74.50000000
v 78.50000000 72.00000000 78.00000000
v 78.50000000 72.00000000 79.00000000
v 78.50000000 72.00000000 80.00000000
v 79.00000000 72.00000000 80.50000000
v 79.00000000 71.50000000 84.00000000
v 79.00000000 71.50000000 85.00000000
v 79.00000000 71.50000000 86.00000000
v 78.50000000 72.00000000 87.00000000
v 79.00000000 72.00000000 86.50000000
v 78.50000000 72.00000000 88.00000000
v 79.00000000 71.50000000 93.00000000
v 79.00000000 72.00000000 92.50000000
v 79.00000000 71.50000000 94.00000000
v 79.00000000 71.50000000 95.00000000
v 79.00000000 71.50000000 96.00000000
v 79.00000000 71.50000000 97.00000000
v 79.00000000 71.50000000 98.00000000
v 79.00000000 71.50000000 99.00000000
v 78.50000000 72.00000000 100.00000000
v 78.50000000 73.00000000 74.00000000
v 79.00000000 73.00000000 74.50000000
v 78.50000000 73.00000000 78.00000000
v 78.50000000 73.00000000 79.00000000
v 78.50000000 73.00000000 80.00000000
v 79.00000000 72.50000000 81.00000000
v 78.50000000 73.00000000 81.00000000
v 79.00000000 72.50000000 82.00000000
v 78.50000000 73.00000000 82.00000000
v 79.00000000 72.50000000 83.00000000
v 78.50000000 73.00000000 83.00000000
v 79.00000000 73.00000000 83.50000000
v 79.00000000 72.50000000 87.00000000
v 79.00000000 73.00000000 87.50000000
v 79.00000000 72.50000000 92.00000000
v 79.00000000 73.00000000 91.50000000
v 78.50000000 74.00000000 74.00000000
v 79.00000000 74.00000000 74.50000000
v 78.50000000 74.00000000 78.00000000
v 78.50000000 74.00000000 79.00000000
v 78.50000000 74.00000000 80.00000000
v 78.50000000 74.00000000 81.00000000
v 78.50000000 74.00000000 82.00000000
v 78.50000000 74.00000000 83.00000000
v 79.00000000 74.00000000 83.50000000
v 78.50000000 74.00000000 85.00000000
v 79.00000000 74.00000000 84.50000000
v 79.00000000 73.50000000 85.00000000
v 79.00000000 73.50000000 86.00000000
v 79.00000000 73.50000000 87.00000000
v 79.00000000 74.00000000 91.50000000
v 78.50000000 75.00000000 75.00000000
v 79.00000000 74.50000000 75.00000000
v 79.00000000 75.00000000 75.50000000
v 78.50000000 75.00000000 79.00000000
v 78.50000000 75.00000000 80.00000000
v 78.50000000 75.00000000 81.00000000
v 79.00000000 75.00000000 81.50000000
v 79.00000000 74.50000000 82.00000000
v 79.00000000 74.50000000 83.00000000
v 79.00000000 74.50000000 85.00000000
v 78.50000000 75.00000000 86.00000000
v 79.00000000 75.00000000 85.50000000
v 78.50000000 75.00000000 92.00000000
v 79.00000000 75.00000000 91.50000000
v 79.00000000 76.00000000 75.50000000
v 79.00000000 75.50000000 79.00000000
v 79.00000000 76.00000000 78.50000000
v 78.50000000 76.00000000 80.00000000
v 79.00000000 76.00000000 79.50000000
v 79.00000000 76.00000000 80.50000000
v 79.00000000 75.50000000 81.00000000
v 78.50000000 76.00000000 86.00000000
v 79.00000000 76.00000000 85.50000000
v 78.50000000 76.00000000 87.00000000
v 78.50000000 76.00000000 92.00000000
v 79.00000000 76.00000000 91.50000000
v 79.00000000 76.50000000 76.00000000
v 79.00000000 76.50000000 77.00000000
v 78.50000000 77.00000000 78.00000000
v 79.00000000 77.00000000 77.50000000
v 79.00000000 76.50000000 79.00000000
v 78.50000000 77.00000000 79.00000000
v 78.50000000 77.00000000 80.00000000
v 79.00000000 77.00000000 80.50000000
v 78.50000000 77.00000000 86.00000000
v 79.00000000 77.00000000 85.50000000
v 78.50000000 77.00000000 87.00000000
v 78.50000000 77.00000000 91.00000000
v 79.00000000 76.50000000 91.00000000
v 79.00000000 77.00000000 90.50000000
v 78.50000000 77.00000000 92.00000000
v 79.00000000 77.50000000 78.00000000
v 78.50000000 78.00000000 79.00000000
v 79.00000000 78.00000000 78.50000000
v 79.00000000 78.00000000 79.50000000
v 79.00000000 77.50000000 80.00000000
v 78.50000000 78.00000000 86.00000000
v 79.00000000 78.00000000 85.50000000
v 78.50000000 78.00000000 87.00000000
v 78.50000000 78.00000000 91.00000000
v 79.00000000 78.00000000 90.50000000
v 79.00000000 78.50000000 79.00000000
v 79.00000000 79.00000000 79.50000000
v 78.50000000 79.00000000 80.00000000
v 79.00000000 78.50000000 80.00000000
v 79.00000000 78.50000000 81.00000000
v 78.50000000 79.00000000 81.00000000
v 79.00000000 79.00000000 81.50000000
v 78.50000000 79.00000000 86.00000000
v 79.00000000 79.00000000 85.50000000
v 78.50000000 79.00000000 87.00000000
v 78.50000000 79.00000000 91.00000000
v 79.00000000 79.00000000 90.50000000
v 79.00000000 79.50000000 80.00000000
v 78.50000000 80.00000000 81.00000000
v 79.00000000 80.00000000 80.50000000
v 79.00000000 80.00000000 81.50000000
v 79.00000000 79.50000000 86.00000000
v 78.50000000 80.00000000 87.00000000
v 79.00000000 80.00000000 86.50000000
v 78.50000000 80.00000000 88.00000000
v 79.00000000 79.50000000 91.00000000
v 78.50000000 80.00000000 92.00000000
v 79.00000000 80.00000000 91.50000000
v 79.00000000 80.50000000 81.00000000
v 79.00000000 80.50000000 87.00000000
v 78.50000000 81.00000000 88.00000000
v 79.00000000 81.00000000 87.50000000
v 78.50000000 81.00000000 91.00000000
v 79.00000000 80.50000000 91.00000000
v 79.00000000 81.00000000 90.50000000
v 79.00000000 81.50000000 88.00000000
v 79.00000000 81.50000000 89.00000000
v 79.00000000 81.50000000 90.00000000
v 78.50000000 85.00000000 82.00000000
v 78.50000000 85.00000000 83.00000000
v 78.50000000 85.00000000 84.00000000
v 78.50000000 86.00000000 92.00000000
v 79.00000000 86.00000000 91.50000000
v 79.00000000 85.50000000 92.00000000
v 79.00000000 85.50000000 93.00000000
v 79.00000000 85.50000000 94.00000000
v 78.50000000 86.00000000 95.00000000
v 79.00000000 86.00000000 94.50000000
v 78.50000000 87.00000000 91.00000000
v 79.00000000 87.00000000 90.50000000
v 79.00000000 86.50000000 91.00000000
v 78.50000000 87.00000000 92.00000000
v 79.00000000 86.50000000 95.00000000
v 78.50000000 87.00000000 96.00000000
v 79.00000000 87.00000000 95.50000000
v 78.50000000 88.00000000 91.00000000
v 79.00000000 88.00000000 90.50000000
v 79.00000000 88.00000000 91.50000000
v 79.00000000 87.50000000 92.00000000
v 79.00000000 87.50000000 93.00000000
v 78.50000000 88.00000000 93.00000000
v 78.50000000 88.00000000 94.00000000
v 79.00000000 87.50000000 94.00000000
v 78.50000000 88.00000000 95.00000000
v 79.00000000 87.50000000 95.00000000
v 79.00000000 88.50000000 91.00000000
v 79.50000000 67.00000000 73.00000000
v 79.50000000 67.00000000 74.00000000
v 80.00000000 67.00000000 74.50000000
v 80.00000000 66.50000000 75.00000000
v 80.00000000 66.50000000 76.00000000
v 80.00000000 66.50000000 77.00000000
v 79.50000000 67.00000000 77.00000000
v 80.00000000 67.00000000 77.50000000
v 79.50000000 68.00000000 71.00000000
v 80.00000000 68.00000000 71.50000000
v 80.00000000 67.50000000 72.00000000
v 80.00000000 67.50000000 73.00000000
v 80.00000000 67.50000000 74.00000000
v 80.00000000 67.50000000 78.00000000
v 80.00000000 67.50000000 79.00000000
v 80.00000000 67.50000000 80.00000000
v 80.00000000 67.50000000 81.00000000
v 80.00000000 67.50000000 82.00000000
v 80.00000000 67.50000000 83.00000000
v 80.00000000 67.50000000 84.00000000
v 80.00000000 67.50000000 85.00000000
v 80.00000000 67.50000000 86.00000000
v 80.00000000 67.50000000 87.00000000
v 80.00000000 67.50000000 88.00000000
v 80.00000000 67.50000000 89.00000000
v 80.00000000 67.50000000 90.00000000
v 79.50000000 68.00000000 91.00000000
v 80.00000000 68.00000000 90.50000000
v 79.50000000 68.00000000 92.00000000
v 79.50000000 69.00000000 71.00000000
v 80.00000000 69.00000000 71.50000000
v 80.00000000 68.50000000 91.00000000
v 80.00000000 68.50000000 92.00000000
v 80.00000000 68.50000000 93.00000000
v 80.00000000 68.50000000 94.00000000
v 80.00000000 68.50000000 95.00000000
v 80.00000000 68.50000000 96.00000000
v 80.00000000 68.50000000 97.00000000
v 79.50000000 69.00000000 98.00000000
v 80.00000000 69.00000000 97.50000000
v 80.00000000 69.50000000 72.00000000
v 80.00000000 70.00000000 72.50000000
v 79.50000000 70.00000000 98.00000000
v 80.00000000 70.00000000 97.50000000
v 79.50000000 70.00000000 99.00000000
v 79.50000000 70.00000000 100.00000000
v 80.00000000 70.50000000 73.00000000
v 80.00000000 71.00000000 73.50000000
v 79.50000000 71.00000000 81.00000000
v 79.50000000 71.00000000 82.00000000
v 79.50000000 71.00000000 83.00000000
v 79.50000000 71.00000000 92.00000000
v 80.00000000 70.50000000 92.00000000
v 80.00000000 71.00000000 91.50000000
v 79.50000000 71.00000000 93.00000000
v 80.00000000 70.50000000 93.00000000
v 79.50000000 71.00000000 94.00000000
v 80.00000000 70.50000000 94.00000000
v 79.50000000 71.00000000 95.00000000
v 80.00000000 70.50000000 95.00000000
v 79.50000000 71.00000000 96.00000000
v 80.00000000 70.50000000 96.00000000
v 79.50000000 71.00000000 97.00000000
v 80.00000000 70.50000000 97.00000000
v 79.50000000 71.00000000 98.00000000
v 79.50000000 71.00000000 99.00000000
v 80.00000000 71.50000000 74.00000000
v 79.50000000 72.00000000 75.00000000
v 80.00000000 71.50000000 75.00000000
v 80.00000000 72.00000000 75.50000000
v 80.00000000 71.50000000 81.00000000
v 80.00000000 72.00000000 80.50000000
v 80.00000000 71.50000000 82.00000000
v 79.50000000 72.00000000 83.00000000
v 80.00000000 72.00000000 82.50000000
v 79.50000000 72.00000000 84.00000000
v 79.50000000 72.00000000 85.00000000
v 79.50000000 72.00000000 86.00000000
v 79.50000000 72.00000000 91.00000000
v 80.00000000 71.50000000 91.00000000
v 80.00000000 72.00000000 90.50000000
v 79.50000000 72.00000000 92.00000000
v 79.50000000 73.00000000 75.00000000
v 80.00000000 73.00000000 75.50000000
v 79.50000000 73.00000000 79.00000000
v 80.00000000 72.50000000 79.00000000
v 80.00000000 73.00000000 78.50000000
v 79.50000000 73.00000000 80.00000000
v 80.00000000 72.50000000 80.00000000
v 79.50000000 73.00000000 81.00000000
v 79.50000000 73.00000000 82.00000000
v 80.00000000 73.00000000 82.50000000
v 79.50000000 73.00000000 84.00000000
v 79.50000000 73.00000000 85.00000000
v 79.50000000 73.00000000 86.00000000
v 79.50000000 73.00000000 87.00000000
v 79.50000000 73.00000000 91.00000000
v 80.00000000 73.00000000 90.50000000
v 79.50000000 74.00000000 75.00000000
v 80.00000000 74.00000000 75.50000000
v 79.50000000 74.00000000 79.00000000
v 80.00000000 74.00000000 78.50000000
v 79.50000000 74.00000000 80.00000000
v 80.00000000 74.00000000 80.50000000
v 80.00000000 73.50000000 81.00000000
v 80.00000000 73.50000000 82.00000000
v 79.50000000 74.00000000 84.00000000
v 79.50000000 74.00000000 91.00000000
v 80.00000000 74.00000000 90.50000000
v 79.50000000 75.00000000 76.00000000
v 80.00000000 74.50000000 76.00000000
v 80.00000000 75.00000000 76.50000000
v 80.00000000 74.50000000 79.00000000
v 80.00000000 74.50000000 80.00000000
v 79.50000000 75.00000000 82.00000000
v 79.50000000 75.00000000 83.00000000
v 79.50000000 75.00000000 84.00000000
v 79.50000000 75.00000000 85.00000000
v 80.00000000 74.50000000 91.00000000
v 80.00000000 75.00000000 91.50000000
v 79.50000000 76.00000000 76.00000000
v 80.00000000 75.50000000 77.00000000
v 79.50000000 76.00000000 77.00000000
v 80.00000000 76.00000000 77.50000000
v 79.50000000 76.00000000 79.00000000
v 79.50000000 76.00000000 81.00000000
v 79.50000000 76.00000000 82.00000000
v 79.50000000 76.00000000 83.00000000
v 79.50000000 76.00000000 84.00000000
v 80.00000000 76.00000000 84.50000000
v 80.00000000 75.50000000 85.00000000
v 80.00000000 75.50000000 86.00000000
v 79.50000000 76.00000000 86.00000000
v 79.50000000 76.00000000 87.00000000
v 80.00000000 75.50000000 87.00000000
v 79.50000000 76.00000000 88.00000000
v 80.00000000 75.50000000 88.00000000
v 80.00000000 76.00000000 88.50000000
v 80.00000000 76.00000000 91.50000000
v 79.50000000 77.00000000 78.00000000
v 80.00000000 76.50000000 78.00000000
v 80.00000000 77.00000000 78.50000000
v 79.50000000 77.00000000 81.00000000
v 79.50000000 77.00000000 82.00000000
v 79.50000000 77.00000000 83.00000000
v 79.50000000 77.00000000 84.00000000
v 80.00000000 77.00000000 84.50000000
v 79.50000000 77.00000000 86.00000000
v 80.00000000 77.00000000 86.50000000
v 80.00000000 76.50000000 87.00000000
v 80.00000000 77.00000000 87.50000000
v 79.50000000 77.00000000 88.00000000
v 80.00000000 76.50000000 89.00000000
v 79.50000000 77.00000000 89.00000000
v 79.50000000 77.00000000 90.00000000
v 80.00000000 76.50000000 90.00000000
v 80.00000000 76.50000000 91.00000000
v 79.50000000 78.00000000 79.00000000
v 80.00000000 77.50000000 79.00000000
v 79.50000000 78.00000000 80.00000000
v 80.00000000 78.00000000 79.50000000
v 79.50000000 78.00000000 81.00000000
v 79.50000000 78.00000000 82.00000000
v 79.50000000 78.00000000 83.00000000
v 79.50000000 78.00000000 84.00000000
v 80.00000000 77.50000000 85.00000000
v 79.50000000 78.00000000 85.00000000
v 80.00000000 77.50000000 86.00000000
v 79.50000000 78.00000000 88.00000000
v 80.00000000 78.00000000 87.50000000
v 79.50000000 78.00000000 89.00000000
v 79.50000000 78.00000000 90.00000000
v 80.00000000 78.50000000 80.00000000
v 79.50000000 79.00000000 80.00000000
v 79.50000000 78.50000000 80.50000000
v 80.00000000 79.00000000 80.50000000
v 79.50000000 79.00000000 82.00000000
v 79.50000000 79.00000000 83.00000000
v 79.50000000 79.00000000 84.00000000
v 79.50000000 79.00000000 85.00000000
v 80.00000000 78.50000000 88.00000000
v 80.00000000 78.50000000 89.00000000
v 80.00000000 79.00000000 89.50000000
v 79.50000000 79.00000000 90.00000000
v 79.50000000 80.00000000 81.00000000
v 80.00000000 79.50000000 81.00000000
v 79.50000000 79.50000000 81.50000000
v 80.00000000 80.00000000 81.50000000
v 79.50000000 80.00000000 82.00000000
v 79.50000000 80.00000000 83.00000000
v 79.50000000 80.00000000 84.00000000
v 79.50000000 80.00000000 85.00000000
v 79.50000000 80.00000000 86.00000000
v 79.50000000 80.00000000 90.00000000
v 80.00000000 80.00000000 89.50000000
v 79.50000000 80.00000000 91.00000000
v 80.00000000 81.00000000 80.50000000
v 79.50000000 81.00000000 81.00000000
v 80.00000000 80.50000000 81.00000000
v 80.00000000 80.50000000 82.00000000
v 80.00000000 81.00000000 81.50000000
v 79.50000000 81.00000000 83.00000000
v 80.00000000 81.00000000 82.50000000
v 79.50000000 81.00000000 84.00000000
v 80.00000000 81.00000000 84.50000000
v 80.00000000 80.50000000 85.00000000
v 80.00000000 80.50000000 86.00000000
v 80.00000000 80.50000000 87.00000000
v 80.00000000 81.00000000 87.50000000
v 79.50000000 81.00000000 89.00000000
v 80.00000000 80.50000000 89.00000000
v 80.00000000 81.00000000 88.50000000
v 79.50000000 81.00000000 90.00000000
v 80.00000000 81.50000000 81.00000000
v 80.00000000 82.00000000 81.50000000
v 79.50000000 82.00000000 82.00000000
v 80.00000000 81.50000000 82.00000000
v 80.00000000 81.50000000 83.00000000
v 80.00000000 82.00000000 82.50000000
v 80.00000000 81.50000000 84.00000000
v 80.00000000 81.50000000 88.00000000
v 80.00000000 82.50000000 82.00000000
v 80.00000000 83.00000000 82.50000000
v 79.50000000 83.00000000 83.00000000
v 80.00000000 82.50000000 83.00000000
v 80.00000000 83.00000000 83.50000000
v 80.00000000 83.50000000 83.00000000
v 79.50000000 85.00000000 89.00000000
v 80.00000000 85.00000000 88.50000000
v 80.00000000 84.50000000 89.00000000
v 80.00000000 84.50000000 90.00000000
v 79.50000000 85.00000000 90.00000000
v 80.00000000 84.50000000 91.00000000
v 79.50000000 85.00000000 91.00000000
v 80.00000000 84.50000000 92.00000000
v 79.50000000 85.00000000 92.00000000
v 80.00000000 85.00000000 92.50000000
v 79.50000000 86.00000000 89.00000000
v 80.00000000 86.00000000 88.50000000
v 79.50000000 86.00000000 90.00000000
v 79.50000000 86.00000000 91.00000000
v 80.00000000 85.50000000 93.00000000
v 80.00000000 85.50000000 94.00000000
v 80.00000000 86.00000000 94.50000000
v 80.00000000 86.50000000 89.00000000
v 79.50000000 87.00000000 90.00000000
v 80.00000000 87.00000000 89.50000000
v 79.50000000 87.00000000 94.00000000
v 80.00000000 86.50000000 94.00000000
v 80.00000000 87.00000000 93.50000000
v 79.50000000 87.00000000 95.00000000
v 80.00000000 87.50000000 90.00000000
v 80.00000000 87.50000000 91.00000000
v 79.50000000 88.00000000 91.00000000
v 80.00000000 87.50000000 92.00000000
v 80.00000000 87.50000000 93.00000000
v 80.50000000 67.00000000 75.00000000
v 80.50000000 67.00000000 76.00000000
v 80.50000000 67.00000000 77.00000000
v 80.50000000 68.00000000 72.00000000
v 80.50000000 68.00000000 73.00000000
v 80.50000000 68.00000000 74.00000000
v 80.50000000 68.00000000 75.00000000
v 81.00000000 68.00000000 75.50000000
v 81.00000000 67.50000000 76.00000000
v 81.00000000 67.50000000 77.00000000
v 81.00000000 67.50000000 78.00000000
v 81.00000000 67.50000000 79.00000000
v 81.00000000 67.50000000 80.00000000
v 81.00000000 67.50000000 81.00000000
v 81.00000000 67.50000000 82.00000000
v 80.50000000 68.00000000 83.00000000
v 81.00000000 68.00000000 82.50000000
v 80.50000000 68.00000000 84.00000000
v 80.50000000 68.00000000 85.00000000
v 80.50000000 68.00000000 86.00000000
v 80.50000000 68.00000000 87.00000000
v 80.50000000 68.00000000 88.00000000
v 80.50000000 68.00000000 89.00000000
v 80.50000000 68.00000000 90.00000000
v 80.50000000 69.00000000 72.00000000
v 80.50000000 69.00000000 73.00000000
v 80.50000000 69.00000000 74.00000000
v 81.00000000 69.00000000 74.50000000
v 81.00000000 68.50000000 75.00000000
v 81.00000000 68.50000000 83.00000000
v 81.00000000 68.50000000 84.00000000
v 81.00000000 68.50000000 85.00000000
v 81.00000000 68.50000000 86.00000000
v 81.00000000 68.50000000 87.00000000
v 81.00000000 68.50000000 88.00000000
v 81.00000000 68.50000000 89.00000000
v 81.00000000 68.50000000 90.00000000
v 80.50000000 69.00000000 91.00000000
v 81.00000000 69.00000000 90.50000000
v 80.50000000 69.00000000 92.00000000
v 80.50000000 69.00000000 93.00000000
v 80.50000000 69.00000000 94.00000000
v 80.50000000 69.00000000 95.00000000
v 80.50000000 69.00000000 96.00000000
v 80.50000000 69.00000000 97.00000000
v 80.50000000 70.00000000 73.00000000
v 80.50000000 70.00000000 74.00000000
v 81.00000000 70.00000000 74.50000000
v 80.50000000 70.00000000 90.00000000
v 81.00000000 69.50000000 90.00000000
v 81.00000000 70.00000000 89.50000000
v 80.50000000 70.00000000 91.00000000
v 80.50000000 70.00000000 92.00000000
v 80.50000000 70.00000000 93.00000000
v 80.50000000 70.00000000 94.00000000
v 80.50000000 70.00000000 95.00000000
v 80.50000000 70.00000000 96.00000000
v 80.50000000 70.00000000 97.00000000
v 80.50000000 71.00000000 74.00000000
v 81.00000000 70.50000000 75.00000000
v 80.50000000 71.00000000 75.00000000
v 81.00000000 71.00000000 75.50000000
v 80.50000000 71.00000000 89.00000000
v 81.00000000 70.50000000 89.00000000
v 81.00000000 71.00000000 88.50000000
v 80.50000000 71.00000000 90.00000000
v 80.50000000 71.00000000 91.00000000
v 81.00000000 72.00000000 75.50000000
v 80.50000000 72.00000000 81.00000000
v 80.50000000 72.00000000 82.00000000
v 80.50000000 72.00000000 89.00000000
v 81.00000000 72.00000000 88.50000000
v 80.50000000 72.00000000 90.00000000
v 81.00000000 72.50000000 76.00000000
v 80.50000000 73.00000000 76.00000000
v 81.00000000 73.00000000 76.50000000
v 80.50000000 73.00000000 79.00000000
v 80.50000000 73.00000000 80.00000000
v 80.50000000 73.00000000 81.00000000
v 80.50000000 73.00000000 82.00000000
v 80.50000000 73.00000000 89.00000000
v 81.00000000 73.00000000 88.50000000
v 80.50000000 73.00000000 90.00000000
v 80.50000000 74.00000000 76.00000000
v 81.00000000 73.50000000 77.00000000
v 80.50000000 74.00000000 77.00000000
v 81.00000000 74.00000000 77.50000000
v 81.00000000 73.50000000 79.00000000
v 81.00000000 74.00000000 78.50000000
v 81.00000000 73.50000000 80.00000000
v 81.00000000 74.00000000 80.50000000
v 81.00000000 73.50000000 89.00000000
v 81.00000000 74.00000000 89.50000000
v 80.50000000 74.00000000 90.00000000
v 80.50000000 75.00000000 77.00000000
v 81.00000000 74.50000000 78.00000000
v 80.50000000 75.00000000 78.00000000
v 80.50000000 74.50000000 78.50000000
v 81.00000000 74.50000000 79.00000000
v 81.00000000 75.00000000 78.50000000
v 81.00000000 74.50000000 80.00000000
v 80.50000000 75.00000000 90.00000000
v 81.00000000 75.00000000 89.50000000
v 80.50000000 75.00000000 91.00000000
v 80.50000000 76.00000000 78.00000000
v 81.00000000 75.50000000 79.00000000
v 80.50000000 76.00000000 79.00000000
v 80.50000000 76.00000000 80.00000000
v 81.00000000 75.50000000 80.00000000
v 81.00000000 76.00000000 80.50000000
v 81.00000000 75.50000000 85.00000000
v 81.00000000 76.00000000 84.50000000
v 80.50000000 76.00000000 86.00000000
v 81.00000000 76.00000000 85.50000000
v 80.50000000 76.00000000 87.00000000
v 80.50000000 76.00000000 88.00000000
v 80.50000000 76.00000000 90.00000000
v 81.00000000 76.00000000 89.50000000
v 80.50000000 76.00000000 91.00000000
v 80.50000000 77.00000000 79.00000000
v 80.50000000 77.00000000 80.00000000
v 81.00000000 77.00000000 80.50000000
v 81.00000000 77.00000000 84.50000000
v 81.00000000 76.50000000 86.00000000
v 80.50000000 77.00000000 87.00000000
v 81.00000000 76.50000000 87.00000000
v 81.00000000 76.50000000 88.00000000
v 81.00000000 76.50000000 89.00000000
v 80.50000000 78.00000000 80.00000000
v 81.00000000 77.50000000 81.00000000
v 80.50000000 78.00000000 81.00000000
v 80.50000000 78.00000000 82.00000000
v 81.00000000 77.50000000 82.00000000
v 80.50000000 78.00000000 83.00000000
v 81.00000000 77.50000000 83.00000000
v 80.50000000 78.00000000 84.00000000
v 81.00000000 77.50000000 84.00000000
v 80.50000000 78.00000000 85.00000000
v 80.50000000 78.00000000 86.00000000
v 80.50000000 78.00000000 87.00000000
v 80.50000000 79.00000000 81.00000000
v 80.50000000 79.00000000 82.00000000
v 80.50000000 79.00000000 83.00000000
v 80.50000000 79.00000000 84.00000000
v 80.50000000 79.00000000 85.00000000
v 80.50000000 79.00000000 86.00000000
v 80.50000000 79.00000000 87.00000000
v 80.50000000 79.00000000 88.00000000
v 80.50000000 79.00000000 89.00000000
v 80.50000000 80.00000000 82.00000000
v 80.50000000 80.00000000 83.00000000
v 80.50000000 80.00000000 84.00000000
v 80.50000000 80.00000000 85.00000000
v 80.50000000 80.00000000 86.00000000
v 80.50000000 80.00000000 87.00000000
v 80.50000000 80.00000000 88.00000000
v 80.50000000 80.00000000 89.00000000
v 80.50000000 81.00000000 81.00000000
v 80.50000000 81.00000000 83.00000000
v 80.50000000 81.00000000 84.00000000
v 80.50000000 81.00000000 88.00000000
v 80.50000000 82.00000000 82.00000000
v 80.50000000 82.00000000 86.00000000
v 81.00000000 82.00000000 85.50000000
v 81.00000000 81.50000000 86.00000000
v 81.00000000 81.50000000 87.00000000
v 80.50000000 82.00000000 87.00000000
v 81.00000000 81.50000000 88.00000000
v 80.50000000 82.00000000 88.00000000
v 81.00000000 82.00000000 88.50000000
v 80.50000000 83.00000000 78.00000000
v 81.00000000 83.00000000 77.50000000
v 81.00000000 82.50000000 78.00000000
v 81.00000000 83.00000000 78.50000000
v 81.00000000 83.00000000 81.50000000
v 80.50000000 83.00000000 82.00000000
v 81.00000000 82.50000000 82.00000000
v 81.00000000 82.50000000 83.00000000
v 81.00000000 82.50000000 84.00000000
v 80.50000000 83.00000000 84.00000000
v 81.00000000 82.50000000 85.00000000
v 80.50000000 83.00000000 85.00000000
v 80.50000000 83.00000000 86.00000000
v 80.50000000 83.00000000 87.00000000
v 80.50000000 83.00000000 88.00000000
v 81.00000000 82.50000000 89.00000000
v 80.50000000 83.00000000 89.00000000
v 81.00000000 82.50000000 90.00000000
v 80.50000000 83.00000000 90.00000000
v 81.00000000 83.00000000 90.50000000
v 81.00000000 83.50000000 78.00000000
v 80.50000000 84.00000000 82.00000000
v 81.00000000 84.00000000 81.50000000
v 80.50000000 84.00000000 83.00000000
v 80.50000000 84.00000000 84.00000000
v 80.50000000 84.00000000 85.00000000
v 80.50000000 84.00000000 86.00000000
v 80.50000000 84.00000000 87.00000000
v 80.50000000 84.00000000 88.00000000
v 80.50000000 84.00000000 89.00000000
v 80.50000000 84.00000000 90.00000000
v 81.00000000 83.50000000 91.00000000
v 80.50000000 84.00000000 91.00000000
v 81.00000000 83.50000000 92.00000000
v 80.50000000 84.00000000 92.00000000
v 81.00000000 84.00000000 92.50000000
v 81.00000000 84.50000000 82.00000000
v 81.00000000 84.50000000 83.00000000
v 81.00000000 84.50000000 84.00000000
v 81.00000000 84.50000000 85.00000000
v 81.00000000 84.50000000 86.00000000
v 81.00000000 84.50000000 87.00000000
v 80.50000000 85.00000000 88.00000000
v 81.00000000 85.00000000 87.50000000
v 81.00000000 84.50000000 93.00000000
v 80.50000000 85.00000000 93.00000000
v 81.00000000 85.00000000 93.50000000
v 81.00000000 85.50000000 88.00000000
v 81.00000000 86.00000000 88.50000000
v 81.00000000 86.00000000 93.50000000
v 80.50000000 86.00000000 94.00000000
v 81.00000000 86.50000000 89.00000000
v 81.00000000 87.00000000 89.50000000
v 80.50000000 87.00000000 93.00000000
v 81.00000000 86.50000000 93.00000000
v 81.00000000 87.00000000 92.50000000
v 81.00000000 87.50000000 90.00000000
v 81.00000000 87.50000000 91.00000000
v 81.00000000 87.50000000 92.00000000
v 81.50000000 68.00000000 76.00000000
v 81.50000000 68.00000000 77.00000000
v 82.00000000 68.00000000 77.50000000
v 82.00000000 67.50000000 78.00000000
v 82.00000000 67.50000000 79.00000000
v 82.00000000 67.50000000 80.00000000
v 82.00000000 67.50000000 81.00000000
v 81.50000000 68.00000000 82.00000000
v 82.00000000 68.00000000 81.50000000
v 81.50000000 69.00000000 75.00000000
v 81.50000000 69.00000000 76.00000000
v 82.00000000 69.00000000 76.50000000
v 82.00000000 68.50000000 77.00000000
v 82.00000000 68.50000000 82.00000000
v 82.00000000 68.50000000 83.00000000
v 81.50000000 69.00000000 84.00000000
v 82.00000000 69.00000000 83.50000000
v 81.50000000 69.00000000 85.00000000
v 81.50000000 69.00000000 86.00000000
v 81.50000000 69.00000000 87.00000000
v 81.50000000 69.00000000 88.00000000
v 81.50000000 69.00000000 89.00000000
v 81.50000000 69.00000000 90.00000000
v 81.50000000 70.00000000 75.00000000
v 81.50000000 70.00000000 76.00000000
v 82.00000000 70.00000000 76.50000000
v 82.00000000 69.50000000 84.00000000
v 82.00000000 70.00000000 84.50000000
v 81.50000000 70.00000000 85.00000000
v 81.50000000 70.00000000 86.00000000
v 81.50000000 70.00000000 87.00000000
v 81.50000000 70.00000000 88.00000000
v 81.50000000 70.00000000 89.00000000
v 82.00000000 70.50000000 76.00000000
v 82.00000000 71.00000000 75.50000000
v 82.00000000 70.50000000 85.00000000
v 82.00000000 71.00000000 85.50000000
v 81.50000000 71.00000000 86.00000000
v 81.50000000 71.00000000 87.00000000
v 81.50000000 71.00000000 88.00000000
v 82.00000000 71.50000000 76.00000000
v 81.50000000 72.00000000 76.00000000
v 82.00000000 72.00000000 76.50000000
v 82.00000000 71.50000000 86.00000000
v 82.00000000 72.00000000 86.50000000
v 81.50000000 72.00000000 87.00000000
v 81.50000000 72.00000000 88.00000000
v 82.00000000 73.00000000 76.50000000
v 82.00000000 72.50000000 87.00000000
v 82.00000000 73.00000000 87.50000000
v 81.50000000 73.00000000 88.00000000
v 82.00000000 73.50000000 77.00000000
v 82.00000000 74.00000000 77.50000000
v 81.50000000 74.00000000 79.00000000
v 81.50000000 74.00000000 80.00000000
v 82.00000000 73.50000000 88.00000000
v 81.50000000 74.00000000 89.00000000
v 82.00000000 74.00000000 88.50000000
v 82.00000000 74.50000000 78.00000000
v 81.50000000 75.00000000 79.00000000
v 82.00000000 74.50000000 79.00000000
v 81.50000000 74.50000000 79.50000000
v 82.00000000 75.00000000 79.50000000
v 82.00000000 74.50000000 89.00000000
v 82.00000000 75.00000000 89.50000000
v 82.00000000 75.50000000 80.00000000
v 81.50000000 76.00000000 81.00000000
v 82.00000000 75.50000000 81.00000000
v 82.00000000 76.00000000 81.50000000
v 81.50000000 76.00000000 85.00000000
v 82.00000000 75.50000000 90.00000000
v 81.50000000 76.00000000 90.00000000
v 82.00000000 76.00000000 90.50000000
v 81.50000000 77.00000000 81.00000000
v 82.00000000 76.50000000 82.00000000
v 81.50000000 77.00000000 82.00000000
v 81.50000000 77.00000000 83.00000000
v 82.00000000 76.50000000 83.00000000
v 81.50000000 77.00000000 84.00000000
v 82.00000000 76.50000000 84.00000000
v 82.00000000 76.50000000 85.00000000
v 82.00000000 76.50000000 86.00000000
v 82.00000000 76.50000000 87.00000000
v 82.00000000 76.50000000 88.00000000
v 82.00000000 76.50000000 89.00000000
v 82.00000000 76.50000000 90.00000000
v 81.50000000 81.00000000 84.00000000
v 82.00000000 81.00000000 83.50000000
v 82.00000000 80.50000000 84.00000000
v 82.00000000 80.50000000 85.00000000
v 81.50000000 81.00000000 85.00000000
v 82.00000000 80.50000000 86.00000000
v 81.50000000 81.00000000 86.00000000
v 82.00000000 80.50000000 87.00000000
v 81.50000000 81.00000000 87.00000000
v 82.00000000 81.00000000 87.50000000
v 81.50000000 82.00000000 81.00000000
v 82.00000000 82.00000000 80.50000000
v 82.00000000 81.50000000 81.00000000
v 82.00000000 81.50000000 82.00000000
v 81.50000000 82.00000000 82.00000000
v 82.00000000 81.50000000 83.00000000
v 81.50000000 82.00000000 83.00000000
v 81.50000000 82.00000000 84.00000000
v 81.50000000 82.00000000 85.00000000
v 82.00000000 81.50000000 88.00000000
v 82.00000000 81.50000000 89.00000000
v 81.50000000 82.00000000 89.00000000
v 82.00000000 82.00000000 89.50000000
v 81.50000000 83.00000000 78.00000000
v 82.00000000 82.50000000 81.00000000
v 82.00000000 83.00000000 81.50000000
v 82.00000000 82.50000000 90.00000000
v 82.00000000 82.50000000 91.00000000
v 81.50000000 83.00000000 91.00000000
v 82.00000000 83.00000000 91.50000000
v 82.00000000 83.50000000 82.00000000
v 81.50000000 84.00000000 82.00000000
v 81.50000000 84.00000000 83.00000000
v 82.00000000 83.50000000 83.00000000
v 81.50000000 84.00000000 84.00000000
v 82.00000000 83.50000000 84.00000000
v 81.50000000 84.00000000 85.00000000
v 82.00000000 83.50000000 85.00000000
v 82.00000000 84.00000000 85.50000000
v 82.00000000 83.50000000 92.00000000
v 82.00000000 84.00000000 92.50000000
v 82.00000000 84.50000000 86.00000000
v 82.00000000 84.50000000 87.00000000
v 82.00000000 85.00000000 87.50000000
v 81.50000000 85.00000000 93.00000000
v 82.00000000 85.00000000 92.50000000
v 82.00000000 85.50000000 88.00000000
v 81.50000000 86.00000000 89.00000000
v 82.00000000 85.50000000 89.00000000
v 81.50000000 86.00000000 90.00000000
v 82.00000000 85.50000000 90.00000000
v 82.00000000 86.00000000 90.50000000
v 81.50000000 86.00000000 93.00000000
v 82.00000000 86.00000000 92.50000000
v 81.50000000 87.00000000 90.00000000
v 82.00000000 86.50000000 91.00000000
v 81.50000000 87.00000000 91.00000000
v 81.50000000 87.00000000 92.00000000
v 82.00000000 86.50000000 92.00000000
v 82.50000000 68.00000000 78.00000000
v 82.50000000 68.00000000 79.00000000
v 82.50000000 68.00000000 80.00000000
v 82.50000000 68.00000000 81.00000000
v 82.50000000 69.00000000 77.00000000
v 82.50000000 69.00000000 78.00000000
v 82.50000000 69.00000000 79.00000000
v 82.50000000 69.00000000 80.00000000
v 82.50000000 69.00000000 81.00000000
v 82.50000000 69.00000000 82.00000000
v 82.50000000 69.00000000 83.00000000
v 82.50000000 70.00000000 77.00000000
v 82.50000000 70.00000000 78.00000000
v 83.00000000 70.00000000 78.50000000
v 83.00000000 69.50000000 79.00000000
v 83.00000000 69.50000000 80.00000000
v 83.00000000 69.50000000 81.00000000
v 83.00000000 70.00000000 81.50000000
v 82.50000000 70.00000000 82.00000000
v 82.50000000 70.00000000 83.00000000
v 82.50000000 70.00000000 84.00000000
v 82.50000000 71.00000000 76.00000000
v 82.50000000 71.00000000 77.00000000
v 83.00000000 71.00000000 77.50000000
v 83.00000000 70.50000000 78.00000000
v 83.00000000 70.50000000 82.00000000
v 83.00000000 70.50000000 83.00000000
v 83.00000000 71.00000000 83.50000000
v 82.50000000 71.00000000 84.00000000
v 82.50000000 71.00000000 85.00000000
v 82.50000000 72.00000000 77.00000000
v 83.00000000 72.00000000 77.50000000
v 83.00000000 71.50000000 84.00000000
v 83.00000000 72.00000000 84.50000000
v 82.50000000 72.00000000 85.00000000
v 82.50000000 72.00000000 86.00000000
v 82.50000000 73.00000000 77.00000000
v 83.00000000 73.00000000 77.50000000
v 83.00000000 72.50000000 85.00000000
v 83.00000000 72.50000000 86.00000000
v 82.50000000 73.00000000 87.00000000
v 83.00000000 73.00000000 86.50000000
v 82.50000000 74.00000000 78.00000000
v 83.00000000 73.50000000 78.00000000
v 83.00000000 74.00000000 78.50000000
v 83.00000000 73.50000000 87.00000000
v 83.00000000 73.50000000 88.00000000
v 83.00000000 74.00000000 88.50000000
v 83.00000000 74.50000000 79.00000000
v 82.50000000 75.00000000 80.00000000
v 83.00000000 74.50000000 80.00000000
v 82.50000000 75.00000000 81.00000000
v 83.00000000 74.50000000 81.00000000
v 83.00000000 75.00000000 81.50000000
v 83.00000000 74.50000000 89.00000000
v 83.00000000 74.50000000 90.00000000
v 82.50000000 75.00000000 90.00000000
v 83.00000000 75.00000000 90.50000000
v 82.50000000 76.00000000 82.00000000
v 83.00000000 75.50000000 82.00000000
v 82.50000000 76.00000000 83.00000000
v 83.00000000 75.50000000 83.00000000
v 83.00000000 76.00000000 83.50000000
v 83.00000000 76.00000000 90.50000000
v 83.00000000 77.00000000 83.50000000
v 82.50000000 77.00000000 84.00000000
v 82.50000000 77.00000000 85.00000000
v 82.50000000 77.00000000 86.00000000
v 82.50000000 77.00000000 87.00000000
v 83.00000000 77.00000000 87.50000000
v 83.00000000 76.50000000 88.00000000
v 83.00000000 76.50000000 89.00000000
v 83.00000000 76.50000000 90.00000000
v 83.00000000 77.50000000 84.00000000
v 83.00000000 77.50000000 85.00000000
v 83.00000000 77.50000000 86.00000000
v 83.00000000 77.50000000 87.00000000
v 82.50000000 80.00000000 83.00000000
v 83.00000000 80.00000000 82.50000000
v 83.00000000 79.50000000 83.00000000
v 83.00000000 79.50000000 84.00000000
v 82.50000000 80.00000000 84.00000000
v 83.00000000 79.50000000 85.00000000
v 82.50000000 80.00000000 85.00000000
v 83.00000000 79.50000000 86.00000000
v 82.50000000 80.00000000 86.00000000
v 83.00000000 80.00000000 86.50000000
v 82.50000000 81.00000000 81.00000000
v 83.00000000 81.00000000 80.50000000
v 83.00000000 80.50000000 81.00000000
v 83.00000000 80.50000000 82.00000000
v 82.50000000 81.00000000 82.00000000
v 82.50000000 81.00000000 83.00000000
v 83.00000000 80.50000000 87.00000000
v 83.00000000 80.50000000 88.00000000
v 82.50000000 81.00000000 88.00000000
v 83.00000000 81.00000000 88.50000000
v 82.50000000 82.00000000 81.00000000
v 83.00000000 81.50000000 81.00000000
v 82.50000000 81.50000000 81.50000000
v 83.00000000 82.00000000 81.50000000
v 83.00000000 81.50000000 89.00000000
v 83.00000000 82.00000000 89.50000000
v 82.50000000 83.00000000 82.00000000
v 83.00000000 82.50000000 82.00000000
v 83.00000000 83.00000000 82.50000000
v 83.00000000 82.50000000 90.00000000
v 82.50000000 83.00000000 91.00000000
v 83.00000000 83.00000000 90.50000000
v 83.00000000 83.50000000 83.00000000
v 83.00000000 83.50000000 84.00000000
v 83.00000000 83.50000000 85.00000000
v 82.50000000 84.00000000 86.00000000
v 83.00000000 83.50000000 86.00000000
v 83.00000000 84.00000000 86.50000000
v 83.00000000 83.50000000 91.00000000
v 82.50000000 84.00000000 92.00000000
v 83.00000000 84.00000000 91.50000000
v 83.00000000 84.50000000 87.00000000
v 82.50000000 85.00000000 88.00000000
v 83.00000000 84.50000000 88.00000000
v 82.50000000 85.00000000 89.00000000
v 83.00000000 84.50000000 89.00000000
v 83.00000000 85.00000000 89.50000000
v 82.50000000 85.00000000 92.00000000
v 83.00000000 85.00000000 91.50000000
v 83.00000000 85.50000000 90.00000000
v 82.50000000 86.00000000 91.00000000
v 83.00000000 85.50000000 91.00000000
v 82.50000000 86.00000000 92.00000000
v 83.50000000 70.00000000 79.00000000
v 83.50000000 70.00000000 80.00000000
v 83.50000000 70.00000000 81.00000000
v 83.50000000 71.00000000 78.00000000
v 83.50000000 71.00000000 79.00000000
v 83.50000000 71.00000000 80.00000000
v 83.50000000 71.00000000 81.00000000
v 83.50000000 71.00000000 82.00000000
v 83.50000000 71.00000000 83.00000000
v 83.50000000 72.00000000 78.00000000
v 83.50000000 72.00000000 79.00000000
v 83.50000000 72.00000000 80.00000000
v 83.50000000 72.00000000 81.00000000
v 83.50000000 72.00000000 82.00000000
v 83.50000000 72.00000000 83.00000000
v 83.50000000 72.00000000 84.00000000
v 83.50000000 73.00000000 78.00000000
v 83.50000000 73.00000000 79.00000000
v 83.50000000 73.00000000 80.00000000
v 83.50000000 73.00000000 81.00000000
v 83.50000000 73.00000000 82.00000000
v 84.00000000 73.00000000 82.50000000
v 84.00000000 72.50000000 83.00000000
v 84.00000000 72.50000000 84.00000000
v 84.00000000 72.50000000 85.00000000
v 83.50000000 73.00000000 86.00000000
v 84.00000000 73.00000000 85.50000000
v 83.50000000 74.00000000 79.00000000
v 83.50000000 74.00000000 80.00000000
v 83.50000000 74.00000000 81.00000000
v 84.00000000 74.00000000 81.50000000
v 84.00000000 73.50000000 82.00000000
v 84.00000000 73.50000000 86.00000000
v 84.00000000 73.50000000 87.00000000
v 84.00000000 73.50000000 88.00000000
v 84.00000000 73.50000000 89.00000000
v 83.50000000 74.00000000 89.00000000
v 84.00000000 74.00000000 89.50000000
v 83.50000000 75.00000000 82.00000000
v 84.00000000 74.50000000 82.00000000
v 84.00000000 75.00000000 82.50000000
v 84.00000000 74.50000000 90.00000000
v 84.00000000 75.00000000 90.50000000
v 84.00000000 76.00000000 82.50000000
v 83.50000000 76.00000000 83.00000000
v 83.50000000 76.00000000 89.00000000
v 84.00000000 75.50000000 89.00000000
v 84.00000000 76.00000000 88.50000000
v 83.50000000 76.00000000 90.00000000
v 84.00000000 75.50000000 90.00000000
v 84.00000000 76.50000000 83.00000000
v 84.00000000 77.00000000 83.50000000
v 84.00000000 76.50000000 88.00000000
v 84.00000000 77.00000000 87.50000000
v 83.50000000 78.00000000 83.00000000
v 84.00000000 78.00000000 82.50000000
v 84.00000000 77.50000000 83.00000000
v 83.50000000 78.00000000 84.00000000
v 83.50000000 78.00000000 85.00000000
v 83.50000000 78.00000000 86.00000000
v 84.00000000 78.00000000 86.50000000
v 84.00000000 77.50000000 87.00000000
v 83.50000000 79.00000000 83.00000000
v 84.00000000 79.00000000 82.50000000
v 83.50000000 79.00000000 84.00000000
v 83.50000000 79.00000000 85.00000000
v 83.50000000 79.00000000 86.00000000
v 84.00000000 79.00000000 86.50000000
v 83.50000000 80.00000000 82.00000000
v 84.00000000 80.00000000 81.50000000
v 84.00000000 79.50000000 82.00000000
v 84.00000000 79.50000000 87.00000000
v 83.50000000 80.00000000 87.00000000
v 84.00000000 80.00000000 87.50000000
v 83.50000000 81.00000000 81.00000000
v 84.00000000 81.00000000 81.50000000
v 84.00000000 80.50000000 88.00000000
v 84.00000000 81.00000000 88.50000000
v 84.00000000 82.00000000 81.50000000
v 84.00000000 81.50000000 89.00000000
v 84.00000000 82.00000000 89.50000000
v 84.00000000 82.50000000 82.00000000
v 83.50000000 83.00000000 83.00000000
v 84.00000000 82.50000000 83.00000000
v 83.50000000 83.00000000 84.00000000
v 84.00000000 82.50000000 84.00000000
v 83.50000000 83.00000000 85.00000000
v 84.00000000 82.50000000 85.00000000
v 83.50000000 83.00000000 86.00000000
v 84.00000000 82.50000000 86.00000000
v 84.00000000 83.00000000 86.50000000
v 83.50000000 83.00000000 90.00000000
v 84.00000000 83.00000000 89.50000000
v 83.50000000 84.00000000 87.00000000
v 84.00000000 83.50000000 87.00000000
v 83.50000000 84.00000000 88.00000000
v 84.00000000 83.50000000 88.00000000
v 83.50000000 84.00000000 89.00000000
v 84.00000000 83.50000000 89.00000000
v 83.50000000 84.00000000 90.00000000
v 83.50000000 84.00000000 91.00000000
v 83.50000000 85.00000000 90.00000000
v 83.50000000 85.00000000 91.00000000
v 84.50000000 73.00000000 83.00000000
v 84.50000000 73.00000000 84.00000000
v 84.50000000 73.00000000 85.00000000
v 84.50000000 74.00000000 82.00000000
v 84.50000000 74.00000000 83.00000000
v 85.00000000 74.00000000 83.50000000
v 85.00000000 73.50000000 84.00000000
v 85.00000000 73.50000000 85.00000000
v 85.00000000 73.50000000 86.00000000
v 85.00000000 73.50000000 87.00000000
v 85.00000000 73.50000000 88.00000000
v 84.50000000 74.00000000 89.00000000
v 85.00000000 74.00000000 88.50000000
v 84.50000000 75.00000000 83.00000000
v 85.00000000 75.00000000 83.50000000
v 84.50000000 75.00000000 89.00000000
v 85.00000000 75.00000000 88.50000000
v 84.50000000 75.00000000 90.00000000
v 84.50000000 76.00000000 83.00000000
v 85.00000000 76.00000000 83.50000000
v 84.50000000 76.00000000 88.00000000
v 85.00000000 75.50000000 88.00000000
v 85.00000000 76.00000000 87.50000000
v 85.00000000 77.00000000 82.50000000
v 84.50000000 77.00000000 83.00000000
v 85.00000000 76.50000000 83.00000000
v 84.50000000 77.00000000 87.00000000
v 85.00000000 76.50000000 87.00000000
v 85.00000000 77.00000000 86.50000000
v 85.00000000 78.00000000 82.50000000
v 85.00000000 78.00000000 86.50000000
v 84.50000000 79.00000000 82.00000000
v 85.00000000 79.00000000 81.50000000
v 85.00000000 78.50000000 82.00000000
v 85.00000000 79.00000000 86.50000000
v 85.00000000 80.00000000 81.50000000
v 84.50000000 80.00000000 87.00000000
v 85.00000000 80.00000000 86.50000000
v 85.00000000 80.50000000 82.00000000
v 84.50000000 81.00000000 82.00000000
v 85.00000000 81.00000000 82.50000000
v 84.50000000 81.00000000 85.00000000
v 85.00000000 80.50000000 85.00000000
v 85.00000000 81.00000000 84.50000000
v 84.50000000 81.00000000 86.00000000
v 85.00000000 80.50000000 86.00000000
v 84.50000000 81.00000000 87.00000000
v 84.50000000 81.00000000 88.00000000
v 84.50000000 82.00000000 82.00000000
v 85.00000000 81.50000000 83.00000000
v 84.50000000 82.00000000 83.00000000
v 84.50000000 82.00000000 84.00000000
v 85.00000000 81.50000000 84.00000000
v 84.50000000 82.00000000 85.00000000
v 84.50000000 82.00000000 86.00000000
v 84.50000000 82.00000000 87.00000000
v 84.50000000 82.00000000 88.00000000
v 84.50000000 82.00000000 89.00000000
v 84.50000000 83.00000000 87.00000000
v 84.50000000 83.00000000 88.00000000
v 84.50000000 83.00000000 89.00000000
v 85.50000000 62.00000000 78.00000000
v 86.00000000 62.00000000 77.50000000
v 86.00000000 61.50000000 78.00000000
v 86.00000000 61.50000000 79.00000000
v 85.50000000 62.00000000 79.00000000
v 86.00000000 62.00000000 79.50000000
v 86.00000000 62.50000000 78.00000000
v 86.00000000 62.50000000 79.00000000
v 86.00000000 74.00000000 83.50000000
v 86.00000000 73.50000000 84.00000000
v 86.00000000 73.50000000 85.00000000
v 86.00000000 73.50000000 86.00000000
v 86.00000000 73.50000000 87.00000000
v 85.50000000 74.00000000 88.00000000
v 86.00000000 74.00000000 87.50000000
v 86.00000000 75.00000000 83.50000000
v 85.50000000 75.00000000 88.00000000
v 86.00000000 75.00000000 87.50000000
v 86.00000000 76.00000000 83.50000000
v 85.50000000 76.00000000 86.00000000
v 86.00000000 75.50000000 86.00000000
v 86.00000000 76.00000000 85.50000000
v 85.50000000 76.00000000 87.00000000
v 86.00000000 75.50000000 87.00000000
v 85.50000000 77.00000000 83.00000000
v 86.00000000 77.00000000 83.50000000
v 85.50000000 77.00000000 85.00000000
v 86.00000000 76.50000000 85.00000000
v 86.00000000 77.00000000 84.50000000
v 85.50000000 77.00000000 86.00000000
v 86.00000000 78.00000000 82.50000000
v 86.00000000 77.50000000 83.00000000
v 85.50000000 78.00000000 85.00000000
v 86.00000000 78.00000000 84.50000000
v 85.50000000 78.00000000 86.00000000
v 85.50000000 79.00000000 82.00000000
v 86.00000000 79.00000000 82.50000000
v 85.50000000 79.00000000 85.00000000
v 86.00000000 79.00000000 84.50000000
v 85.50000000 79.00000000 86.00000000
v 85.50000000 80.00000000 82.00000000
v 86.00000000 79.50000000 83.00000000
v 85.50000000 80.00000000 83.00000000
v 85.50000000 80.00000000 84.00000000
v 86.00000000 79.50000000 84.00000000
v 85.50000000 80.00000000 85.00000000
v 85.50000000 80.00000000 86.00000000
v 85.50000000 81.00000000 83.00000000
v 85.50000000 81.00000000 84.00000000
v 86.50000000 61.00000000 77.00000000
v 87.00000000 61.00000000 76.50000000
v 87.00000000 60.50000000 77.00000000
v 87.00000000 61.00000000 77.50000000
v 86.50000000 62.00000000 77.00000000
v 87.00000000 62.00000000 76.50000000
v 87.00000000 61.50000000 78.00000000
v 86.50000000 62.00000000 79.00000000
v 87.00000000 62.00000000 78.50000000
v 87.00000000 62.50000000 77.00000000
v 87.00000000 62.50000000 78.00000000
v 86.50000000 74.00000000 84.00000000
v 86.50000000 74.00000000 85.00000000
v 86.50000000 74.00000000 86.00000000
v 86.50000000 74.00000000 87.00000000
v 86.50000000 75.00000000 84.00000000
v 86.50000000 75.00000000 85.00000000
v 86.50000000 75.00000000 86.00000000
v 86.50000000 75.00000000 87.00000000
v 86.50000000 76.00000000 84.00000000
v 86.50000000 76.00000000 85.00000000
v 86.50000000 77.00000000 84.00000000
v 86.50000000 78.00000000 83.00000000
v 86.50000000 78.00000000 84.00000000
v 86.50000000 79.00000000 83.00000000
v 86.50000000 79.00000000 84.00000000
v 87.50000000 61.00000000 77.00000000
v 87.50000000 62.00000000 77.00000000
v 87.50000000 62.00000000 78.00000000
f 1612 1611 1610
f 1610 1613 1612
f 1611 1614 1610
f 1610 1614 1613
f 1615 1611 1612
f 1613 1615 1612
f 1615 1614 1611
f 1614 1615 1613
f 1618 1617 1616
f 1616 1619 1618
f 1617 1620 1616
f 1616 1620 1619
f 1623 1622 1621
f 1625 1624 1621
f 1621 1624 1623
f 1627 1626 1625
f 1625 1626 1624
f 1629 1628 1627
f 1627 1628 1626
f 1629 1630 1628
f 1621 1622 1631
f 1631 1622 1632
f 1621 1633 1625
f 1621 1631 1633
f 1625 1634 1627
f 1625 1633 1634
f 1636 1629 1635
f 1629 1634 1635
f 1629 1627 1634
f 1629 1636 1630
f 1631 1632 1637
f 1637 1632 1638
f 1640 1633 1639
f 1633 1637 1639
f 1633 1631 1637
f 1633 1640 1634
f 1634 1640 1641
f 1634 1641 1635
f 1638 1642 1637
f 1637 1642 1639
f 1643 1617 1618
f 1619 1643 1618
f 1643 1620 1617
f 1620 1643 1619
f 1646 1645 1644
f 1648 1647 1644
f 1644 1647 1646
f 1650 1649 1648
f 1648 1649 1647
f 1652 1651 1650
f 1650 1651 1649
f 1654 1653 1652
f 1652 1653 1651
f 1656 1655 1654
f 1654 1655 1653
f 1656 1657 1655
f 1660 1659 1658
f 1660 1658 1645
f 1658 1644 1645
f 1658 1661 1644
f 1661 1622 1623
f 1648 1661 1623
f 1644 1661 1648
f 1648 1623 1624
f 1648 1624 1650
f 1650 1624 1626
f 1650 1626 1652
f 1652 1626 1628
f 1652 1628 1654
f 1654 1628 1630
f 1662 1654 1630
f 1656 1654 1662
f 1657 1656 1663
f 1663 1656 1662
f 1658 1659 1664
f 1664 1659 1665
f 1658 1666 1661
f 1658 1664 1666
f 1666 1632 1622
f 1666 1622 1661
f 1635 1667 1636
f 1667 1668 1636
f 1636 1668 1630
f 1668 1669 1630
f 1669 1662 1630
f 1662 1669 1663
f 1664 1665 1670
f 1670 1665 1671
f 1664 1672 1666
f 1664 1670 1672
f 1672 1638 1632
f 1672 1632 1666
f 1639 1673 1640
f 1674 1641 1640
f 1674 1640 1673
f 1674 1675 1641
f 1641 1675 1635
f 1675 1676 1635
f 1676 1667 1635
f 1667 1676 1668
f 1670 1671 1677
f 1677 1671 1678
f 1680 1672 1679
f 1672 1677 1679
f 1672 1670 1677
f 1672 1680 1638
f 1680 1642 1638
f 1680 1681 1642
f 1639 1642 1673
f 1642 1682 1673
f 1642 1681 1682
f 1673 1682 1674
f 1674 1682 1683
f 1674 1683 1675
f 1678 1684 1677
f 1677 1684 1679
f 1687 1686 1685
f 1689 1688 1685
f 1685 1688 1687
f 1691 1690 1689
f 1689 1690 1688
f 1693 1692 1691
f 1691 1692 1690
f 1693 1694 1692
f 1685 1686 1695
f 1695 1686 1696
f 1685 1697 1689
f 1685 1695 1697
f 1689 1698 1691
f 1689 1697 1698
f 1691 1699 1693
f 1691 1698 1699
f 1694 1693 1700
f 1700 1693 1699
f 1696 1701 1695
f 1703 1702 1701
f 1702 1695 1701
f 1702 1697 1695
f 1697 1704 1698
f 1697 1702 1704
f 1698 1705 1699
f 1698 1704 1705
f 1700 1699 1706
f 1706 1699 1705
f 1703 1707 1702
f 1702 1707 1704
f 1704 1707 1708
f 1704 1708 1705
f 1705 1708 1709
f 1705 1709 1706
f 1712 1711 1710
f 1710 1713 1712
f 1711 1714 1710
f 1710 1714 1713
f 1717 1716 1715
f 1719 1718 1715
f 1715 1718 1717
f 1721 1720 1719
f 1719 1720 1718
f 1721 1722 1720
f 1725 1724 1723
f 1725 1723 1716
f 1716 1723 1715
f 1723 1645 1715
f 1645 1646 1715
f 1715 1646 1647
f 1715 1647 1719
f 1719 1647 1649
f 1719 1649 1721
f 1726 1722 1721
f 1649 1726 1721
f 1651 1726 1649
f 1727 1651 1653
f 1727 1726 1651
f 1728 1653 1655
f 1728 1727 1653
f 1730 1729 1657
f 1729 1655 1657
f 1729 1728 1655
f 1730 1731 1729
f 1734 1733 1732
f 1734 1732 1724
f 1724 1732 1723
f 1732 1659 1723
f 1659 1660 1723
f 1723 1660 1645
f 1663 1735 1730
f 1663 1730 1657
f 1731 1730 1736
f 1736 1730 1735
f 1732 1733 1737
f 1737 1733 1738
f 1737 1665 1659
f 1737 1659 1732
f 1668 1739 1669
f 1739 1740 1669
f 1669 1740 1663
f 1740 1741 1663
f 1741 1735 1663
f 1735 1741 1736
f 1737 1738 1742
f 1742 1738 1743
f 1742 1671 1665
f 1742 1665 1737
f 1745 1744 1676
f 1745 1676 1675
f 1668 1676 1739
f 1676 1746 1739
f 1676 1744 1746
f 1739 1746 1740
f 1742 1743 1747
f 1747 1743 1748
f 1747 1678 1671
f 1747 1671 1742
f 1679 1749 1680
f 1680 1749 1750
f 1751 1680 1750
f 1681 1680 1751
f 1681 1752 1682
f 1751 1752 1681
f 1682 1753 1683
f 1752 1753 1682
f 1675 1683 1745
f 1745 1683 1753
f 1748 1754 1747
f 1747 1754 1678
f 1754 1684 1678
f 1754 1755 1684
f 1679 1684 1749
f 1684 1756 1749
f 1684 1755 1756
f 1749 1756 1750
f 1759 1758 1757
f 1757 1760 1759
f 1763 1762 1761
f 1765 1764 1761
f 1761 1764 1763
f 1767 1766 1765
f 1765 1766 1764
f 1769 1768 1767
f 1767 1768 1766
f 1768 1769 1758
f 1769 1757 1758
f 1769 1770 1757
f 1760 1757 1771
f 1771 1757 1770
f 1761 1762 1772
f 1772 1762 1773
f 1772 1686 1687
f 1765 1772 1687
f 1761 1772 1765
f 1765 1687 1688
f 1765 1688 1767
f 1767 1688 1690
f 1767 1690 1769
f 1769 1690 1692
f 1769 1692 1770
f 1692 1694 1770
f 1694 1771 1770
f 1694 1774 1771
f 1773 1775 1772
f 1696 1686 1772
f 1776 1696 1772
f 1775 1776 1772
f 1696 1776 1777
f 1779 1778 1777
f 1779 1777 1776
f 1780 1778 1779
f 1700 1782 1781
f 1774 1700 1781
f 1694 1700 1774
f 1782 1783 1781
f 1777 1701 1696
f 1701 1777 1703
f 1777 1784 1703
f 1777 1778 1784
f 1778 1780 1785
f 1786 1778 1785
f 1784 1778 1786
f 1787 1786 1785
f 1789 1788 1782
f 1700 1789 1782
f 1706 1789 1700
f 1782 1788 1783
f 1784 1707 1703
f 1707 1784 1708
f 1708 1784 1786
f 1787 1790 1786
f 1790 1708 1786
f 1790 1709 1708
f 1706 1709 1789
f 1789 1709 1790
f 1791 1711 1712
f 1713 1791 1712
f 1791 1714 1711
f 1714 1791 1713
f 1794 1793 1792
f 1796 1795 1792
f 1792 1795 1794
f 1796 1797 1795
f 1800 1799 1798
f 1800 1798 1793
f 1798 1792 1793
f 1798 1801 1792
f 1792 1802 1796
f 1792 1801 1802
f 1797 1796 1803
f 1796 1804 1803
f 1796 1802 1804
f 1804 1805 1803
f 1798 1799 1806
f 1806 1799 1807
f 1809 1801 1808
f 1801 1806 1808
f 1801 1798 1806
f 1801 1809 1802
f 1802 1809 1810
f 1802 1810 1804
f 1804 1810 1811
f 1804 1811 1805
f 1807 1812 1806
f 1806 1812 1808
f 1815 1814 1813
f 1716 1717 1813
f 1717 1815 1813
f 1717 1816 1815
f 1817 1717 1718
f 1817 1816 1717
f 1818 1718 1720
f 1818 1817 1718
f 1820 1819 1722
f 1819 1720 1722
f 1819 1818 1720
f 1822 1821 1820
f 1820 1821 1819
f 1824 1823 1822
f 1822 1823 1821
f 1826 1825 1824
f 1824 1825 1823
f 1826 1827 1825
f 1813 1814 1725
f 1814 1724 1725
f 1814 1828 1724
f 1813 1725 1716
f 1726 1820 1722
f 1820 1726 1727
f 1820 1727 1822
f 1822 1727 1728
f 1822 1728 1824
f 1824 1728 1729
f 1824 1729 1826
f 1830 1829 1731
f 1731 1829 1729
f 1829 1827 1729
f 1827 1826 1729
f 1830 1831 1829
f 1833 1832 1734
f 1734 1832 1733
f 1734 1724 1828
f 1734 1828 1833
f 1835 1834 1830
f 1731 1835 1830
f 1736 1835 1731
f 1830 1834 1831
f 1832 1738 1733
f 1836 1738 1832
f 1838 1837 1741
f 1838 1741 1740
f 1736 1741 1835
f 1835 1741 1837
f 1836 1743 1738
f 1839 1743 1836
f 1842 1841 1840
f 1744 1745 1840
f 1841 1744 1840
f 1843 1744 1841
f 1744 1844 1746
f 1843 1844 1744
f 1740 1746 1838
f 1838 1746 1844
f 1839 1748 1743
f 1845 1748 1839
f 1847 1846 1751
f 1847 1751 1750
f 1751 1848 1752
f 1846 1848 1751
f 1840 1753 1842
f 1753 1848 1842
f 1753 1752 1848
f 1753 1840 1745
f 1754 1748 1849
f 1748 1850 1849
f 1748 1845 1850
f 1754 1849 1851
f 1852 1754 1851
f 1755 1754 1852
f 1755 1853 1756
f 1852 1853 1755
f 1750 1756 1847
f 1847 1756 1853
f 1855 1854 1759
f 1759 1854 1758
f 1856 1849 1760
f 1849 1855 1760
f 1855 1759 1760
f 1849 1850 1855
f 1851 1849 1857
f 1857 1849 1856
f 1858 1762 1763
f 1858 1763 1859
f 1763 1860 1859
f 1763 1764 1860
f 1861 1764 1766
f 1861 1860 1764
f 1862 1766 1768
f 1862 1861 1766
f 1768 1758 1854
f 1768 1854 1862
f 1771 1863 1856
f 1771 1856 1760
f 1857 1856 1864
f 1864 1856 1863
f 1867 1866 1865
f 1865 1868 1867
f 1871 1870 1869
f 1872 1871 1858
f 1871 1773 1858
f 1773 1762 1858
f 1871 1869 1773
f 1875 1874 1873
f 1859 1872 1858
f 1876 1874 1875
f 1774 1877 1863
f 1774 1863 1771
f 1864 1863 1878
f 1878 1863 1877
f 1866 1879 1865
f 1865 1879 1868
f 1870 1880 1869
f 1869 1880 1773
f 1880 1775 1773
f 1880 1881 1775
f 1874 1776 1873
f 1776 1881 1873
f 1776 1775 1881
f 1876 1882 1874
f 1882 1776 1874
f 1882 1779 1776
f 1884 1883 1780
f 1779 1884 1780
f 1882 1884 1779
f 1886 1885 1883
f 1886 1883 1884
f 1774 1781 1877
f 1885 1886 1887
f 1781 1783 1877
f 1783 1878 1877
f 1783 1888 1878
f 1883 1785 1780
f 1785 1883 1787
f 1883 1889 1787
f 1883 1885 1889
f 1890 1788 1789
f 1885 1890 1789
f 1889 1885 1789
f 1890 1885 1887
f 1783 1788 1888
f 1888 1788 1890
f 1889 1790 1787
f 1790 1889 1789
f 1892 1891 1794
f 1794 1891 1793
f 1893 1794 1795
f 1893 1892 1794
f 1795 1797 1893
f 1893 1797 1894
f 1896 1895 1800
f 1800 1895 1799
f 1800 1793 1891
f 1800 1891 1896
f 1897 1894 1797
f 1897 1797 1803
f 1803 1805 1897
f 1897 1805 1898
f 1895 1807 1799
f 1899 1807 1895
f 1808 1900 1809
f 1809 1900 1901
f 1902 1809 1901
f 1810 1809 1902
f 1810 1903 1811
f 1902 1903 1810
f 1805 1811 1898
f 1898 1811 1903
f 1899 1904 1807
f 1807 1904 1812
f 1808 1812 1900
f 1812 1905 1900
f 1812 1904 1905
f 1900 1905 1901
f 1908 1907 1906
f 1906 1909 1908
f 1912 1911 1910
f 1910 1913 1912
f 1915 1914 1815
f 1815 1914 1814
f 1916 1815 1816
f 1916 1915 1815
f 1917 1816 1817
f 1917 1916 1816
f 1918 1817 1818
f 1918 1917 1817
f 1819 1906 1907
f 1918 1819 1907
f 1818 1819 1918
f 1919 1909 1906
f 1819 1919 1906
f 1821 1919 1819
f 1823 1910 1911
f 1919 1823 1911
f 1821 1823 1919
f 1920 1913 1910
f 1823 1920 1910
f 1825 1920 1823
f 1922 1921 1827
f 1921 1825 1827
f 1921 1920 1825
f 1922 1923 1921
f 1926 1925 1924
f 1914 1926 1924
f 1828 1914 1924
f 1814 1914 1828
f 1829 1922 1827
f 1829 1831 1922
f 1831 1923 1922
f 1831 1927 1923
f 1924 1925 1833
f 1925 1832 1833
f 1925 1928 1832
f 1924 1833 1828
f 1930 1929 1834
f 1930 1834 1835
f 1831 1834 1927
f 1927 1834 1929
f 1932 1836 1931
f 1836 1928 1931
f 1836 1832 1928
f 1933 1932 1931
f 1935 1934 1837
f 1935 1837 1838
f 1835 1837 1930
f 1930 1837 1934
f 1936 1839 1932
f 1932 1839 1836
f 1932 1933 1937
f 1932 1937 1936
f 1939 1938 1841
f 1939 1841 1842
f 1841 1940 1843
f 1938 1940 1841
f 1843 1941 1844
f 1940 1941 1843
f 1838 1844 1935
f 1935 1844 1941
f 1942 1845 1936
f 1936 1845 1839
f 1936 1937 1943
f 1944 1936 1943
f 1942 1936 1944
f 1946 1945 1944
f 1946 1944 1943
f 1846 1847 1945
f 1946 1846 1945
f 1947 1846 1946
f 1846 1948 1848
f 1947 1948 1846
f 1842 1848 1939
f 1939 1848 1948
f 1949 1850 1942
f 1942 1850 1845
f 1950 1852 1851
f 1952 1951 1944
f 1949 1944 1951
f 1944 1949 1942
f 1852 1950 1853
f 1953 1853 1950
f 1853 1953 1945
f 1952 1945 1953
f 1945 1952 1944
f 1853 1945 1847
f 1954 1854 1855
f 1850 1949 1855
f 1949 1954 1855
f 1949 1955 1954
f 1950 1851 1956
f 1857 1956 1851
f 1957 1949 1951
f 1949 1957 1955
f 1953 1950 1958
f 1958 1950 1956
f 1959 1859 1860
f 1861 1960 1860
f 1860 1960 1959
f 1862 1961 1861
f 1861 1961 1960
f 1962 1961 1862
f 1962 1862 1854
f 1963 1962 1854
f 1954 1963 1854
f 1963 1954 1955
f 1963 1955 1964
f 1864 1965 1857
f 1864 1955 1965
f 1955 1864 1964
f 1966 1964 1864
f 1964 1966 1957
f 1965 1957 1966
f 1966 1956 1965
f 1965 1956 1857
f 1955 1957 1965
f 1958 1956 1967
f 1967 1956 1966
f 1969 1968 1867
f 1867 1968 1866
f 1971 1970 1868
f 1970 1867 1868
f 1970 1969 1867
f 1870 1871 1971
f 1871 1970 1971
f 1871 1972 1970
f 1973 1871 1872
f 1973 1972 1871
f 1872 1859 1973
f 1959 1973 1859
f 1973 1959 1974
f 1875 1974 1959
f 1974 1875 1873
f 1875 1959 1876
f 1959 1975 1876
f 1959 1960 1975
f 1976 1960 1961
f 1975 1960 1976
f 1961 1962 1977
f 1961 1977 1976
f 1979 1978 1966
f 1864 1979 1966
f 1878 1979 1864
f 1966 1978 1967
f 1879 1866 1980
f 1866 1981 1980
f 1866 1968 1981
f 1971 1868 1879
f 1980 1971 1879
f 1982 1971 1980
f 1971 1982 1870
f 1982 1983 1870
f 1983 1880 1870
f 1982 1984 1983
f 1880 1985 1881
f 1983 1985 1880
f 1873 1881 1974
f 1974 1881 1985
f 1975 1882 1876
f 1882 1975 1884
f 1884 1975 1976
f 1977 1986 1976
f 1986 1884 1976
f 1986 1886 1884
f 1988 1987 1887
f 1886 1988 1887
f 1986 1988 1886
f 1988 1979 1987
f 1979 1888 1987
f 1979 1878 1888
f 1981 1989 1980
f 1980 1989 1982
f 1982 1989 1990
f 1982 1990 1984
f 1987 1890 1887
f 1890 1987 1888
f 1991 1891 1892
f 1893 1992 1892
f 1892 1992 1991
f 1894 1992 1893
f 1994 1993 1896
f 1896 1993 1895
f 1896 1891 1991
f 1995 1896 1991
f 1994 1896 1995
f 1995 1991 1992
f 1995 1992 1996
f 1996 1992 1894
f 1897 1996 1894
f 1997 1996 1897
f 1897 1898 1997
f 1997 1898 1998
f 2000 1899 1999
f 1899 1993 1999
f 1899 1895 1993
f 2002 2001 2000
f 2002 2000 1999
f 1902 1901 2001
f 2002 1902 2001
f 2003 1902 2002
f 1902 2004 1903
f 2003 2004 1902
f 1898 1903 1998
f 1998 1903 2004
f 2000 1904 1899
f 1904 2000 1905
f 1905 2000 2001
f 1905 2001 1901
f 2007 2006 2005
f 2009 2008 2005
f 2005 2008 2007
f 2009 2010 2008
f 2006 2011 2005
f 2013 2012 2011
f 2012 2005 2011
f 2012 2009 2005
f 2010 2009 2014
f 2014 2009 2012
f 2012 2013 2015
f 2015 2013 2016
f 2014 2012 2017
f 2017 2012 2015
f 2016 2018 2015
f 2015 2018 2017
f 2021 2020 2019
f 2023 2022 2019
f 2019 2022 2021
f 2025 2024 2023
f 2023 2024 2022
f 2025 1907 2024
f 1907 1908 2024
f 2027 2026 2024
f 2027 2024 1908
f 1909 2027 1908
f 2028 1911 1912
f 1913 2028 1912
f 2031 2030 2029
f 1914 1915 2029
f 1915 2031 2029
f 1915 2032 2031
f 1916 2019 2020
f 2032 1916 2020
f 1915 1916 2032
f 2019 1916 1917
f 2019 1917 2023
f 2023 1917 1918
f 2023 1918 2025
f 2027 2033 2026
f 1907 2025 1918
f 2033 2027 1909
f 1919 2033 1909
f 2034 2033 1919
f 1919 1911 2028
f 2035 1919 2028
f 2034 1919 2035
f 2035 2028 1913
f 1920 2035 1913
f 2036 2035 1920
f 2037 1920 1921
f 2037 2036 1920
f 1921 1923 2037
f 2037 1923 2038
f 2029 2030 1926
f 2030 1925 1926
f 2030 2039 1925
f 2029 1926 1914
f 1927 2038 1923
f 1927 2040 2038
f 2039 1928 1925
f 2041 1928 2039
f 2043 2042 1929
f 2043 1929 1930
f 1927 1929 2040
f 2040 1929 2042
f 2041 2044 1928
f 1928 2044 1931
f 1933 1931 2044
f 1933 2044 2045
f 2047 2046 1934
f 2047 1934 1935
f 1930 1934 2043
f 2043 1934 2046
f 2049 1937 2048
f 1937 2045 2048
f 1937 1933 2045
f 2050 2049 2048
f 1939 2051 1938
f 2052 1940 1938
f 2052 1938 2051
f 1940 2052 2053
f 2054 1940 2053
f 1941 1940 2054
f 1935 1941 2047
f 2047 1941 2054
f 2049 1943 1937
f 2050 2055 2049
f 2055 1943 2049
f 2055 1946 1943
f 2055 2057 2056
f 1947 2055 2056
f 1946 2055 1947
f 2058 1948 1947
f 2058 1947 2056
f 2058 2059 1948
f 1948 2059 1939
f 2059 2060 1939
f 2060 2051 1939
f 2051 2060 2052
f 2052 2060 2061
f 2052 2061 2053
f 2063 2062 1952
f 1952 2062 1951
f 2065 2064 1953
f 2064 1952 1953
f 2064 2063 1952
f 2067 2066 2065
f 2066 2056 2065
f 2057 2064 2065
f 2057 2065 2056
f 2056 2066 2058
f 2058 2066 2068
f 2058 2068 2059
f 2062 1957 1951
f 2069 1957 2062
f 1958 2070 2065
f 1958 2065 1953
f 2067 2065 2071
f 2065 2072 2071
f 2065 2070 2072
f 2072 2073 2071
f 2075 2074 1963
f 1963 2074 1962
f 2076 1963 1964
f 2076 2075 1963
f 1964 1957 2069
f 1964 2069 2076
f 1967 2077 2070
f 1967 2070 1958
f 2070 2078 2072
f 2070 2077 2078
f 2073 2072 2079
f 2079 2072 2078
f 2080 1968 1969
f 2080 1969 2081
f 1969 2082 2081
f 1969 1970 2082
f 2084 2082 2083
f 2082 1972 2083
f 2082 1970 1972
f 1973 2085 1972
f 1972 2085 2083
f 1974 2085 1973
f 2087 1977 2086
f 1977 2074 2086
f 1977 1962 2074
f 2088 2087 2086
f 1979 2089 1978
f 2089 2090 1978
f 1978 2090 1967
f 2090 2091 1967
f 2091 2077 1967
f 2093 2092 2091
f 2092 2077 2091
f 2092 2078 2077
f 2079 2078 2094
f 2078 2095 2094
f 2078 2092 2095
f 2095 2096 2094
f 2097 1981 2080
f 2080 1981 1968
f 2080 2081 2098
f 2099 2080 2098
f 2097 2080 2099
f 2099 2098 2084
f 2099 2084 2083
f 1984 2099 2083
f 1983 1984 2083
f 1983 2083 1985
f 1985 2083 2085
f 1985 2085 1974
f 2087 1986 1977
f 2088 2100 2087
f 2100 1986 2087
f 2100 1988 1986
f 1979 1988 2089
f 1988 2101 2089
f 1988 2100 2101
f 2089 2101 2090
f 2092 2093 2102
f 2102 2093 2103
f 2092 2104 2095
f 2092 2102 2104
f 2096 2095 2105
f 2095 2106 2105
f 2095 2104 2106
f 2106 2107 2105
f 2097 1989 1981
f 1989 2097 1990
f 1990 2097 2099
f 1990 2099 1984
f 2103 2108 2102
f 2110 2109 2108
f 2109 2102 2108
f 2109 2104 2102
f 2104 2111 2106
f 2104 2109 2111
f 2107 2106 2112
f 2106 2113 2112
f 2106 2111 2113
f 2113 2114 2112
f 2110 2115 2109
f 2117 2116 2115
f 2116 2109 2115
f 2116 2111 2109
f 2119 2113 2118
f 2113 2116 2118
f 2113 2111 2116
f 2113 2119 2114
f 2117 2120 2116
f 2116 2120 2118
f 2123 2122 2121
f 2125 2124 2121
f 2121 2124 2123
f 2127 2126 2125
f 2125 2126 2124
f 2127 2128 2126
f 2121 2122 2129
f 2129 2122 2130
f 2121 2131 2125
f 2121 2129 2131
f 2125 2132 2127
f 2125 2131 2132
f 2128 2127 2133
f 2127 2134 2133
f 2127 2132 2134
f 2134 2135 2133
f 2129 2130 2136
f 2136 2130 2137
f 2129 2138 2131
f 2129 2136 2138
f 2131 2139 2132
f 2131 2138 2139
f 2132 2140 2134
f 2132 2139 2140
f 2135 2134 2141
f 2141 2134 2140
f 2137 2142 2136
f 2136 2142 2138
f 2138 2142 2143
f 2138 2143 2139
f 2139 2143 2144
f 2139 2144 2140
f 2140 2144 2145
f 2140 2145 2141
f 2146 1993 1994
f 1995 2147 1994
f 1994 2147 2146
f 2147 1995 2148
f 1995 2149 2148
f 1995 1996 2149
f 2150 1996 1997
f 2150 2149 1996
f 2152 2151 1998
f 2151 1997 1998
f 2151 2150 1997
f 2152 2153 2151
f 2146 1999 1993
f 1999 2146 2002
f 2002 2146 2147
f 2148 2154 2147
f 2154 2002 2147
f 2154 2003 2002
f 2003 2155 2004
f 2154 2155 2003
f 1998 2004 2152
f 2004 2156 2152
f 2004 2155 2156
f 2152 2156 2153
f 2159 2158 2157
f 2161 2160 2157
f 2157 2160 2159
f 2161 2162 2160
f 2158 2163 2157
f 2165 2164 2163
f 2164 2157 2163
f 2164 2161 2157
f 2162 2161 2166
f 2161 2167 2166
f 2161 2164 2167
f 2169 2168 2167
f 2167 2168 2166
f 2171 2170 2169
f 2169 2170 2168
f 2171 2172 2170
f 2164 2165 2173
f 2173 2165 2174
f 2164 2175 2167
f 2164 2173 2175
f 2167 2176 2169
f 2167 2175 2176
f 2178 2171 2177
f 2171 2176 2177
f 2171 2169 2176
f 2171 2178 2172
f 2180 2179 2174
f 2179 2006 2174
f 2007 2173 2174
f 2007 2174 2006
f 2008 2181 2007
f 2008 2179 2181
f 2179 2008 2182
f 2175 2182 2008
f 2182 2175 2180
f 2181 2180 2175
f 2175 2173 2181
f 2181 2173 2007
f 2179 2180 2181
f 2175 2008 2010
f 2183 2175 2010
f 2176 2175 2183
f 2177 2176 2184
f 2184 2176 2183
f 2179 2011 2006
f 2013 2011 2179
f 2182 2013 2179
f 2185 2013 2182
f 2014 2186 2183
f 2014 2183 2010
f 2184 2183 2187
f 2187 2183 2186
f 2189 2016 2188
f 2016 2185 2188
f 2016 2013 2185
f 2017 2190 2014
f 2190 2189 2014
f 2188 2014 2189
f 2014 2188 2186
f 2191 2186 2188
f 2186 2191 2190
f 2190 2192 2186
f 2017 2192 2190
f 2190 2191 2189
f 2187 2186 2193
f 2193 2186 2192
f 2189 2018 2016
f 2189 2191 2018
f 2191 2194 2018
f 2192 2017 2018
f 2192 2018 2194
f 2192 2194 2193
f 2197 2196 2195
f 2195 2198 2197
f 2201 2200 2199
f 2199 2202 2201
f 2195 2196 2203
f 2203 2196 2204
f 2198 2195 2205
f 2195 2206 2205
f 2195 2203 2206
f 2206 2207 2205
f 2210 2209 2208
f 2212 2211 2208
f 2208 2211 2210
f 2211 2212 2200
f 2212 2199 2200
f 2212 2213 2199
f 2202 2199 2214
f 2214 2199 2213
f 2204 2215 2203
f 2203 2215 2206
f 2206 2215 2216
f 2206 2216 2207
f 2209 2217 2208
f 2208 2217 2212
f 2212 2217 2218
f 2220 2219 2218
f 2020 2218 2219
f 2218 2020 2212
f 2021 2212 2020
f 2212 2021 2213
f 2022 2213 2021
f 2213 2022 2214
f 2221 2214 2022
f 2214 2221 2220
f 2219 2220 2221
f 2024 2222 2022
f 2022 2222 2221
f 2026 2222 2024
f 2223 2030 2031
f 2223 2031 2224
f 2031 2225 2224
f 2031 2032 2225
f 2032 2020 2219
f 2226 2032 2219
f 2225 2032 2226
f 2226 2219 2221
f 2226 2221 2227
f 2227 2221 2222
f 2227 2222 2228
f 2228 2222 2026
f 2033 2228 2026
f 2229 2228 2033
f 2230 2033 2034
f 2230 2229 2033
f 2232 2230 2231
f 2230 2035 2231
f 2230 2034 2035
f 2036 2233 2035
f 2035 2233 2231
f 2037 2234 2036
f 2036 2234 2233
f 2038 2234 2037
f 2236 2235 2223
f 2235 2030 2223
f 2235 2039 2030
f 2236 2223 2224
f 2239 2238 2237
f 2237 2238 2232
f 2231 2237 2232
f 2240 2237 2231
f 2241 2231 2233
f 2240 2231 2241
f 2242 2233 2234
f 2241 2233 2242
f 2040 2242 2038
f 2038 2242 2234
f 2235 2041 2039
f 2243 2041 2235
f 2244 2239 2237
f 2246 2245 2244
f 2237 2246 2244
f 2240 2246 2237
f 2247 2240 2241
f 2246 2240 2247
f 2043 2247 2042
f 2247 2242 2042
f 2247 2241 2242
f 2042 2242 2040
f 2243 2248 2041
f 2041 2248 2044
f 2045 2044 2248
f 2045 2248 2249
f 2245 2246 2250
f 2245 2250 2251
f 2047 2250 2046
f 2250 2247 2046
f 2250 2246 2247
f 2046 2247 2043
f 2254 2253 2252
f 2252 2255 2254
f 2249 2256 2045
f 2045 2256 2048
f 2050 2048 2256
f 2050 2256 2257
f 2251 2250 2054
f 2053 2251 2054
f 2258 2251 2053
f 2054 2250 2047
f 2252 2253 2259
f 2259 2253 2260
f 2255 2252 2261
f 2252 2262 2261
f 2252 2259 2262
f 2262 2263 2261
f 2055 2050 2264
f 2050 2265 2264
f 2050 2257 2265
f 2264 2057 2055
f 2059 2266 2060
f 2267 2061 2060
f 2267 2060 2266
f 2258 2053 2268
f 2053 2267 2268
f 2267 2269 2268
f 2053 2061 2267
f 2269 2270 2268
f 2259 2260 2271
f 2271 2260 2272
f 2259 2273 2262
f 2259 2271 2273
f 2263 2262 2274
f 2262 2275 2274
f 2262 2273 2275
f 2275 2276 2274
f 2279 2278 2277
f 2062 2063 2277
f 2063 2279 2277
f 2063 2280 2279
f 2064 2264 2265
f 2280 2064 2265
f 2063 2064 2280
f 2057 2264 2064
f 2066 2067 2281
f 2282 2068 2066
f 2282 2066 2281
f 2266 2059 2068
f 2282 2266 2068
f 2283 2266 2282
f 2266 2284 2267
f 2266 2283 2284
f 2286 2269 2285
f 2269 2284 2285
f 2269 2267 2284
f 2269 2286 2270
f 2272 2287 2271
f 2271 2287 2273
f 2273 2287 2288
f 2273 2288 2275
f 2275 2288 2289
f 2275 2289 2276
f 2277 2278 2290
f 2290 2278 2291
f 2290 2069 2062
f 2290 2062 2277
f 2071 2281 2067
f 2281 2071 2073
f 2292 2281 2073
f 2282 2281 2292
f 2282 2293 2283
f 2282 2292 2293
f 2283 2294 2284
f 2283 2293 2294
f 2285 2284 2295
f 2284 2296 2295
f 2284 2294 2296
f 2296 2297 2295
f 2299 2298 2075
f 2075 2298 2074
f 2076 2290 2291
f 2299 2076 2291
f 2075 2076 2299
f 2290 2076 2069
f 2079 2300 2292
f 2079 2292 2073
f 2292 2301 2293
f 2292 2300 2301
f 2293 2302 2294
f 2293 2301 2302
f 2294 2303 2296
f 2294 2302 2303
f 2297 2296 2304
f 2304 2296 2303
f 2305 2081 2082
f 2084 2305 2082
f 2298 2306 2074
f 2074 2306 2086
f 2088 2086 2306
f 2088 2306 2307
f 2309 2308 2091
f 2309 2091 2090
f 2093 2091 2308
f 2093 2308 2310
f 2094 2300 2079
f 2300 2094 2096
f 2311 2300 2096
f 2301 2300 2311
f 2301 2312 2302
f 2301 2311 2312
f 2302 2313 2303
f 2302 2312 2313
f 2304 2303 2314
f 2314 2303 2313
f 2305 2098 2081
f 2098 2305 2084
f 2307 2315 2088
f 2088 2315 2100
f 2100 2316 2101
f 2315 2316 2100
f 2090 2101 2309
f 2309 2101 2316
f 2310 2103 2093
f 2317 2103 2310
f 2105 2311 2096
f 2311 2105 2107
f 2318 2311 2107
f 2312 2311 2318
f 2312 2319 2313
f 2312 2318 2319
f 2314 2313 2320
f 2313 2321 2320
f 2313 2319 2321
f 2323 2322 2321
f 2321 2322 2320
f 2323 2324 2322
f 2317 2325 2103
f 2103 2325 2108
f 2110 2108 2325
f 2110 2325 2326
f 2112 2318 2107
f 2318 2112 2114
f 2327 2318 2114
f 2319 2318 2327
f 2319 2328 2321
f 2319 2327 2328
f 2321 2329 2323
f 2321 2328 2329
f 2324 2323 2330
f 2330 2323 2329
f 2115 2110 2331
f 2110 2332 2331
f 2110 2326 2332
f 2331 2117 2115
f 2118 2333 2119
f 2327 2114 2119
f 2333 2327 2119
f 2334 2327 2333
f 2327 2335 2328
f 2327 2334 2335
f 2337 2329 2336
f 2329 2335 2336
f 2329 2328 2335
f 2329 2337 2330
f 2340 2339 2338
f 2338 2341 2340
f 2332 2342 2331
f 2342 2344 2343
f 2342 2343 2120
f 2331 2342 2120
f 2117 2331 2120
f 2333 2118 2120
f 2343 2333 2120
f 2345 2333 2343
f 2333 2346 2334
f 2333 2345 2346
f 2348 2335 2347
f 2335 2346 2347
f 2335 2334 2346
f 2335 2348 2336
f 2351 2350 2349
f 2351 2349 2339
f 2349 2338 2339
f 2349 2352 2338
f 2341 2338 2353
f 2338 2354 2353
f 2338 2352 2354
f 2356 2355 2354
f 2354 2355 2353
f 2358 2357 2356
f 2356 2357 2355
f 2358 2359 2357
f 2344 2360 2343
f 2343 2360 2345
f 2345 2360 2361
f 2345 2361 2346
f 2346 2361 2362
f 2346 2362 2347
f 2349 2350 2363
f 2363 2350 2364
f 2349 2365 2352
f 2349 2363 2365
f 2365 2122 2123
f 2354 2365 2123
f 2352 2365 2354
f 2354 2123 2124
f 2354 2124 2356
f 2356 2124 2126
f 2356 2126 2358
f 2126 2128 2358
f 2128 2359 2358
f 2128 2366 2359
f 2364 2367 2363
f 2369 2368 2367
f 2368 2363 2367
f 2368 2365 2363
f 2368 2130 2122
f 2368 2122 2365
f 2370 2366 2128
f 2370 2128 2133
f 2372 2371 2135
f 2371 2133 2135
f 2371 2370 2133
f 2372 2373 2371
f 2376 2375 2374
f 2374 2377 2376
f 2369 2378 2368
f 2130 2368 2378
f 2379 2130 2378
f 2137 2130 2379
f 2381 2380 2372
f 2135 2381 2372
f 2141 2381 2135
f 2372 2380 2373
f 2375 2382 2374
f 2382 2383 2374
f 2383 2384 2374
f 2385 2377 2374
f 2385 2374 2384
f 2384 2386 2385
f 2379 2387 2137
f 2137 2387 2142
f 2142 2388 2143
f 2387 2388 2142
f 2388 2390 2389
f 2144 2388 2389
f 2143 2388 2144
f 2144 2389 2391
f 2392 2144 2391
f 2145 2144 2392
f 2141 2145 2381
f 2381 2145 2392
f 2384 2383 2393
f 2393 2383 2394
f 2386 2384 2395
f 2395 2384 2393
f 2390 2396 2389
f 2389 2396 2391
f 2394 2397 2393
f 2393 2397 2395
f 2398 2148 2149
f 2150 2399 2149
f 2149 2399 2398
f 2151 2400 2150
f 2150 2400 2399
f 2153 2400 2151
f 2398 2154 2148
f 2154 2398 2155
f 2155 2398 2399
f 2155 2399 2156
f 2156 2399 2400
f 2156 2400 2153
f 2403 2402 2401
f 2405 2404 2401
f 2401 2404 2403
f 2407 2406 2405
f 2405 2406 2404
f 2409 2408 2407
f 2407 2408 2406
f 2409 2410 2408
f 2413 2412 2411
f 2415 2414 2411
f 2411 2414 2413
f 2415 2416 2414
f 2402 2417 2401
f 2401 2417 2405
f 2405 2417 2418
f 2405 2418 2407
f 2407 2418 2419
f 2421 2420 2419
f 2420 2407 2419
f 2420 2409 2407
f 2410 2409 2422
f 2409 2423 2422
f 2409 2420 2423
f 2422 2423 2412
f 2423 2411 2412
f 2423 2424 2411
f 2426 2415 2425
f 2415 2424 2425
f 2415 2411 2424
f 2415 2426 2416
f 2421 2427 2420
f 2420 2427 2423
f 2423 2427 2428
f 2423 2428 2424
f 2424 2428 2429
f 2424 2429 2425
f 2432 2431 2430
f 2430 2433 2432
f 2431 2434 2430
f 2434 2435 2430
f 2435 2436 2430
f 2437 2433 2430
f 2437 2430 2436
f 2439 2438 2436
f 2436 2438 2437
f 2441 2440 2439
f 2439 2440 2438
f 2443 2442 2441
f 2441 2442 2440
f 2445 2444 2443
f 2443 2444 2442
f 2447 2446 2445
f 2445 2446 2444
f 2447 2448 2446
f 2436 2435 2449
f 2449 2435 2450
f 2436 2451 2439
f 2436 2449 2451
f 2439 2452 2441
f 2439 2451 2452
f 2441 2453 2443
f 2441 2452 2453
f 2443 2454 2445
f 2443 2453 2454
f 2445 2455 2447
f 2445 2454 2455
f 2448 2447 2456
f 2456 2447 2455
f 2450 2457 2449
f 2458 2158 2159
f 2449 2458 2159
f 2451 2449 2159
f 2457 2458 2449
f 2451 2159 2160
f 2451 2160 2452
f 2452 2160 2162
f 2459 2452 2162
f 2453 2452 2459
f 2453 2460 2454
f 2453 2459 2460
f 2462 2455 2461
f 2455 2460 2461
f 2455 2454 2460
f 2455 2462 2456
f 2465 2464 2463
f 2463 2466 2465
f 2458 2467 2158
f 2158 2467 2163
f 2165 2163 2467
f 2165 2467 2468
f 2166 2459 2162
f 2459 2166 2168
f 2459 2168 2460
f 2469 2461 2460
f 2168 2469 2460
f 2170 2469 2168
f 2170 2172 2469
f 2469 2172 2470
f 2464 2471 2463
f 2463 2471 2466
f 2473 2174 2472
f 2174 2468 2472
f 2174 2165 2468
f 2474 2473 2472
f 2177 2475 2178
f 2475 2476 2178
f 2476 2172 2178
f 2476 2470 2172
f 2473 2180 2174
f 2182 2180 2473
f 2474 2182 2473
f 2477 2182 2474
f 2184 2478 2475
f 2184 2475 2177
f 2476 2475 2479
f 2479 2475 2478
f 2481 2185 2480
f 2185 2477 2480
f 2185 2182 2477
f 2482 2481 2480
f 2484 2483 2478
f 2184 2484 2478
f 2187 2484 2184
f 2478 2483 2479
f 2481 2188 2185
f 2486 2485 2191
f 2486 2191 2188
f 2482 2486 2188
f 2481 2482 2188
f 2486 2484 2485
f 2484 2193 2485
f 2484 2187 2193
f 2485 2194 2191
f 2194 2485 2193
f 2489 2488 2487
f 2487 2490 2489
f 2492 2491 2197
f 2197 2491 2196
f 2494 2493 2198
f 2493 2197 2198
f 2493 2492 2197
f 2496 2495 2494
f 2494 2495 2493
f 2498 2497 2496
f 2496 2497 2495
f 2500 2499 2498
f 2498 2499 2497
f 2499 2500 2488
f 2488 2500 2487
f 2500 2200 2487
f 2200 2201 2487
f 2502 2501 2202
f 2202 2501 2201
f 2501 2490 2201
f 2490 2487 2201
f 2502 2503 2501
f 2491 2204 2196
f 2504 2204 2491
f 2205 2494 2198
f 2494 2205 2207
f 2505 2494 2207
f 2496 2494 2505
f 2508 2507 2506
f 2498 2209 2210
f 2209 2498 2505
f 2496 2505 2498
f 2510 2509 2507
f 2506 2507 2509
f 2498 2211 2500
f 2211 2498 2210
f 2211 2200 2500
f 2509 2510 2511
f 2513 2512 2502
f 2202 2513 2502
f 2214 2513 2202
f 2502 2512 2503
f 2504 2514 2204
f 2204 2514 2215
f 2215 2515 2216
f 2514 2515 2215
f 2207 2216 2505
f 2216 2516 2505
f 2216 2515 2516
f 2508 2506 2516
f 2506 2217 2516
f 2209 2505 2516
f 2209 2516 2217
f 2217 2506 2218
f 2218 2506 2509
f 2511 2517 2509
f 2517 2218 2509
f 2517 2220 2218
f 2214 2220 2513
f 2513 2220 2517
f 2518 2224 2225
f 2518 2225 2519
f 2225 2520 2519
f 2225 2226 2520
f 2521 2226 2227
f 2521 2520 2226
f 2522 2227 2228
f 2522 2521 2227
f 2523 2228 2229
f 2523 2522 2228
f 2525 2523 2524
f 2523 2230 2524
f 2523 2229 2230
f 2232 2524 2230
f 2527 2526 2236
f 2236 2526 2235
f 2236 2224 2518
f 2528 2236 2518
f 2527 2236 2528
f 2528 2518 2519
f 2525 2524 2238
f 2239 2525 2238
f 2529 2525 2239
f 2238 2524 2232
f 2526 2243 2235
f 2530 2243 2526
f 2239 2244 2531
f 2532 2239 2531
f 2529 2239 2532
f 2245 2531 2244
f 2535 2534 2533
f 2537 2536 2533
f 2533 2536 2535
f 2537 2538 2536
f 2530 2539 2243
f 2243 2539 2248
f 2249 2248 2539
f 2249 2539 2540
f 2541 2532 2531
f 2531 2245 2541
f 2245 2542 2541
f 2245 2251 2542
f 2544 2543 2254
f 2254 2543 2253
f 2545 2533 2255
f 2533 2544 2255
f 2544 2254 2255
f 2533 2534 2544
f 2533 2546 2537
f 2533 2545 2546
f 2538 2537 2547
f 2537 2548 2547
f 2537 2546 2548
f 2548 2549 2547
f 2256 2249 2550
f 2249 2551 2550
f 2249 2540 2551
f 2550 2257 2256
f 2258 2553 2552
f 2542 2258 2552
f 2251 2258 2542
f 2553 2554 2552
f 2557 2556 2555
f 2543 2557 2555
f 2260 2543 2555
f 2253 2543 2260
f 2261 2545 2255
f 2545 2261 2263
f 2558 2545 2263
f 2546 2545 2558
f 2546 2559 2548
f 2546 2558 2559
f 2549 2548 2560
f 2548 2561 2560
f 2548 2559 2561
f 2563 2562 2561
f 2561 2562 2560
f 2562 2563 2551
f 2563 2550 2551
f 2563 2564 2550
f 2564 2265 2257
f 2564 2257 2550
f 2268 2553 2258
f 2268 2270 2553
f 2270 2554 2553
f 2270 2565 2554
f 2556 2566 2555
f 2260 2555 2566
f 2567 2260 2566
f 2272 2260 2567
f 2274 2558 2263
f 2558 2274 2276
f 2568 2558 2276
f 2559 2558 2568
f 2559 2569 2561
f 2559 2568 2569
f 2569 2278 2279
f 2563 2569 2279
f 2561 2569 2563
f 2563 2279 2280
f 2563 2280 2564
f 2564 2280 2265
f 2285 2570 2286
f 2565 2270 2571
f 2270 2570 2571
f 2570 2572 2571
f 2270 2286 2570
f 2572 2573 2571
f 2567 2574 2272
f 2272 2574 2287
f 2287 2575 2288
f 2574 2575 2287
f 2288 2576 2289
f 2575 2576 2288
f 2276 2289 2568
f 2289 2577 2568
f 2289 2576 2577
f 2579 2578 2577
f 2578 2568 2577
f 2578 2569 2568
f 2578 2291 2278
f 2578 2278 2569
f 2295 2570 2285
f 2570 2295 2297
f 2580 2570 2297
f 2572 2570 2580
f 2573 2572 2581
f 2572 2582 2581
f 2572 2580 2582
f 2582 2583 2581
f 2585 2584 2579
f 2584 2298 2579
f 2299 2578 2579
f 2299 2579 2298
f 2299 2291 2578
f 2584 2585 2586
f 2304 2587 2580
f 2304 2580 2297
f 2580 2588 2582
f 2580 2587 2588
f 2583 2582 2589
f 2582 2590 2589
f 2582 2588 2590
f 2590 2591 2589
f 2584 2306 2298
f 2593 2592 2307
f 2593 2307 2306
f 2586 2593 2306
f 2584 2586 2306
f 2594 2592 2593
f 2596 2595 2308
f 2596 2308 2309
f 2310 2308 2595
f 2310 2595 2597
f 2314 2598 2587
f 2314 2587 2304
f 2587 2599 2588
f 2587 2598 2599
f 2588 2600 2590
f 2588 2599 2600
f 2591 2590 2601
f 2601 2590 2600
f 2592 2315 2307
f 2594 2602 2592
f 2602 2315 2592
f 2602 2316 2315
f 2309 2316 2596
f 2596 2316 2602
f 2597 2317 2310
f 2603 2317 2597
f 2320 2598 2314
f 2598 2320 2322
f 2598 2322 2599
f 2599 2322 2324
f 2604 2599 2324
f 2600 2599 2604
f 2601 2600 2605
f 2600 2606 2605
f 2600 2604 2606
f 2608 2607 2606
f 2606 2607 2605
f 2608 2609 2607
f 2603 2610 2317
f 2317 2610 2325
f 2326 2325 2610
f 2326 2610 2611
f 2330 2612 2604
f 2330 2604 2324
f 2604 2613 2606
f 2604 2612 2613
f 2606 2614 2608
f 2606 2613 2614
f 2609 2608 2615
f 2608 2616 2615
f 2608 2614 2616
f 2616 2617 2615
f 2619 2332 2618
f 2332 2611 2618
f 2332 2326 2611
f 2620 2619 2618
f 2336 2621 2337
f 2612 2330 2337
f 2621 2612 2337
f 2622 2612 2621
f 2612 2623 2613
f 2612 2622 2623
f 2613 2624 2614
f 2613 2623 2624
f 2614 2625 2616
f 2614 2624 2625
f 2340 2626 2339
f 2626 2616 2339
f 2616 2625 2339
f 2616 2626 2617
f 2340 2341 2626
f 2626 2341 2627
f 2619 2342 2332
f 2629 2628 2344
f 2629 2344 2342
f 2620 2629 2342
f 2619 2620 2342
f 2630 2628 2629
f 2347 2631 2348
f 2621 2336 2348
f 2631 2621 2348
f 2632 2621 2631
f 2621 2633 2622
f 2621 2632 2633
f 2622 2634 2623
f 2622 2633 2634
f 2623 2635 2624
f 2623 2634 2635
f 2635 2350 2351
f 2625 2635 2351
f 2624 2635 2625
f 2625 2351 2339
f 2636 2627 2341
f 2636 2341 2353
f 2637 2353 2355
f 2637 2636 2353
f 2639 2637 2638
f 2637 2357 2638
f 2637 2355 2357
f 2359 2638 2357
f 2628 2360 2344
f 2361 2360 2628
f 2640 2361 2628
f 2630 2640 2628
f 2641 2361 2640
f 2361 2641 2642
f 2643 2361 2642
f 2362 2361 2643
f 2347 2362 2631
f 2362 2644 2631
f 2362 2643 2644
f 2631 2644 2632
f 2632 2644 2645
f 2632 2645 2633
f 2633 2645 2646
f 2633 2646 2634
f 2634 2646 2647
f 2649 2648 2647
f 2648 2634 2647
f 2648 2635 2634
f 2648 2364 2350
f 2648 2350 2635
f 2650 2639 2638
f 2638 2359 2650
f 2359 2651 2650
f 2359 2366 2651
f 2654 2653 2652
f 2656 2655 2652
f 2655 2641 2652
f 2640 2654 2652
f 2640 2652 2641
f 2641 2655 2642
f 2649 2657 2648
f 2648 2657 2364
f 2657 2367 2364
f 2657 2658 2367
f 2369 2367 2658
f 2369 2658 2659
f 2660 2651 2366
f 2660 2366 2370
f 2662 2660 2661
f 2660 2371 2661
f 2660 2370 2371
f 2373 2661 2371
f 2663 2375 2376
f 2653 2664 2652
f 2663 2376 2377
f 2652 2664 2656
f 2659 2665 2369
f 2369 2665 2378
f 2379 2378 2665
f 2379 2665 2666
f 2669 2668 2667
f 2667 2668 2662
f 2667 2662 2661
f 2381 2667 2661
f 2380 2381 2661
f 2380 2661 2373
f 2663 2382 2375
f 2383 2382 2670
f 2382 2663 2670
f 2377 2385 2670
f 2377 2670 2663
f 2386 2670 2385
f 2666 2671 2379
f 2379 2671 2387
f 2387 2672 2388
f 2671 2672 2387
f 2674 2673 2390
f 2388 2674 2390
f 2672 2674 2388
f 2673 2674 2669
f 2673 2669 2667
f 2391 2673 2667
f 2392 2391 2667
f 2392 2667 2381
f 2675 2394 2670
f 2670 2394 2383
f 2395 2675 2386
f 2386 2675 2670
f 2673 2396 2390
f 2396 2673 2391
f 2675 2397 2394
f 2397 2675 2395
f 2678 2677 2676
f 2680 2679 2676
f 2676 2679 2678
f 2682 2681 2680
f 2680 2681 2679
f 2682 2683 2681
f 2686 2685 2684
f 2686 2684 2677
f 2684 2676 2677
f 2684 2687 2676
f 2676 2688 2680
f 2676 2687 2688
f 2680 2689 2682
f 2680 2688 2689
f 2683 2682 2690
f 2690 2682 2689
f 2685 2691 2684
f 2684 2691 2687
f 2687 2691 2692
f 2687 2692 2688
f 2688 2692 2693
f 2688 2693 2689
f 2689 2693 2694
f 2689 2694 2690
f 2697 2696 2695
f 2695 2698 2697
f 2696 2699 2695
f 2699 2700 2695
f 2700 2701 2695
f 2702 2698 2695
f 2702 2695 2701
f 2704 2703 2701
f 2701 2703 2702
f 2704 2705 2703
f 2700 2706 2701
f 2708 2707 2706
f 2707 2701 2706
f 2707 2704 2701
f 2705 2704 2709
f 2709 2704 2707
f 2708 2710 2707
f 2707 2710 2709
f 2713 2712 2711
f 2715 2714 2711
f 2711 2714 2713
f 2717 2716 2715
f 2715 2716 2714
f 2717 2718 2716
f 2711 2712 2719
f 2719 2712 2720
f 2711 2721 2715
f 2711 2719 2721
f 2715 2722 2717
f 2715 2721 2722
f 2718 2717 2723
f 2717 2724 2723
f 2717 2722 2724
f 2726 2725 2724
f 2724 2725 2723
f 2726 2727 2725
f 2720 2728 2719
f 2719 2728 2721
f 2721 2728 2729
f 2731 2730 2729
f 2730 2721 2729
f 2730 2722 2721
f 2722 2732 2724
f 2722 2730 2732
f 2724 2733 2726
f 2724 2732 2733
f 2727 2726 2734
f 2726 2735 2734
f 2726 2733 2735
f 2402 2403 2735
f 2403 2734 2735
f 2403 2736 2734
f 2738 2736 2737
f 2736 2404 2737
f 2736 2403 2404
f 2406 2739 2404
f 2404 2739 2737
f 2408 2740 2406
f 2406 2740 2739
f 2410 2740 2408
f 2741 2412 2413
f 2414 2742 2413
f 2413 2742 2741
f 2416 2742 2414
f 2731 2743 2730
f 2730 2743 2732
f 2732 2743 2744
f 2732 2744 2733
f 2733 2744 2745
f 2733 2745 2735
f 2735 2745 2746
f 2735 2746 2402
f 2746 2417 2402
f 2746 2747 2417
f 2737 2418 2738
f 2418 2747 2738
f 2418 2417 2747
f 2418 2737 2419
f 2419 2737 2739
f 2419 2739 2421
f 2739 2748 2421
f 2739 2740 2748
f 2422 2749 2410
f 2749 2740 2410
f 2749 2748 2740
f 2412 2741 2422
f 2741 2749 2422
f 2741 2750 2749
f 2425 2750 2426
f 2750 2742 2426
f 2750 2741 2742
f 2426 2742 2416
f 2748 2427 2421
f 2427 2748 2428
f 2428 2748 2749
f 2428 2749 2429
f 2429 2749 2750
f 2429 2750 2425
f 2751 2431 2432
f 2753 2751 2752
f 2751 2432 2752
f 2433 2754 2752
f 2433 2752 2432
f 2756 2755 2754
f 2754 2755 2752
f 2758 2757 2756
f 2756 2757 2755
f 2760 2759 2758
f 2758 2759 2757
f 2762 2761 2760
f 2760 2761 2759
f 2764 2763 2762
f 2762 2763 2761
f 2766 2765 2764
f 2764 2765 2763
f 2768 2767 2766
f 2766 2767 2765
f 2768 2769 2767
f 2751 2434 2431
f 2433 2437 2754
f 2434 2751 2435
f 2753 2435 2751
f 2435 2753 2770
f 2754 2437 2438
f 2754 2438 2756
f 2756 2438 2440
f 2756 2440 2758
f 2758 2440 2442
f 2758 2442 2760
f 2760 2442 2444
f 2760 2444 2762
f 2762 2444 2446
f 2762 2446 2764
f 2764 2446 2448
f 2771 2764 2448
f 2766 2764 2771
f 2766 2772 2768
f 2766 2771 2772
f 2769 2768 2773
f 2773 2768 2772
f 2775 2450 2774
f 2450 2770 2774
f 2450 2435 2770
f 2776 2775 2774
f 2779 2778 2777
f 2781 2780 2777
f 2781 2777 2778
f 2781 2782 2771
f 2456 2781 2771
f 2448 2456 2771
f 2780 2781 2456
f 2784 2783 2782
f 2783 2771 2782
f 2783 2772 2771
f 2773 2772 2785
f 2785 2772 2783
f 2775 2457 2450
f 2787 2786 2458
f 2787 2458 2457
f 2776 2787 2457
f 2775 2776 2457
f 2789 2788 2786
f 2789 2786 2787
f 2791 2790 2788
f 2791 2788 2789
f 2790 2791 2779
f 2777 2790 2779
f 2792 2790 2777
f 2461 2792 2462
f 2792 2780 2462
f 2792 2777 2780
f 2462 2780 2456
f 2784 2793 2783
f 2464 2793 2794
f 2793 2464 2783
f 2465 2783 2464
f 2783 2465 2785
f 2795 2785 2465
f 2465 2466 2795
f 2795 2466 2796
f 2786 2467 2458
f 2467 2786 2468
f 2786 2797 2468
f 2786 2788 2797
f 2798 2788 2790
f 2797 2788 2798
f 2799 2790 2792
f 2798 2790 2799
f 2469 2800 2461
f 2800 2792 2461
f 2800 2799 2792
f 2470 2800 2469
f 2794 2801 2464
f 2464 2801 2471
f 2466 2471 2796
f 2796 2471 2801
f 2797 2472 2468
f 2472 2797 2474
f 2797 2802 2474
f 2797 2798 2802
f 2803 2798 2799
f 2802 2798 2803
f 2804 2799 2800
f 2803 2799 2804
f 2476 2804 2470
f 2470 2804 2800
f 2805 2477 2802
f 2802 2477 2474
f 2806 2802 2803
f 2805 2802 2806
f 2807 2803 2804
f 2806 2803 2807
f 2479 2807 2476
f 2476 2807 2804
f 2805 2480 2477
f 2480 2805 2482
f 2805 2808 2482
f 2805 2806 2808
f 2484 2808 2483
f 2808 2807 2483
f 2808 2806 2807
f 2483 2807 2479
f 2808 2486 2482
f 2486 2808 2484
f 2809 2488 2489
f 2490 2809 2489
f 2810 2491 2492
f 2493 2811 2492
f 2492 2811 2810
f 2495 2812 2493
f 2493 2812 2811
f 2497 2813 2495
f 2495 2813 2812
f 2499 2814 2497
f 2497 2814 2813
f 2488 2809 2499
f 2809 2814 2499
f 2809 2815 2814
f 2501 2816 2490
f 2816 2809 2490
f 2816 2815 2809
f 2503 2816 2501
f 2817 2504 2810
f 2810 2504 2491
f 2818 2810 2811
f 2817 2810 2818
f 2819 2811 2812
f 2818 2811 2819
f 2508 2819 2507
f 2819 2813 2507
f 2819 2812 2813
f 2507 2813 2510
f 2510 2813 2814
f 2510 2814 2511
f 2814 2820 2511
f 2814 2815 2820
f 2513 2820 2512
f 2820 2816 2512
f 2820 2815 2816
f 2512 2816 2503
f 2817 2514 2504
f 2514 2817 2515
f 2515 2817 2818
f 2515 2818 2516
f 2516 2818 2819
f 2516 2819 2508
f 2820 2517 2511
f 2517 2820 2513
f 2821 2519 2520
f 2521 2822 2520
f 2520 2822 2821
f 2522 2823 2521
f 2521 2823 2822
f 2523 2824 2522
f 2522 2824 2823
f 2525 2824 2523
f 2825 2526 2527
f 2528 2826 2527
f 2527 2826 2825
f 2827 2826 2528
f 2827 2528 2519
f 2828 2827 2519
f 2821 2828 2519
f 2828 2821 2822
f 2828 2822 2829
f 2829 2822 2823
f 2829 2823 2830
f 2832 2831 2830
f 2823 2832 2830
f 2824 2832 2823
f 2529 2832 2525
f 2525 2832 2824
f 2833 2530 2825
f 2825 2530 2526
f 2826 2835 2834
f 2833 2826 2834
f 2825 2826 2833
f 2835 2826 2827
f 2831 2832 2836
f 2831 2836 2837
f 2532 2836 2529
f 2529 2836 2832
f 2838 2534 2535
f 2838 2535 2839
f 2535 2840 2839
f 2535 2536 2840
f 2536 2538 2840
f 2840 2538 2841
f 2833 2539 2530
f 2540 2539 2833
f 2834 2540 2833
f 2842 2540 2834
f 2843 2837 2836
f 2845 2843 2844
f 2844 2843 2541
f 2843 2836 2541
f 2836 2532 2541
f 2542 2844 2541
f 2846 2543 2544
f 2847 2846 2544
f 2847 2544 2534
f 2848 2847 2534
f 2838 2848 2534
f 2848 2838 2839
f 2849 2841 2538
f 2849 2538 2547
f 2547 2549 2849
f 2849 2549 2850
f 2842 2551 2540
f 2851 2551 2842
f 2852 2845 2844
f 2854 2852 2853
f 2853 2852 2552
f 2852 2844 2552
f 2844 2542 2552
f 2554 2853 2552
f 2855 2556 2557
f 2856 2855 2557
f 2856 2557 2543
f 2857 2856 2543
f 2846 2857 2543
f 2857 2846 2847
f 2858 2850 2549
f 2858 2549 2560
f 2859 2560 2562
f 2859 2858 2560
f 2562 2551 2851
f 2562 2851 2859
f 2860 2854 2853
f 2853 2554 2860
f 2554 2861 2860
f 2554 2565 2861
f 2863 2566 2862
f 2566 2556 2862
f 2862 2556 2855
f 2864 2862 2855
f 2855 2856 2864
f 2566 2863 2567
f 2865 2861 2565
f 2865 2565 2571
f 2571 2573 2865
f 2865 2573 2866
f 2862 2867 2863
f 2863 2867 2567
f 2867 2574 2567
f 2867 2868 2574
f 2574 2869 2575
f 2868 2869 2574
f 2575 2870 2576
f 2869 2870 2575
f 2870 2872 2871
f 2577 2870 2871
f 2576 2870 2577
f 2871 2579 2577
f 2873 2866 2573
f 2873 2573 2581
f 2581 2583 2873
f 2873 2583 2874
f 2872 2875 2871
f 2871 2875 2579
f 2875 2585 2579
f 2875 2876 2585
f 2586 2585 2876
f 2586 2876 2877
f 2878 2874 2583
f 2878 2583 2589
f 2589 2591 2878
f 2878 2591 2879
f 2882 2881 2880
f 2593 2884 2883
f 2884 2593 2880
f 2586 2880 2593
f 2880 2586 2882
f 2877 2882 2586
f 2886 2885 2594
f 2593 2886 2594
f 2883 2886 2593
f 2887 2595 2596
f 2888 2885 2886
f 2887 2597 2595
f 2601 2890 2889
f 2879 2601 2889
f 2591 2601 2879
f 2890 2891 2889
f 2881 2892 2880
f 2880 2892 2884
f 2894 2602 2893
f 2602 2594 2893
f 2893 2594 2885
f 2895 2893 2885
f 2885 2602 2894
f 2602 2885 2596
f 2887 2596 2885
f 2888 2887 2885
f 2887 2888 2896
f 2895 2896 2888
f 2896 2895 2897
f 2894 2897 2895
f 2885 2894 2895
f 2597 2887 2896
f 2898 2597 2896
f 2603 2597 2898
f 2605 2890 2601
f 2899 2891 2890
f 2605 2899 2890
f 2607 2899 2605
f 2607 2609 2899
f 2899 2609 2900
f 2893 2901 2894
f 2894 2901 2897
f 2610 2603 2902
f 2603 2903 2902
f 2603 2898 2903
f 2902 2611 2610
f 2904 2900 2609
f 2904 2609 2615
f 2615 2617 2904
f 2904 2617 2905
f 2903 2906 2902
f 2902 2906 2611
f 2906 2618 2611
f 2906 2907 2618
f 2620 2618 2907
f 2620 2907 2908
f 2909 2905 2617
f 2909 2617 2626
f 2911 2910 2627
f 2910 2626 2627
f 2910 2909 2626
f 2911 2912 2910
f 2629 2620 2913
f 2620 2914 2913
f 2620 2908 2914
f 2913 2630 2629
f 2636 2911 2627
f 2915 2912 2911
f 2636 2915 2911
f 2637 2915 2636
f 2917 2916 2639
f 2916 2637 2639
f 2916 2915 2637
f 2917 2918 2916
f 2913 2914 2919
f 2919 2914 2920
f 2630 2921 2640
f 2630 2922 2921
f 2922 2630 2923
f 2913 2923 2630
f 2923 2913 2924
f 2921 2924 2913
f 2913 2919 2921
f 2921 2919 2640
f 2922 2924 2921
f 2643 2642 2922
f 2923 2643 2922
f 2925 2643 2923
f 2643 2926 2644
f 2925 2926 2643
f 2644 2927 2645
f 2926 2927 2644
f 2645 2928 2646
f 2927 2928 2645
f 2928 2930 2929
f 2647 2928 2929
f 2646 2928 2647
f 2929 2649 2647
f 2650 2917 2639
f 2650 2651 2917
f 2651 2918 2917
f 2651 2931 2918
f 2919 2920 2654
f 2920 2653 2654
f 2920 2932 2653
f 2919 2654 2640
f 2656 2922 2655
f 2922 2656 2924
f 2933 2924 2656
f 2655 2922 2642
f 2930 2934 2929
f 2929 2934 2649
f 2934 2657 2649
f 2934 2935 2657
f 2657 2936 2658
f 2935 2936 2657
f 2659 2658 2936
f 2659 2936 2937
f 2940 2939 2938
f 2941 2938 2939
f 2651 2660 2942
f 2943 2651 2942
f 2931 2651 2943
f 2662 2942 2660
f 2664 2653 2944
f 2653 2945 2944
f 2653 2932 2945
f 2944 2946 2664
f 2946 2656 2664
f 2946 2933 2656
f 2937 2947 2659
f 2659 2947 2665
f 2949 2948 2666
f 2665 2949 2666
f 2947 2949 2665
f 2948 2949 2940
f 2938 2948 2940
f 2950 2948 2938
f 2938 2941 2951
f 2952 2938 2951
f 2950 2938 2952
f 2952 2951 2943
f 2952 2943 2942
f 2669 2952 2942
f 2668 2669 2942
f 2668 2942 2662
f 2944 2945 2953
f 2953 2945 2954
f 2946 2944 2955
f 2955 2944 2953
f 2948 2671 2666
f 2671 2948 2672
f 2672 2948 2950
f 2672 2950 2674
f 2674 2950 2952
f 2674 2952 2669
f 2953 2954 2956
f 2956 2954 2957
f 2955 2953 2958
f 2958 2953 2956
f 2961 2960 2959
f 2963 2962 2959
f 2959 2962 2961
f 2965 2964 2963
f 2963 2964 2962
f 2965 2966 2964
f 2957 2967 2956
f 2956 2967 2958
f 2970 2969 2968
f 2970 2968 2960
f 2960 2968 2959
f 2968 2677 2959
f 2677 2678 2959
f 2959 2678 2679
f 2959 2679 2963
f 2681 2971 2679
f 2971 2972 2679
f 2973 2679 2972
f 2679 2973 2963
f 2974 2963 2973
f 2963 2974 2971
f 2971 2965 2963
f 2681 2965 2971
f 2971 2974 2972
f 2972 2974 2683
f 2974 2966 2683
f 2965 2681 2683
f 2965 2683 2966
f 2968 2969 2686
f 2969 2685 2686
f 2969 2975 2685
f 2968 2686 2677
f 2973 2972 2976
f 2973 2976 2977
f 2690 2976 2683
f 2683 2976 2972
f 2691 2685 2978
f 2685 2979 2978
f 2685 2975 2979
f 2980 2692 2691
f 2980 2691 2978
f 2981 2693 2692
f 2981 2692 2980
f 2982 2977 2976
f 2693 2982 2976
f 2694 2693 2976
f 2982 2693 2981
f 2694 2976 2690
f 2979 2983 2978
f 2978 2983 2980
f 2980 2983 2984
f 2980 2984 2981
f 2981 2984 2985
f 2981 2985 2982
f 2987 2986 2697
f 2697 2986 2696
f 2697 2698 2987
f 2987 2698 2988
f 2986 2989 2696
f 2696 2989 2699
f 2989 2700 2699
f 2700 2989 2990
f 2698 2702 2988
f 2991 2988 2702
f 2992 2702 2703
f 2992 2991 2702
f 2703 2705 2992
f 2992 2705 2993
f 2706 2700 2994
f 2700 2995 2994
f 2700 2990 2995
f 2994 2708 2706
f 2709 2997 2996
f 2993 2709 2996
f 2705 2709 2993
f 2997 2998 2996
f 2995 2999 2994
f 2994 2999 2708
f 2999 2710 2708
f 2999 3000 2710
f 2709 2710 2997
f 2710 3001 2997
f 2710 3000 3001
f 3001 3002 2997
f 3002 3003 2997
f 3004 2998 2997
f 3004 2997 3003
f 3006 3005 3003
f 3003 3005 3004
f 3008 3007 3006
f 3006 3007 3005
f 3010 3009 3008
f 3008 3009 3007
f 3012 3011 3010
f 3010 3011 3009
f 3012 3013 3011
f 3002 3014 3003
f 3003 3014 3006
f 3006 3014 3015
f 3006 3015 3008
f 3008 3015 3016
f 3008 3016 3010
f 3010 3016 3017
f 3010 3017 3012
f 3012 3017 3018
f 3012 3018 3013
f 3021 3020 3019
f 3019 3022 3021
f 3019 3020 3023
f 3023 3020 3024
f 3022 3019 3025
f 3019 3026 3025
f 3019 3023 3026
f 3028 3027 3026
f 3026 3027 3025
f 3028 3029 3027
f 3023 3024 3030
f 3030 3024 3031
f 3023 3032 3026
f 3023 3030 3032
f 3032 2712 2713
f 3028 3032 2713
f 3026 3032 3028
f 3033 3029 3028
f 2713 3033 3028
f 2714 3033 2713
f 3034 2714 2716
f 3034 3033 2714
f 3036 3035 2718
f 3035 2716 2718
f 3035 3034 2716
f 3036 3037 3035
f 3030 3031 3038
f 3038 3031 3039
f 3030 3040 3032
f 3030 3038 3040
f 3040 2720 2712
f 3040 2712 3032
f 2723 3036 2718
f 2723 2725 3036
f 2725 3041 3036
f 3041 3037 3036
f 2725 3042 3041
f 2727 3042 2725
f 3039 3043 3038
f 3038 3043 3040
f 3040 3043 3044
f 3044 3046 3045
f 3044 3045 2728
f 3040 3044 2728
f 2720 3040 2728
f 2728 3045 3047
f 3048 2728 3047
f 2729 2728 3048
f 3050 3049 2731
f 2729 3050 2731
f 3048 3050 2729
f 3052 3051 3049
f 3052 3049 3050
f 3051 3052 3041
f 3042 3051 3041
f 3053 3051 3042
f 2734 3054 2727
f 3054 3042 2727
f 3054 3053 3042
f 2736 3055 2734
f 2734 3055 3054
f 2738 3055 2736
f 3046 3056 3045
f 3045 3056 3047
f 3049 2743 2731
f 2743 3049 2744
f 2744 3049 3051
f 2744 3051 2745
f 2745 3051 3053
f 2745 3053 2746
f 2746 3053 3054
f 2746 3054 2747
f 2747 3054 3055
f 2747 3055 2738
f 3057 2753 2752
f 2755 3058 2752
f 2752 3058 3057
f 2757 3059 2755
f 2755 3059 3058
f 3059 2757 3060
f 2757 3061 3060
f 2757 2759 3061
f 3062 2759 2761
f 3062 3061 2759
f 3063 2761 2763
f 3063 3062 2761
f 3064 2763 2765
f 3064 3063 2763
f 3066 3064 3065
f 3064 2767 3065
f 3064 2765 2767
f 2769 3065 2767
f 3067 2770 3057
f 3057 2770 2753
f 3068 3057 3058
f 3067 3057 3068
f 3069 3058 3059
f 3068 3058 3069
f 3059 3060 3070
f 3071 3059 3070
f 3069 3059 3071
f 3073 3072 3071
f 3073 3071 3070
f 3075 3074 3072
f 3075 3072 3073
f 3077 3076 3074
f 3077 3074 3075
f 3076 3077 3066
f 3065 3076 3066
f 3078 3076 3065
f 2773 3078 2769
f 2769 3078 3065
f 3067 2774 2770
f 2774 3067 2776
f 3067 3079 2776
f 3067 3068 3079
f 3080 3068 3069
f 3079 3068 3080
f 3081 3069 3071
f 3080 3069 3081
f 2779 3081 2778
f 3081 3072 2778
f 3081 3071 3072
f 2778 3072 2781
f 2781 3072 3074
f 2781 3074 2782
f 2782 3074 3076
f 2782 3076 2784
f 3076 3082 2784
f 3076 3078 3082
f 2785 3082 2773
f 2773 3082 3078
f 3079 2787 2776
f 2787 3079 2789
f 2789 3079 3080
f 2789 3080 2791
f 2791 3080 3081
f 2791 3081 2779
f 3082 2793 2784
f 2794 2793 3083
f 2793 3082 3083
f 2785 2795 3083
f 2785 3083 3082
f 2796 3083 2795
f 3083 2801 2794
f 2801 3083 2796
f 3084 2827 2828
f 2829 3085 2828
f 2828 3085 3084
f 2830 3086 2829
f 2829 3086 3085
f 2831 3086 2830
f 3087 2834 2835
f 2827 3084 2835
f 3084 3087 2835
f 3084 3088 3087
f 3085 3090 3089
f 3088 3085 3089
f 3084 3085 3088
f 3092 3091 3090
f 3085 3092 3090
f 3086 3092 3085
f 2837 3092 2831
f 2831 3092 3086
f 3093 2839 2840
f 2841 3093 2840
f 3094 2842 3087
f 3087 2842 2834
f 3088 3096 3095
f 3094 3088 3095
f 3087 3088 3094
f 3096 3088 3089
f 3097 3091 3092
f 3099 3097 3098
f 3098 3097 2843
f 3097 3092 2843
f 3092 2837 2843
f 2845 3098 2843
f 3100 2847 2848
f 2839 3093 2848
f 3093 3100 2848
f 3093 3101 3100
f 2849 3102 2841
f 3102 3093 2841
f 3102 3101 3093
f 2850 3102 2849
f 3104 3103 3094
f 3103 2842 3094
f 3103 2851 2842
f 3104 3094 3095
f 3105 3099 3098
f 3107 3105 3106
f 3106 3105 2852
f 3105 3098 2852
f 3098 2845 2852
f 2854 3106 2852
f 3108 2856 2857
f 3109 3108 2857
f 3109 2857 2847
f 3110 3109 2847
f 3100 3110 2847
f 3110 3100 3101
f 3110 3101 3111
f 3113 3112 3111
f 3101 3113 3111
f 3102 3113 3101
f 2858 3114 2850
f 3114 3102 2850
f 3114 3113 3102
f 2859 3115 2858
f 2858 3115 3114
f 3116 3115 2859
f 2851 3116 2859
f 3103 3116 2851
f 3117 3107 3106
f 3119 3117 3118
f 3118 3117 2860
f 3117 3106 2860
f 3106 2854 2860
f 2861 3118 2860
f 3120 2862 2864
f 3121 3120 2864
f 3121 2864 2856
f 3122 3121 2856
f 3108 3122 2856
f 3122 3108 3109
f 3123 3112 3113
f 3123 3113 3114
f 3123 3114 3124
f 3124 3114 3115
f 3124 3115 3125
f 3125 3115 3116
f 3126 3119 3118
f 3128 3126 3127
f 3127 3126 2865
f 3126 3118 2865
f 3118 2861 2865
f 2866 3127 2865
f 3120 2867 2862
f 3121 3129 3120
f 3129 2867 3120
f 3129 2868 2867
f 3129 3131 3130
f 2869 3129 3130
f 2868 3129 2869
f 3132 2870 2869
f 3132 2869 3130
f 3132 2872 2870
f 3133 3128 3127
f 3135 3133 3134
f 3134 3133 2873
f 3133 3127 2873
f 3127 2866 2873
f 2874 3134 2873
f 3131 3136 3130
f 3130 3136 3132
f 3132 3136 3137
f 3132 3137 2872
f 3137 2875 2872
f 3137 3138 2875
f 3138 3140 3139
f 2876 3138 3139
f 2875 3138 2876
f 3139 2877 2876
f 3141 3135 3134
f 3143 3141 3142
f 3142 3141 2878
f 3141 3134 2878
f 3134 2874 2878
f 2879 3142 2878
f 3145 3144 3140
f 3144 2881 3140
f 2882 3139 3140
f 2882 3140 2881
f 2882 2877 3139
f 2884 3144 2883
f 3145 2883 3144
f 2883 3145 3146
f 2883 3147 2886
f 3146 3147 2883
f 2888 2886 3147
f 2888 3147 3148
f 3149 3143 3142
f 3151 3149 3150
f 3150 3149 2889
f 3149 3142 2889
f 3142 2879 2889
f 2891 3150 2889
f 3144 2892 2881
f 2892 3144 2884
f 3152 2893 2895
f 3153 2896 2897
f 2888 3152 2895
f 3152 2888 3154
f 3148 3154 2888
f 3153 2898 2896
f 3155 3151 3150
f 3155 3150 2891
f 2899 3155 2891
f 3156 3155 2899
f 2899 2900 3156
f 3156 2900 3157
f 3152 2901 2893
f 3152 3154 2901
f 3154 3158 2901
f 3153 2897 2901
f 3153 2901 3158
f 2898 3153 3158
f 3159 2898 3158
f 2903 2898 3159
f 3160 3157 2900
f 3160 2900 2904
f 2904 2905 3160
f 3160 2905 3161
f 3159 3162 2903
f 2903 3162 2906
f 2906 3163 2907
f 3162 3163 2906
f 2908 2907 3163
f 2908 3163 3164
f 3165 3161 2905
f 3165 2905 2909
f 3167 3165 3166
f 3165 2910 3166
f 3165 2909 2910
f 2912 3166 2910
f 3169 2914 3168
f 2914 3164 3168
f 2914 2908 3164
f 3170 3169 3168
f 3171 3167 3166
f 3171 3166 2912
f 2915 3171 2912
f 3172 3171 2915
f 3174 3172 3173
f 3172 2916 3173
f 3172 2915 2916
f 2918 3173 2916
f 3175 2920 3169
f 3169 2920 2914
f 3176 2923 2924
f 3169 3176 2924
f 3175 3169 2924
f 3176 3169 3170
f 2923 3177 2925
f 3176 3177 2923
f 2925 3178 2926
f 3177 3178 2925
f 2926 3179 2927
f 3178 3179 2926
f 2927 3180 2928
f 3179 3180 2927
f 3182 3181 2930
f 2928 3182 2930
f 3180 3182 2928
f 3183 3181 3182
f 3184 3174 3173
f 2918 2931 3173
f 2931 3185 3173
f 3185 3184 3173
f 3185 2931 3186
f 3186 3187 3185
f 3189 3188 3175
f 3188 2920 3175
f 3188 2932 2920
f 3175 2924 3189
f 2924 3190 3189
f 2924 2933 3190
f 3181 2934 2930
f 3183 3191 3181
f 3191 2934 3181
f 3191 2935 2934
f 2935 3192 2936
f 3191 3192 2935
f 3194 3193 2937
f 2936 3194 2937
f 3192 3194 2936
f 3196 3195 3193
f 3196 3193 3194
f 2939 2940 3195
f 3196 2939 3195
f 3197 2939 3196
f 2941 2939 3197
f 2941 3197 3198
f 2943 3199 3186
f 2943 3186 2931
f 3187 3186 3200
f 3200 3186 3199
f 3188 2945 2932
f 3201 2945 3188
f 2946 3203 3202
f 3190 2946 3202
f 2933 2946 3190
f 3203 3204 3202
f 3193 2947 2937
f 2947 3193 2949
f 2949 3193 3195
f 2949 3195 2940
f 3198 3205 2941
f 2941 3205 2951
f 2943 2951 3199
f 2951 3206 3199
f 2951 3205 3206
f 3199 3206 3200
f 3208 2954 3207
f 2954 3201 3207
f 2954 2945 3201
f 3207 3209 3203
f 2955 3207 3203
f 2946 2955 3203
f 3208 3207 2955
f 3203 3209 3204
f 3212 3211 3210
f 3214 3213 3210
f 3210 3213 3212
f 3214 3215 3213
f 3217 3216 3208
f 3216 2954 3208
f 3216 2957 2954
f 3208 2955 3217
f 2955 3218 3217
f 2955 2958 3218
f 3221 3220 3219
f 3221 3219 3211
f 3211 3219 3210
f 3219 2960 3210
f 2960 2961 3210
f 3210 2961 2962
f 3210 2962 3214
f 2962 2964 3214
f 2964 3222 3214
f 3222 3215 3214
f 2964 3223 3222
f 2966 3223 2964
f 2967 2957 3224
f 2957 3225 3224
f 2957 3216 3225
f 3224 3226 2967
f 3226 2958 2967
f 3226 3218 2958
f 3219 3220 2970
f 3220 2969 2970
f 3220 3227 2969
f 3219 2970 2960
f 3230 3229 3228
f 3228 3229 3222
f 3228 3222 3223
f 2973 3228 3223
f 2974 2973 3223
f 2974 3223 2966
f 3233 3232 3231
f 3233 3231 3225
f 3231 3224 3225
f 3231 3234 3224
f 3226 3224 3235
f 3235 3224 3234
f 3227 2975 2969
f 3236 2975 3227
f 3230 3228 3237
f 3230 3237 3238
f 2977 3237 2973
f 2973 3237 3228
f 3231 3232 3239
f 3239 3232 3240
f 3231 3241 3234
f 3231 3239 3241
f 3235 3234 3242
f 3242 3234 3241
f 3236 2979 2975
f 3243 2979 3236
f 3246 3245 3244
f 3244 3245 3238
f 3237 3244 3238
f 3247 3244 3237
f 2982 3247 2977
f 2977 3247 3237
f 3240 3248 3239
f 3239 3248 3241
f 3241 3248 3249
f 3241 3249 3242
f 3243 3250 2979
f 2979 3250 2983
f 3244 2984 3246
f 2984 3250 3246
f 2984 2983 3250
f 2984 3244 2985
f 2985 3244 3247
f 2985 3247 2982
f 3251 2986 2987
f 2988 3251 2987
f 3254 3253 3252
f 3256 3255 3252
f 3252 3255 3254
f 3256 3257 3255
f 3251 2989 2986
f 2990 2989 3258
f 3251 3258 2989
f 3258 3251 3259
f 2988 3259 3251
f 3259 2988 2991
f 3260 2991 2992
f 3260 3259 2991
f 2992 2993 3260
f 3260 2993 3261
f 3264 3263 3262
f 3264 3262 3253
f 3262 3252 3253
f 3262 3265 3252
f 3252 3266 3256
f 3252 3265 3266
f 3257 3256 3267
f 3267 3256 3266
f 3269 2995 3268
f 2995 3258 3268
f 2995 2990 3258
f 3270 3269 3268
f 3271 3261 2993
f 3271 2993 2996
f 2996 2998 3271
f 3271 2998 3272
f 3275 3274 3273
f 3275 3273 3263
f 3273 3262 3263
f 3273 3276 3262
f 3262 3277 3265
f 3262 3276 3277
f 3279 3266 3278
f 3266 3277 3278
f 3266 3265 3277
f 3266 3279 3267
f 3269 2999 2995
f 3270 3280 3269
f 3280 2999 3269
f 3280 3000 2999
f 3280 3282 3281
f 3001 3280 3281
f 3000 3280 3001
f 3284 3283 3004
f 3284 3002 3283
f 3002 3284 3281
f 3272 3281 3284
f 3281 3272 3001
f 3283 3001 3272
f 3272 2998 3283
f 3283 2998 3004
f 3002 3001 3283
f 3285 3004 3005
f 3285 3284 3004
f 3286 3005 3007
f 3286 3285 3005
f 3287 3007 3009
f 3287 3286 3007
f 3288 3009 3011
f 3288 3287 3009
f 3289 3273 3013
f 3273 3288 3013
f 3288 3011 3013
f 3273 3274 3288
f 3291 3276 3290
f 3276 3289 3290
f 3276 3273 3289
f 3276 3291 3277
f 3277 3291 3292
f 3277 3292 3278
f 3282 3293 3281
f 3281 3293 3002
f 3293 3014 3002
f 3293 3294 3014
f 3014 3295 3015
f 3294 3295 3014
f 3015 3296 3016
f 3295 3296 3015
f 3016 3297 3017
f 3296 3297 3016
f 3017 3298 3018
f 3297 3298 3017
f 3013 3018 3289
f 3018 3299 3289
f 3018 3298 3299
f 3289 3299 3290
f 3302 3301 3300
f 3020 3021 3300
f 3021 3302 3300
f 3021 3303 3302
f 3305 3304 3022
f 3304 3021 3022
f 3304 3303 3021
f 3305 3306 3304
f 3300 3301 3307
f 3307 3301 3308
f 3307 3024 3020
f 3307 3020 3300
f 3025 3305 3022
f 3309 3306 3305
f 3025 3309 3305
f 3027 3309 3025
f 3311 3310 3029
f 3310 3027 3029
f 3310 3309 3027
f 3311 3312 3310
f 3307 3308 3313
f 3313 3308 3314
f 3313 3031 3024
f 3313 3024 3307
f 3033 3311 3029
f 3315 3312 3311
f 3033 3315 3311
f 3034 3315 3033
f 3317 3315 3316
f 3315 3035 3316
f 3315 3034 3035
f 3037 3316 3035
f 3313 3314 3318
f 3318 3314 3319
f 3318 3039 3031
f 3318 3031 3313
f 3322 3321 3320
f 3320 3321 3317
f 3316 3320 3317
f 3323 3320 3316
f 3041 3323 3037
f 3037 3323 3316
f 3319 3324 3318
f 3318 3324 3039
f 3324 3043 3039
f 3324 3325 3043
f 3043 3326 3044
f 3325 3326 3043
f 3328 3327 3046
f 3044 3328 3046
f 3326 3328 3044
f 3048 3047 3327
f 3328 3048 3327
f 3329 3048 3328
f 3320 3050 3322
f 3050 3329 3322
f 3050 3048 3329
f 3050 3320 3052
f 3052 3320 3323
f 3052 3323 3041
f 3327 3056 3046
f 3056 3327 3047
f 3330 3060 3061
f 3062 3331 3061
f 3061 3331 3330
f 3063 3332 3062
f 3062 3332 3331
f 3064 3333 3063
f 3063 3333 3332
f 3066 3333 3064
f 3330 3070 3060
f 3070 3330 3073
f 3073 3330 3331
f 3073 3331 3075
f 3075 3331 3332
f 3075 3332 3077
f 3077 3332 3333
f 3077 3333 3066
f 3334 3089 3090
f 3091 3334 3090
f 3335 3095 3096
f 3089 3334 3096
f 3334 3335 3096
f 3334 3336 3335
f 3097 3337 3091
f 3337 3334 3091
f 3337 3336 3334
f 3099 3337 3097
f 3338 3103 3104
f 3095 3335 3104
f 3335 3338 3104
f 3335 3339 3338
f 3340 3335 3336
f 3339 3335 3340
f 3341 3336 3337
f 3340 3336 3341
f 3105 3342 3099
f 3342 3337 3099
f 3342 3341 3337
f 3107 3342 3105
f 3343 3109 3110
f 3111 3344 3110
f 3110 3344 3343
f 3112 3344 3111
f 3345 3116 3338
f 3338 3116 3103
f 3346 3338 3339
f 3345 3338 3346
f 3347 3339 3340
f 3346 3339 3347
f 3348 3340 3341
f 3347 3340 3348
f 3349 3341 3342
f 3348 3341 3349
f 3117 3350 3107
f 3350 3342 3107
f 3350 3349 3342
f 3119 3350 3117
f 3351 3121 3122
f 3109 3343 3122
f 3343 3351 3122
f 3343 3352 3351
f 3353 3343 3344
f 3352 3343 3353
f 3123 3354 3112
f 3354 3344 3112
f 3354 3353 3344
f 3124 3355 3123
f 3123 3355 3354
f 3355 3124 3356
f 3124 3357 3356
f 3124 3125 3357
f 3125 3116 3345
f 3358 3125 3345
f 3357 3125 3358
f 3358 3345 3346
f 3358 3346 3359
f 3359 3346 3347
f 3359 3347 3360
f 3360 3347 3348
f 3360 3348 3361
f 3361 3348 3349
f 3361 3349 3362
f 3364 3363 3362
f 3349 3364 3362
f 3350 3364 3349
f 3126 3365 3119
f 3365 3350 3119
f 3365 3364 3350
f 3128 3365 3126
f 3367 3129 3366
f 3129 3121 3366
f 3366 3121 3351
f 3368 3366 3351
f 3368 3370 3369
f 3370 3367 3369
f 3131 3369 3367
f 3369 3131 3352
f 3129 3352 3131
f 3352 3129 3370
f 3370 3351 3352
f 3368 3351 3370
f 3370 3129 3367
f 3369 3352 3353
f 3369 3353 3371
f 3371 3353 3354
f 3371 3354 3372
f 3372 3354 3355
f 3372 3355 3373
f 3373 3355 3356
f 3374 3363 3364
f 3374 3364 3365
f 3374 3365 3375
f 3377 3375 3376
f 3376 3375 3133
f 3375 3365 3133
f 3365 3128 3133
f 3135 3376 3133
f 3367 3366 3378
f 3378 3366 3379
f 3380 3136 3131
f 3367 3380 3131
f 3378 3380 3367
f 3381 3137 3136
f 3381 3136 3380
f 3382 3138 3137
f 3382 3137 3381
f 3382 3140 3138
f 3383 3377 3376
f 3385 3383 3384
f 3384 3383 3141
f 3383 3376 3141
f 3376 3135 3141
f 3143 3384 3141
f 3379 3386 3378
f 3378 3386 3380
f 3380 3386 3387
f 3380 3387 3381
f 3381 3387 3388
f 3381 3388 3382
f 3382 3388 3389
f 3389 3391 3390
f 3389 3390 3145
f 3382 3389 3145
f 3140 3382 3145
f 3392 3146 3145
f 3392 3145 3390
f 3393 3147 3146
f 3393 3146 3392
f 3393 3148 3147
f 3394 3385 3384
f 3394 3384 3143
f 3149 3394 3143
f 3395 3394 3149
f 3149 3151 3395
f 3395 3151 3396
f 3391 3397 3390
f 3390 3397 3392
f 3392 3397 3398
f 3400 3399 3398
f 3399 3392 3398
f 3399 3393 3392
f 3399 3154 3148
f 3399 3148 3393
f 3401 3396 3151
f 3401 3151 3155
f 3402 3155 3156
f 3402 3401 3155
f 3156 3157 3402
f 3402 3157 3403
f 3400 3404 3399
f 3399 3404 3154
f 3404 3158 3154
f 3404 3405 3158
f 3159 3158 3405
f 3159 3405 3406
f 3407 3403 3157
f 3407 3157 3160
f 3160 3161 3407
f 3407 3161 3408
f 3406 3409 3159
f 3159 3409 3162
f 3162 3410 3163
f 3409 3410 3162
f 3164 3163 3410
f 3164 3410 3411
f 3412 3408 3161
f 3412 3161 3165
f 3165 3167 3412
f 3412 3167 3413
f 3168 3164 3414
f 3164 3415 3414
f 3164 3411 3415
f 3414 3170 3168
f 3416 3413 3167
f 3416 3167 3171
f 3418 3416 3417
f 3416 3172 3417
f 3416 3171 3172
f 3420 3417 3419
f 3417 3172 3419
f 3174 3421 3419
f 3174 3419 3172
f 3421 3422 3419
f 3425 3424 3423
f 3425 3423 3415
f 3423 3414 3415
f 3423 3426 3414
f 3414 3426 3170
f 3426 3427 3170
f 3427 3176 3170
f 3426 3428 3427
f 3176 3429 3177
f 3427 3429 3176
f 3177 3430 3178
f 3429 3430 3177
f 3178 3431 3179
f 3430 3431 3178
f 3179 3432 3180
f 3431 3432 3179
f 3180 3433 3182
f 3432 3433 3180
f 3435 3434 3183
f 3182 3435 3183
f 3433 3435 3182
f 3437 3436 3434
f 3437 3434 3435
f 3438 3436 3437
f 3441 3440 3439
f 3418 3417 3442
f 3440 3443 3439
f 3174 3184 3421
f 3446 3445 3444
f 3420 3442 3417
f 3445 3447 3444
f 3422 3421 3448
f 3184 3448 3421
f 3448 3184 3185
f 3185 3187 3448
f 3448 3187 3449
f 3424 3450 3423
f 3451 3188 3189
f 3423 3451 3189
f 3426 3423 3189
f 3450 3451 3423
f 3189 3190 3426
f 3190 3428 3426
f 3190 3452 3428
f 3434 3191 3183
f 3191 3434 3192
f 3192 3434 3436
f 3438 3453 3436
f 3453 3192 3436
f 3453 3194 3192
f 3439 3196 3441
f 3196 3453 3441
f 3196 3194 3453
f 3443 3454 3439
f 3454 3196 3439
f 3454 3197 3196
f 3454 3455 3197
f 3455 3446 3197
f 3444 3197 3446
f 3197 3444 3198
f 3456 3198 3444
f 3198 3456 3455
f 3455 3457 3198
f 3454 3457 3455
f 3455 3456 3446
f 3460 3459 3458
f 3447 3456 3444
f 3460 3449 3459
f 3449 3200 3459
f 3449 3187 3200
f 3451 3201 3188
f 3461 3201 3451
f 3462 3452 3190
f 3462 3190 3202
f 3202 3204 3462
f 3462 3204 3463
f 3457 3464 3198
f 3198 3464 3205
f 3459 3206 3458
f 3206 3464 3458
f 3206 3205 3464
f 3206 3459 3200
f 3467 3466 3465
f 3465 3468 3207
f 3461 3465 3207
f 3201 3461 3207
f 3465 3461 3467
f 3469 3209 3207
f 3469 3207 3468
f 3469 3470 3209
f 3470 3204 3209
f 3470 3463 3204
f 3472 3471 3212
f 3212 3471 3211
f 3473 3212 3213
f 3473 3472 3212
f 3213 3215 3473
f 3473 3215 3474
f 3465 3466 3475
f 3475 3466 3476
f 3475 3216 3217
f 3468 3475 3217
f 3465 3475 3468
f 3469 3468 3477
f 3468 3218 3477
f 3218 3478 3477
f 3218 3468 3217
f 3469 3477 3470
f 3479 3220 3221
f 3211 3471 3480
f 3479 3211 3480
f 3481 3479 3480
f 3221 3211 3479
f 3483 3482 3481
f 3483 3481 3480
f 3483 3474 3482
f 3474 3222 3482
f 3474 3215 3222
f 3475 3476 3484
f 3484 3476 3485
f 3484 3225 3216
f 3484 3216 3475
f 3226 3487 3486
f 3478 3226 3486
f 3218 3226 3478
f 3487 3488 3486
f 3489 3227 3479
f 3479 3227 3220
f 3481 3491 3490
f 3489 3481 3490
f 3479 3481 3489
f 3230 3492 3229
f 3492 3481 3229
f 3481 3482 3229
f 3492 3491 3481
f 3229 3482 3222
f 3484 3485 3233
f 3485 3232 3233
f 3485 3493 3232
f 3484 3233 3225
f 3235 3494 3487
f 3235 3487 3226
f 3488 3487 3495
f 3495 3487 3494
f 3496 3236 3489
f 3489 3236 3227
f 3489 3490 3497
f 3489 3497 3496
f 3238 3492 3230
f 3238 3498 3492
f 3493 3240 3232
f 3499 3240 3493
f 3501 3500 3494
f 3235 3501 3494
f 3242 3501 3235
f 3494 3500 3495
f 3502 3243 3496
f 3496 3243 3236
f 3503 3245 3246
f 3496 3503 3246
f 3502 3496 3246
f 3503 3496 3497
f 3238 3245 3498
f 3498 3245 3503
f 3499 3504 3240
f 3240 3504 3248
f 3248 3505 3249
f 3504 3505 3248
f 3242 3249 3501
f 3501 3249 3505
f 3502 3250 3243
f 3250 3502 3246
f 3508 3507 3506
f 3506 3509 3508
f 3510 3253 3254
f 3255 3511 3254
f 3254 3511 3510
f 3257 3511 3255
f 3513 3512 3507
f 3512 3258 3507
f 3259 3506 3507
f 3259 3507 3258
f 3513 3514 3512
f 3509 3506 3515
f 3259 3515 3506
f 3515 3259 3260
f 3260 3261 3515
f 3515 3261 3516
f 3519 3518 3517
f 3263 3264 3517
f 3264 3519 3517
f 3264 3520 3519
f 3520 3264 3253
f 3521 3520 3253
f 3510 3521 3253
f 3520 3521 3522
f 3523 3510 3511
f 3521 3510 3523
f 3267 3523 3257
f 3257 3523 3511
f 3512 3268 3258
f 3270 3268 3512
f 3514 3270 3512
f 3524 3270 3514
f 3525 3516 3261
f 3525 3261 3271
f 3527 3526 3272
f 3526 3271 3272
f 3526 3525 3271
f 3529 3528 3527
f 3527 3528 3526
f 3531 3530 3529
f 3529 3530 3528
f 3533 3532 3531
f 3531 3532 3530
f 3535 3534 3533
f 3533 3534 3532
f 3534 3535 3518
f 3518 3535 3517
f 3535 3274 3517
f 3274 3275 3517
f 3517 3275 3263
f 3536 3522 3521
f 3278 3537 3279
f 3537 3521 3279
f 3521 3523 3279
f 3537 3536 3521
f 3279 3523 3267
f 3524 3538 3270
f 3270 3538 3280
f 3540 3539 3282
f 3280 3540 3282
f 3538 3540 3280
f 3272 3284 3527
f 3539 3540 3541
f 3527 3284 3285
f 3527 3285 3529
f 3529 3285 3286
f 3529 3286 3531
f 3531 3286 3287
f 3531 3287 3533
f 3533 3287 3288
f 3533 3288 3535
f 3535 3288 3274
f 3290 3542 3291
f 3291 3542 3543
f 3544 3291 3543
f 3292 3291 3544
f 3278 3292 3537
f 3537 3292 3544
f 3539 3293 3282
f 3541 3545 3539
f 3545 3293 3539
f 3545 3294 3293
f 3294 3546 3295
f 3545 3546 3294
f 3295 3547 3296
f 3546 3547 3295
f 3296 3548 3297
f 3547 3548 3296
f 3297 3549 3298
f 3548 3549 3297
f 3298 3550 3299
f 3549 3550 3298
f 3290 3299 3542
f 3299 3551 3542
f 3299 3550 3551
f 3542 3551 3543
f 3554 3553 3552
f 3556 3555 3552
f 3552 3555 3554
f 3301 3302 3556
f 3302 3555 3556
f 3302 3557 3555
f 3558 3302 3303
f 3558 3557 3302
f 3560 3558 3559
f 3558 3304 3559
f 3558 3303 3304
f 3306 3559 3304
f 3552 3553 3561
f 3561 3553 3562
f 3552 3563 3556
f 3552 3561 3563
f 3563 3308 3301
f 3563 3301 3556
f 3564 3560 3559
f 3564 3559 3306
f 3309 3564 3306
f 3565 3564 3309
f 3567 3565 3566
f 3565 3310 3566
f 3565 3309 3310
f 3312 3566 3310
f 3562 3568 3561
f 3570 3569 3568
f 3569 3561 3568
f 3569 3563 3561
f 3569 3314 3308
f 3569 3308 3563
f 3567 3566 3571
f 3567 3571 3572
f 3315 3573 3312
f 3573 3566 3312
f 3573 3571 3566
f 3317 3573 3315
f 3569 3570 3574
f 3574 3570 3575
f 3574 3319 3314
f 3574 3314 3569
f 3578 3577 3576
f 3580 3579 3576
f 3580 3576 3577
f 3579 3580 3572
f 3571 3579 3572
f 3581 3579 3571
f 3322 3581 3321
f 3581 3573 3321
f 3581 3571 3573
f 3321 3573 3317
f 3575 3582 3574
f 3574 3582 3319
f 3582 3324 3319
f 3582 3583 3324
f 3324 3584 3325
f 3583 3584 3324
f 3576 3326 3578
f 3326 3584 3578
f 3326 3325 3584
f 3326 3576 3328
f 3328 3576 3579
f 3328 3579 3329
f 3329 3579 3581
f 3329 3581 3322
f 3585 3356 3357
f 3358 3586 3357
f 3357 3586 3585
f 3359 3587 3358
f 3358 3587 3586
f 3360 3588 3359
f 3359 3588 3587
f 3361 3589 3360
f 3360 3589 3588
f 3362 3590 3361
f 3361 3590 3589
f 3363 3590 3362
f 3591 3366 3368
f 3591 3368 3592
f 3368 3593 3592
f 3368 3369 3593
f 3594 3369 3371
f 3594 3593 3369
f 3595 3371 3372
f 3595 3594 3371
f 3596 3372 3373
f 3596 3595 3372
f 3373 3356 3585
f 3597 3373 3585
f 3596 3373 3597
f 3597 3585 3586
f 3597 3586 3598
f 3598 3586 3587
f 3598 3587 3599
f 3599 3587 3588
f 3599 3588 3600
f 3600 3588 3589
f 3600 3589 3601
f 3601 3589 3590
f 3601 3590 3602
f 3604 3602 3603
f 3603 3602 3374
f 3602 3590 3374
f 3590 3363 3374
f 3375 3605 3374
f 3374 3605 3603
f 3377 3605 3375
f 3608 3607 3606
f 3609 3608 3591
f 3608 3379 3591
f 3379 3366 3591
f 3608 3606 3379
f 3609 3591 3592
f 3610 3604 3603
f 3610 3603 3605
f 3610 3605 3611
f 3613 3611 3612
f 3612 3611 3383
f 3611 3605 3383
f 3605 3377 3383
f 3385 3612 3383
f 3606 3607 3614
f 3614 3607 3615
f 3616 3386 3379
f 3606 3616 3379
f 3614 3616 3606
f 3617 3387 3386
f 3617 3386 3616
f 3618 3388 3387
f 3618 3387 3617
f 3619 3389 3388
f 3619 3388 3618
f 3619 3391 3389
f 3620 3613 3612
f 3620 3612 3385
f 3394 3620 3385
f 3621 3620 3394
f 3622 3394 3395
f 3622 3621 3394
f 3395 3396 3622
f 3622 3396 3623
f 3615 3624 3614
f 3614 3624 3616
f 3616 3624 3625
f 3616 3625 3617
f 3617 3625 3626
f 3617 3626 3618
f 3618 3626 3627
f 3629 3628 3627
f 3628 3618 3627
f 3628 3619 3618
f 3630 3397 3391
f 3619 3630 3391
f 3628 3630 3619
f 3631 3398 3397
f 3631 3397 3630
f 3631 3400 3398
f 3632 3623 3396
f 3632 3396 3401
f 3633 3401 3402
f 3633 3632 3401
f 3402 3403 3633
f 3633 3403 3634
f 3637 3636 3635
f 3639 3638 3635
f 3635 3638 3637
f 3639 3640 3638
f 3629 3641 3628
f 3628 3641 3630
f 3630 3641 3642
f 3630 3642 3631
f 3631 3642 3643
f 3631 3643 3400
f 3643 3404 3400
f 3643 3644 3404
f 3644 3646 3645
f 3405 3644 3645
f 3404 3644 3405
f 3645 3406 3405
f 3647 3634 3403
f 3647 3403 3407
f 3407 3408 3647
f 3647 3408 3648
f 3651 3650 3649
f 3651 3649 3636
f 3649 3635 3636
f 3649 3652 3635
f 3635 3653 3639
f 3635 3652 3653
f 3640 3639 3654
f 3639 3655 3654
f 3639 3653 3655
f 3655 3656 3654
f 3646 3657 3645
f 3645 3657 3406
f 3657 3409 3406
f 3657 3658 3409
f 3658 3660 3659
f 3410 3658 3659
f 3409 3658 3410
f 3659 3411 3410
f 3661 3648 3408
f 3661 3408 3412
f 3412 3413 3661
f 3661 3413 3662
f 3665 3664 3663
f 3665 3663 3650
f 3663 3649 3650
f 3663 3666 3649
f 3649 3667 3652
f 3649 3666 3667
f 3652 3668 3653
f 3652 3667 3668
f 3670 3655 3669
f 3655 3668 3669
f 3655 3653 3668
f 3655 3670 3656
f 3659 3660 3671
f 3671 3660 3672
f 3671 3415 3411
f 3671 3411 3659
f 3673 3662 3413
f 3673 3413 3416
f 3675 3674 3418
f 3674 3416 3418
f 3674 3673 3416
f 3675 3420 3674
f 3420 3419 3674
f 3677 3676 3674
f 3677 3674 3419
f 3422 3677 3419
f 3664 3678 3663
f 3680 3679 3678
f 3679 3663 3678
f 3679 3666 3663
f 3666 3681 3667
f 3666 3679 3681
f 3683 3668 3682
f 3668 3681 3682
f 3668 3667 3681
f 3668 3683 3669
f 3671 3672 3425
f 3672 3424 3425
f 3672 3684 3424
f 3671 3425 3415
f 3428 3685 3427
f 3427 3685 3686
f 3687 3427 3686
f 3429 3427 3687
f 3429 3688 3430
f 3687 3688 3429
f 3430 3689 3431
f 3688 3689 3430
f 3431 3690 3432
f 3689 3690 3431
f 3432 3691 3433
f 3690 3691 3432
f 3433 3692 3435
f 3691 3692 3433
f 3435 3693 3437
f 3692 3693 3435
f 3695 3694 3438
f 3437 3695 3438
f 3693 3695 3437
f 3440 3441 3694
f 3695 3440 3694
f 3696 3440 3695
f 3675 3418 3442
f 3440 3697 3443
f 3697 3440 3698
f 3696 3698 3440
f 3697 3698 3699
f 3445 3446 3700
f 3675 3442 3420
f 3677 3701 3676
f 3700 3447 3445
f 3448 3677 3422
f 3677 3448 3701
f 3702 3701 3448
f 3448 3449 3702
f 3702 3449 3703
f 3680 3704 3679
f 3706 3705 3704
f 3705 3679 3704
f 3705 3681 3679
f 3682 3681 3707
f 3707 3681 3705
f 3450 3424 3708
f 3424 3709 3708
f 3424 3684 3709
f 3708 3451 3450
f 3452 3710 3685
f 3452 3685 3428
f 3686 3685 3711
f 3711 3685 3710
f 3694 3453 3438
f 3453 3694 3441
f 3697 3454 3443
f 3697 3699 3700
f 3712 3700 3699
f 3700 3712 3713
f 3700 3713 3456
f 3457 3456 3713
f 3456 3457 3446
f 3454 3446 3457
f 3446 3454 3697
f 3446 3697 3700
f 3456 3447 3700
f 3458 3713 3460
f 3712 3460 3713
f 3460 3712 3714
f 3449 3460 3703
f 3703 3460 3714
f 3706 3715 3705
f 3705 3715 3707
f 3708 3709 3716
f 3716 3709 3717
f 3716 3461 3451
f 3716 3451 3708
f 3462 3710 3452
f 3462 3463 3710
f 3463 3711 3710
f 3463 3718 3711
f 3713 3464 3457
f 3464 3713 3458
f 3716 3717 3467
f 3717 3466 3467
f 3717 3719 3466
f 3716 3467 3461
f 3470 3718 3463
f 3470 3720 3718
f 3721 3471 3472
f 3473 3722 3472
f 3472 3722 3721
f 3474 3722 3473
f 3724 3476 3723
f 3476 3719 3723
f 3476 3466 3719
f 3725 3724 3723
f 3478 3726 3477
f 3726 3727 3477
f 3727 3470 3477
f 3727 3720 3470
f 3729 3480 3728
f 3480 3471 3728
f 3728 3471 3721
f 3730 3728 3721
f 3480 3729 3483
f 3731 3483 3729
f 3483 3731 3722
f 3730 3722 3731
f 3722 3730 3721
f 3483 3722 3474
f 3734 3733 3732
f 3735 3734 3724
f 3734 3485 3724
f 3485 3476 3724
f 3734 3732 3485
f 3735 3724 3725
f 3486 3726 3478
f 3486 3488 3726
f 3488 3727 3726
f 3488 3736 3727
f 3738 3737 3728
f 3737 3490 3728
f 3491 3729 3728
f 3491 3728 3490
f 3737 3738 3492
f 3738 3731 3492
f 3729 3491 3492
f 3729 3492 3731
f 3733 3739 3732
f 3493 3485 3732
f 3740 3493 3732
f 3739 3740 3732
f 3493 3740 3741
f 3742 3741 3740
f 3495 3736 3488
f 3495 3743 3736
f 3744 3497 3737
f 3737 3497 3490
f 3498 3744 3492
f 3492 3744 3737
f 3745 3499 3741
f 3741 3499 3493
f 3741 3742 3746
f 3741 3746 3745
f 3501 3747 3500
f 3743 3495 3748
f 3495 3747 3748
f 3747 3749 3748
f 3495 3500 3747
f 3749 3750 3748
f 3744 3503 3497
f 3503 3744 3498
f 3745 3504 3499
f 3505 3504 3745
f 3751 3505 3745
f 3746 3751 3745
f 3752 3505 3751
f 3752 3753 3505
f 3505 3753 3501
f 3753 3754 3501
f 3754 3747 3501
f 3747 3754 3749
f 3749 3754 3755
f 3749 3755 3750
f 3751 3756 3752
f 3752 3756 3753
f 3757 3507 3508
f 3759 3757 3758
f 3757 3508 3758
f 3509 3760 3758
f 3509 3758 3508
f 3762 3761 3760
f 3760 3761 3758
f 3762 3763 3761
f 3757 3513 3507
f 3509 3515 3760
f 3513 3757 3514
f 3759 3514 3757
f 3514 3759 3764
f 3760 3515 3516
f 3765 3760 3516
f 3762 3760 3765
f 3763 3762 3766
f 3762 3767 3766
f 3762 3765 3767
f 3769 3768 3767
f 3767 3768 3766
f 3771 3770 3769
f 3769 3770 3768
f 3773 3772 3771
f 3771 3772 3770
f 3775 3774 3773
f 3773 3774 3772
f 3775 3518 3774
f 3518 3519 3774
f 3777 3776 3774
f 3777 3774 3519
f 3520 3778 3519
f 3519 3778 3777
f 3522 3778 3520
f 3781 3780 3779
f 3779 3782 3781
f 3784 3524 3783
f 3524 3764 3783
f 3524 3514 3764
f 3516 3525 3765
f 3784 3783 3785
f 3765 3525 3526
f 3765 3526 3767
f 3767 3526 3528
f 3767 3528 3769
f 3769 3528 3530
f 3769 3530 3771
f 3771 3530 3532
f 3771 3532 3773
f 3773 3532 3534
f 3773 3534 3775
f 3776 3787 3786
f 3787 3775 3786
f 3534 3786 3775
f 3786 3534 3788
f 3518 3788 3534
f 3788 3518 3787
f 3787 3777 3788
f 3776 3777 3787
f 3787 3518 3775
f 3789 3777 3778
f 3788 3777 3789
f 3536 3790 3522
f 3790 3778 3522
f 3790 3789 3778
f 3537 3790 3536
f 3779 3780 3791
f 3791 3780 3792
f 3782 3779 3793
f 3779 3794 3793
f 3779 3791 3794
f 3794 3795 3793
f 3784 3538 3524
f 3785 3796 3784
f 3796 3538 3784
f 3796 3540 3538
f 3798 3797 3541
f 3540 3798 3541
f 3796 3798 3540
f 3800 3799 3797
f 3800 3797 3798
f 3802 3801 3799
f 3802 3799 3800
f 3804 3803 3801
f 3804 3801 3802
f 3806 3805 3803
f 3806 3803 3804
f 3805 3806 3786
f 3788 3805 3786
f 3807 3805 3788
f 3808 3788 3789
f 3807 3788 3808
f 3543 3808 3544
f 3808 3790 3544
f 3808 3789 3790
f 3544 3790 3537
f 3792 3809 3791
f 3791 3809 3794
f 3794 3809 3810
f 3794 3810 3795
f 3797 3545 3541
f 3545 3797 3546
f 3546 3797 3799
f 3546 3799 3547
f 3547 3799 3801
f 3547 3801 3548
f 3548 3801 3803
f 3548 3803 3549
f 3549 3803 3805
f 3549 3805 3550
f 3550 3805 3807
f 3550 3807 3551
f 3551 3807 3808
f 3551 3808 3543
f 3811 3553 3554
f 3555 3812 3554
f 3554 3812 3811
f 3557 3813 3555
f 3555 3813 3812
f 3558 3814 3557
f 3557 3814 3813
f 3560 3814 3558
f 3816 3815 3811
f 3815 3553 3811
f 3815 3562 3553
f 3818 3817 3816
f 3811 3818 3816
f 3812 3818 3811
f 3819 3812 3813
f 3818 3812 3819
f 3820 3813 3814
f 3819 3813 3820
f 3564 3821 3560
f 3821 3814 3560
f 3821 3820 3814
f 3565 3822 3564
f 3564 3822 3821
f 3567 3822 3565
f 3568 3562 3823
f 3562 3824 3823
f 3562 3815 3824
f 3818 3825 3817
f 3570 3568 3823
f 3825 3818 3819
f 3825 3819 3826
f 3828 3827 3826
f 3819 3828 3826
f 3820 3828 3819
f 3829 3820 3821
f 3828 3820 3829
f 3830 3821 3822
f 3829 3821 3830
f 3572 3830 3567
f 3567 3830 3822
f 3824 3831 3823
f 3575 3570 3823
f 3832 3575 3823
f 3831 3832 3823
f 3575 3832 3833
f 3835 3834 3833
f 3835 3833 3832
f 3834 3835 3827
f 3828 3834 3827
f 3836 3834 3828
f 3578 3836 3577
f 3836 3829 3577
f 3836 3828 3829
f 3577 3829 3580
f 3580 3829 3830
f 3580 3830 3572
f 3833 3582 3575
f 3582 3833 3583
f 3583 3833 3834
f 3583 3834 3584
f 3584 3834 3836
f 3584 3836 3578
f 3837 3592 3593
f 3594 3838 3593
f 3593 3838 3837
f 3595 3839 3594
f 3594 3839 3838
f 3596 3840 3595
f 3595 3840 3839
f 3597 3841 3596
f 3596 3841 3840
f 3598 3842 3597
f 3597 3842 3841
f 3599 3843 3598
f 3598 3843 3842
f 3600 3844 3599
f 3599 3844 3843
f 3601 3845 3600
f 3600 3845 3844
f 3602 3846 3601
f 3601 3846 3845
f 3604 3846 3602
f 3848 3847 3608
f 3608 3847 3607
f 3849 3608 3609
f 3849 3848 3608
f 3609 3592 3837
f 3850 3609 3837
f 3849 3609 3850
f 3850 3837 3838
f 3850 3838 3851
f 3851 3838 3839
f 3851 3839 3852
f 3852 3839 3840
f 3852 3840 3853
f 3853 3840 3841
f 3853 3841 3854
f 3854 3841 3842
f 3854 3842 3855
f 3855 3842 3843
f 3855 3843 3856
f 3856 3843 3844
f 3856 3844 3857
f 3857 3844 3845
f 3857 3845 3858
f 3858 3845 3846
f 3858 3846 3859
f 3859 3846 3604
f 3610 3859 3604
f 3860 3859 3610
f 3862 3860 3861
f 3860 3611 3861
f 3860 3610 3611
f 3613 3861 3611
f 3865 3864 3863
f 3847 3865 3863
f 3615 3847 3863
f 3607 3847 3615
f 3866 3862 3861
f 3866 3861 3613
f 3620 3866 3613
f 3867 3866 3620
f 3868 3620 3621
f 3868 3867 3620
f 3870 3868 3869
f 3868 3622 3869
f 3868 3621 3622
f 3623 3869 3622
f 3863 3864 3871
f 3871 3864 3872
f 3873 3624 3615
f 3863 3873 3615
f 3871 3873 3863
f 3874 3625 3624
f 3874 3624 3873
f 3875 3626 3625
f 3875 3625 3874
f 3876 3627 3626
f 3876 3626 3875
f 3876 3629 3627
f 3877 3870 3869
f 3877 3869 3623
f 3632 3877 3623
f 3878 3877 3632
f 3879 3632 3633
f 3879 3878 3632
f 3633 3634 3879
f 3879 3634 3880
f 3881 3636 3637
f 3881 3637 3882
f 3637 3883 3882
f 3637 3638 3883
f 3885 3884 3640
f 3884 3638 3640
f 3884 3883 3638
f 3884 3885 3872
f 3885 3871 3872
f 3885 3886 3871
f 3888 3873 3887
f 3873 3886 3887
f 3873 3871 3886
f 3873 3888 3874
f 3874 3888 3889
f 3874 3889 3875
f 3875 3889 3890
f 3875 3890 3876
f 3876 3890 3891
f 3876 3891 3629
f 3891 3641 3629
f 3891 3892 3641
f 3641 3893 3642
f 3892 3893 3641
f 3893 3895 3894
f 3643 3893 3894
f 3642 3893 3643
f 3896 3644 3643
f 3896 3643 3894
f 3896 3646 3644
f 3897 3880 3634
f 3897 3634 3647
f 3647 3648 3897
f 3897 3648 3898
f 3900 3899 3651
f 3651 3899 3650
f 3651 3636 3881
f 3901 3651 3881
f 3900 3651 3901
f 3901 3881 3882
f 3654 3885 3640
f 3885 3654 3656
f 3902 3885 3656
f 3886 3885 3902
f 3887 3886 3903
f 3886 3904 3903
f 3886 3902 3904
f 3904 3905 3903
f 3908 3907 3906
f 3906 3909 3908
f 3895 3910 3894
f 3894 3910 3896
f 3896 3910 3911
f 3896 3911 3646
f 3911 3657 3646
f 3911 3912 3657
f 3912 3914 3913
f 3658 3912 3913
f 3657 3912 3658
f 3913 3660 3658
f 3915 3898 3648
f 3915 3648 3661
f 3917 3916 3662
f 3916 3661 3662
f 3916 3915 3661
f 3917 3918 3916
f 3919 3664 3665
f 3920 3919 3665
f 3650 3920 3665
f 3899 3920 3650
f 3922 3921 3670
f 3922 3670 3669
f 3656 3670 3902
f 3670 3923 3902
f 3670 3921 3923
f 3902 3923 3904
f 3904 3923 3924
f 3904 3924 3905
f 3907 3925 3906
f 3906 3925 3909
f 3914 3926 3913
f 3660 3913 3926
f 3927 3660 3926
f 3672 3660 3927
f 3930 3929 3928
f 3932 3931 3928
f 3932 3928 3929
f 3934 3933 3931
f 3934 3931 3932
f 3935 3933 3934
f 3938 3937 3936
f 3939 3936 3937
f 3942 3941 3940
f 3662 3673 3917
f 3940 3941 3943
f 3673 3674 3917
f 3674 3944 3917
f 3944 3918 3917
f 3674 3945 3944
f 3676 3945 3674
f 3919 3678 3664
f 3680 3678 3919
f 3920 3680 3919
f 3946 3680 3920
f 3682 3947 3683
f 3922 3669 3948
f 3669 3947 3948
f 3947 3949 3948
f 3669 3683 3947
f 3949 3950 3948
f 3953 3952 3951
f 3955 3954 3951
f 3951 3954 3953
f 3927 3954 3955
f 3684 3927 3955
f 3672 3927 3684
f 3958 3957 3956
f 3687 3686 3956
f 3957 3687 3956
f 3959 3687 3957
f 3928 3688 3930
f 3688 3959 3930
f 3688 3687 3959
f 3688 3928 3689
f 3689 3928 3931
f 3689 3931 3690
f 3690 3931 3933
f 3935 3960 3933
f 3960 3690 3933
f 3960 3691 3690
f 3936 3692 3938
f 3692 3960 3938
f 3692 3691 3960
f 3939 3961 3936
f 3961 3692 3936
f 3961 3693 3692
f 3940 3695 3942
f 3695 3961 3942
f 3695 3693 3961
f 3943 3962 3940
f 3962 3695 3940
f 3962 3696 3695
f 3945 3698 3944
f 3698 3962 3944
f 3698 3696 3962
f 3699 3698 3963
f 3698 3945 3963
f 3676 3701 3963
f 3676 3963 3945
f 3702 3964 3701
f 3701 3964 3963
f 3703 3964 3702
f 3704 3680 3965
f 3680 3966 3965
f 3680 3946 3966
f 3965 3706 3704
f 3707 3967 3947
f 3707 3947 3682
f 3969 3949 3968
f 3949 3967 3968
f 3949 3947 3967
f 3949 3969 3950
f 3952 3970 3951
f 3972 3971 3970
f 3971 3951 3970
f 3971 3955 3951
f 3971 3709 3684
f 3971 3684 3955
f 3973 3958 3956
f 3956 3686 3973
f 3686 3974 3973
f 3686 3711 3974
f 3963 3712 3699
f 3712 3963 3714
f 3714 3963 3964
f 3714 3964 3703
f 3966 3975 3965
f 3965 3975 3706
f 3975 3715 3706
f 3975 3976 3715
f 3715 3976 3707
f 3976 3977 3707
f 3977 3967 3707
f 3977 3976 3978
f 3968 3967 3979
f 3979 3967 3977
f 3971 3972 3980
f 3980 3972 3981
f 3980 3717 3709
f 3980 3709 3971
f 3718 3983 3982
f 3974 3718 3982
f 3711 3718 3974
f 3983 3984 3982
f 3978 3985 3977
f 3977 3985 3979
f 3980 3981 3986
f 3986 3981 3987
f 3986 3719 3717
f 3986 3717 3980
f 3720 3988 3983
f 3720 3983 3718
f 3984 3983 3989
f 3989 3983 3988
f 3987 3990 3986
f 3990 3992 3991
f 3990 3991 3723
f 3986 3990 3723
f 3719 3986 3723
f 3991 3725 3723
f 3994 3993 3988
f 3720 3994 3988
f 3727 3994 3720
f 3988 3993 3989
f 3995 3728 3730
f 3731 3995 3730
f 3997 3996 3734
f 3734 3996 3733
f 3735 3991 3992
f 3997 3735 3992
f 3734 3735 3997
f 3991 3735 3725
f 3736 3994 3727
f 3736 3998 3994
f 3995 3738 3728
f 3738 3995 3731
f 3996 3999 3733
f 3733 3999 3739
f 3999 4001 4000
f 3740 3999 4000
f 3739 3999 3740
f 4000 3742 3740
f 3743 4003 4002
f 3998 3743 4002
f 3736 3743 3998
f 4003 4004 4002
f 4000 4001 4005
f 4005 4001 4006
f 4005 3746 3742
f 4005 3742 4000
f 3748 4003 3743
f 3748 3750 4003
f 3750 4004 4003
f 3750 4007 4004
f 4006 4008 4005
f 3746 4005 4008
f 4009 3746 4008
f 3751 3746 4009
f 3753 4010 3754
f 4011 3755 3754
f 4011 3754 4010
f 4011 4012 3755
f 4012 3750 3755
f 4012 4007 3750
f 4009 4013 3751
f 3751 4013 3756
f 3753 3756 4010
f 3756 4014 4010
f 3756 4013 4014
f 4010 4014 4011
f 4011 4014 4015
f 4011 4015 4012
f 4018 4017 4016
f 4016 4019 4018
f 4022 4021 4020
f 4024 4023 4020
f 4020 4023 4022
f 4024 4025 4023
f 4027 4026 3758
f 3758 4026 3759
f 3761 4016 4017
f 4027 3761 4017
f 3758 3761 4027
f 4029 4028 3763
f 3763 4028 3761
f 4028 4019 3761
f 4019 4016 3761
f 4029 4030 4028
f 4033 4032 4031
f 4035 4034 4031
f 4031 4034 4033
f 4034 4035 4021
f 4035 4020 4021
f 4035 4036 4020
f 4038 4024 4037
f 4024 4036 4037
f 4024 4020 4036
f 4024 4038 4025
f 4040 3764 4039
f 3764 4026 4039
f 3764 3759 4026
f 4042 4041 4040
f 4042 4040 4039
f 3763 3766 4029
f 4041 4042 4043
f 4044 4030 4029
f 3766 4044 4029
f 3768 4044 3766
f 3770 4031 4032
f 4044 3770 4032
f 3768 3770 4044
f 4031 3770 3772
f 4031 3772 4035
f 3774 4045 3772
f 4045 4046 3772
f 4047 3772 4046
f 3772 4047 4035
f 4048 4035 4047
f 4035 4048 4045
f 4045 4036 4035
f 3774 4036 4045
f 4045 4048 4046
f 4046 4048 3776
f 4048 4037 3776
f 4036 3774 3776
f 4036 3776 4037
f 4051 4050 4049
f 3780 3781 4049
f 3781 4051 4049
f 3781 4052 4051
f 3781 3782 4052
f 4052 3782 4053
f 4040 3783 3764
f 3783 4040 3785
f 4040 4054 3785
f 4040 4041 4054
f 4041 4043 4055
f 4056 4041 4055
f 4054 4041 4056
f 4058 4057 4056
f 4058 4056 4055
f 4060 4059 4057
f 4060 4057 4058
f 4062 4061 4059
f 4062 4059 4060
f 4061 4062 4047
f 4046 4061 4047
f 4063 4061 4046
f 3786 4063 3776
f 3776 4063 4046
f 4049 4050 4064
f 4064 4050 4065
f 4064 3792 3780
f 4064 3780 4049
f 3782 3793 4066
f 4067 3782 4066
f 4053 3782 4067
f 3795 4066 3793
f 4054 3796 3785
f 3796 4054 3798
f 3798 4054 4056
f 3798 4056 3800
f 3800 4056 4057
f 3800 4057 3802
f 3802 4057 4059
f 3802 4059 3804
f 3804 4059 4061
f 3804 4061 3806
f 3806 4061 4063
f 3806 4063 3786
f 4064 4065 4068
f 4068 4065 4069
f 4070 3809 3792
f 4064 4070 3792
f 4068 4070 4064
f 3809 4071 3810
f 3809 4066 4071
f 4066 3809 4067
f 4070 4067 3809
f 4067 4070 4072
f 4071 4072 4070
f 4070 4073 4071
f 4071 4073 3810
f 4066 4072 4071
f 4072 4066 4074
f 4066 3795 4074
f 3810 4073 4074
f 3810 4074 3795
f 4069 4075 4068
f 4068 4075 4070
f 4070 4075 4076
f 4070 4076 4073
f 4073 4076 4077
f 4073 4077 4074
f 4078 3815 3816
f 3817 4078 3816
f 4079 3824 4078
f 4078 3824 3815
f 3825 4080 3817
f 4080 4078 3817
f 4080 4079 4078
f 3826 4081 3825
f 3825 4081 4080
f 3827 4081 3826
f 4079 3831 3824
f 3831 4079 3832
f 3832 4079 4080
f 3832 4080 3835
f 3835 4080 4081
f 3835 4081 3827
f 4084 4083 4082
f 4082 4085 4084
f 4086 3847 3848
f 4086 3848 4087
f 3848 4088 4087
f 3848 3849 4088
f 4089 3849 3850
f 4089 4088 3849
f 4090 3850 3851
f 4090 4089 3850
f 4091 3851 3852
f 4091 4090 3851
f 4092 3852 3853
f 4092 4091 3852
f 4093 3853 3854
f 4093 4092 3853
f 4094 3854 3855
f 4094 4093 3854
f 4095 3855 3856
f 4095 4094 3855
f 4096 3856 3857
f 4096 4095 3856
f 4097 3857 3858
f 4097 4096 3857
f 4099 4097 4098
f 4097 3859 4098
f 4097 3858 3859
f 3860 4100 3859
f 3859 4100 4098
f 3862 4100 3860
f 4103 4102 4101
f 4103 4101 4083
f 4101 4082 4083
f 4101 4104 4082
f 4085 4082 4105
f 4082 4106 4105
f 4082 4104 4106
f 4108 4107 4106
f 4106 4107 4105
f 4110 4109 4108
f 4108 4109 4107
f 4112 4111 4110
f 4110 4111 4109
f 3864 3865 4112
f 3865 4111 4112
f 3865 4113 4111
f 3865 3847 4086
f 4114 3865 4086
f 4113 3865 4114
f 4114 4086 4087
f 4115 4099 4098
f 4115 4098 4100
f 4115 4100 4116
f 4116 4100 3862
f 3866 4116 3862
f 4117 4116 3866
f 4118 3866 3867
f 4118 4117 3866
f 4120 4118 4119
f 4118 3868 4119
f 4118 3867 3868
f 3870 4119 3868
f 4101 4102 4121
f 4121 4102 4122
f 4101 4123 4104
f 4101 4121 4123
f 4104 4124 4106
f 4104 4123 4124
f 4106 4125 4108
f 4106 4124 4125
f 4108 4126 4110
f 4108 4125 4126
f 4110 4127 4112
f 4110 4126 4127
f 4127 3872 3864
f 4127 3864 4112
f 4128 4120 4119
f 4128 4119 3870
f 3877 4128 3870
f 4129 4128 3877
f 4130 3877 3878
f 4130 4129 3877
f 4131 3878 3879
f 4131 4130 3878
f 4133 4132 3880
f 4132 3879 3880
f 4132 4131 3879
f 4133 4134 4132
f 4122 4135 4121
f 4121 4135 4123
f 4123 4135 4136
f 4138 4137 4136
f 4137 4123 4136
f 4137 4124 4123
f 4124 4139 4125
f 4124 4137 4139
f 4139 3882 3883
f 4126 4139 3883
f 4125 4139 4126
f 4126 3883 3884
f 4126 3884 4127
f 3872 4127 3884
f 4142 4141 4140
f 3888 3887 4141
f 4142 3888 4141
f 4143 3888 4142
f 3888 4144 3889
f 4143 4144 3888
f 3889 4145 3890
f 4144 4145 3889
f 3890 4146 3891
f 4145 4146 3890
f 4146 4148 4147
f 3892 4146 4147
f 3891 4146 3892
f 4149 3893 3892
f 4149 3892 4147
f 4149 3895 3893
f 3897 4133 3880
f 4151 4150 3898
f 3898 4150 3897
f 4150 4134 3897
f 4134 4133 3897
f 4153 4152 4151
f 4151 4152 4150
f 4153 4154 4152
f 4156 4155 4138
f 4155 3899 4138
f 3900 4137 4138
f 3900 4138 3899
f 3901 4157 3900
f 3901 4155 4157
f 4155 3901 4158
f 4139 4158 3901
f 4158 4139 4156
f 4157 4156 4139
f 4139 4137 4157
f 4157 4137 3900
f 4155 4156 4157
f 4139 3901 3882
f 4159 4140 4141
f 4159 4141 3887
f 3903 4159 3887
f 4160 4159 3903
f 4162 4161 3905
f 4161 3903 3905
f 4161 4160 3903
f 4162 3907 4161
f 3907 3908 4161
f 4164 4163 4161
f 4164 4161 3908
f 3909 4164 3908
f 4148 4165 4147
f 4147 4165 4149
f 4149 4165 4166
f 4149 4166 3895
f 4166 3910 3895
f 4166 4167 3910
f 4167 4169 4168
f 3911 4167 4168
f 3910 4167 3911
f 4170 3912 3911
f 4170 3911 4168
f 4170 3914 3912
f 3915 4151 3898
f 4151 3915 3916
f 4151 3916 4153
f 3916 3918 4153
f 3918 4154 4153
f 3918 4171 4154
f 4173 4172 4155
f 4172 3899 4155
f 4172 3920 3899
f 4173 4155 4158
f 3922 4174 3921
f 3921 4174 4175
f 4176 3921 4175
f 3923 3921 4176
f 3923 4177 3924
f 4176 4177 3923
f 3905 3924 4162
f 3924 4178 4162
f 3924 4177 4178
f 4163 4164 4178
f 4164 3925 4178
f 3907 4162 4178
f 3907 4178 3925
f 3925 4164 3909
f 4169 4179 4168
f 4168 4179 4170
f 4170 4179 4180
f 4170 4180 3914
f 4180 3926 3914
f 4180 4181 3926
f 3927 3926 4181
f 3927 4181 4182
f 4184 4183 3929
f 4184 3929 3930
f 3929 4185 3932
f 4183 4185 3929
f 3932 4186 3934
f 4185 4186 3932
f 4188 4187 3935
f 3934 4188 3935
f 4186 4188 3934
f 3937 3938 4187
f 4188 3937 4187
f 4189 3937 4188
f 4191 4190 3939
f 3937 4191 3939
f 4189 4191 3937
f 3941 3942 4190
f 4191 3941 4190
f 4192 3941 4191
f 3943 3941 4192
f 3943 4192 4193
f 3944 4171 3918
f 3944 4194 4171
f 4172 3946 3920
f 4195 3946 4172
f 3948 4174 3922
f 3948 3950 4174
f 3950 4175 4174
f 3950 4196 4175
f 4197 3952 3953
f 4197 3953 4198
f 3953 4199 4198
f 3953 3954 4199
f 3954 3927 4182
f 3954 4182 4199
f 3958 4200 3957
f 3957 4200 4201
f 4202 3957 4201
f 3959 3957 4202
f 3930 3959 4184
f 4184 3959 4202
f 4187 3960 3935
f 3960 4187 3938
f 4190 3961 3939
f 3961 4190 3942
f 4193 4203 3943
f 3943 4203 3962
f 3944 3962 4194
f 4194 3962 4203
f 4195 3966 3946
f 4204 3966 4195
f 3968 4205 3969
f 4205 4206 3969
f 4206 3950 3969
f 4206 4196 3950
f 4209 4208 4207
f 4209 4197 4210
f 4197 4209 3952
f 4207 3952 4209
f 3952 4207 3970
f 4211 3970 4207
f 4197 4198 4210
f 3970 4211 3972
f 3973 4200 3958
f 3973 3974 4200
f 3974 4201 4200
f 3974 4212 4201
f 4204 4213 3966
f 3966 4213 3975
f 4213 4215 4214
f 3976 4213 4214
f 3975 4213 3976
f 4214 3978 3976
f 3979 4216 4205
f 3979 4205 3968
f 4206 4205 4217
f 4205 4218 4217
f 4205 4216 4218
f 4218 4219 4217
f 4208 4220 4207
f 4222 4221 4220
f 4221 4207 4220
f 4221 4211 4207
f 4221 3981 3972
f 4221 3972 4211
f 4223 4212 3974
f 4223 3974 3982
f 3982 3984 4223
f 4223 3984 4224
f 4215 4225 4214
f 4225 4227 4226
f 4225 4226 3985
f 4214 4225 3985
f 3978 4214 3985
f 4216 3979 3985
f 4226 4216 3985
f 4228 4216 4226
f 4216 4229 4218
f 4216 4228 4229
f 4219 4218 4230
f 4230 4218 4229
f 4222 4231 4221
f 3981 4221 4231
f 4232 3981 4231
f 3987 3981 4232
f 3989 4224 3984
f 3989 4233 4224
f 4227 4234 4226
f 4226 4234 4228
f 4228 4234 4235
f 4228 4235 4229
f 4229 4235 4236
f 4229 4236 4230
f 3990 3987 4237
f 3987 4238 4237
f 3987 4232 4238
f 4237 3992 3990
f 3994 4239 3993
f 4239 4240 3993
f 4240 3989 3993
f 4240 4233 3989
f 4237 4238 3997
f 4238 3996 3997
f 4238 4241 3996
f 4237 3997 3992
f 4243 4242 4239
f 3994 4243 4239
f 3998 4243 3994
f 4239 4242 4240
f 3999 3996 4244
f 3996 4245 4244
f 3996 4241 4245
f 4244 4001 3999
f 3998 4002 4246
f 4247 3998 4246
f 4243 3998 4247
f 4004 4246 4002
f 4245 4248 4244
f 4001 4244 4248
f 4249 4001 4248
f 4006 4001 4249
f 4250 4247 4246
f 4246 4004 4250
f 4004 4251 4250
f 4004 4007 4251
f 4008 4006 4252
f 4006 4253 4252
f 4006 4249 4253
f 4252 4009 4008
f 4256 4255 4254
f 4255 4251 4254
f 4251 4012 4254
f 4251 4007 4012
f 4253 4257 4252
f 4252 4257 4009
f 4257 4013 4009
f 4257 4258 4013
f 4013 4259 4014
f 4258 4259 4013
f 4254 4015 4256
f 4015 4259 4256
f 4015 4014 4259
f 4015 4254 4012
f 4260 4017 4018
f 4019 4260 4018
f 4261 4021 4022
f 4023 4262 4022
f 4022 4262 4261
f 4025 4262 4023
f 4263 4026 4027
f 4017 4260 4027
f 4260 4263 4027
f 4260 4264 4263
f 4264 4260 4019
f 4265 4264 4019
f 4028 4265 4019
f 4266 4264 4265
f 4268 4267 4030
f 4267 4028 4030
f 4267 4265 4028
f 4032 4033 4268
f 4033 4267 4268
f 4033 4269 4267
f 4271 4269 4270
f 4269 4034 4270
f 4269 4033 4034
f 4021 4261 4034
f 4261 4270 4034
f 4261 4272 4270
f 4037 4272 4038
f 4272 4262 4038
f 4272 4261 4262
f 4038 4262 4025
f 4263 4039 4026
f 4039 4263 4042
f 4042 4263 4264
f 4274 4273 4043
f 4274 4043 4042
f 4266 4274 4042
f 4264 4266 4042
f 4276 4275 4274
f 4275 4268 4274
f 4030 4274 4268
f 4274 4030 4273
f 4044 4273 4030
f 4273 4044 4275
f 4275 4277 4273
f 4276 4277 4275
f 4275 4044 4268
f 4279 4278 4276
f 4279 4268 4278
f 4268 4279 4032
f 4280 4032 4279
f 4032 4280 4044
f 4278 4044 4280
f 4280 4277 4278
f 4278 4277 4276
f 4268 4044 4278
f 4280 4279 4271
f 4270 4280 4271
f 4281 4280 4270
f 4047 4281 4048
f 4281 4272 4048
f 4281 4270 4272
f 4048 4272 4037
f 4284 4283 4282
f 4050 4051 4282
f 4051 4284 4282
f 4051 4285 4284
f 4286 4051 4052
f 4286 4285 4051
f 4052 4053 4286
f 4286 4053 4287
f 4273 4055 4043
f 4055 4273 4058
f 4058 4273 4277
f 4058 4277 4060
f 4060 4277 4280
f 4060 4280 4062
f 4062 4280 4281
f 4062 4281 4047
f 4282 4283 4288
f 4288 4283 4289
f 4288 4065 4050
f 4288 4050 4282
f 4067 4291 4290
f 4287 4067 4290
f 4053 4067 4287
f 4291 4292 4290
f 4288 4289 4293
f 4293 4289 4294
f 4293 4069 4065
f 4293 4065 4288
f 4291 4067 4072
f 4297 4296 4295
f 4296 4297 4074
f 4297 4292 4074
f 4291 4072 4074
f 4291 4074 4292
f 4294 4298 4293
f 4293 4298 4069
f 4298 4075 4069
f 4298 4299 4075
f 4075 4300 4076
f 4299 4300 4075
f 4296 4077 4295
f 4077 4300 4295
f 4077 4076 4300
f 4077 4296 4074
f 4302 4301 4084
f 4084 4301 4083
f 4304 4303 4085
f 4303 4084 4085
f 4303 4302 4084
f 4306 4305 4304
f 4304 4305 4303
f 4308 4307 4306
f 4306 4307 4305
f 4308 4309 4307
f 4310 4087 4088
f 4089 4311 4088
f 4088 4311 4310
f 4090 4312 4089
f 4089 4312 4311
f 4091 4313 4090
f 4090 4313 4312
f 4092 4314 4091
f 4091 4314 4313
f 4093 4315 4092
f 4092 4315 4314
f 4094 4316 4093
f 4093 4316 4315
f 4095 4317 4094
f 4094 4317 4316
f 4096 4318 4095
f 4095 4318 4317
f 4097 4319 4096
f 4096 4319 4318
f 4099 4319 4097
f 4322 4321 4320
f 4102 4103 4320
f 4103 4322 4320
f 4103 4323 4322
f 4103 4083 4301
f 4103 4301 4323
f 4105 4304 4085
f 4304 4105 4107
f 4304 4107 4306
f 4306 4107 4109
f 4306 4109 4308
f 4324 4309 4308
f 4109 4324 4308
f 4111 4324 4109
f 4325 4111 4113
f 4325 4324 4111
f 4326 4113 4114
f 4326 4325 4113
f 4114 4087 4310
f 4327 4114 4310
f 4326 4114 4327
f 4327 4310 4311
f 4327 4311 4328
f 4328 4311 4312
f 4328 4312 4329
f 4329 4312 4313
f 4329 4313 4330
f 4330 4313 4314
f 4330 4314 4331
f 4331 4314 4315
f 4331 4315 4332
f 4332 4315 4316
f 4332 4316 4333
f 4333 4316 4317
f 4333 4317 4334
f 4334 4317 4318
f 4334 4318 4335
f 4335 4318 4319
f 4335 4319 4336
f 4336 4319 4099
f 4115 4336 4099
f 4337 4336 4115
f 4338 4115 4116
f 4338 4337 4115
f 4339 4116 4117
f 4339 4338 4116
f 4341 4339 4340
f 4339 4118 4340
f 4339 4117 4118
f 4120 4340 4118
f 4320 4321 4342
f 4342 4321 4343
f 4342 4122 4102
f 4342 4102 4320
f 4344 4341 4340
f 4344 4340 4120
f 4128 4344 4120
f 4345 4344 4128
f 4346 4128 4129
f 4346 4345 4128
f 4347 4129 4130
f 4347 4346 4129
f 4348 4130 4131
f 4348 4347 4130
f 4349 4131 4132
f 4349 4348 4131
f 4132 4134 4349
f 4349 4134 4350
f 4343 4351 4342
f 4342 4351 4122
f 4351 4135 4122
f 4351 4352 4135
f 4352 4354 4353
f 4136 4352 4353
f 4135 4352 4136
f 4353 4138 4136
f 4140 4355 4142
f 4356 4143 4142
f 4356 4142 4355
f 4357 4144 4143
f 4357 4143 4356
f 4358 4145 4144
f 4358 4144 4357
f 4359 4146 4145
f 4359 4145 4358
f 4359 4148 4146
f 4360 4350 4134
f 4360 4134 4150
f 4361 4150 4152
f 4361 4360 4150
f 4152 4154 4361
f 4361 4154 4362
f 4354 4363 4353
f 4363 4365 4364
f 4363 4364 4156
f 4353 4363 4156
f 4138 4353 4156
f 4364 4158 4156
f 4159 4355 4140
f 4355 4159 4160
f 4355 4160 4356
f 4356 4160 4161
f 4356 4161 4357
f 4358 4357 4366
f 4357 4163 4366
f 4163 4367 4366
f 4163 4357 4161
f 4358 4366 4359
f 4359 4366 4368
f 4359 4368 4148
f 4368 4165 4148
f 4368 4369 4165
f 4369 4371 4370
f 4166 4369 4370
f 4165 4369 4166
f 4372 4167 4166
f 4372 4166 4370
f 4372 4169 4167
f 4375 4374 4373
f 4374 4362 4373
f 4362 4171 4373
f 4362 4154 4171
f 4377 4376 4365
f 4376 4172 4365
f 4173 4364 4365
f 4173 4365 4172
f 4173 4158 4364
f 4376 4377 4378
f 4175 4379 4176
f 4380 4177 4176
f 4380 4176 4379
f 4381 4178 4177
f 4381 4177 4380
f 4381 4382 4178
f 4382 4163 4178
f 4382 4367 4163
f 4371 4383 4370
f 4370 4383 4372
f 4372 4383 4384
f 4372 4384 4169
f 4384 4179 4169
f 4384 4385 4179
f 4385 4387 4386
f 4180 4385 4386
f 4179 4385 4180
f 4388 4181 4180
f 4388 4180 4386
f 4388 4182 4181
f 4390 4389 4183
f 4390 4183 4184
f 4183 4391 4185
f 4389 4391 4183
f 4185 4392 4186
f 4391 4392 4185
f 4186 4393 4188
f 4392 4393 4186
f 4188 4394 4189
f 4393 4394 4188
f 4189 4395 4191
f 4394 4395 4189
f 4191 4396 4192
f 4395 4396 4191
f 4373 4397 4193
f 4396 4373 4193
f 4192 4396 4193
f 4375 4373 4396
f 4194 4397 4171
f 4171 4397 4373
f 4398 4195 4376
f 4376 4195 4172
f 4376 4378 4399
f 4376 4399 4398
f 4196 4400 4379
f 4196 4379 4175
f 4379 4401 4380
f 4379 4400 4401
f 4380 4402 4381
f 4380 4401 4402
f 4382 4381 4403
f 4381 4404 4403
f 4381 4402 4404
f 4406 4405 4404
f 4404 4405 4403
f 4408 4407 4406
f 4406 4407 4405
f 4408 4409 4407
f 4387 4410 4386
f 4411 4198 4199
f 4386 4411 4199
f 4388 4386 4199
f 4410 4411 4386
f 4388 4199 4182
f 4413 4412 4202
f 4413 4202 4201
f 4184 4202 4390
f 4390 4202 4412
f 4397 4203 4193
f 4203 4397 4194
f 4414 4204 4398
f 4398 4204 4195
f 4398 4399 4415
f 4398 4415 4414
f 4206 4416 4400
f 4206 4400 4196
f 4400 4417 4401
f 4400 4416 4417
f 4401 4418 4402
f 4401 4417 4418
f 4402 4419 4404
f 4402 4418 4419
f 4404 4420 4406
f 4404 4419 4420
f 4406 4421 4408
f 4406 4420 4421
f 4409 4408 4422
f 4422 4408 4421
f 4425 4424 4423
f 4208 4209 4423
f 4209 4425 4423
f 4209 4426 4425
f 4427 4209 4210
f 4427 4426 4209
f 4210 4198 4411
f 4210 4411 4427
f 4212 4413 4201
f 4212 4428 4413
f 4414 4213 4204
f 4430 4429 4215
f 4430 4215 4213
f 4415 4430 4213
f 4414 4415 4213
f 4431 4429 4430
f 4217 4416 4206
f 4416 4217 4219
f 4432 4416 4219
f 4417 4416 4432
f 4417 4433 4418
f 4417 4432 4433
f 4418 4434 4419
f 4418 4433 4434
f 4436 4420 4435
f 4420 4434 4435
f 4420 4419 4434
f 4420 4436 4421
f 4421 4436 4437
f 4421 4437 4422
f 4424 4438 4423
f 4438 4440 4439
f 4438 4439 4220
f 4423 4438 4220
f 4208 4423 4220
f 4439 4222 4220
f 4212 4223 4441
f 4442 4212 4441
f 4428 4212 4442
f 4224 4441 4223
f 4429 4225 4215
f 4227 4225 4429
f 4431 4227 4429
f 4443 4227 4431
f 4445 4444 4432
f 4219 4445 4432
f 4230 4445 4219
f 4447 4446 4444
f 4446 4432 4444
f 4446 4433 4432
f 4449 4434 4448
f 4434 4446 4448
f 4434 4433 4446
f 4434 4449 4435
f 4439 4440 4450
f 4450 4440 4451
f 4452 4231 4222
f 4439 4452 4222
f 4450 4452 4439
f 4452 4232 4231
f 4442 4441 4453
f 4442 4453 4454
f 4233 4453 4224
f 4224 4453 4441
f 4443 4455 4227
f 4227 4455 4234
f 4234 4456 4235
f 4455 4456 4234
f 4456 4458 4457
f 4236 4456 4457
f 4235 4456 4236
f 4445 4230 4459
f 4230 4457 4459
f 4457 4460 4459
f 4230 4236 4457
f 4459 4460 4447
f 4460 4446 4447
f 4460 4461 4446
f 4448 4446 4462
f 4462 4446 4461
f 4450 4451 4463
f 4463 4451 4464
f 4450 4465 4452
f 4450 4463 4465
f 4465 4238 4232
f 4465 4232 4452
f 4468 4467 4466
f 4466 4467 4454
f 4453 4466 4454
f 4469 4466 4453
f 4240 4469 4233
f 4233 4469 4453
f 4458 4470 4457
f 4472 4471 4470
f 4471 4457 4470
f 4471 4460 4457
f 4474 4461 4473
f 4461 4471 4473
f 4461 4460 4471
f 4461 4474 4462
f 4463 4464 4475
f 4475 4464 4476
f 4463 4477 4465
f 4463 4475 4477
f 4477 4241 4238
f 4477 4238 4465
f 4468 4466 4478
f 4468 4478 4479
f 4243 4478 4242
f 4478 4469 4242
f 4478 4466 4469
f 4242 4469 4240
f 4472 4480 4471
f 4480 4481 4471
f 4481 4482 4471
f 4483 4473 4471
f 4483 4471 4482
f 4485 4484 4482
f 4482 4484 4483
f 4485 4486 4484
f 4475 4476 4487
f 4487 4476 4488
f 4475 4489 4477
f 4475 4487 4489
f 4489 4245 4241
f 4489 4241 4477
f 4479 4478 4490
f 4479 4490 4491
f 4247 4490 4243
f 4243 4490 4478
f 4481 4492 4482
f 4494 4493 4492
f 4493 4482 4492
f 4493 4485 4482
f 4486 4485 4495
f 4495 4485 4493
f 4488 4496 4487
f 4498 4497 4496
f 4497 4487 4496
f 4497 4489 4487
f 4499 4248 4245
f 4489 4499 4245
f 4497 4499 4489
f 4499 4249 4248
f 4500 4491 4490
f 4502 4500 4501
f 4501 4500 4250
f 4500 4490 4250
f 4490 4247 4250
f 4251 4501 4250
f 4494 4503 4493
f 4493 4503 4495
f 4498 4504 4497
f 4506 4505 4504
f 4505 4497 4504
f 4505 4499 4497
f 4505 4253 4249
f 4505 4249 4499
f 4509 4508 4507
f 4507 4508 4502
f 4507 4502 4501
f 4256 4507 4501
f 4255 4256 4501
f 4255 4501 4251
f 4506 4510 4505
f 4505 4510 4253
f 4510 4257 4253
f 4510 4511 4257
f 4257 4512 4258
f 4511 4512 4257
f 4507 4259 4509
f 4259 4512 4509
f 4259 4258 4512
f 4259 4507 4256
f 4513 4266 4265
f 4267 4514 4265
f 4265 4514 4513
f 4269 4515 4267
f 4267 4515 4514
f 4271 4515 4269
f 4513 4274 4266
f 4274 4513 4276
f 4276 4513 4514
f 4276 4514 4279
f 4279 4514 4515
f 4279 4515 4271
f 4518 4517 4516
f 4283 4284 4516
f 4284 4518 4516
f 4284 4519 4518
f 4520 4284 4285
f 4520 4519 4284
f 4522 4520 4521
f 4520 4286 4521
f 4520 4285 4286
f 4287 4521 4286
f 4525 4524 4523
f 4525 4523 4517
f 4523 4516 4517
f 4523 4526 4516
f 4526 4289 4283
f 4526 4283 4516
f 4527 4522 4521
f 4529 4527 4528
f 4528 4527 4290
f 4527 4521 4290
f 4521 4287 4290
f 4292 4528 4290
f 4523 4524 4530
f 4530 4524 4531
f 4533 4526 4532
f 4526 4530 4532
f 4526 4523 4530
f 4294 4289 4526
f 4534 4294 4526
f 4533 4534 4526
f 4294 4534 4535
f 4537 4536 4535
f 4537 4535 4534
f 4539 4538 4536
f 4539 4536 4537
f 4538 4539 4529
f 4538 4529 4528
f 4295 4538 4528
f 4297 4295 4528
f 4297 4528 4292
f 4531 4540 4530
f 4530 4540 4532
f 4535 4298 4294
f 4298 4535 4299
f 4299 4535 4536
f 4299 4536 4300
f 4300 4536 4538
f 4300 4538 4295
f 4541 4301 4302
f 4303 4542 4302
f 4302 4542 4541
f 4542 4303 4543
f 4303 4544 4543
f 4303 4305 4544
f 4545 4305 4307
f 4545 4544 4305
f 4547 4546 4309
f 4546 4307 4309
f 4546 4545 4307
f 4547 4548 4546
f 4549 4321 4322
f 4549 4322 4550
f 4322 4551 4550
f 4322 4323 4551
f 4323 4301 4541
f 4552 4323 4541
f 4551 4323 4552
f 4552 4541 4542
f 4552 4542 4553
f 4553 4542 4543
f 4324 4547 4309
f 4554 4548 4547
f 4324 4554 4547
f 4325 4554 4324
f 4555 4325 4326
f 4555 4554 4325
f 4556 4326 4327
f 4556 4555 4326
f 4557 4327 4328
f 4557 4556 4327
f 4558 4328 4329
f 4558 4557 4328
f 4559 4329 4330
f 4559 4558 4329
f 4560 4330 4331
f 4560 4559 4330
f 4561 4331 4332
f 4561 4560 4331
f 4562 4332 4333
f 4562 4561 4332
f 4563 4333 4334
f 4563 4562 4333
f 4564 4334 4335
f 4564 4563 4334
f 4565 4335 4336
f 4565 4564 4335
f 4566 4336 4337
f 4566 4565 4336
f 4568 4566 4567
f 4566 4338 4567
f 4566 4337 4338
f 4339 4569 4338
f 4338 4569 4567
f 4341 4569 4339
f 4570 4343 4549
f 4549 4343 4321
f 4549 4550 4571
f 4549 4571 4570
f 4572 4568 4567
f 4572 4567 4569
f 4572 4569 4573
f 4573 4569 4341
f 4344 4573 4341
f 4574 4573 4344
f 4575 4344 4345
f 4575 4574 4344
f 4576 4345 4346
f 4576 4575 4345
f 4577 4346 4347
f 4577 4576 4346
f 4578 4347 4348
f 4578 4577 4347
f 4580 4578 4579
f 4578 4349 4579
f 4578 4348 4349
f 4350 4579 4349
f 4570 4351 4343
f 4571 4581 4570
f 4581 4351 4570
f 4581 4352 4351
f 4354 4352 4581
f 4354 4581 4582
f 4580 4579 4583
f 4580 4583 4584
f 4360 4585 4350
f 4585 4579 4350
f 4585 4583 4579
f 4361 4586 4360
f 4360 4586 4585
f 4362 4586 4361
f 4582 4587 4354
f 4354 4587 4363
f 4365 4363 4587
f 4365 4587 4588
f 4367 4589 4366
f 4590 4368 4366
f 4590 4366 4589
f 4591 4369 4368
f 4591 4368 4590
f 4591 4371 4369
f 4594 4593 4592
f 4596 4595 4592
f 4596 4592 4593
f 4598 4597 4595
f 4598 4595 4596
f 4600 4599 4597
f 4600 4597 4598
f 4602 4601 4599
f 4602 4599 4600
f 4604 4603 4601
f 4604 4601 4602
f 4603 4604 4584
f 4583 4603 4584
f 4605 4603 4583
f 4606 4583 4585
f 4605 4583 4606
f 4375 4606 4374
f 4606 4586 4374
f 4606 4585 4586
f 4374 4586 4362
f 4588 4607 4365
f 4365 4607 4377
f 4609 4608 4378
f 4377 4609 4378
f 4607 4609 4377
f 4610 4608 4609
f 4612 4611 4589
f 4367 4612 4589
f 4382 4612 4367
f 4589 4611 4590
f 4590 4611 4613
f 4615 4614 4613
f 4614 4590 4613
f 4614 4591 4590
f 4616 4383 4371
f 4591 4616 4371
f 4614 4616 4591
f 4617 4384 4383
f 4617 4383 4616
f 4618 4385 4384
f 4618 4384 4617
f 4618 4387 4385
f 4621 4620 4619
f 4619 4620 4594
f 4592 4619 4594
f 4622 4619 4592
f 4390 4622 4389
f 4622 4595 4389
f 4622 4592 4595
f 4389 4595 4391
f 4391 4595 4597
f 4391 4597 4392
f 4392 4597 4599
f 4392 4599 4393
f 4393 4599 4601
f 4393 4601 4394
f 4394 4601 4603
f 4394 4603 4395
f 4395 4603 4605
f 4395 4605 4396
f 4396 4605 4606
f 4396 4606 4375
f 4623 4399 4608
f 4608 4399 4378
f 4608 4610 4624
f 4608 4624 4623
f 4627 4626 4625
f 4629 4628 4625
f 4629 4625 4626
f 4630 4628 4403
f 4628 4612 4403
f 4612 4382 4403
f 4612 4628 4629
f 4405 4631 4403
f 4403 4631 4630
f 4615 4632 4614
f 4632 4405 4614
f 4405 4407 4614
f 4405 4632 4631
f 4614 4407 4409
f 4633 4614 4409
f 4616 4614 4633
f 4616 4634 4617
f 4616 4633 4634
f 4617 4635 4618
f 4617 4634 4635
f 4636 4410 4387
f 4618 4636 4387
f 4635 4636 4618
f 4636 4411 4410
f 4621 4619 4637
f 4621 4637 4638
f 4413 4637 4412
f 4637 4622 4412
f 4637 4619 4622
f 4412 4622 4390
f 4639 4415 4623
f 4623 4415 4399
f 4623 4624 4640
f 4623 4640 4639
f 4627 4625 4641
f 4627 4641 4642
f 4643 4625 4628
f 4641 4625 4643
f 4630 4645 4644
f 4643 4630 4644
f 4628 4630 4643
f 4645 4630 4631
f 4645 4631 4646
f 4646 4631 4632
f 4422 4647 4633
f 4422 4633 4409
f 4647 4424 4425
f 4634 4647 4425
f 4633 4647 4634
f 4634 4425 4426
f 4634 4426 4635
f 4635 4426 4427
f 4635 4427 4636
f 4636 4427 4411
f 4638 4637 4648
f 4638 4648 4649
f 4428 4648 4413
f 4413 4648 4637
f 4639 4430 4415
f 4651 4650 4431
f 4651 4431 4430
f 4640 4651 4430
f 4639 4640 4430
f 4652 4650 4651
f 4653 4642 4641
f 4653 4641 4643
f 4653 4643 4654
f 4654 4643 4644
f 4435 4655 4436
f 4656 4437 4436
f 4656 4436 4655
f 4647 4422 4437
f 4656 4647 4437
f 4657 4647 4656
f 4658 4438 4424
f 4647 4658 4424
f 4657 4658 4647
f 4658 4440 4438
f 4659 4649 4648
f 4648 4428 4659
f 4428 4660 4659
f 4428 4442 4660
f 4661 4443 4650
f 4650 4443 4431
f 4650 4652 4662
f 4663 4650 4662
f 4661 4650 4663
f 4664 4663 4662
f 4445 4665 4444
f 4665 4447 4444
f 4448 4666 4449
f 4655 4435 4449
f 4666 4655 4449
f 4667 4655 4666
f 4655 4668 4656
f 4655 4667 4668
f 4656 4669 4657
f 4656 4668 4669
f 4671 4658 4670
f 4658 4669 4670
f 4658 4657 4669
f 4451 4440 4658
f 4672 4451 4658
f 4671 4672 4658
f 4451 4672 4673
f 4675 4674 4673
f 4675 4673 4672
f 4677 4676 4674
f 4677 4674 4675
f 4678 4676 4677
f 4454 4660 4442
f 4454 4679 4660
f 4661 4455 4443
f 4455 4661 4456
f 4456 4661 4663
f 4681 4680 4458
f 4681 4458 4456
f 4664 4681 4456
f 4663 4664 4456
f 4445 4459 4665
f 4680 4681 4682
f 4665 4459 4447
f 4462 4683 4666
f 4462 4666 4448
f 4666 4684 4667
f 4666 4683 4684
f 4667 4685 4668
f 4667 4684 4685
f 4668 4686 4669
f 4668 4685 4686
f 4670 4669 4687
f 4687 4669 4686
f 4688 4464 4673
f 4673 4464 4451
f 4674 4690 4689
f 4688 4674 4689
f 4673 4674 4688
f 4692 4691 4690
f 4674 4692 4690
f 4676 4692 4674
f 4676 4678 4693
f 4694 4676 4693
f 4692 4676 4694
f 4696 4695 4694
f 4696 4694 4693
f 4467 4468 4695
f 4696 4467 4695
f 4697 4467 4696
f 4454 4467 4679
f 4679 4467 4697
f 4680 4470 4458
f 4699 4698 4472
f 4699 4472 4470
f 4682 4699 4470
f 4680 4682 4470
f 4700 4474 4473
f 4701 4698 4699
f 4683 4462 4474
f 4700 4683 4474
f 4702 4683 4700
f 4683 4703 4684
f 4683 4702 4703
f 4684 4704 4685
f 4684 4703 4704
f 4685 4705 4686
f 4685 4704 4705
f 4687 4686 4706
f 4686 4707 4706
f 4686 4705 4707
f 4708 4706 4688
f 4706 4476 4688
f 4476 4464 4688
f 4706 4707 4476
f 4708 4688 4689
f 4691 4692 4709
f 4691 4709 4710
f 4711 4692 4694
f 4709 4692 4711
f 4712 4694 4695
f 4711 4694 4712
f 4479 4712 4468
f 4468 4712 4695
f 4698 4480 4472
f 4698 4701 4700
f 4713 4700 4701
f 4700 4713 4714
f 4700 4714 4483
f 4481 4483 4714
f 4483 4481 4473
f 4480 4473 4481
f 4473 4480 4698
f 4473 4698 4700
f 4484 4715 4483
f 4484 4714 4715
f 4714 4484 4716
f 4702 4716 4484
f 4716 4702 4713
f 4715 4713 4702
f 4702 4700 4715
f 4715 4700 4483
f 4714 4713 4715
f 4702 4484 4486
f 4717 4702 4486
f 4703 4702 4717
f 4703 4718 4704
f 4703 4717 4718
f 4704 4719 4705
f 4704 4718 4719
f 4705 4720 4707
f 4705 4719 4720
f 4720 4488 4476
f 4720 4476 4707
f 4721 4710 4709
f 4721 4709 4711
f 4721 4711 4722
f 4724 4723 4722
f 4711 4724 4722
f 4712 4724 4711
f 4491 4724 4479
f 4479 4724 4712
f 4714 4492 4481
f 4726 4725 4494
f 4726 4494 4492
f 4716 4726 4492
f 4714 4716 4492
f 4495 4727 4486
f 4727 4725 4486
f 4726 4486 4725
f 4486 4726 4717
f 4728 4717 4726
f 4717 4728 4727
f 4727 4729 4717
f 4495 4729 4727
f 4727 4728 4725
f 4717 4730 4718
f 4717 4729 4730
f 4718 4731 4719
f 4718 4730 4731
f 4719 4732 4720
f 4719 4731 4732
f 4733 4496 4488
f 4720 4733 4488
f 4732 4733 4720
f 4733 4498 4496
f 4723 4724 4734
f 4723 4734 4735
f 4500 4736 4491
f 4736 4724 4491
f 4736 4734 4724
f 4502 4736 4500
f 4738 4503 4737
f 4503 4494 4737
f 4737 4494 4725
f 4739 4737 4725
f 4725 4503 4738
f 4503 4725 4495
f 4729 4495 4725
f 4728 4729 4725
f 4729 4728 4740
f 4739 4740 4728
f 4740 4739 4741
f 4738 4741 4739
f 4725 4738 4739
f 4743 4742 4740
f 4742 4729 4740
f 4742 4730 4729
f 4730 4744 4731
f 4730 4742 4744
f 4746 4732 4745
f 4732 4744 4745
f 4732 4731 4744
f 4732 4746 4733
f 4733 4746 4747
f 4733 4747 4498
f 4747 4504 4498
f 4747 4748 4504
f 4506 4504 4748
f 4506 4748 4749
f 4752 4751 4750
f 4750 4751 4735
f 4734 4750 4735
f 4753 4750 4734
f 4509 4753 4508
f 4753 4736 4508
f 4753 4734 4736
f 4508 4736 4502
f 4737 4754 4738
f 4754 4755 4738
f 4755 4756 4738
f 4757 4741 4738
f 4757 4738 4756
f 4759 4758 4756
f 4758 4742 4756
f 4743 4757 4756
f 4743 4756 4742
f 4742 4758 4744
f 4744 4758 4760
f 4744 4760 4745
f 4749 4761 4506
f 4506 4761 4510
f 4750 4511 4752
f 4511 4761 4752
f 4511 4510 4761
f 4511 4750 4512
f 4512 4750 4753
f 4512 4753 4509
f 4755 4762 4756
f 4762 4763 4756
f 4763 4764 4756
f 4765 4759 4756
f 4765 4756 4764
f 4764 4766 4765
f 4763 4767 4764
f 4764 4767 4766
f 4770 4769 4768
f 4772 4771 4768
f 4768 4771 4770
f 4774 4773 4772
f 4772 4773 4771
f 4776 4775 4774
f 4774 4775 4773
f 4776 4777 4775
f 4768 4769 4778
f 4778 4769 4779
f 4768 4780 4772
f 4768 4778 4780
f 4772 4781 4774
f 4772 4780 4781
f 4781 4517 4518
f 4776 4781 4518
f 4774 4781 4776
f 4782 4777 4776
f 4518 4782 4776
f 4519 4782 4518
f 4783 4519 4520
f 4783 4782 4519
f 4520 4522 4783
f 4783 4522 4784
f 4779 4785 4778
f 4787 4786 4785
f 4786 4778 4785
f 4786 4780 4778
f 4786 4524 4525
f 4781 4786 4525
f 4780 4786 4781
f 4781 4525 4517
f 4790 4789 4788
f 4791 4788 4527
f 4788 4784 4527
f 4784 4522 4527
f 4784 4788 4789
f 4529 4791 4527
f 4787 4792 4786
f 4531 4524 4786
f 4793 4531 4786
f 4792 4793 4786
f 4531 4793 4794
f 4533 4532 4794
f 4793 4533 4794
f 4795 4533 4793
f 4533 4796 4534
f 4795 4796 4533
f 4788 4537 4790
f 4537 4796 4790
f 4537 4534 4796
f 4537 4788 4539
f 4539 4788 4791
f 4539 4791 4529
f 4794 4540 4531
f 4540 4794 4532
f 4797 4543 4544
f 4545 4798 4544
f 4544 4798 4797
f 4546 4799 4545
f 4545 4799 4798
f 4548 4799 4546
f 4800 4550 4551
f 4552 4801 4551
f 4551 4801 4800
f 4553 4802 4552
f 4552 4802 4801
f 4543 4797 4553
f 4797 4802 4553
f 4797 4803 4802
f 4798 4805 4804
f 4803 4798 4804
f 4797 4798 4803
f 4805 4798 4799
f 4805 4799 4806
f 4806 4799 4548
f 4554 4806 4548
f 4807 4806 4554
f 4808 4554 4555
f 4808 4807 4554
f 4809 4555 4556
f 4809 4808 4555
f 4810 4556 4557
f 4810 4809 4556
f 4811 4557 4558
f 4811 4810 4557
f 4813 4811 4812
f 4811 4559 4812
f 4811 4558 4559
f 4560 4814 4559
f 4559 4814 4812
f 4561 4815 4560
f 4560 4815 4814
f 4562 4816 4561
f 4561 4816 4815
f 4563 4817 4562
f 4562 4817 4816
f 4564 4818 4563
f 4563 4818 4817
f 4565 4819 4564
f 4564 4819 4818
f 4566 4820 4565
f 4565 4820 4819
f 4568 4820 4566
f 4821 4571 4800
f 4800 4571 4550
f 4822 4800 4801
f 4821 4800 4822
f 4823 4801 4802
f 4822 4801 4823
f 4803 4825 4824
f 4823 4803 4824
f 4802 4803 4823
f 4825 4803 4804
f 4826 4813 4812
f 4826 4812 4814
f 4826 4814 4827
f 4827 4814 4815
f 4827 4815 4828
f 4828 4815 4816
f 4828 4816 4829
f 4829 4816 4817
f 4829 4817 4830
f 4830 4817 4818
f 4830 4818 4831
f 4831 4818 4819
f 4831 4819 4832
f 4832 4819 4820
f 4832 4820 4833
f 4835 4833 4834
f 4834 4833 4572
f 4833 4820 4572
f 4820 4568 4572
f 4573 4836 4572
f 4572 4836 4834
f 4574 4837 4573
f 4573 4837 4836
f 4575 4838 4574
f 4574 4838 4837
f 4576 4839 4575
f 4575 4839 4838
f 4577 4840 4576
f 4576 4840 4839
f 4578 4841 4577
f 4577 4841 4840
f 4580 4841 4578
f 4821 4581 4571
f 4581 4821 4582
f 4821 4842 4582
f 4821 4822 4842
f 4843 4822 4823
f 4842 4822 4843
f 4823 4824 4844
f 4823 4844 4843
f 4847 4846 4845
f 4845 4846 4835
f 4834 4845 4835
f 4848 4845 4834
f 4849 4834 4836
f 4848 4834 4849
f 4850 4836 4837
f 4849 4836 4850
f 4851 4837 4838
f 4850 4837 4851
f 4852 4838 4839
f 4851 4838 4852
f 4853 4839 4840
f 4852 4839 4853
f 4854 4840 4841
f 4853 4840 4854
f 4584 4854 4580
f 4580 4854 4841
f 4842 4587 4582
f 4587 4842 4588
f 4842 4855 4588
f 4842 4843 4855
f 4843 4844 4856
f 4857 4843 4856
f 4855 4843 4857
f 4858 4857 4856
f 4861 4860 4859
f 4859 4860 4847
f 4845 4859 4847
f 4862 4859 4845
f 4863 4845 4848
f 4862 4845 4863
f 4594 4863 4593
f 4863 4849 4593
f 4863 4848 4849
f 4593 4849 4596
f 4596 4849 4850
f 4596 4850 4598
f 4598 4850 4851
f 4598 4851 4600
f 4600 4851 4852
f 4600 4852 4602
f 4602 4852 4853
f 4602 4853 4604
f 4604 4853 4854
f 4604 4854 4584
f 4855 4607 4588
f 4607 4855 4609
f 4609 4855 4857
f 4610 4609 4857
f 4858 4610 4857
f 4864 4610 4858
f 4612 4865 4611
f 4866 4613 4611
f 4866 4611 4865
f 4866 4615 4613
f 4861 4859 4867
f 4861 4867 4868
f 4869 4859 4862
f 4867 4859 4869
f 4621 4869 4620
f 4869 4863 4620
f 4869 4862 4863
f 4620 4863 4594
f 4871 4624 4870
f 4624 4864 4870
f 4624 4610 4864
f 4872 4871 4870
f 4627 4873 4626
f 4874 4629 4626
f 4874 4626 4873
f 4865 4612 4629
f 4874 4865 4629
f 4875 4865 4874
f 4865 4876 4866
f 4865 4875 4876
f 4876 4632 4615
f 4876 4615 4866
f 4868 4867 4877
f 4868 4877 4878
f 4879 4867 4869
f 4877 4867 4879
f 4638 4879 4621
f 4621 4879 4869
f 4880 4640 4871
f 4871 4640 4624
f 4871 4872 4881
f 4882 4871 4881
f 4880 4871 4882
f 4883 4882 4881
f 4885 4884 4873
f 4627 4885 4873
f 4642 4885 4627
f 4873 4884 4874
f 4874 4884 4886
f 4887 4644 4645
f 4874 4887 4645
f 4875 4874 4645
f 4886 4887 4874
f 4875 4645 4646
f 4875 4646 4876
f 4876 4646 4632
f 4888 4878 4877
f 4890 4889 4888
f 4877 4890 4888
f 4879 4890 4877
f 4649 4890 4638
f 4638 4890 4879
f 4880 4651 4640
f 4651 4880 4652
f 4880 4891 4652
f 4880 4882 4891
f 4882 4883 4892
f 4893 4882 4892
f 4891 4882 4893
f 4895 4894 4653
f 4894 4896 4653
f 4893 4653 4896
f 4653 4893 4642
f 4892 4642 4893
f 4642 4892 4894
f 4894 4885 4642
f 4895 4885 4894
f 4894 4892 4896
f 4897 4653 4654
f 4897 4895 4653
f 4654 4644 4887
f 4654 4887 4897
f 4889 4890 4898
f 4889 4898 4899
f 4659 4900 4649
f 4900 4890 4649
f 4900 4898 4890
f 4660 4900 4659
f 4891 4662 4652
f 4662 4891 4664
f 4891 4901 4664
f 4891 4893 4901
f 4893 4896 4902
f 4903 4893 4902
f 4901 4893 4903
f 4905 4904 4903
f 4905 4903 4902
f 4906 4904 4905
f 4908 4907 4671
f 4908 4671 4670
f 4907 4910 4909
f 4672 4907 4909
f 4671 4907 4672
f 4911 4675 4672
f 4911 4672 4909
f 4912 4677 4675
f 4912 4675 4911
f 4912 4678 4677
f 4899 4898 4913
f 4899 4913 4914
f 4915 4898 4900
f 4913 4898 4915
f 4679 4915 4660
f 4660 4915 4900
f 4901 4681 4664
f 4681 4901 4682
f 4901 4916 4682
f 4901 4903 4916
f 4917 4903 4904
f 4916 4903 4917
f 4904 4906 4918
f 4904 4918 4917
f 4687 4908 4670
f 4687 4919 4908
f 4910 4920 4909
f 4922 4921 4920
f 4689 4920 4921
f 4920 4689 4909
f 4690 4909 4689
f 4909 4690 4911
f 4923 4921 4922
f 4921 4923 4691
f 4912 4691 4923
f 4691 4912 4690
f 4911 4690 4912
f 4912 4923 4678
f 4923 4693 4678
f 4923 4924 4693
f 4913 4696 4914
f 4696 4924 4914
f 4696 4693 4924
f 4696 4913 4697
f 4697 4913 4915
f 4697 4915 4679
f 4916 4699 4682
f 4699 4916 4701
f 4916 4925 4701
f 4916 4917 4925
f 4917 4918 4926
f 4927 4917 4926
f 4925 4917 4927
f 4929 4928 4927
f 4929 4927 4926
f 4931 4930 4928
f 4931 4928 4929
f 4933 4932 4930
f 4933 4930 4931
f 4934 4932 4706
f 4932 4919 4706
f 4919 4687 4706
f 4919 4932 4933
f 4708 4935 4706
f 4706 4935 4934
f 4689 4921 4708
f 4921 4935 4708
f 4921 4936 4935
f 4710 4936 4691
f 4691 4936 4921
f 4925 4713 4701
f 4713 4925 4716
f 4925 4937 4716
f 4925 4927 4937
f 4938 4927 4928
f 4937 4927 4938
f 4939 4928 4930
f 4938 4928 4939
f 4940 4930 4932
f 4939 4930 4940
f 4941 4932 4934
f 4940 4932 4941
f 4942 4934 4935
f 4941 4934 4942
f 4943 4935 4936
f 4942 4935 4943
f 4721 4944 4710
f 4944 4936 4710
f 4944 4943 4936
f 4722 4945 4721
f 4721 4945 4944
f 4723 4945 4722
f 4937 4726 4716
f 4726 4937 4728
f 4937 4946 4728
f 4937 4938 4946
f 4947 4938 4939
f 4946 4938 4947
f 4948 4939 4940
f 4947 4939 4948
f 4949 4940 4941
f 4948 4940 4949
f 4950 4941 4942
f 4949 4941 4950
f 4951 4942 4943
f 4950 4942 4951
f 4952 4943 4944
f 4951 4943 4952
f 4953 4944 4945
f 4952 4944 4953
f 4735 4953 4723
f 4723 4953 4945
f 4954 4737 4739
f 4739 4728 4954
f 4728 4946 4954
f 4740 4741 4954
f 4740 4954 4946
f 4740 4946 4743
f 4946 4955 4743
f 4946 4947 4955
f 4956 4947 4948
f 4955 4947 4956
f 4745 4956 4746
f 4956 4949 4746
f 4956 4948 4949
f 4746 4949 4747
f 4747 4949 4950
f 4747 4950 4748
f 4748 4950 4951
f 4748 4951 4749
f 4951 4957 4749
f 4951 4952 4957
f 4752 4957 4751
f 4957 4953 4751
f 4957 4952 4953
f 4751 4953 4735
f 4954 4754 4737
f 4755 4754 4958
f 4754 4954 4958
f 4741 4757 4958
f 4741 4958 4954
f 4757 4743 4958
f 4743 4955 4958
f 4758 4759 4958
f 4758 4958 4955
f 4758 4955 4760
f 4760 4955 4956
f 4760 4956 4745
f 4961 4960 4959
f 4963 4962 4959
f 4959 4962 4961
f 4962 4957 4964
f 4957 4962 4749
f 4963 4749 4962
f 4749 4963 4761
f 4965 4761 4963
f 4964 4957 4966
f 4957 4752 4966
f 4761 4965 4966
f 4761 4966 4752
f 4969 4968 4967
f 4967 4970 4969
f 4972 4762 4971
f 4762 4755 4971
f 4971 4755 4958
f 4973 4971 4958
f 4972 4763 4762
f 4765 4958 4759
f 4958 4765 4973
f 4974 4973 4765
f 4976 4975 4766
f 4975 4765 4766
f 4975 4974 4765
f 4978 4977 4976
f 4976 4977 4975
f 4977 4978 4960
f 4978 4959 4960
f 4978 4979 4959
f 4959 4980 4963
f 4959 4979 4980
f 4963 4981 4965
f 4963 4980 4981
f 4966 4965 4982
f 4965 4983 4982
f 4965 4981 4983
f 4985 4984 4983
f 4983 4984 4982
f 4985 4986 4984
f 4968 4987 4967
f 4967 4987 4970
f 4972 4971 4988
f 4988 4971 4989
f 4990 4767 4763
f 4972 4990 4763
f 4988 4990 4972
f 4976 4766 4767
f 4990 4976 4767
f 4991 4976 4990
f 4976 4992 4978
f 4976 4991 4992
f 4978 4993 4979
f 4978 4992 4993
f 4979 4994 4980
f 4979 4993 4994
f 4980 4995 4981
f 4980 4994 4995
f 4981 4996 4983
f 4981 4995 4996
f 4983 4997 4985
f 4983 4996 4997
f 4986 4985 4998
f 4985 4999 4998
f 4985 4997 4999
f 5001 5000 4999
f 4999 5000 4998
f 5001 5002 5000
f 4989 5003 4988
f 4988 5003 4990
f 4990 5003 5004
f 4990 5004 4991
f 4991 5004 5005
f 4991 5005 4992
f 4992 5005 5006
f 4992 5006 4993
f 4993 5006 5007
f 4993 5007 4994
f 4994 5007 5008
f 5010 5009 5008
f 5009 4994 5008
f 5009 4995 4994
f 5009 4769 4770
f 4996 5009 4770
f 4995 5009 4996
f 4996 4770 4771
f 4996 4771 4997
f 4997 4771 4773
f 4997 4773 4999
f 4999 4773 4775
f 4999 4775 5001
f 5012 5011 4777
f 4777 5011 4775
f 5011 5002 4775
f 5002 5001 4775
f 5012 5013 5011
f 5010 5014 5009
f 4769 5009 5014
f 5015 4769 5014
f 4779 4769 5015
f 4782 5012 4777
f 4782 4783 5012
f 4783 5016 5012
f 5016 5013 5012
f 4783 5017 5016
f 4784 5017 4783
f 5015 5018 4779
f 4779 5018 4785
f 4787 4785 5018
f 4787 5018 5019
f 5022 5021 5020
f 5020 5021 5016
f 5020 5016 5017
f 4790 5020 5017
f 4789 4790 5017
f 4789 5017 4784
f 5019 5023 4787
f 4787 5023 4792
f 4792 5024 4793
f 5023 5024 4792
f 4793 5025 4795
f 5024 5025 4793
f 5020 4796 5022
f 4796 5025 5022
f 4796 4795 5025
f 4796 5020 4790
f 5026 4804 4805
f 4806 5027 4805
f 4805 5027 5026
f 5027 4806 5028
f 4806 5029 5028
f 4806 4807 5029
f 5030 4807 4808
f 5030 5029 4807
f 5031 4808 4809
f 5031 5030 4808
f 5032 4809 4810
f 5032 5031 4809
f 5034 5032 5033
f 5032 4811 5033
f 5032 4810 4811
f 4813 5033 4811
f 5035 4824 4825
f 4804 5026 4825
f 5026 5035 4825
f 5026 5036 5035
f 5027 5038 5037
f 5036 5027 5037
f 5026 5027 5036
f 5038 5027 5028
f 5039 5034 5033
f 5039 5033 4813
f 4826 5039 4813
f 5040 5039 4826
f 5042 5040 5041
f 5040 4827 5041
f 5040 4826 4827
f 4828 5043 4827
f 4827 5043 5041
f 4829 5044 4828
f 4828 5044 5043
f 4830 5045 4829
f 4829 5045 5044
f 4831 5046 4830
f 4830 5046 5045
f 4832 5047 4831
f 4831 5047 5046
f 4833 5048 4832
f 4832 5048 5047
f 4835 5048 4833
f 5049 4844 5035
f 5035 4844 4824
f 5050 5035 5036
f 5049 5035 5050
f 5036 5037 5051
f 5036 5051 5050
f 5052 5042 5041
f 5054 5053 5052
f 5041 5054 5052
f 5043 5054 5041
f 5055 5043 5044
f 5054 5043 5055
f 5056 5044 5045
f 5055 5044 5056
f 5057 5045 5046
f 5056 5045 5057
f 5058 5046 5047
f 5057 5046 5058
f 4847 5058 4846
f 5058 5048 4846
f 5058 5047 5048
f 4846 5048 4835
f 5049 4856 4844
f 5049 5050 5059
f 4858 5049 5059
f 5060 4858 5059
f 5049 4858 4856
f 5059 5050 5051
f 5061 5053 5054
f 5063 5062 5061
f 5054 5063 5061
f 5055 5063 5054
f 5064 5055 5056
f 5063 5055 5064
f 5065 5056 5057
f 5064 5056 5065
f 4861 5065 4860
f 5065 5058 4860
f 5065 5057 5058
f 4860 5058 4847
f 5067 4864 5066
f 4864 5060 5066
f 4864 4858 5060
f 5068 5067 5066
f 5069 5062 5063
f 5071 5070 5069
f 5063 5071 5069
f 5064 5071 5063
f 5072 5064 5065
f 5071 5064 5072
f 4868 5072 4861
f 4861 5072 5065
f 5067 4870 4864
f 4872 4870 5067
f 5068 4872 5067
f 5073 4872 5068
f 5074 5070 5071
f 5076 5075 5074
f 5071 5076 5074
f 5072 5076 5071
f 4878 5076 4868
f 4868 5076 5072
f 5073 5077 4872
f 4872 5077 4881
f 4883 4881 5077
f 4883 5077 5078
f 4885 5079 4884
f 5080 4886 4884
f 5080 4884 5079
f 5080 4887 4886
f 5081 5075 5076
f 5083 5081 5082
f 5082 5081 4888
f 5081 5076 4888
f 5076 4878 4888
f 4889 5082 4888
f 5078 5084 4883
f 4883 5084 4892
f 5079 4885 4895
f 4892 5085 4896
f 5085 4892 5086
f 5084 5086 4892
f 4897 5087 4895
f 4897 5085 5087
f 5085 4897 5088
f 5080 5088 4897
f 5088 5080 5086
f 5087 5086 5080
f 5080 5079 5087
f 5087 5079 4895
f 5085 5086 5087
f 5080 4897 4887
f 5089 5083 5082
f 5082 4889 5089
f 4889 5090 5089
f 4889 4899 5090
f 5085 4902 4896
f 5088 5091 5085
f 5091 4902 5085
f 5091 4905 4902
f 5093 5092 4906
f 4905 5093 4906
f 5091 5093 4905
f 5094 5092 5093
f 4908 5095 4907
f 5095 4910 4907
f 4914 5097 5096
f 5090 4914 5096
f 4899 4914 5090
f 5097 5098 5096
f 5099 4918 5092
f 5092 4918 4906
f 5092 5094 5100
f 5101 5092 5100
f 5099 5092 5101
f 5103 5102 5101
f 5103 5101 5100
f 5105 5104 5102
f 5105 5102 5103
f 5105 5106 5095
f 4919 5105 5095
f 4908 4919 5095
f 5104 5105 4919
f 5095 5106 4910
f 5106 4920 4910
f 5106 5107 4920
f 4920 5108 4922
f 5107 5108 4920
f 4922 5109 4923
f 5108 5109 4922
f 4923 5110 4924
f 5109 5110 4923
f 4914 4924 5097
f 4924 5111 5097
f 4924 5110 5111
f 5097 5111 5098
f 5099 4926 4918
f 4926 5099 4929
f 4929 5099 5101
f 4929 5101 4931
f 4931 5101 5102
f 4931 5102 4933
f 4933 5102 5104
f 4933 5104 4919
f 5114 5113 5112
f 5116 5115 5112
f 5112 5115 5114
f 5118 5117 5116
f 5116 5117 5115
f 5120 5119 5118
f 5118 5119 5117
f 5120 5121 5119
f 5124 5123 5122
f 5126 5125 5122
f 5122 5125 5124
f 5128 5127 5126
f 5126 5127 5125
f 5127 5128 5113
f 5128 5112 5113
f 5128 5129 5112
f 5112 5130 5116
f 5112 5129 5130
f 5130 4960 4961
f 5118 5130 4961
f 5116 5130 5118
f 5118 4961 4962
f 5118 4962 5120
f 5131 5121 5120
f 4962 5131 5120
f 4964 5131 4962
f 5133 5132 4966
f 5132 4964 4966
f 5132 5131 4964
f 5133 5134 5132
f 5135 4968 4969
f 4970 5135 4969
f 5123 5136 5122
f 5137 4971 4973
f 5122 5137 4973
f 5126 5122 4973
f 5136 5137 5122
f 5126 4973 4974
f 5126 4974 5128
f 5128 4974 4975
f 5128 4975 5129
f 5129 4975 4977
f 5129 4977 5130
f 5130 4977 4960
f 4982 5133 4966
f 5138 5134 5133
f 4982 5138 5133
f 4984 5138 4982
f 5140 5139 4986
f 5139 4984 4986
f 5139 5138 4984
f 5140 5141 5139
f 5135 4987 4968
f 4987 5135 4970
f 5143 4989 5142
f 4989 5137 5142
f 4989 4971 5137
f 5145 5144 5143
f 5145 5143 5142
f 5147 5146 5144
f 5147 5144 5145
f 5149 5148 5146
f 5149 5146 5147
f 5150 5148 5149
f 4998 5140 4986
f 5151 5141 5140
f 4998 5151 5140
f 5000 5151 4998
f 5000 5002 5151
f 5151 5002 5152
f 5143 5003 4989
f 5003 5143 5004
f 5004 5143 5144
f 5004 5144 5005
f 5005 5144 5146
f 5005 5146 5006
f 5006 5146 5148
f 5150 5153 5148
f 5153 5006 5148
f 5153 5007 5006
f 5007 5154 5008
f 5153 5154 5007
f 5010 5008 5154
f 5010 5154 5155
f 5002 5011 5156
f 5157 5002 5156
f 5152 5002 5157
f 5013 5156 5011
f 5155 5158 5010
f 5010 5158 5014
f 5160 5159 5015
f 5014 5160 5015
f 5158 5160 5014
f 5162 5161 5159
f 5162 5159 5160
f 5163 5161 5162
f 5157 5156 5164
f 5157 5164 5165
f 5016 5164 5013
f 5013 5164 5156
f 5159 5018 5015
f 5018 5159 5019
f 5159 5166 5019
f 5159 5161 5166
f 5161 5163 5167
f 5168 5161 5167
f 5166 5161 5168
f 5170 5169 5168
f 5170 5168 5167
f 5169 5170 5165
f 5169 5165 5164
f 5022 5169 5164
f 5021 5022 5164
f 5021 5164 5016
f 5166 5023 5019
f 5023 5166 5024
f 5024 5166 5168
f 5024 5168 5025
f 5025 5168 5169
f 5025 5169 5022
f 5171 5028 5029
f 5030 5172 5029
f 5029 5172 5171
f 5031 5173 5030
f 5030 5173 5172
f 5032 5174 5031
f 5031 5174 5173
f 5034 5174 5032
f 5175 5037 5038
f 5028 5171 5038
f 5171 5175 5038
f 5171 5176 5175
f 5177 5171 5172
f 5176 5171 5177
f 5178 5172 5173
f 5177 5172 5178
f 5179 5173 5174
f 5178 5173 5179
f 5039 5180 5034
f 5180 5174 5034
f 5180 5179 5174
f 5040 5181 5039
f 5039 5181 5180
f 5042 5181 5040
f 5182 5051 5175
f 5175 5051 5037
f 5183 5175 5176
f 5182 5175 5183
f 5177 5185 5184
f 5183 5177 5184
f 5176 5177 5183
f 5185 5177 5178
f 5185 5178 5186
f 5186 5178 5179
f 5186 5179 5187
f 5189 5188 5187
f 5179 5189 5187
f 5180 5189 5179
f 5190 5180 5181
f 5189 5180 5190
f 5052 5191 5042
f 5191 5181 5042
f 5191 5190 5181
f 5053 5191 5052
f 5192 5060 5059
f 5051 5182 5059
f 5182 5192 5059
f 5182 5193 5192
f 5183 5195 5194
f 5193 5183 5194
f 5182 5183 5193
f 5195 5183 5184
f 5196 5188 5189
f 5196 5189 5190
f 5196 5190 5197
f 5199 5198 5197
f 5190 5199 5197
f 5191 5199 5190
f 5061 5200 5053
f 5200 5191 5053
f 5200 5199 5191
f 5062 5200 5061
f 5192 5066 5060
f 5066 5192 5068
f 5192 5201 5068
f 5192 5193 5201
f 5193 5194 5202
f 5193 5202 5201
f 5203 5198 5199
f 5205 5204 5203
f 5199 5205 5203
f 5200 5205 5199
f 5069 5206 5062
f 5206 5200 5062
f 5206 5205 5200
f 5070 5206 5069
f 5207 5073 5201
f 5201 5073 5068
f 5201 5202 5208
f 5201 5208 5207
f 5209 5204 5205
f 5209 5205 5206
f 5209 5206 5210
f 5212 5210 5211
f 5211 5210 5074
f 5210 5206 5074
f 5206 5070 5074
f 5075 5211 5074
f 5207 5077 5073
f 5214 5213 5078
f 5214 5078 5077
f 5208 5214 5077
f 5207 5208 5077
f 5215 5213 5214
f 5216 5212 5211
f 5216 5211 5075
f 5081 5216 5075
f 5217 5216 5081
f 5081 5083 5217
f 5217 5083 5218
f 5213 5084 5078
f 5215 5219 5213
f 5219 5084 5213
f 5219 5086 5084
f 5221 5220 5088
f 5086 5221 5088
f 5219 5221 5086
f 5223 5222 5220
f 5223 5220 5221
f 5224 5222 5223
f 5225 5218 5083
f 5225 5083 5089
f 5227 5226 5090
f 5226 5089 5090
f 5226 5225 5089
f 5227 5228 5226
f 5220 5091 5088
f 5091 5220 5093
f 5093 5220 5222
f 5230 5229 5094
f 5230 5094 5093
f 5224 5230 5093
f 5222 5224 5093
f 5232 5231 5229
f 5232 5229 5230
f 5233 5231 5232
f 5096 5227 5090
f 5096 5098 5227
f 5098 5228 5227
f 5098 5234 5228
f 5229 5100 5094
f 5100 5229 5103
f 5103 5229 5231
f 5105 5103 5231
f 5235 5105 5231
f 5233 5235 5231
f 5236 5105 5235
f 5237 5106 5105
f 5237 5105 5236
f 5238 5107 5106
f 5238 5106 5237
f 5239 5108 5107
f 5239 5107 5238
f 5108 5239 5240
f 5241 5108 5240
f 5109 5108 5241
f 5109 5242 5110
f 5241 5242 5109
f 5110 5243 5111
f 5242 5243 5110
f 5098 5111 5234
f 5234 5111 5243
f 5235 5244 5236
f 5236 5244 5237
f 5237 5244 5245
f 5237 5245 5238
f 5238 5245 5246
f 5238 5246 5239
f 5239 5246 5247
f 5239 5247 5240
f 5250 5249 5248
f 5252 5251 5248
f 5248 5251 5250
f 5254 5253 5252
f 5252 5253 5251
f 5256 5255 5254
f 5254 5255 5253
f 5256 5257 5255
f 5260 5259 5258
f 5262 5261 5258
f 5258 5261 5260
f 5261 5262 5249
f 5262 5248 5249
f 5262 5263 5248
f 5263 5113 5114
f 5252 5263 5114
f 5248 5263 5252
f 5252 5114 5115
f 5252 5115 5254
f 5254 5115 5117
f 5254 5117 5256
f 5264 5257 5256
f 5117 5264 5256
f 5119 5264 5117
f 5266 5265 5121
f 5265 5119 5121
f 5265 5264 5119
f 5266 5267 5265
f 5269 5268 5259
f 5268 5123 5259
f 5124 5258 5259
f 5124 5259 5123
f 5125 5270 5124
f 5125 5268 5270
f 5268 5125 5271
f 5262 5271 5125
f 5271 5262 5269
f 5270 5269 5262
f 5262 5258 5270
f 5270 5258 5124
f 5268 5269 5270
f 5262 5125 5127
f 5262 5127 5263
f 5263 5127 5113
f 5131 5266 5121
f 5272 5267 5266
f 5131 5272 5266
f 5132 5272 5131
f 5132 5134 5272
f 5272 5134 5273
f 5268 5136 5123
f 5275 5274 5137
f 5275 5137 5136
f 5271 5275 5136
f 5268 5271 5136
f 5276 5274 5275
f 5277 5273 5134
f 5277 5134 5138
f 5279 5277 5278
f 5277 5139 5278
f 5277 5138 5139
f 5141 5278 5139
f 5274 5142 5137
f 5276 5280 5274
f 5280 5142 5274
f 5280 5145 5142
f 5145 5281 5147
f 5280 5281 5145
f 5147 5282 5149
f 5281 5282 5147
f 5284 5283 5150
f 5149 5284 5150
f 5282 5284 5149
f 5285 5283 5284
f 5286 5279 5278
f 5288 5286 5287
f 5287 5286 5151
f 5286 5278 5151
f 5278 5141 5151
f 5152 5287 5151
f 5283 5153 5150
f 5285 5289 5283
f 5289 5153 5283
f 5289 5154 5153
f 5291 5290 5155
f 5154 5291 5155
f 5289 5291 5154
f 5293 5292 5290
f 5293 5290 5291
f 5294 5292 5293
f 5288 5287 5295
f 5288 5295 5296
f 5157 5295 5152
f 5152 5295 5287
f 5290 5158 5155
f 5158 5290 5160
f 5160 5290 5292
f 5294 5297 5292
f 5297 5160 5292
f 5297 5162 5160
f 5299 5298 5163
f 5162 5299 5163
f 5297 5299 5162
f 5298 5299 5296
f 5295 5298 5296
f 5300 5298 5295
f 5165 5300 5157
f 5157 5300 5295
f 5298 5167 5163
f 5167 5298 5170
f 5170 5298 5300
f 5170 5300 5165
f 5301 5184 5185
f 5186 5302 5185
f 5185 5302 5301
f 5187 5303 5186
f 5186 5303 5302
f 5188 5303 5187
f 5304 5194 5195
f 5184 5301 5195
f 5301 5304 5195
f 5301 5305 5304
f 5306 5301 5302
f 5305 5301 5306
f 5307 5302 5303
f 5306 5302 5307
f 5196 5308 5188
f 5308 5303 5188
f 5308 5307 5303
f 5197 5309 5196
f 5196 5309 5308
f 5198 5309 5197
f 5310 5202 5304
f 5304 5202 5194
f 5311 5304 5305
f 5310 5304 5311
f 5312 5305 5306
f 5311 5305 5312
f 5313 5306 5307
f 5312 5306 5313
f 5314 5307 5308
f 5313 5307 5314
f 5315 5308 5309
f 5314 5308 5315
f 5203 5316 5198
f 5316 5309 5198
f 5316 5315 5309
f 5204 5316 5203
f 5317 5208 5310
f 5310 5208 5202
f 5318 5310 5311
f 5317 5310 5318
f 5319 5311 5312
f 5318 5311 5319
f 5320 5312 5313
f 5319 5312 5320
f 5321 5313 5314
f 5320 5313 5321
f 5315 5323 5322
f 5321 5315 5322
f 5314 5315 5321
f 5323 5315 5316
f 5323 5316 5324
f 5324 5316 5204
f 5209 5324 5204
f 5325 5324 5209
f 5327 5325 5326
f 5325 5210 5326
f 5325 5209 5210
f 5212 5326 5210
f 5317 5214 5208
f 5214 5317 5215
f 5317 5328 5215
f 5317 5318 5328
f 5329 5318 5319
f 5328 5318 5329
f 5330 5319 5320
f 5329 5319 5330
f 5321 5332 5331
f 5330 5321 5331
f 5320 5321 5330
f 5332 5321 5322
f 5333 5327 5326
f 5333 5326 5212
f 5216 5333 5212
f 5334 5333 5216
f 5335 5216 5217
f 5335 5334 5216
f 5337 5336 5218
f 5336 5217 5218
f 5336 5335 5217
f 5337 5338 5336
f 5328 5219 5215
f 5219 5328 5221
f 5221 5328 5329
f 5221 5329 5223
f 5223 5329 5330
f 5340 5339 5224
f 5340 5224 5223
f 5331 5340 5223
f 5330 5331 5223
f 5341 5339 5340
f 5225 5337 5218
f 5342 5338 5337
f 5225 5342 5337
f 5226 5342 5225
f 5226 5228 5342
f 5342 5228 5343
f 5339 5230 5224
f 5232 5230 5339
f 5344 5232 5339
f 5341 5344 5339
f 5345 5232 5344
f 5345 5233 5232
f 5348 5347 5346
f 5350 5349 5346
f 5350 5346 5347
f 5350 5343 5349
f 5343 5234 5349
f 5343 5228 5234
f 5344 5351 5345
f 5233 5345 5351
f 5352 5233 5351
f 5235 5233 5352
f 5354 5353 5241
f 5354 5241 5240
f 5346 5242 5348
f 5242 5353 5348
f 5242 5241 5353
f 5242 5346 5243
f 5243 5346 5349
f 5243 5349 5234
f 5357 5356 5355
f 5355 5358 5244
f 5352 5355 5244
f 5235 5352 5244
f 5355 5352 5357
f 5359 5245 5244
f 5359 5244 5358
f 5360 5246 5245
f 5360 5245 5359
f 5246 5360 5361
f 5362 5246 5361
f 5247 5246 5362
f 5240 5247 5354
f 5354 5247 5362
f 5355 5356 5363
f 5363 5356 5364
f 5355 5365 5358
f 5355 5363 5365
f 5358 5366 5359
f 5358 5365 5366
f 5359 5367 5360
f 5359 5366 5367
f 5361 5360 5368
f 5368 5360 5367
f 5371 5370 5369
f 5371 5369 5364
f 5364 5369 5363
f 5369 5249 5363
f 5249 5250 5363
f 5363 5250 5251
f 5363 5251 5365
f 5365 5251 5253
f 5365 5253 5366
f 5366 5253 5255
f 5366 5255 5367
f 5373 5372 5257
f 5257 5372 5255
f 5372 5368 5255
f 5368 5367 5255
f 5373 5374 5372
f 5375 5259 5260
f 5370 5376 5369
f 5376 5260 5369
f 5260 5261 5369
f 5260 5376 5375
f 5369 5261 5249
f 5264 5373 5257
f 5377 5374 5373
f 5264 5377 5373
f 5265 5377 5264
f 5265 5267 5377
f 5377 5267 5378
f 5375 5269 5259
f 5271 5269 5375
f 5376 5271 5375
f 5379 5271 5376
f 5380 5378 5267
f 5380 5267 5272
f 5272 5273 5380
f 5380 5273 5381
f 5379 5382 5271
f 5271 5382 5275
f 5384 5383 5276
f 5275 5384 5276
f 5382 5384 5275
f 5386 5385 5383
f 5386 5383 5384
f 5388 5387 5385
f 5388 5385 5386
f 5390 5389 5387
f 5390 5387 5388
f 5391 5389 5390
f 5273 5277 5392
f 5393 5273 5392
f 5381 5273 5393
f 5279 5392 5277
f 5383 5280 5276
f 5280 5383 5281
f 5281 5383 5385
f 5281 5385 5282
f 5282 5385 5387
f 5282 5387 5284
f 5284 5387 5389
f 5395 5394 5285
f 5395 5285 5284
f 5391 5395 5284
f 5389 5391 5284
f 5397 5396 5394
f 5397 5394 5395
f 5399 5398 5396
f 5399 5396 5397
f 5398 5399 5393
f 5392 5398 5393
f 5400 5398 5392
f 5286 5401 5279
f 5401 5392 5279
f 5401 5400 5392
f 5288 5401 5286
f 5394 5289 5285
f 5289 5394 5291
f 5291 5394 5396
f 5291 5396 5293
f 5293 5396 5398
f 5293 5398 5294
f 5398 5402 5294
f 5398 5400 5402
f 5403 5400 5401
f 5402 5400 5403
f 5296 5403 5288
f 5288 5403 5401
f 5402 5297 5294
f 5297 5402 5299
f 5299 5402 5403
f 5299 5403 5296
f 5404 5322 5323
f 5324 5405 5323
f 5323 5405 5404
f 5325 5406 5324
f 5324 5406 5405
f 5327 5406 5325
f 5407 5331 5332
f 5322 5404 5332
f 5404 5407 5332
f 5404 5408 5407
f 5405 5410 5409
f 5408 5405 5409
f 5404 5405 5408
f 5410 5405 5406
f 5410 5406 5411
f 5411 5406 5327
f 5333 5411 5327
f 5412 5411 5333
f 5413 5333 5334
f 5413 5412 5333
f 5414 5334 5335
f 5414 5413 5334
f 5416 5414 5415
f 5414 5336 5415
f 5414 5335 5336
f 5338 5415 5336
f 5407 5340 5331
f 5340 5407 5341
f 5407 5417 5341
f 5407 5408 5417
f 5408 5409 5418
f 5408 5418 5417
f 5416 5415 5419
f 5416 5419 5420
f 5342 5421 5338
f 5421 5415 5338
f 5421 5419 5415
f 5343 5421 5342
f 5422 5344 5417
f 5417 5344 5341
f 5417 5418 5423
f 5417 5423 5422
f 5426 5425 5424
f 5424 5425 5420
f 5424 5420 5419
f 5348 5424 5419
f 5347 5348 5419
f 5347 5419 5350
f 5350 5419 5421
f 5350 5421 5343
f 5428 5351 5427
f 5351 5344 5427
f 5427 5344 5422
f 5429 5427 5422
f 5422 5423 5429
f 5351 5428 5352
f 5432 5431 5430
f 5430 5431 5426
f 5430 5426 5424
f 5354 5430 5424
f 5353 5354 5424
f 5353 5424 5348
f 5428 5427 5357
f 5427 5356 5357
f 5427 5433 5356
f 5428 5357 5352
f 5432 5430 5362
f 5361 5432 5362
f 5434 5432 5361
f 5362 5430 5354
f 5437 5436 5435
f 5433 5437 5435
f 5364 5433 5435
f 5356 5433 5364
f 5368 5434 5361
f 5368 5438 5434
f 5435 5436 5371
f 5436 5370 5371
f 5436 5439 5370
f 5435 5371 5364
f 5368 5372 5440
f 5441 5368 5440
f 5438 5368 5441
f 5374 5440 5372
f 5443 5376 5442
f 5376 5439 5442
f 5376 5370 5439
f 5444 5443 5442
f 5447 5446 5445
f 5449 5448 5445
f 5449 5445 5446
f 5448 5449 5441
f 5440 5448 5441
f 5450 5448 5440
f 5377 5451 5374
f 5451 5440 5374
f 5451 5450 5440
f 5378 5451 5377
f 5452 5379 5443
f 5443 5379 5376
f 5443 5444 5453
f 5454 5443 5453
f 5452 5443 5454
f 5456 5455 5454
f 5456 5454 5453
f 5455 5456 5447
f 5445 5455 5447
f 5457 5455 5445
f 5458 5445 5448
f 5457 5445 5458
f 5459 5448 5450
f 5458 5448 5459
f 5460 5450 5451
f 5459 5450 5460
f 5380 5461 5378
f 5461 5451 5378
f 5461 5460 5451
f 5381 5461 5380
f 5452 5382 5379
f 5382 5452 5384
f 5384 5452 5454
f 5384 5454 5386
f 5386 5454 5455
f 5386 5455 5388
f 5388 5455 5457
f 5388 5457 5390
f 5390 5457 5458
f 5390 5458 5391
f 5458 5462 5391
f 5458 5459 5462
f 5463 5459 5460
f 5462 5459 5463
f 5464 5460 5461
f 5463 5460 5464
f 5393 5464 5381
f 5381 5464 5461
f 5462 5395 5391
f 5395 5462 5397
f 5397 5462 5463
f 5397 5463 5399
f 5399 5463 5464
f 5399 5464 5393
f 5467 5466 5465
f 5469 5468 5465
f 5465 5468 5467
f 5469 5470 5468
f 5466 5471 5465
f 5465 5471 5469
f 5469 5471 5472
f 5469 5472 5470
f 5474 5473 5410
f 5410 5473 5409
f 5475 5410 5411
f 5475 5474 5410
f 5476 5411 5412
f 5476 5475 5411
f 5477 5412 5413
f 5477 5476 5412
f 5479 5477 5478
f 5477 5414 5478
f 5477 5413 5414
f 5416 5478 5414
f 5473 5418 5409
f 5480 5418 5473
f 5479 5478 5481
f 5479 5481 5482
f 5420 5481 5416
f 5416 5481 5478
f 5480 5423 5418
f 5483 5423 5480
f 5486 5485 5484
f 5488 5487 5484
f 5488 5484 5485
f 5487 5488 5482
f 5487 5482 5481
f 5426 5487 5481
f 5425 5426 5481
f 5425 5481 5420
f 5489 5427 5429
f 5490 5489 5429
f 5423 5490 5429
f 5483 5490 5423
f 5493 5492 5491
f 5491 5492 5486
f 5484 5491 5486
f 5494 5491 5484
f 5432 5494 5431
f 5494 5487 5431
f 5494 5484 5487
f 5431 5487 5426
f 5496 5495 5489
f 5495 5427 5489
f 5495 5433 5427
f 5496 5489 5490
f 5493 5491 5497
f 5493 5497 5498
f 5499 5491 5494
f 5497 5491 5499
f 5434 5499 5432
f 5432 5499 5494
f 5500 5436 5437
f 5501 5500 5437
f 5433 5501 5437
f 5495 5501 5433
f 5498 5497 5502
f 5498 5502 5503
f 5504 5497 5499
f 5502 5497 5504
f 5438 5504 5434
f 5434 5504 5499
f 5505 5439 5500
f 5500 5439 5436
f 5500 5501 5506
f 5507 5500 5506
f 5505 5500 5507
f 5509 5508 5507
f 5509 5507 5506
f 5508 5509 5503
f 5502 5508 5503
f 5510 5508 5502
f 5511 5502 5504
f 5510 5502 5511
f 5441 5511 5438
f 5438 5511 5504
f 5505 5442 5439
f 5442 5505 5444
f 5505 5512 5444
f 5505 5507 5512
f 5513 5507 5508
f 5512 5507 5513
f 5447 5513 5446
f 5513 5510 5446
f 5513 5508 5510
f 5446 5510 5449
f 5449 5510 5511
f 5449 5511 5441
f 5512 5453 5444
f 5453 5512 5456
f 5456 5512 5513
f 5456 5513 5447
f 5516 5515 5514
f 5514 5517 5516
f 5514 5515 5518
f 5518 5515 5519
f 5467 5520 5466
f 5520 5514 5466
f 5514 5518 5466
f 5514 5520 5517
f 5522 5520 5521
f 5520 5468 5521
f 5520 5467 5468
f 5470 5521 5468
f 5519 5523 5518
f 5518 5523 5466
f 5523 5471 5466
f 5523 5524 5471
f 5521 5472 5522
f 5472 5524 5522
f 5472 5471 5524
f 5472 5521 5470
f 5525 5473 5474
f 5475 5526 5474
f 5474 5526 5525
f 5476 5527 5475
f 5475 5527 5526
f 5477 5528 5476
f 5476 5528 5527
f 5479 5528 5477
f 5529 5480 5525
f 5525 5480 5473
f 5530 5525 5526
f 5529 5525 5530
f 5531 5526 5527
f 5530 5526 5531
f 5532 5527 5528
f 5531 5527 5532
f 5482 5532 5479
f 5479 5532 5528
f 5533 5483 5529
f 5529 5483 5480
f 5534 5529 5530
f 5533 5529 5534
f 5486 5534 5485
f 5534 5531 5485
f 5534 5530 5531
f 5485 5531 5488
f 5488 5531 5532
f 5488 5532 5482
f 5535 5490 5533
f 5533 5490 5483
f 5493 5535 5492
f 5535 5534 5492
f 5535 5533 5534
f 5492 5534 5486
f 5536 5495 5496
f 5490 5535 5496
f 5535 5536 5496
f 5535 5537 5536
f 5498 5537 5493
f 5493 5537 5535
f 5538 5501 5536
f 5536 5501 5495
f 5539 5536 5537
f 5538 5536 5539
f 5503 5539 5498
f 5498 5539 5537
f 5538 5506 5501
f 5506 5538 5509
f 5509 5538 5539
f 5509 5539 5503
f 5540 5515 5516
f 5517 5540 5516
f 5541 5519 5540
f 5540 5519 5515
f 5520 5542 5517
f 5542 5540 5517
f 5542 5541 5540
f 5522 5542 5520
f 5541 5523 5519
f 5523 5541 5524
f 5524 5541 5542
f 5524 5542 5522

